sample_id,frame,year,title,author,label,raw_label,confidence,narrating_situation,agent_note,why,n_quotes,event_past,event_present,beat_past,beat_present,bucket_event,bucket_dialogue,bucket_gnomic,bucket_paratext,bucket_unclear
top1931:413,pilot,1931,AMERICAN BEAUTY,Edna Ferber,ABSTAIN,INSUFFICIENT,,unclear,One event quote is insufficient to infer a narrating situation.,only 1 tense-bearing quotes,3,1,0,0,0,1,1,0,0,1
top1931:2878,pilot,1931,MAID IN WAITING,John Galsworthy,ABSTAIN,UNCLEAR,,unclear,Classified from the supplied excerpts only.,situation='unclear',6,3,2,0,0,5,0,1,0,0
top1931:5304,pilot,1931,THE GOOD EARTH,Pearl S. Buck,PAST,PAST,high,retrospective,,"100% past / 0% present of 15, situation=retrospective",27,15,0,0,0,15,9,2,1,0
top1932:1865,pilot,1932,FLOWERING WILDERNESS,John Galsworthy,ABSTAIN,INSUFFICIENT,,retrospective,,only 4 tense-bearing quotes,7,3,0,1,0,3,1,2,0,1
top1932:2450,pilot,1932,INVITATION TO THE WALTZ,Rosamond Lehmann,OTHER,DUAL,med,dual,The excerpts include both present-tense journal-style first-person narration and past-tense third-person narration.,"40% past / 60% present of 5, situation=dual",6,2,3,0,0,5,0,1,0,0
top1932:4216,pilot,1932,SONS,Pearl S. Buck,ABSTAIN,INSUFFICIENT,,retrospective,,only 4 tense-bearing quotes,11,3,0,1,0,3,4,3,0,1
top1932:4639,pilot,1932,THE BISHOP'S JAEGERS,Thorne Smith,ABSTAIN,INSUFFICIENT,,retrospective,,only 2 tense-bearing quotes,2,2,0,0,0,2,0,0,0,0
top1932:5193,pilot,1932,THE FOUNTAIN,Charles Morgan,ABSTAIN,INSUFFICIENT,,retrospective,,only 1 tense-bearing quotes,1,1,0,0,0,1,0,0,0,0
top1932:6279,pilot,1932,THE SHELTERED LIFE,Ellen Glasgow,ABSTAIN,INSUFFICIENT,,unclear,,only 0 tense-bearing quotes,1,0,0,0,0,0,0,1,0,0
top1932:6399,pilot,1932,THE STORE,T. S. Stribling,ABSTAIN,INSUFFICIENT,,unclear,,only 1 tense-bearing quotes,1,1,0,0,0,1,0,0,0,0
top1933:371,pilot,1933,ALL MEN ARE ENEMIES,Richard Aldington,ABSTAIN,INSUFFICIENT,,retrospective,,only 3 tense-bearing quotes,5,2,1,0,0,3,2,0,0,0
top1933:518,pilot,1933,AS THE EARTH TURNS,Gladys Hasty Carroll,ABSTAIN,INSUFFICIENT,,retrospective,,only 1 tense-bearing quotes,1,1,0,0,0,1,0,0,0,0
top1933:2731,pilot,1933,"LITTLE MAN, WHAT NOW?",Hans Fallada,ABSTAIN,INSUFFICIENT,,retrospective,,only 3 tense-bearing quotes,4,2,1,0,0,3,1,0,0,0
top1933:4222,pilot,1933,SOUTH MOON UNDER,Marjorie K. Rawlings,ABSTAIN,INSUFFICIENT,,retrospective,,only 4 tense-bearing quotes,8,4,0,0,0,4,3,0,0,1
top1933:6671,pilot,1933,THE WEREWOLF OF PARIS,Guy Endore,PAST,PAST,med,retrospective,,"80% past / 20% present of 5, situation=retrospective",9,3,1,1,0,4,2,3,0,0
top1934:2031,pilot,1934,"GOOD-BYE, MR. CHIPS",James Hilton,PAST,PAST,high,retrospective,,"96% past / 4% present of 24, situation=retrospective",29,21,1,2,0,22,3,2,2,0
top1934:2626,pilot,1934,LAMB IN HIS BOSOM,Caroline Miller,ABSTAIN,INSUFFICIENT,,retrospective,,only 3 tense-bearing quotes,3,2,0,1,0,2,1,0,0,0
top1934:2791,pilot,1934,LOST HORIZON,James Hilton,PAST,PAST,high,retrospective,,"100% past / 0% present of 44, situation=retrospective",67,31,0,13,0,31,22,8,3,3
top1934:5191,pilot,1934,THE FORTY DAYS OF MUSA DAGH,Franz Werfel,ABSTAIN,INSUFFICIENT,,retrospective,Three past event-narration excerpts; remaining excerpts are gnomic. No dialogue excerpts.,only 3 tense-bearing quotes,7,3,0,0,0,3,0,4,0,0
top1934:7359,pilot,1934,WORK OF ART,Sinclair Lewis,ABSTAIN,INSUFFICIENT,,retrospective,,only 1 tense-bearing quotes,1,1,0,0,0,1,0,0,0,0
top1935:2467,pilot,1935,IT CAN'T HAPPEN HERE,Sinclair Lewis,PAST,PAST,high,retrospective,,"100% past / 0% present of 41, situation=retrospective",86,36,0,5,0,36,29,11,4,6
top1935:3338,pilot,1935,OF TIME AND THE RIVER,Thomas Wolfe,PAST,PAST,CONFLICT,retrospective,Manual audit: consecutive excerpts confirm past base narration; present passages are stylistic or reflective.,"44% past / 56% present of 9, situation=retrospective",14,4,5,0,0,9,0,5,0,0
top1936:2026,pilot,1936,GONE WITH THE WIND,Margaret Mitchell,PAST,PAST,med,retrospective,,"80% past / 20% present of 5, situation=retrospective",26,2,1,2,0,3,20,3,0,0
top1936:5608,pilot,1936,THE LAST PURITAN,George Santayana,ABSTAIN,INSUFFICIENT,,unclear,,only 0 tense-bearing quotes,1,0,0,0,0,0,0,1,0,0
top1937:3291,pilot,1937,NORTHWEST PASSAGE,Kenneth Roberts,ABSTAIN,INSUFFICIENT,,retrospective,,only 1 tense-bearing quotes,2,1,0,0,0,1,0,1,0,0
top1937:3337,pilot,1937,OF MICE AND MEN,John Steinbeck,PAST,PAST,high,retrospective,,"100% past / 0% present of 10, situation=retrospective",26,7,0,3,0,7,18,1,0,0
top1937:4844,pilot,1937,THE CITADEL,A. J. Cronin,ABSTAIN,INSUFFICIENT,,retrospective,,only 1 tense-bearing quotes,3,1,0,0,0,1,2,0,0,0
top1937:6097,pilot,1937,THE RAINS CAME,Louis Bromfield,ABSTAIN,INSUFFICIENT,,retrospective,,only 1 tense-bearing quotes,1,1,0,0,0,1,0,0,0,0
top1937:6761,pilot,1937,THE YEARS,Virginia Woolf,PAST,PAST,high,retrospective,,"100% past / 0% present of 22, situation=retrospective",25,3,0,19,0,3,22,0,0,0
top1937:6769,pilot,1937,THEATRE,Somerset Maugham,PAST,PAST,med,retrospective,,"100% past / 0% present of 6, situation=retrospective",18,5,0,1,0,5,8,5,0,0
top1938:389,pilot,1938,ALL THIS AND HEAVEN TOO,Rachel Field,ABSTAIN,INSUFFICIENT,,retrospective,,only 4 tense-bearing quotes,9,2,0,2,0,2,4,2,0,1
top1938:3727,pilot,1938,REBECCA,Daphne Du Maurier,ABSTAIN,INSUFFICIENT,,unclear,,only 0 tense-bearing quotes,1,0,0,0,0,0,1,0,0,0
top1938:6760,pilot,1938,THE YEARLING,Marjorie Kinnan Rawlings,PAST,PAST,high,retrospective,,"96% past / 4% present of 26, situation=retrospective",32,22,1,3,0,23,8,1,0,0
top1939:2600,pilot,1939,KITTY FOYLE,Christopher Morley,ABSTAIN,INSUFFICIENT,,simultaneous,,only 2 tense-bearing quotes,3,0,2,0,0,2,0,1,0,0
top1939:3039,pilot,1939,MOMENT IN PEKING,Lin Yutang,ABSTAIN,INSUFFICIENT,,unclear,"No event-narration quotes remain after bucketing, so the narrating situation cannot be determined.",only 0 tense-bearing quotes,2,0,0,0,0,0,1,1,0,0
top1939:5317,pilot,1939,THE GRAPES OF WRATH,John Steinbeck,PAST,PAST,high,retrospective,,"89% past / 11% present of 36, situation=retrospective",92,21,4,11,0,25,48,13,6,0
top1939:5861,pilot,1939,THE NAZARENE,Sholem Asch,ABSTAIN,INSUFFICIENT,,retrospective,,only 2 tense-bearing quotes,3,2,0,0,0,2,0,1,0,0
top1940:1886,pilot,1940,FOR WHOM THE BELL TOLLS,Ernest Hemingway,PAST,PAST,high,retrospective,,"82% past / 18% present of 34, situation=retrospective",70,22,6,6,0,28,30,10,0,2
top1940:2286,pilot,1940,HOW GREEN WAS MY VALLEY,Richard Llewellyn,PAST,PAST,high,retrospective,,"67% past / 33% present of 9, situation=retrospective",29,6,3,0,0,9,2,18,0,0
top1940:3120,pilot,1940,MRS. MINIVER,Jan Struther,PAST,PAST,high,retrospective,,"100% past / 0% present of 34, situation=retrospective",44,29,0,5,0,29,7,8,0,0
top1941:3715,pilot,1941,RANDOM HARVEST,James Hilton,PAST,PAST,med,retrospective,,"100% past / 0% present of 5, situation=retrospective",10,4,0,1,0,4,6,0,0,0
top1941:5530,pilot,1941,THE KEYS OF THE KINGDOM,A. J. Cronin,ABSTAIN,INSUFFICIENT,,unclear,,only 0 tense-bearing quotes,12,0,0,0,0,0,9,3,0,0
top1942:450,pilot,1942,AND NOW TOMORROW,Rachel Field,PAST,PAST,med,retrospective,All event-narration evidence is retrospective; non-event excerpts are gnomic reflections.,"100% past / 0% present of 7, situation=retrospective",12,7,0,0,0,7,0,5,0,0
top1942:533,pilot,1942,ASSIGNMENT IN BRITTANY,Helen MacInnes,ABSTAIN,INSUFFICIENT,,retrospective,,only 3 tense-bearing quotes,4,1,0,2,0,1,2,1,0,0
top1942:1525,pilot,1942,DRAGON SEED,Pearl S. Buck,PAST,PAST,high,retrospective,,"100% past / 0% present of 10, situation=retrospective",23,9,0,1,0,9,10,3,0,1
top1942:5820,pilot,1942,THE MOON IS DOWN,John Steinbeck,PAST,PAST,high,retrospective,,"89% past / 11% present of 9, situation=retrospective",20,5,1,3,0,6,12,2,0,0
top1942:6157,pilot,1942,THE ROBE,Lloyd C. Douglas,ABSTAIN,INSUFFICIENT,,retrospective,,only 4 tense-bearing quotes,22,3,0,1,0,3,15,3,1,0
top1943:263,pilot,1943,A TREE GROWS IN BROOKLYN,Betty Smith,PAST,PAST,high,retrospective,,"100% past / 0% present of 39, situation=retrospective",74,25,0,14,0,25,43,5,1,0
top1943:2298,pilot,1943,HUNGRY HILL,Daphne du Maurier,PAST,PAST,med,retrospective,,"100% past / 0% present of 7, situation=retrospective",10,6,0,1,0,6,2,2,0,0
top1943:3122,pilot,1943,MRS. PARKINGTON,Louis Bromfield,ABSTAIN,INSUFFICIENT,,unclear,No event-narration evidence in the supplied excerpt.,only 0 tense-bearing quotes,1,0,0,0,0,0,0,1,0,0
top1943:4559,pilot,1943,THE APOSTLE,Sholem Asch,ABSTAIN,INSUFFICIENT,,retrospective,,only 2 tense-bearing quotes,4,0,0,2,0,0,4,0,0,0
top1943:5439,pilot,1943,THE HUMAN COMEDY,William Saroyan,PAST,PAST,high,retrospective,Event narration is predominantly past; the present-tense first-person excerpts are story-specific reflections.,"78% past / 22% present of 9, situation=retrospective",22,6,2,1,0,8,12,2,0,0
top1944:50,pilot,1944,A BELL FOR ADANO,John Hersey,ABSTAIN,INSUFFICIENT,,retrospective,,only 2 tense-bearing quotes,3,2,0,0,0,2,0,0,0,1
top1944:1896,pilot,1944,FOREVER AMBER,Kathleen Winsor,PAST,PAST,med,retrospective,,"100% past / 0% present of 5, situation=retrospective",9,5,0,0,0,5,2,1,1,0
top1944:4344,pilot,1944,STRANGE FRUIT,Lillian Smith,ABSTAIN,INSUFFICIENT,,retrospective,,only 2 tense-bearing quotes,9,2,0,0,0,2,7,0,0,0
top1944:5334,pilot,1944,THE GREEN YEARS,A. J. Cronin,ABSTAIN,INSUFFICIENT,,retrospective,One past-tense event quote supports a retrospective narrating situation; the remaining fragment is non-diagnostic.,only 1 tense-bearing quotes,2,1,0,0,0,1,0,0,0,1
top1944:6102,pilot,1944,THE RAZOR'S EDGE,Somerset Maugham,PAST,PAST,high,retrospective,,"85% past / 15% present of 39, situation=retrospective",84,27,6,6,0,33,23,26,1,1
top1945:5195,pilot,1945,THE FOUNTAINHEAD,Ayn Rand,PAST,PAST,med,retrospective,,"100% past / 0% present of 7, situation=retrospective",56,4,0,3,0,4,35,17,0,0
top1946:505,pilot,1946,ARCH OF TRIUMPH,Erich Maria Remarque,PAST,PAST,high,retrospective,"Event narration is chiefly retrospective, with present-moment interior thought excerpts.","82% past / 18% present of 11, situation=retrospective",26,8,2,1,0,10,7,9,0,0
top1946:3027,pilot,1946,MISTER ROBERTS,Thomas Heggen,ABSTAIN,INSUFFICIENT,,simultaneous,One present-tense event quote; the remaining unframed line is conservatively unclear.,only 1 tense-bearing quotes,2,0,1,0,0,1,0,0,0,1
top1946:5547,pilot,1946,THE KING'S GENERAL,Daphne du Maurier,PAST,PAST,med,retrospective,,"86% past / 14% present of 7, situation=retrospective",12,4,1,2,0,5,3,3,1,0
top1946:6812,pilot,1946,THIS SIDE OF INNOCENCE,Taylor Caldwell,ABSTAIN,INSUFFICIENT,,unclear,,only 0 tense-bearing quotes,1,0,0,0,0,0,1,0,0,0
top1947:1978,pilot,1947,GENTLEMAN'S AGREEMENT,Laura Z. Hobson,PAST,PAST,high,retrospective,,"100% past / 0% present of 26, situation=retrospective",29,14,0,12,0,14,13,1,1,0
top1948:1215,pilot,1948,"CRY, THE BELOVED COUNTRY",Alan Paton,OTHER,DUAL,high,dual,Manual override: dual narration confirmed by review.,"33% past / 67% present of 27, situation=dual",50,8,16,1,2,24,7,18,0,1
top1948:3709,pilot,1948,RAINTREE COUNTY,Ross Lockridge,PAST,PAST,high,retrospective,,"88% past / 12% present of 8, situation=retrospective",10,6,1,1,0,7,2,0,0,1
top1948:5848,pilot,1948,THE NAKED AND THE DEAD,Norman Mailer,PAST,PAST,high,retrospective,,"84% past / 16% present of 25, situation=retrospective",42,20,3,1,1,23,15,3,1,0
top1948:6765,pilot,1948,THE YOUNG LIONS,Irwin Shaw,PAST,PAST,high,retrospective,"Classified 18 excerpts: 12 event (9 past, 3 present), 4 dialogue, and 2 gnomic. Past narration predominates, while the present event excerpts are character thoughts or current states.","80% past / 20% present of 15, situation=retrospective",18,9,3,3,0,12,5,1,0,0
top1949:205,pilot,1949,A RAGE TO LIVE,John O'Hara,ABSTAIN,INSUFFICIENT,,retrospective,,only 1 tense-bearing quotes,1,1,0,0,0,1,0,0,0,0
top1949:3548,pilot,1949,POINT OF NO RETURN,John P. Marquand,ABSTAIN,INSUFFICIENT,,retrospective,,only 4 tense-bearing quotes,5,4,0,0,0,4,1,0,0,0
top1949:4715,pilot,1949,THE BRAVE BULLS,Tom Lea,ABSTAIN,INSUFFICIENT,,unclear,The only excerpt is gnomic and provides no narrating-situation evidence.,only 0 tense-bearing quotes,1,0,0,0,0,0,0,1,0,0
top1949:5038,pilot,1949,THE EGYPTIAN,Mika Waltari,ABSTAIN,INSUFFICIENT,,retrospective,,only 3 tense-bearing quotes,17,2,0,1,0,2,5,7,2,1
top1949:5756,pilot,1949,THE MAN WITH THE GOLDEN ARM,Nelson Algren,PAST,PAST,high,retrospective,,"100% past / 0% present of 12, situation=retrospective",20,8,0,4,0,8,7,3,2,0
top1950:302,pilot,1950,ACROSS THE RIVER AND INTO THE TREES,Ernest Hemingway,PAST,PAST,high,retrospective,,"86% past / 14% present of 14, situation=retrospective",25,7,2,5,0,9,10,5,0,1
top1950:2516,pilot,1950,JOY STREET,Frances Parkinson Keyes,ABSTAIN,INSUFFICIENT,,simultaneous,,only 0 tense-bearing quotes,1,0,0,0,0,0,0,1,0,0
top1950:2518,pilot,1950,JUBILEE TRAIL,Gwen Bristow,ABSTAIN,INSUFFICIENT,,retrospective,,only 2 tense-bearing quotes,7,2,0,0,0,2,3,2,0,0
top1950:4286,pilot,1950,STAR MONEY,Kathleen Winsor,ABSTAIN,INSUFFICIENT,,unclear,,only 1 tense-bearing quotes,2,0,1,0,0,1,1,0,0,0
top1950:4518,pilot,1950,THE ADVENTURER,Mika Waltari,ABSTAIN,INSUFFICIENT,,unclear,Single quote is insufficient to determine a narrating situation.,only 0 tense-bearing quotes,1,0,0,0,0,0,0,0,0,1
top1950:4758,pilot,1950,THE CARDINAL,Henry Morton Robinson,ABSTAIN,INSUFFICIENT,,retrospective,,only 1 tense-bearing quotes,2,0,0,1,0,0,2,0,0,0
top1950:5676,pilot,1950,THE LITTLE WORLD OF DON CAMILLO,Giovanni Guareschi,ABSTAIN,INSUFFICIENT,,unclear,,only 0 tense-bearing quotes,1,0,0,0,0,0,1,0,0,0
top1951:1938,pilot,1951,FROM HERE TO ETERNITY,James Jones,PAST,PAST,high,retrospective,,"100% past / 0% present of 19, situation=retrospective",27,9,0,10,0,9,13,5,0,0
top1951:4749,pilot,1951,THE CAINE MUTINY,Herman Wouk,PAST,PAST,high,retrospective,,"94% past / 6% present of 17, situation=retrospective",48,13,1,3,0,14,29,4,0,1
top1951:4907,pilot,1951,THE CRUEL SEA,Nicholas Monsarrat,PAST,PAST,med,retrospective,,"100% past / 0% present of 5, situation=retrospective",7,5,0,0,0,5,0,1,0,1
top1952:1594,pilot,1952,EAST OF EDEN,John Steinbeck,PAST,PAST,high,retrospective,,"95% past / 5% present of 21, situation=retrospective",95,13,1,7,0,14,63,17,1,0
top1952:3138,pilot,1952,MY COUSIN RACHEL,Daphne du Maurier,PAST,PAST,high,retrospective,,"93% past / 7% present of 28, situation=retrospective",46,25,2,1,0,27,15,4,0,0
top1952:6310,pilot,1952,THE SILVER CHALICE,Thomas B. Costain,ABSTAIN,INSUFFICIENT,,unclear,,only 0 tense-bearing quotes,3,0,0,0,0,0,3,0,0,0
top1953:599,pilot,1953,BATTLE CRY,Leon Uris,ABSTAIN,INSUFFICIENT,,unclear,,only 0 tense-bearing quotes,3,0,0,0,0,0,3,0,0,0
top1953:687,pilot,1953,BEYOND THIS PLACE,A.J. Cronin,ABSTAIN,INSUFFICIENT,,unclear,,only 0 tense-bearing quotes,1,0,0,0,0,0,0,1,0,0
top1953:1428,pilot,1953,DESIREE,Annemarie Selinko,ABSTAIN,INSUFFICIENT,,unclear,,only 1 tense-bearing quotes,1,0,0,0,1,0,1,0,0,0
top1953:2583,pilot,1953,KINGFISHERS CATCH FIRE,Rumer Godden,ABSTAIN,INSUFFICIENT,,retrospective,,only 4 tense-bearing quotes,4,3,0,1,0,3,1,0,0,0
top1953:4924,pilot,1953,THE DARK ANGEL,Mika Waltari,ABSTAIN,INSUFFICIENT,,unclear,The two excerpts do not establish the work's overall narrating situation.,only 2 tense-bearing quotes,2,1,0,1,0,1,1,0,0,0
top1953:6863,pilot,1953,TIME AND TIME AGAIN,James Hilton,ABSTAIN,INSUFFICIENT,,retrospective,,only 1 tense-bearing quotes,2,1,0,0,0,1,0,1,0,0
top1953:6923,pilot,1953,TOO LATE THE PHALAROPE,Alan Paton,PAST,PAST,med,retrospective,,"100% past / 0% present of 7, situation=retrospective",11,5,0,2,0,5,4,2,0,0
top1954:2545,pilot,1954,KATHERINE,Anya Seton,PAST,PAST,high,retrospective,,"93% past / 7% present of 15, situation=retrospective",27,11,1,3,0,12,7,6,0,2
top1954:2811,pilot,1954,LOVE IS ETERNAL,Irving Stone,ABSTAIN,INSUFFICIENT,,unclear,The excerpt contains no scene-level narration from which to establish a base narrating situation.,only 0 tense-bearing quotes,1,0,0,0,0,0,0,1,0,0
top1954:2913,pilot,1954,MARY ANNE,Daphne du Maurier,ABSTAIN,INSUFFICIENT,,retrospective,,only 3 tense-bearing quotes,6,2,0,1,0,2,2,1,1,0
top1954:3192,pilot,1954,"NEVER VICTORIOUS, NEVER DEFEATED",Taylor Caldwell,ABSTAIN,INSUFFICIENT,,retrospective,Validated: two input quotes are represented once each in source order with production-compatible fields.,only 2 tense-bearing quotes,2,2,0,0,0,2,0,0,0,0
top1954:4999,pilot,1954,THE DOLLMAKER,Harriette Arnow,ABSTAIN,INSUFFICIENT,,retrospective,,only 1 tense-bearing quotes,4,1,0,0,0,1,3,0,0,0
top1954:6168,pilot,1954,THE ROYAL BOX,Frances Parkinson Keyes,ABSTAIN,INSUFFICIENT,,retrospective,Single event-narration excerpt is retrospective.,only 1 tense-bearing quotes,1,1,0,0,0,1,0,0,0,0
top1955:457,pilot,1955,ANDERSONVILLE,MacKinlay Kantor,ABSTAIN,INSUFFICIENT,,retrospective,,only 2 tense-bearing quotes,2,1,0,1,0,1,1,0,0,0
top1955:549,pilot,1955,AUNTIE MAME,Patrick Dennis,PAST,PAST,med,retrospective,,"100% past / 0% present of 5, situation=retrospective",11,3,0,2,0,3,4,2,2,0
top1955:5750,pilot,1955,THE MAN IN THE GRAY FLANNEL SUIT,Sloan Wilson,PAST,PAST,high,retrospective,,"100% past / 0% present of 9, situation=retrospective",17,4,0,5,0,4,11,2,0,0
top1956:1135,pilot,1956,COMPULSION,Meyer Levin,ABSTAIN,INSUFFICIENT,,retrospective,,only 1 tense-bearing quotes,1,1,0,0,0,1,0,0,0,0
top1956:2374,pilot,1956,IMPERIAL WOMAN,Pearl S. Buck,PAST,PAST,high,retrospective,Event narration is overwhelmingly retrospective; one story-specific present statement does not indicate a dual narrating position.,"93% past / 7% present of 15, situation=retrospective",19,12,1,2,0,13,3,2,0,1
top1956:3507,pilot,1956,PEYTON PLACE,Grace Metalious,ABSTAIN,INSUFFICIENT,,retrospective,,only 4 tense-bearing quotes,12,2,0,2,0,2,8,2,0,0
top1956:5591,pilot,1956,THE LAST HURRAH,Edwin O'Connor,PAST,PAST,high,retrospective,,"94% past / 6% present of 17, situation=retrospective",29,5,1,11,0,6,23,0,0,0
top1956:5761,pilot,1956,THE MANDARINS,Simone de Beauvoir,PAST,PAST,high,retrospective,,"87% past / 13% present of 15, situation=retrospective",26,10,2,3,0,12,6,8,0,0
top1957:771,pilot,1957,BLUE CAMELLIA,Frances Parkinson Keyes,ABSTAIN,INSUFFICIENT,,unclear,,only 0 tense-bearing quotes,1,0,0,0,0,0,1,0,0,0
top1957:3363,pilot,1957,ON THE BEACH,Nevil Shute,PAST,PAST,high,retrospective,,"71% past / 29% present of 14, situation=retrospective",23,5,4,5,0,9,12,2,0,0
top1957:5575,pilot,1957,THE LAST ANGRY MAN,Gerald Green,ABSTAIN,INSUFFICIENT,,unclear,,only 0 tense-bearing quotes,1,0,0,0,0,0,1,0,0,0
top1957:6200,pilot,1957,THE SCAPEGOAT,Daphne du Maurier,PAST,PAST,high,retrospective,,"100% past / 0% present of 15, situation=retrospective",24,15,0,0,0,15,6,2,0,1
top1958:447,pilot,1958,ANATOMY OF A MURDER,Robert Traver,ABSTAIN,INSUFFICIENT,,retrospective,,only 3 tense-bearing quotes,8,3,0,0,0,3,0,4,1,0
top1958:1484,pilot,1958,DOCTOR ZHIVAGO,Boris Pasternak,PAST,PAST,high,retrospective,,"84% past / 16% present of 25, situation=retrospective",68,21,4,0,0,25,15,23,0,5
top1958:1699,pilot,1958,EXODUS,Leon Uris,PAST,PAST,high,retrospective,,"100% past / 0% present of 23, situation=retrospective",32,19,0,4,0,19,10,2,0,1
top1958:2745,pilot,1958,LOLITA,Vladimir Nabokov,PAST,PAST,high,retrospective,,"83% past / 17% present of 12, situation=retrospective",24,10,2,0,0,12,6,5,0,1
top1958:6715,pilot,1958,THE WINTHROP WOMAN,Anya Seton,ABSTAIN,INSUFFICIENT,,retrospective,,only 3 tense-bearing quotes,5,2,0,1,0,2,2,1,0,0
top1959:319,pilot,1959,ADVISE AND CONSENT,Allen Drury,ABSTAIN,INSUFFICIENT,,retrospective,,only 3 tense-bearing quotes,5,1,0,2,0,1,3,0,1,0
top1959:1355,pilot,1959,DEAR AND GLORIOUS PHYSICIAN,Taylor Caldwell,ABSTAIN,INSUFFICIENT,,retrospective,,only 3 tense-bearing quotes,15,1,0,2,0,1,5,9,0,0
top1959:2126,pilot,1959,HAWAII,James A. Michener,PAST,PAST,high,retrospective,,"100% past / 0% present of 10, situation=retrospective",24,7,0,3,0,7,12,5,0,0
top1959:3111,pilot,1959,MRS. ARRIS GOES TO PARIS,Paul Gallico,ABSTAIN,INSUFFICIENT,,retrospective,Three story-specific past event excerpts; one gnomic generalization.,only 3 tense-bearing quotes,4,3,0,0,0,3,0,1,0,0
top1959:4970,pilot,1959,THE DEVIL'S ADVOCATE,Morris L. West,PAST,PAST,CONFLICT,retrospective,,"50% past / 50% present of 12, situation=retrospective",19,6,6,0,0,12,3,4,0,0
top1960:5599,pilot,1960,THE LAST OF THE JUST,Andre Schwarz-Bart,ABSTAIN,INSUFFICIENT,,retrospective,,only 2 tense-bearing quotes,5,0,0,1,1,0,4,1,0,0
top1960:5646,pilot,1960,THE LEOPARD,Guiseppe di Lampedusa,PAST,PAST,high,retrospective,,"100% past / 0% present of 12, situation=retrospective",26,11,0,1,0,11,10,5,0,0
top1960:6887,pilot,1960,TO KILL A MOCKINGBIRD,Harper Lee,PAST,PAST,med,retrospective,,"100% past / 0% present of 7, situation=retrospective",25,6,0,1,0,6,18,1,0,0
top1961:1919,pilot,1961,FRANNY AND ZOOEY,J.D. Salinger,PAST,PAST,CONFLICT,retrospective,,"62% past / 38% present of 32, situation=retrospective",91,18,12,2,0,30,55,4,0,2
top1961:4529,pilot,1961,THE AGONY AND THE ECSTASY,Irving Stone,PAST,PAST,high,retrospective,,"100% past / 0% present of 19, situation=retrospective",47,18,0,1,0,18,13,15,0,1
top1961:4764,pilot,1961,THE CARPETBAGGERS,Harold Robbins,PAST,PAST,high,retrospective,,"100% past / 0% present of 9, situation=retrospective",12,2,0,7,0,2,8,2,0,0
top1962:1715,pilot,1962,FAIL-SAFE,Eugene Burdick and Harvey Wheeler,PAST,PAST,med,retrospective,,"86% past / 14% present of 7, situation=retrospective",11,5,1,1,0,6,4,1,0,0
top1962:4059,pilot,1962,SHIP OF FOOLS,Katherine Anne Porter,PAST,PAST,high,retrospective,,"100% past / 0% present of 10, situation=retrospective",15,7,0,3,0,7,6,2,0,0
top1962:7404,pilot,1962,YOUNGBLOOD HAWKE,Herman Wouk,PAST,PAST,med,retrospective,"Event narration is predominantly retrospective, with present-tense first-person reflection in the sampled excerpts.","71% past / 29% present of 7, situation=retrospective",14,3,2,2,0,5,3,5,0,1
top1963:5339,pilot,1963,THE GROUP,Mary McCarthy,PAST,PAST,high,retrospective,,"100% past / 0% present of 17, situation=retrospective",22,13,0,4,0,13,8,1,0,0
top1963:6289,pilot,1963,THE SHOES OF THE FISHERMAN,Morris L. West,PAST,PAST,high,retrospective,,"75% past / 25% present of 8, situation=retrospective",25,4,2,2,0,6,17,2,0,0
top1963:6606,pilot,1963,THE VENETIAN AFFAIR,Helen MacInnes,ABSTAIN,INSUFFICIENT,,unclear,,only 0 tense-bearing quotes,1,0,0,0,0,0,1,0,0,0
top1964:2178,pilot,1964,HERZOG,Saul Bellow,PAST,PAST,high,retrospective,,"100% past / 0% present of 14, situation=retrospective",51,8,0,6,0,8,16,25,0,2
top1964:5745,pilot,1964,THE MAN,Irving Wallace,ABSTAIN,INSUFFICIENT,,retrospective,,only 4 tense-bearing quotes,10,1,0,3,0,1,4,5,0,0
top1964:6381,pilot,1964,THE SPY WHO CAME IN FROM THE COLD,John le Carré,PAST,PAST,high,retrospective,,"100% past / 0% present of 35, situation=retrospective",57,22,0,13,0,22,25,6,4,0
top1965:2271,pilot,1965,HOTEL,Arthur Hailey,ABSTAIN,INSUFFICIENT,,retrospective,,only 1 tense-bearing quotes,5,1,0,0,0,1,0,4,0,0
top1965:6366,pilot,1965,THE SOURCE,James Michener,PAST,PAST,high,retrospective,,"100% past / 0% present of 16, situation=retrospective",22,10,0,6,0,10,8,4,0,0
top1965:7086,pilot,1965,UP THE DOWN STAIRCASE,Bel Kaufman,OTHER,DUAL,high,dual,,"67% past / 33% present of 9, situation=dual",26,4,3,2,0,7,14,0,5,0
top1966:4428,pilot,1966,TAI-PAN,James Clavell,PAST,PAST,high,retrospective,,"100% past / 0% present of 8, situation=retrospective",26,7,0,1,0,7,11,8,0,0
top1966:6232,pilot,1966,THE SECRET OF SANTA VITTORIA,Robert Crichton,ABSTAIN,INSUFFICIENT,,unclear,,only 0 tense-bearing quotes,2,0,0,0,0,0,1,1,0,0
top1966:7095,pilot,1966,VALLEY OF THE DOLLS,Jacqueline Susann,PAST,PAST,high,retrospective,,"100% past / 0% present of 15, situation=retrospective",48,14,0,1,0,14,27,6,1,0
top1967:3864,pilot,1967,ROSEMARY'S BABY,Ira Levin,PAST,PAST,high,retrospective,,"100% past / 0% present of 12, situation=retrospective",17,7,0,5,0,7,8,1,0,1
top1967:4879,pilot,1967,THE CONFESSIONS OF NAT TURNER,William Styron,PAST,PAST,high,retrospective,,"87% past / 13% present of 15, situation=retrospective",38,6,1,7,1,7,20,7,3,1
top1967:6929,pilot,1967,TOPAZ,Leon Uris,ABSTAIN,INSUFFICIENT,,retrospective,,only 4 tense-bearing quotes,6,3,0,1,0,3,3,0,0,0
top1968:350,pilot,1968,AIRPORT,Arthur Hailey,PAST,PAST,high,retrospective,,"100% past / 0% present of 8, situation=retrospective",12,6,0,2,0,6,3,3,0,0
top1968:1167,pilot,1968,COUPLES,John Updike,PAST,PAST,high,retrospective,,"100% past / 0% present of 17, situation=retrospective",24,17,0,0,0,17,3,4,0,0
top1968:3155,pilot,1968,MYRA BRECKINRIDGE,Gore Vidal,PRESENT,PRESENT,med,simultaneous,The excerpts use a first-person present writing/reflection frame with embedded past recollections; no affirmative evidence identifies character dialogue.,"29% past / 71% present of 7, situation=simultaneous",8,2,5,0,0,7,0,1,0,0
top1968:4482,pilot,1968,TESTIMONY OF TWO MEN,Taylor Caldwell,ABSTAIN,INSUFFICIENT,,unclear,,only 0 tense-bearing quotes,1,0,0,0,0,0,0,1,0,0
top1968:6186,pilot,1968,THE SALZBURG CONNECTION,Helen MacInnes,ABSTAIN,INSUFFICIENT,,retrospective,,only 1 tense-bearing quotes,1,0,0,1,0,0,1,0,0,0
top1969:3566,pilot,1969,PORTNOY'S COMPLAINT,Philip Roth,ABSTAIN,INSUFFICIENT,,retrospective,,only 3 tense-bearing quotes,53,2,1,0,0,3,44,6,0,0
top1969:5206,pilot,1969,THE FRENCH LIEUTENANT'S WOMAN,John Fowles,PAST,PAST,high,retrospective,,"95% past / 5% present of 22, situation=retrospective",49,15,1,6,0,16,13,19,1,0
top1969:5279,pilot,1969,THE GODFATHER,Mario Puzo,PAST,PAST,high,retrospective,,"100% past / 0% present of 14, situation=retrospective",50,12,0,2,0,12,37,1,0,0
top1970:2816,pilot,1970,LOVE STORY,Erich Segal,PAST,PAST,high,retrospective,,"100% past / 0% present of 19, situation=retrospective",22,5,0,14,0,5,16,1,0,0
top1970:3671,pilot,1970,QB VII,Leon Uris,ABSTAIN,INSUFFICIENT,,retrospective,,only 3 tense-bearing quotes,9,2,0,1,0,2,2,5,0,0
top1970:4911,pilot,1970,THE CRYSTAL CAVE,Mary Stewart,PAST,PAST,high,retrospective,,"90% past / 10% present of 10, situation=retrospective",19,7,1,2,0,8,9,2,0,0
top1971:4939,pilot,1971,THE DAY OF THE JACKAL,Frederick Forsyth,PAST,PAST,high,dual,,"91% past / 9% present of 11, situation=dual",15,10,1,0,0,11,1,3,0,0
top1971:5081,pilot,1971,THE EXORCIST,William Peter Blatty,PAST,PAST,high,retrospective,,"100% past / 0% present of 19, situation=retrospective",49,15,0,4,0,15,23,5,6,0
top1971:6709,pilot,1971,THE WINDS OF WAR,Herman Wouk,PAST,PAST,high,retrospective,,"100% past / 0% present of 10, situation=retrospective",25,8,0,2,0,8,12,2,2,1
top1972:2501,pilot,1972,JONATHAN LIVINGSTON SEAGULL,Richard Bach,PAST,PAST,high,retrospective,,"100% past / 0% present of 10, situation=retrospective",23,4,0,6,0,4,17,2,0,0
top1972:5914,pilot,1972,THE ODESSA FILE,Frederick Forsyth,PAST,PAST,med,retrospective,,"83% past / 17% present of 6, situation=retrospective",14,4,1,1,0,5,5,4,0,0
top1972:6743,pilot,1972,THE WORD,Irving Wallace,ABSTAIN,INSUFFICIENT,,retrospective,,only 1 tense-bearing quotes,1,1,0,0,0,1,0,0,0,0
top1973:886,pilot,1973,BURR,Gore Vidal,PAST,PAST,high,retrospective,,"97% past / 3% present of 35, situation=retrospective",45,21,1,13,0,22,13,10,0,0
top1973:5401,pilot,1973,THE HOLLOW HILLS,Mary Stewart,PAST,PAST,high,retrospective,,"80% past / 20% present of 15, situation=retrospective",25,11,3,1,0,14,5,5,1,0
top1974:982,pilot,1974,CENTENNIAL,James Michener.,PAST,PAST,high,retrospective,The book's narrative ground is retrospective past-tense historical narration.,"100% past / 0% present of 10, situation=retrospective",15,8,0,2,0,8,3,3,1,0
top1974:2482,pilot,1974,JAWS,Peter Benchley,PAST,PAST,high,retrospective,,"93% past / 7% present of 14, situation=retrospective",37,12,1,1,0,13,15,6,3,0
top1974:6874,pilot,1974,"TINKER, TAILOR, SOLDIER, SPY",John le Carré,PAST,PAST,high,retrospective,,"99% past / 1% present of 83, situation=retrospective",104,51,1,31,0,52,46,6,0,0
top1975:2769,pilot,1975,LOOKING FOR MR. GOODBAR,Judith Rossner,PAST,PAST,med,retrospective,,"100% past / 0% present of 7, situation=retrospective",9,6,0,1,0,6,3,0,0,0
top1975:3699,pilot,1975,RAGTIME,E. L. Doctorow,PAST,PAST,high,retrospective,,"96% past / 4% present of 25, situation=retrospective",34,23,1,1,0,24,9,1,0,0
top1975:5815,pilot,1975,THE MONEYCHANGERS,Arthur Hailey,ABSTAIN,INSUFFICIENT,,unclear,,only 0 tense-bearing quotes,2,0,0,0,0,0,1,1,0,0
top1976:23,pilot,1976,1876,Gore Vidal,ABSTAIN,INSUFFICIENT,,unclear,,only 0 tense-bearing quotes,2,0,0,0,0,0,0,2,0,0
top1976:4148,pilot,1976,SLEEPING MURDER,Agatha Christie,ABSTAIN,INSUFFICIENT,,retrospective,,only 3 tense-bearing quotes,10,2,0,1,0,2,5,3,0,0
top1976:6971,pilot,1976,TRINITY,Leon Uris,PAST,PAST,high,retrospective,,"100% past / 0% present of 10, situation=retrospective",25,6,0,4,0,6,18,0,1,0
top1977:2363,pilot,1977,ILLUSIONS,Richard Bach,PAST,PAST,med,retrospective,,"100% past / 0% present of 5, situation=retrospective",47,2,0,3,0,2,9,36,0,0
top1977:6308,pilot,1977,THE SILMARILLION,J.R.R. Tolkien,PAST,PAST,high,retrospective,,"97% past / 3% present of 63, situation=retrospective",95,42,2,19,0,44,34,13,4,0
top1977:6511,pilot,1977,THE THORN BIRDS,Colleen McCullough,PAST,PAST,high,retrospective,,"95% past / 5% present of 20, situation=retrospective",50,15,1,4,0,16,25,7,0,2
top1978:1023,pilot,1978,CHESAPEAKE,James A. Michener,PAST,PAST,high,retrospective,,"100% past / 0% present of 9, situation=retrospective",16,9,0,0,0,9,1,4,1,1
top1978:1664,pilot,1978,EVERGREEN,Belva Plain,ABSTAIN,INSUFFICIENT,,unclear,,only 0 tense-bearing quotes,1,0,0,0,0,0,0,1,0,0
top1978:7166,pilot,1978,WAR AND REMEMBRANCE,Herman Wouk,PAST,PAST,CONFLICT,retrospective,,"29% past / 71% present of 7, situation=retrospective",24,2,4,0,1,6,7,6,0,5
top1979:4218,pilot,1979,SOPHIE'S CHOICE,William Styron,PAST,PAST,high,retrospective,,"91% past / 9% present of 23, situation=retrospective",51,18,2,3,0,20,18,8,4,1
top1979:4944,pilot,1979,THE DEAD ZONE,Stephen King,PAST,PAST,high,retrospective,,"100% past / 0% present of 19, situation=retrospective",38,15,0,4,0,15,10,7,0,6
top1979:5777,pilot,1979,THE MATARESE CIRCLE,Robert Ludlum,ABSTAIN,INSUFFICIENT,,unclear,,only 1 tense-bearing quotes,4,0,0,1,0,0,2,2,0,0
top1979:6383,pilot,1979,THE STAND,Stephen King,PAST,PAST,high,retrospective,,"72% past / 28% present of 18, situation=retrospective",52,13,5,0,0,18,10,22,0,2
top1979:6972,pilot,1979,TRIPLE,Ken Follett,PAST,PAST,med,retrospective,,"100% past / 0% present of 5, situation=retrospective",9,5,0,0,0,5,1,2,0,1
top1980:3621,pilot,1980,PRINCESS DAISY,Judith Krantz,ABSTAIN,INSUFFICIENT,,retrospective,,only 1 tense-bearing quotes,4,1,0,0,0,1,1,2,0,0
top1980:3696,pilot,1980,RAGE OF ANGELS,Sidney Sheldon,PAST,PAST,med,retrospective,,"100% past / 0% present of 5, situation=retrospective",13,3,0,2,0,3,7,1,2,0
top1980:4897,pilot,1980,THE COVENANT,James A. Michener,PAST,PAST,med,retrospective,,"100% past / 0% present of 7, situation=retrospective",19,5,0,2,0,5,8,6,0,0
top1981:2036,pilot,1981,GORKY PARK,Martin Cruz Smith,PAST,PAST,high,retrospective,,"100% past / 0% present of 15, situation=retrospective",29,11,0,4,0,11,16,2,0,0
top1981:2921,pilot,1981,MASQUERADE,Kit Williams,ABSTAIN,INSUFFICIENT,,unclear,,only 0 tense-bearing quotes,1,0,0,0,0,0,1,0,0,0
top1981:3278,pilot,1981,NOBLE HOUSE,James Clavell,PAST,PAST,high,retrospective,,"100% past / 0% present of 14, situation=retrospective",45,2,0,12,0,2,33,8,1,1
top1982:4231,pilot,1982,SPACE,James A. Michener,PAST,PAST,med,retrospective,,"100% past / 0% present of 6, situation=retrospective",16,5,0,1,0,5,6,5,0,0
top1982:6595,pilot,1982,THE VALLEY OF HORSES,Jean M. Auel,PAST,PAST,high,retrospective,,"100% past / 0% present of 13, situation=retrospective",25,8,0,5,0,8,13,4,0,0
top1983:1047,pilot,1983,CHRISTINE,Stephen King,PAST,PAST,high,retrospective,,"100% past / 0% present of 13, situation=retrospective",25,10,0,3,0,10,7,8,0,0
top1983:3506,pilot,1983,PET SEMATARY,Stephen King,PAST,PAST,high,retrospective,,"89% past / 11% present of 9, situation=retrospective",25,8,1,0,0,9,6,10,0,0
top1983:3550,pilot,1983,POLAND,James A. Michener,PAST,PAST,high,retrospective,,"92% past / 8% present of 12, situation=retrospective",18,6,0,5,1,6,7,3,2,0
top1983:5671,pilot,1983,THE LITTLE DRUMMER GIRL,John le Carré,PAST,PAST,high,retrospective,,"77% past / 23% present of 22, situation=retrospective",33,14,5,3,0,19,6,5,0,3
top1983:5851,pilot,1983,THE NAME OF THE ROSE,Umberto Eco,ABSTAIN,INSUFFICIENT,,retrospective,,only 4 tense-bearing quotes,25,2,0,2,0,2,22,0,1,0
top1984:9,pilot,1984,"''. . . AND LADIES OF THE CLUB,''",Helen Hooven Santmyer,ABSTAIN,INSUFFICIENT,,retrospective,,only 2 tense-bearing quotes,7,1,0,1,0,1,5,1,0,0
top1984:2718,pilot,1984,LINCOLN,Gore Vidal,PAST,PAST,high,retrospective,,"100% past / 0% present of 21, situation=retrospective",28,6,0,15,0,6,19,2,0,1
top1984:4564,pilot,1984,THE AQUITAINE PROGRESSION,Robert Ludlum,ABSTAIN,INSUFFICIENT,,retrospective,,only 4 tense-bearing quotes,5,3,0,1,0,3,1,1,0,0
top1984:5202,pilot,1984,THE FOURTH PROTOCOL,Frederick Forsyth,ABSTAIN,INSUFFICIENT,,unclear,,only 0 tense-bearing quotes,1,0,0,0,0,0,0,0,1,0
top1984:5352,pilot,1984,THE HAJ,Leon Uris,ABSTAIN,INSUFFICIENT,,retrospective,Event narration is retrospective; dialogue excerpts carry no external narration beats.,only 3 tense-bearing quotes,7,3,0,0,0,3,3,1,0,0
top1984:6293,pilot,1984,THE SICILIAN,Mario Puzo,PAST,PAST,high,retrospective,"Event evidence is predominantly retrospective, with one present-tense story-specific assertion.","93% past / 7% present of 14, situation=retrospective",25,9,1,4,0,10,5,8,0,2
top1984:6462,pilot,1984,THE TALISMAN,Stephen King and Peter Straub,PAST,PAST,high,retrospective,,"100% past / 0% present of 16, situation=retrospective",22,16,0,0,0,16,3,3,0,0
top1985:2361,pilot,1985,IF TOMORROW COMES,Sidney Sheldon,PAST,PAST,high,retrospective,,"100% past / 0% present of 9, situation=retrospective",15,6,0,3,0,6,7,2,0,0
top1985:2624,pilot,1985,LAKE WOBEGON DAYS,Garrison Keillor,ABSTAIN,INSUFFICIENT,,dual,,only 4 tense-bearing quotes,14,3,1,0,0,4,7,3,0,0
top1985:5744,pilot,1985,THE MAMMOTH HUNTERS,Jean M. Auel,PAST,PAST,high,retrospective,,"100% past / 0% present of 9, situation=retrospective",20,7,0,2,0,7,6,6,0,1
top1986:2466,pilot,1986,IT,Stephen King,PAST,PAST,high,retrospective,,"100% past / 0% present of 8, situation=retrospective",24,4,0,4,0,4,12,7,1,0
top1986:3741,pilot,1986,RED STORM RISING,Tom Clancy,PAST,PAST,high,retrospective,,"94% past / 6% present of 17, situation=retrospective",26,12,1,4,0,13,9,4,0,0
top1986:6051,pilot,1986,THE PRINCE OF TIDES,Pat Conroy,PAST,PAST,high,retrospective,,"92% past / 8% present of 64, situation=retrospective",101,52,5,7,0,57,19,18,6,1
top1987:3480,pilot,1987,PATRIOT GAMES,Tom Clancy,PAST,PAST,high,retrospective,,"100% past / 0% present of 9, situation=retrospective",20,6,0,3,0,6,9,3,2,0
top1987:3600,pilot,1987,PRESUMED INNOCENT,Scott Turow,ABSTAIN,INSUFFICIENT,,dual,,only 4 tense-bearing quotes,7,1,1,0,2,2,2,2,0,1
top1987:4679,pilot,1987,THE BONFIRE OF THE VANITIES,Tom Wolfe,PAST,PAST,high,retrospective,,"89% past / 11% present of 18, situation=retrospective",23,16,2,0,0,18,2,3,0,0
top1988:352,pilot,1988,ALASKA,James A. Michener,PAST,PAST,high,retrospective,,"80% past / 20% present of 20, situation=retrospective",25,13,4,3,0,17,6,0,0,2
top1988:831,pilot,1988,BREATHING LESSONS,Anne Tyler,PAST,PAST,high,retrospective,,"100% past / 0% present of 24, situation=retrospective",32,22,0,2,0,22,6,3,0,1
top1988:4759,pilot,1988,THE CARDINAL OF THE KREMLIN,Tom Clancy,ABSTAIN,INSUFFICIENT,,retrospective,,only 3 tense-bearing quotes,14,3,0,0,0,3,3,7,1,0
top1988:5454,pilot,1988,THE ICARUS AGENDA,Robert Ludlum,ABSTAIN,INSUFFICIENT,,unclear,The sole quote is non-diagnostic past-tense rhetorical generalization.,only 0 tense-bearing quotes,1,0,0,0,0,0,0,1,0,0
top1988:6278,pilot,1988,THE SHELL SEEKERS,Rosamunde Pilcher,PAST,PAST,high,retrospective,,"100% past / 0% present of 24, situation=retrospective",49,21,0,3,0,21,16,9,3,0
top1989:1079,pilot,1989,CLEAR AND PRESENT DANGER,Tom Clancy,PAST,PAST,high,retrospective,,"100% past / 0% present of 12, situation=retrospective",20,12,0,0,0,12,3,5,0,0
top1989:4438,pilot,1989,TALES FROM MARGARITAVILLE,Jimmy Buffett,ABSTAIN,INSUFFICIENT,,unclear,,only 0 tense-bearing quotes,2,0,0,0,0,0,0,2,0,0
top1989:5515,pilot,1989,THE JOY LUCK CLUB,Amy Tan,PAST,PAST,high,dual,,"84% past / 16% present of 51, situation=dual",96,40,7,3,1,47,44,5,0,0
top1990:2956,pilot,1990,MEMORIES OF MIDNIGHT,Sidney Sheldon,PAST,PAST,med,retrospective,6 event quotes: 5 past and 1 present; dialogue beats provide no additional tense evidence.,"86% past / 14% present of 7, situation=retrospective",12,6,1,0,0,7,2,1,1,1
top1990:3343,pilot,1990,"OH, THE PLACES YOU'LL GO!",Dr. Seuss,ABSTAIN,INSUFFICIENT,,unclear,,only 0 tense-bearing quotes,21,0,0,0,0,0,0,21,0,0
top1990:4003,pilot,1990,SEPTEMBER,Rosamunde Pilcher,PAST,PAST,med,retrospective,,"80% past / 20% present of 5, situation=retrospective",13,4,1,0,0,5,0,7,0,1
top1990:4708,pilot,1990,THE BOURNE ULTIMATUM,Robert Ludlum,ABSTAIN,INSUFFICIENT,,unclear,No event-narration excerpts are available to determine a narrating situation.,only 0 tense-bearing quotes,3,0,0,0,0,0,1,2,0,0
top1990:4734,pilot,1990,THE BURDEN OF PROOF,Scott Turow,ABSTAIN,INSUFFICIENT,,retrospective,,only 2 tense-bearing quotes,3,2,0,0,0,2,1,0,0,0
top1990:6019,pilot,1990,THE PLAINS OF PASSAGE,Jean M. Auel,PAST,PAST,high,retrospective,,"100% past / 0% present of 11, situation=retrospective",14,9,0,2,0,9,3,1,0,1
top1991:3945,pilot,1991,SCARLETT,Alexandra Ripley,PAST,PAST,high,retrospective,,"89% past / 11% present of 19, situation=retrospective",49,10,1,7,1,11,33,5,0,0
top1991:5144,pilot,1991,THE FIRM,John Grisham,PAST,PAST,med,retrospective,,"100% past / 0% present of 5, situation=retrospective",13,4,0,1,0,4,8,1,0,0
top1991:6426,pilot,1991,THE SUM OF ALL FEARS,Tom Clancy,PAST,PAST,med,retrospective,,"100% past / 0% present of 5, situation=retrospective",18,2,0,3,0,2,8,6,1,1
top1992:1979,pilot,1992,GERALD'S GAME,Stephen King,PAST,PAST,high,retrospective,,"87% past / 13% present of 15, situation=retrospective",25,11,2,2,0,13,11,1,0,0
top1992:2060,pilot,1992,GRIFFIN & SABINE,Nick Bantock,ABSTAIN,INSUFFICIENT,,retrospective,,only 1 tense-bearing quotes,4,1,0,0,0,1,3,0,0,0
top1992:3894,pilot,1992,SABINE'S NOTEBOOK,Nick Bantock,ABSTAIN,INSUFFICIENT,,unclear,,only 2 tense-bearing quotes,4,1,1,0,0,2,2,0,0,0
top1992:4723,pilot,1992,THE BRIDGES OF MADISON COUNTY,Robert James Waller,PAST,PAST,high,retrospective,,"100% past / 0% present of 16, situation=retrospective",55,15,0,1,0,15,30,7,1,2
top1992:5993,pilot,1992,THE PELICAN BRIEF,John Grisham,ABSTAIN,INSUFFICIENT,,retrospective,,only 1 tense-bearing quotes,2,1,0,0,0,1,1,0,0,0
top1992:7158,pilot,1992,WAITING TO EXHALE,Terry McMillan,ABSTAIN,INSUFFICIENT,,unclear,,only 0 tense-bearing quotes,3,0,0,0,0,0,2,1,0,0
top1993:2712,pilot,1993,LIKE WATER FOR CHOCOLATE,Laura Esquivel,PAST,PAST,high,retrospective,,"100% past / 0% present of 10, situation=retrospective",25,10,0,0,0,10,6,8,1,0
top1993:4852,pilot,1993,THE CLIENT,John Grisham,PAST,PAST,high,retrospective,,"100% past / 0% present of 13, situation=retrospective",23,8,0,5,0,8,11,4,0,0
top1993:7344,pilot,1993,WITHOUT REMORSE,Tom Clancy,PAST,PAST,high,retrospective,,"100% past / 0% present of 14, situation=retrospective",30,12,0,2,0,12,4,12,1,1
top1994:3132,pilot,1994,MUTANT MESSAGE DOWN UNDER,Marlo Morgan,PAST,PAST,med,retrospective,,"100% past / 0% present of 5, situation=retrospective",16,4,0,1,0,4,4,8,0,0
top1994:3555,pilot,1994,POLITICALLY CORRECT BEDTIME STORIES,James Finn Garner,PAST,PAST,high,retrospective,,"100% past / 0% present of 10, situation=retrospective",11,7,0,3,0,7,3,1,0,0
top1994:4796,pilot,1994,THE CELESTINE PROPHECY,James Redfield,ABSTAIN,INSUFFICIENT,,retrospective,,only 0 tense-bearing quotes,27,0,0,0,0,0,27,0,0,0
top1995:4830,pilot,1995,THE CHRISTMAS BOX,Richard Paul Evans,ABSTAIN,INSUFFICIENT,,unclear,,only 1 tense-bearing quotes,6,0,0,1,0,0,1,5,0,0
top1995:5413,pilot,1995,THE HORSE WHISPERER,Nicholas Evans,PAST,PAST,med,retrospective,,"100% past / 0% present of 7, situation=retrospective",14,6,0,1,0,6,5,2,0,1
top1995:6096,pilot,1995,THE RAINMAKER,John Grisham,PRESENT,PRESENT,high,simultaneous,,"12% past / 88% present of 16, situation=simultaneous",25,2,14,0,0,16,1,7,0,1
top1996:293,hist,1996,ABSOLUTE POWER,David Baldacci,PAST,PAST,high,retrospective,,"100% past / 0% present of 14, situation=retrospective",22,12,0,2,0,12,4,5,0,1
top1996:349,hist,1996,AIRFRAME,Michael Crichton,PAST,PAST,med,retrospective,,"86% past / 14% present of 7, situation=retrospective",11,4,1,2,0,5,5,1,0,0
top1996:967,hist,1996,CAUSE OF DEATH,Patricia Cornwell,PAST,PAST,med,retrospective,,"100% past / 0% present of 6, situation=retrospective",8,4,0,2,0,4,3,1,0,0
top1996:1431,hist,1996,DESPERATION,Stephen King,PAST,PAST,high,retrospective,,"86% past / 14% present of 14, situation=retrospective",23,9,1,3,1,10,8,3,0,2
top1996:1689,hist,1996,EXECUTIVE ORDERS,Tom Clancy,PAST,PAST,high,retrospective,Event-narration evidence is consistently past tense; dialogue beats are also past where present.,"100% past / 0% present of 27, situation=retrospective",47,24,0,3,0,24,11,7,3,2
top1996:1735,hist,1996,FALLING UP,Shel Silverstein,ABSTAIN,INSUFFICIENT,,unclear,Only five supplied excerpts; they are poetic and yield no event-narration evidence for a narrating-situation determination.,only 2 tense-bearing quotes,5,0,0,2,0,0,3,1,0,1
top1996:2012,hist,1996,GODS AND GENERALS,Jeff Shaara,PAST,PAST,med,retrospective,,"100% past / 0% present of 7, situation=retrospective",14,6,0,1,0,6,7,0,0,1
top1996:2287,hist,1996,HOW STELLA GOT HER GROOVE BACK,Terry McMillan,ABSTAIN,INSUFFICIENT,,simultaneous,"Present-tense first-person narration, with a retrospective memory passage.",only 4 tense-bearing quotes,4,1,2,0,1,3,1,0,0,0
top1996:2330,hist,1996,I WAS AMELIA EARHART,Jane Mendelsohn,ABSTAIN,INSUFFICIENT,,unclear,,only 2 tense-bearing quotes,4,1,1,0,0,2,1,1,0,0
top1996:2436,hist,1996,INTENSITY,Dean Koontz,PAST,PAST,high,retrospective,Manual audit: the authorized opening confirms past base narration; Goodreads quotations appear cross-title contaminated.,"75% past / 25% present of 16, situation=retrospective",27,12,4,0,0,16,2,8,1,0
top1996:3056,hist,1996,MOONLIGHT BECOMES YOU,Mary Higgins Clark,ABSTAIN,INSUFFICIENT,,unclear,,only 2 tense-bearing quotes,2,1,1,0,0,2,0,0,0,0
top1996:3608,hist,1996,PRIMARY COLORS,Anonymous,ABSTAIN,INSUFFICIENT,,retrospective,,only 1 tense-bearing quotes,4,1,0,0,0,1,0,3,0,0
top1996:4957,hist,1996,THE DEEP END OF THE OCEAN,Jacquelyn Mitchard,ABSTAIN,INSUFFICIENT,,retrospective,,only 3 tense-bearing quotes,3,3,0,0,0,3,0,0,0,0
top1996:5634,hist,1996,THE LAWS OF OUR FATHERS,Scott Turow,ABSTAIN,UNCLEAR,,unclear,,situation='unclear',7,1,3,0,1,4,1,1,0,1
top1996:5903,hist,1996,THE NOTEBOOK,Nicholas Sparks,OTHER,DUAL,high,dual,Event excerpts show a past-tense recollective layer and a distinct present-tense first-person reflective/immediate layer. Speech and gnomic excerpts were excluded from event-tense evidence.,"67% past / 33% present of 27, situation=dual",70,16,9,2,0,25,33,10,0,2
top1996:6117,hist,1996,THE REGULATORS,Richard Bachman,ABSTAIN,UNCLEAR,,unclear,,situation='unclear',10,5,5,0,0,10,0,0,0,0
top1996:6178,hist,1996,THE RUNAWAY JURY,John Grisham,PAST,PAST,med,retrospective,,"100% past / 0% present of 5, situation=retrospective",8,5,0,0,0,5,1,2,0,0
top1996:6484,hist,1996,THE TENTH INSIGHT,James Redfield,PAST,PAST,high,retrospective,,"100% past / 0% present of 8, situation=retrospective",28,7,0,1,0,7,3,18,0,0
top1997:64,hist,1997,A CERTAIN JUSTICE,P. D. James,ABSTAIN,UNCLEAR,,unclear,,situation='unclear',10,3,1,1,0,4,4,1,0,1
top1997:957,hist,1997,CAT & MOUSE,James Patterson,ABSTAIN,INSUFFICIENT,,retrospective,Three event-narration excerpts are past-tense; the remaining excerpts are primarily aphoristic or dialogue.,only 4 tense-bearing quotes,12,3,0,1,0,3,1,6,0,2
top1997:1098,hist,1997,COLD MOUNTAIN,Charles Frazier,PAST,PAST,high,retrospective,,"79% past / 21% present of 14, situation=retrospective",23,9,3,2,0,12,7,4,0,0
top1997:1110,hist,1997,COMANCHE MOON,Larry McMurtry,PAST,PAST,high,retrospective,,"100% past / 0% present of 19, situation=retrospective",23,11,0,8,0,11,12,0,0,0
top1997:1659,hist,1997,EVENING CLASS,Maeve Binchy,ABSTAIN,INSUFFICIENT,,unclear,,only 0 tense-bearing quotes,1,0,0,0,0,0,0,1,0,0
top1997:1762,hist,1997,FAT TUESDAY,Sandra Brown,ABSTAIN,INSUFFICIENT,,retrospective,,only 1 tense-bearing quotes,2,1,0,0,0,1,0,1,0,0
top1997:2256,hist,1997,HORNET'S NEST,Patricia Cornwell,ABSTAIN,INSUFFICIENT,,unclear,,only 0 tense-bearing quotes,1,0,0,0,0,0,1,0,0,0
top1997:2746,hist,1997,LONDON,Edward Rutherfurd,PAST,PAST,high,retrospective,,"100% past / 0% present of 16, situation=retrospective",18,12,0,4,0,12,4,2,0,0
top1997:2952,hist,1997,MEMOIRS OF A GEISHA,Arthur Golden,PAST,PAST,high,retrospective,Classified solely from supplied excerpts. Story-specific first-person recollections overwhelmingly use past narration; present-tense memoir framing and aphorisms were kept distinct.,"84% past / 16% present of 49, situation=retrospective",97,37,8,4,0,45,21,31,0,0
top1997:3542,hist,1997,PLUM ISLAND,Nelson DeMille,PAST,PAST,high,retrospective,"Event narration is predominantly retrospective past; the present event passages are first-person reflections, not a distinct simultaneous or dual frame.","83% past / 17% present of 23, situation=retrospective",50,18,4,1,0,22,9,18,0,1
top1997:3602,hist,1997,PRETEND YOU DON'T SEE HER,Mary Higgins Clark,ABSTAIN,INSUFFICIENT,,retrospective,,only 2 tense-bearing quotes,2,1,0,1,0,1,1,0,0,0
top1997:4187,hist,1997,SOLE SURVIVOR,Dean Koontz,PAST,PAST,high,retrospective,,"100% past / 0% present of 11, situation=retrospective",19,9,0,2,0,9,2,8,0,0
top1997:4239,hist,1997,SPECIAL DELIVERY,Danielle Steel,ABSTAIN,INSUFFICIENT,,unclear,,only 0 tense-bearing quotes,1,0,0,0,0,0,1,0,0,0
top1997:5238,hist,1997,THE GHOST,Danielle Steel,ABSTAIN,INSUFFICIENT,,simultaneous,,only 1 tense-bearing quotes,1,0,1,0,0,1,0,0,0,0
top1997:5276,hist,1997,THE GOD OF SMALL THINGS,Arundhati Roy,PAST,PAST,high,retrospective,"Classified solely from supplied quote text. Event narration is overwhelmingly retrospective past, with isolated story-specific present narration.","96% past / 4% present of 57, situation=retrospective",75,53,2,2,0,55,4,14,0,2
top1997:5647,hist,1997,THE LETTER,Richard Paul Evans,ABSTAIN,INSUFFICIENT,,simultaneous,,only 1 tense-bearing quotes,8,0,1,0,0,1,5,2,0,0
top1997:5778,hist,1997,THE MATARESE COUNTDOWN,Robert Ludlum,ABSTAIN,INSUFFICIENT,,unclear,,only 0 tense-bearing quotes,3,0,0,0,0,0,1,2,0,0
top1997:5976,hist,1997,THE PARTNER,John Grisham,ABSTAIN,INSUFFICIENT,,retrospective,,only 3 tense-bearing quotes,4,3,0,0,0,3,0,1,0,0
top1997:6712,hist,1997,THE WINNER,David Baldacci,PAST,PAST,med,retrospective,,"100% past / 0% present of 5, situation=retrospective",7,5,0,0,0,5,0,0,0,2
top1997:6930,hist,1997,TOTAL CONTROL,David Baldacci,PAST,PAST,med,retrospective,,"86% past / 14% present of 7, situation=retrospective",13,6,1,0,0,7,5,1,0,0
top1997:7070,hist,1997,UNNATURAL EXPOSURE,Patricia Cornwell,PAST,PAST,med,retrospective,,"100% past / 0% present of 5, situation=retrospective",6,1,0,4,0,1,4,1,0,0
top1997:7085,hist,1997,UP ISLAND,Anne Rivers Siddons,ABSTAIN,INSUFFICIENT,,retrospective,One event-narration quote is retrospective past; the other quote is dialogue without a beat.,only 1 tense-bearing quotes,2,1,0,0,0,1,1,0,0,0
top1997:7138,hist,1997,VIOLIN,Anne Rice,PAST,PAST,CONFLICT,retrospective,,"64% past / 36% present of 22, situation=retrospective",28,13,8,1,0,21,2,5,0,0
top1998:156,hist,1998,A MAN IN FULL,Tom Wolfe,PAST,PAST,high,retrospective,,"94% past / 6% present of 17, situation=retrospective",22,13,1,3,0,14,7,1,0,0
top1998:276,hist,1998,A WIDOW FOR ONE YEAR,John Irving,PAST,PAST,high,retrospective,,"96% past / 4% present of 28, situation=retrospective",49,23,1,4,0,24,14,9,2,0
top1998:582,hist,1998,BAG OF BONES,Stephen King,PAST,PAST,high,retrospective,,"86% past / 14% present of 35, situation=retrospective",82,28,5,2,0,33,11,36,0,2
top1998:705,hist,1998,BLACK AND BLUE,Anna Quindlen,ABSTAIN,UNCLEAR,,unclear,,situation='unclear',16,5,4,1,0,9,3,4,0,0
top1998:2118,hist,1998,HARRY POTTER AND THE SORCERER'S STONE,J. K. Rowling,PAST,PAST,high,retrospective,,"100% past / 0% present of 12, situation=retrospective",26,3,0,9,0,3,20,3,0,0
top1998:2322,hist,1998,I KNOW THIS MUCH IS TRUE,Wally Lamb,PAST,PAST,high,retrospective,,"93% past / 7% present of 14, situation=retrospective",25,9,1,4,0,10,8,7,0,0
top1998:2975,hist,1998,MESSAGE IN A BOTTLE,Nicholas Sparks,OTHER,DUAL,high,dual,The supplied excerpts show a past-tense story frame alongside first-person letters anchored to their writing moment; these were retained as event narration rather than dialogue.,"43% past / 57% present of 35, situation=dual",58,13,20,2,0,33,10,9,0,6
top1998:3707,hist,1998,RAINBOW SIX,Tom Clancy,PAST,PAST,high,retrospective,,"85% past / 15% present of 13, situation=retrospective",20,11,2,0,0,13,1,3,0,3
top1998:4378,hist,1998,SUMMER SISTERS,Judy Blume,PAST,PAST,med,retrospective,,"100% past / 0% present of 6, situation=retrospective",24,6,0,0,0,6,11,6,0,1
top1998:6028,hist,1998,THE POISONWOOD BIBLE,Barbara Kingsolver,OTHER,DUAL,high,dual,Manual review 2026-08-13: sustained present-tense daughter narration and Orleanna's retrospective past-tense narration are coexisting structural strands.,"51% past / 49% present of 43, situation=dual",75,20,21,2,0,41,7,26,0,1
top1998:6419,hist,1998,THE STREET LAWYER,John Grisham,PAST,PAST,high,retrospective,,"92% past / 8% present of 12, situation=retrospective",21,9,1,2,0,10,9,2,0,0
top1999:271,hist,1999,A WALK TO REMEMBER,Nicholas Sparks,PAST,PAST,high,retrospective,,"76% past / 24% present of 25, situation=retrospective",50,18,6,1,0,24,17,8,0,1
top1999:2095,hist,1999,HANNIBAL,Thomas Harris,PAST,PAST,high,retrospective,,"80% past / 20% present of 25, situation=retrospective",53,17,5,3,0,22,17,14,0,0
top1999:2116,hist,1999,HARRY POTTER AND THE CHAMBER OF SECRETS,J. K. Rowling,PAST,PAST,high,retrospective,Classified solely from the supplied excerpts. Event narration is consistently past tense.,"100% past / 0% present of 28, situation=retrospective",48,11,0,17,0,11,31,0,0,6
top1999:2117,hist,1999,HARRY POTTER AND THE PRISONER OF AZKABAN,J. K. Rowling,PAST,PAST,high,retrospective,"Event evidence is 4 past and 2 present; the present examples are character-specific current assertions, while past event narration and recovered dialogue beats support a retrospective narrating situation.","83% past / 17% present of 12, situation=retrospective",28,4,2,6,0,6,18,2,0,2
top1999:2144,hist,1999,HEARTS IN ATLANTIS,Stephen King,PAST,PAST,med,retrospective,,"71% past / 29% present of 7, situation=retrospective",22,5,2,0,0,7,2,13,0,0
top1999:4450,hist,1999,TARA ROAD,Maeve Binchy,PAST,PAST,high,retrospective,,"100% past / 0% present of 9, situation=retrospective",12,8,0,1,0,8,4,0,0,0
top1999:5256,hist,1999,THE GIRL WHO LOVED TOM GORDON,Stephen King,PAST,PAST,high,retrospective,,"100% past / 0% present of 15, situation=retrospective",25,14,0,1,0,14,6,5,0,0
top1999:6488,hist,1999,THE TESTAMENT,John Grisham,PAST,PAST,high,retrospective,,"100% past / 0% present of 8, situation=retrospective",13,7,0,1,0,7,3,2,0,1
top1999:6870,hist,1999,TIMELINE,Michael Crichton,PAST,PAST,high,retrospective,Event narration is uniformly past-tense; most remaining excerpts are gnomic commentary. One dialogue excerpt has past-tense attribution beats.,"100% past / 0% present of 10, situation=retrospective",23,9,0,1,0,9,1,11,0,2
top1999:7269,hist,1999,WHITE OLEANDER,Janet Fitch,PAST,PAST,high,retrospective,,"96% past / 4% present of 71, situation=retrospective",96,64,3,4,0,67,18,11,0,0
top2000:1600,hist,2000,EASY PREY,John Sandford,ABSTAIN,INSUFFICIENT,,retrospective,,only 3 tense-bearing quotes,5,2,0,0,1,2,1,1,0,1
top2000:1965,hist,2000,GAP CREEK,Robert Morgan,PAST,PAST,med,retrospective,,"100% past / 0% present of 6, situation=retrospective",8,3,0,3,0,3,3,2,0,0
top2000:2969,hist,2000,MERRICK,Anne Rice,PAST,PAST,high,retrospective,,"84% past / 16% present of 69, situation=retrospective",86,53,11,5,0,64,11,11,0,0
top2000:3638,hist,2000,PRODIGAL SUMMER,Barbara Kingsolver,PAST,PAST,high,retrospective,,"97% past / 3% present of 30, situation=retrospective",47,22,1,7,0,23,17,4,0,3
top2000:3866,hist,2000,ROSES ARE RED,James Patterson,PAST,PAST,med,retrospective,,"100% past / 0% present of 5, situation=retrospective",8,4,0,1,0,4,1,3,0,0
top2000:4071,hist,2000,SHOPGIRL,Steve Martin,PRESENT,PRESENT,high,simultaneous,,"15% past / 85% present of 33, situation=simultaneous",41,5,28,0,0,33,1,6,0,1
top2000:4603,hist,2000,THE BEAR AND THE DRAGON,Tom Clancy,ABSTAIN,UNCLEAR,,unclear,"Classified solely from the supplied excerpts. The sample is dominated by aphorisms and clipped text; usable event narration is past-dominant, but no overall book label has been computed.",situation='unclear',24,11,1,0,0,12,1,5,2,4
top2000:4665,hist,2000,THE BLUEST EYE,Toni Morrison,PAST,PAST,high,retrospective,,"88% past / 12% present of 49, situation=retrospective",62,43,6,0,0,49,3,10,0,0
top2000:4719,hist,2000,THE BRETHREN,John Grisham,ABSTAIN,INSUFFICIENT,,retrospective,,only 4 tense-bearing quotes,4,4,0,0,0,4,0,0,0,0
top2000:5435,hist,2000,THE HOUSE ON HOPE STREET,Danielle Steel,ABSTAIN,INSUFFICIENT,,retrospective,,only 1 tense-bearing quotes,1,1,0,0,0,1,0,0,0,0
top2000:5469,hist,2000,THE INDWELLING,Tim LaHaye and Jerry B. Jenkins,ABSTAIN,INSUFFICIENT,,retrospective,,only 1 tense-bearing quotes,1,1,0,0,0,1,0,0,0,0
top2000:5605,hist,2000,THE LAST PRECINCT,Patricia Cornwell,PRESENT,PRESENT,high,simultaneous,,"30% past / 70% present of 10, situation=simultaneous",15,3,7,0,0,10,0,5,0,0
top2000:5666,hist,2000,THE LION'S GAME,Nelson DeMille,PAST,PAST,high,retrospective,,"80% past / 20% present of 10, situation=retrospective",21,6,2,2,0,8,5,6,0,2
top2000:5766,hist,2000,THE MARK,Tim LaHaye and Jerry B. Jenkins,ABSTAIN,INSUFFICIENT,,unclear,,only 1 tense-bearing quotes,3,0,0,1,0,0,1,2,0,0
top2000:6124,hist,2000,THE RESCUE,Nicholas Sparks,PAST,PAST,high,retrospective,,"100% past / 0% present of 17, situation=retrospective",28,15,0,2,0,15,10,3,0,0
top2000:7326,hist,2000,WINTER SOLSTICE,Rosamunde Pilcher,PAST,PAST,high,retrospective,,"92% past / 8% present of 12, situation=retrospective",26,11,1,0,0,12,6,8,0,0
top2001:28,hist,2001,1ST TO DIE,James Patterson,PAST,PAST,high,retrospective,,"91% past / 9% present of 11, situation=retrospective",17,9,1,1,0,10,2,5,0,0
top2001:51,hist,2001,A BEND IN THE ROAD,Nicholas Sparks,PAST,PAST,high,retrospective,,"95% past / 5% present of 19, situation=retrospective",30,8,1,10,0,9,15,6,0,0
top2001:73,hist,2001,A COMMON LIFE,Jan Karon,ABSTAIN,INSUFFICIENT,,retrospective,,only 1 tense-bearing quotes,10,1,0,0,0,1,4,5,0,0
top2001:87,hist,2001,A DAY LATE AND A DOLLAR SHORT,Terry McMillan,ABSTAIN,INSUFFICIENT,,unclear,,only 0 tense-bearing quotes,4,0,0,0,0,0,0,4,0,0
top2001:182,hist,2001,A PAINTED HOUSE,John Grisham,PAST,PAST,high,retrospective,20 event-narration quotes are past tense. The single dialogue quote has a past-tense narration beat.,"100% past / 0% present of 21, situation=retrospective",21,20,0,1,0,20,1,0,0,0
top2001:567,hist,2001,BACK WHEN WE WERE GROWNUPS,Anne Tyler,ABSTAIN,INSUFFICIENT,,retrospective,,only 4 tense-bearing quotes,11,4,0,0,0,4,4,1,0,2
top2001:710,hist,2001,BLACK HOUSE,Stephen King and Peter Straub,PRESENT,PRESENT,high,simultaneous,,"6% past / 94% present of 16, situation=simultaneous",36,0,15,1,0,15,4,9,0,8
top2001:916,hist,2001,CANE RIVER,Lalita Tademy,PAST,PAST,med,retrospective,Six event-narration quotes are past tense; present-tense generic maxims are gnomic. Dialogue beats are past / none.,"100% past / 0% present of 7, situation=retrospective",11,6,0,1,0,6,2,3,0,0
top2001:1369,hist,2001,DEATH IN HOLY ORDERS,P. D. James,ABSTAIN,INSUFFICIENT,,retrospective,,only 4 tense-bearing quotes,12,3,0,1,0,3,4,3,2,0
top2001:1425,hist,2001,DESECRATION,Tim LaHaye and Jerry B. Jenkins,ABSTAIN,INSUFFICIENT,,retrospective,,only 2 tense-bearing quotes,2,1,0,1,0,1,1,0,0,0
top2001:1543,hist,2001,DREAMCATCHER,Stephen King,ABSTAIN,UNCLEAR,,unclear,"Event excerpts: 6 past, 6 present. The supplied excerpts do not establish a narrating situation.",situation='unclear',24,6,6,0,1,12,3,9,0,0
top2001:1940,hist,2001,FROM THE CORNER OF HIS EYE,Dean Koontz,PAST,PAST,high,retrospective,,"100% past / 0% present of 19, situation=retrospective",39,16,0,3,0,16,10,13,0,0
top2001:2511,hist,2001,JOURNEY THROUGH HEARTSONGS,Mattie J. T. Stepanek,ABSTAIN,INSUFFICIENT,,unclear,,only 0 tense-bearing quotes,1,0,0,0,0,0,0,1,0,0
top2001:2636,hist,2001,LAST MAN STANDING,David Baldacci,ABSTAIN,INSUFFICIENT,,retrospective,,only 1 tense-bearing quotes,1,1,0,0,0,1,0,0,0,0
top2001:3158,hist,2001,MYSTIC RIVER,Dennis Lehane,PAST,PAST,high,retrospective,,"94% past / 6% present of 32, situation=retrospective",44,27,2,3,0,29,3,5,1,6
top2001:3367,hist,2001,ON THE STREET WHERE YOU LIVE,Mary Higgins Clark,ABSTAIN,INSUFFICIENT,,unclear,,only 0 tense-bearing quotes,1,0,0,0,0,0,0,1,0,0
top2001:4136,hist,2001,SKIPPING CHRISTMAS,John Grisham,PAST,PAST,med,retrospective,,"100% past / 0% present of 5, situation=retrospective",7,4,0,1,0,4,2,1,0,0
top2001:4403,hist,2001,SUZANNE'S DIARY FOR NICHOLAS,James Patterson,ABSTAIN,INSUFFICIENT,,unclear,,only 4 tense-bearing quotes,26,1,3,0,0,4,6,14,0,2
top2001:4678,hist,2001,THE BONESETTER'S DAUGHTER,Amy Tan,PAST,PAST,high,retrospective,,"73% past / 27% present of 11, situation=retrospective",23,7,2,1,1,9,4,10,0,0
top2001:4889,hist,2001,THE CORRECTIONS,Jonathan Franzen,PAST,PAST,high,retrospective,Event narration is overwhelmingly retrospective; present-tense passages are chiefly gnomic reflections.,"100% past / 0% present of 63, situation=retrospective",76,60,0,3,0,60,5,9,0,2
top2001:5148,hist,2001,THE FIRST COUNSEL,Brad Meltzer,ABSTAIN,INSUFFICIENT,,retrospective,,only 1 tense-bearing quotes,1,1,0,0,0,1,0,0,0,0
top2001:5199,hist,2001,THE FOURTH HAND,John Irving,ABSTAIN,INSUFFICIENT,,retrospective,,only 4 tense-bearing quotes,7,4,0,0,0,4,0,2,0,1
top2001:5550,hist,2001,THE KISS,Danielle Steel,ABSTAIN,INSUFFICIENT,,retrospective,,only 1 tense-bearing quotes,2,1,0,0,0,1,1,0,0,0
top2001:5621,hist,2001,THE LAST TIME THEY MET,Anita Shreve,PAST,PAST,CONFLICT,retrospective,,"60% past / 40% present of 5, situation=retrospective",6,3,2,0,0,5,0,0,0,1
top2001:6295,hist,2001,THE SIGMA PROTOCOL,Robert Ludlum,ABSTAIN,INSUFFICIENT,,retrospective,,only 2 tense-bearing quotes,3,0,0,2,0,0,2,1,0,0
top2001:7137,hist,2001,VIOLETS ARE BLUE,James Patterson,ABSTAIN,INSUFFICIENT,,retrospective,,only 4 tense-bearing quotes,9,4,0,0,0,4,3,2,0,0
top2002:480,hist,2002,ANSWERED PRAYERS,Danielle Steel,ABSTAIN,INSUFFICIENT,,retrospective,,only 4 tense-bearing quotes,6,3,1,0,0,4,2,0,0,0
top2002:543,hist,2002,ATONEMENT,Ian McEwan,PAST,PAST,high,retrospective,,"94% past / 6% present of 36, situation=retrospective",52,34,2,0,0,36,8,8,0,0
top2002:597,hist,2002,BASKET CASE,Carl Hiaasen,PRESENT,PRESENT,med,simultaneous,,"20% past / 80% present of 5, situation=simultaneous",8,1,3,0,1,4,2,2,0,0
top2002:735,hist,2002,BLESSINGS,Anna Quindlen,PAST,PAST,high,retrospective,,"100% past / 0% present of 12, situation=retrospective",14,12,0,0,0,12,0,2,0,0
top2002:1235,hist,2002,DADDY'S LITTLE GIRL,Mary Higgins Clark,ABSTAIN,INSUFFICIENT,,unclear,,only 0 tense-bearing quotes,1,0,0,0,0,0,1,0,0,0
top2002:1681,hist,2002,EVERYTHING'S EVENTUAL,Stephen King,PAST,PAST,high,retrospective,,"91% past / 9% present of 11, situation=retrospective",28,9,1,1,0,10,3,15,0,0
top2002:1911,hist,2002,FOUR BLIND MICE,James Patterson,ABSTAIN,INSUFFICIENT,,retrospective,,only 2 tense-bearing quotes,6,0,0,2,0,0,4,1,0,1
top2002:1936,hist,2002,FROM A BUICK 8,Stephen King,PAST,PAST,high,retrospective,,"93% past / 7% present of 14, situation=retrospective",23,10,0,3,1,10,4,9,0,0
top2002:2318,hist,2002,I DON'T KNOW HOW SHE DOES IT,Allison Pearson,ABSTAIN,INSUFFICIENT,,unclear,,only 4 tense-bearing quotes,21,2,2,0,0,4,3,11,1,2
top2002:2697,hist,2002,LIFE OF PI,Yann Martel,PAST,PAST,high,retrospective,,"66% past / 34% present of 29, situation=retrospective",86,18,10,1,0,28,9,48,1,0
top2002:3237,hist,2002,NIGHTS IN RODANTHE,Nicholas Sparks,OTHER,DUAL,high,dual,Past recounting is paired with story-specific first-person present-tense letter-writing passages.,"73% past / 27% present of 22, situation=dual",27,16,6,0,0,22,1,4,0,0
top2002:3606,hist,2002,PREY,Michael Crichton,PAST,PAST,high,retrospective,,"92% past / 8% present of 13, situation=retrospective",22,12,1,0,0,13,0,9,0,0
top2002:3738,hist,2002,RED RABBIT,Tom Clancy,PAST,PAST,high,retrospective,Eight event-narration excerpts are past tense; the remaining non-dialogue excerpts are chiefly generalized aphorisms.,"100% past / 0% present of 10, situation=retrospective",23,8,0,2,0,8,3,12,0,0
top2002:3789,hist,2002,REVERSIBLE ERRORS,Scott Turow,ABSTAIN,INSUFFICIENT,,retrospective,,only 3 tense-bearing quotes,4,2,0,1,0,2,2,0,0,0
top2002:4599,hist,2002,THE BEACH HOUSE,James Patterson and Peter de Jonge,ABSTAIN,INSUFFICIENT,,retrospective,,only 2 tense-bearing quotes,4,1,1,0,0,2,0,2,0,0
top2002:4837,hist,2002,THE CHRISTMAS TRAIN,David Baldacci,PAST,PAST,med,retrospective,,"100% past / 0% present of 7, situation=retrospective",24,6,0,1,0,6,15,1,0,2
top2002:4992,hist,2002,THE DIVE FROM CLAUSEN'S PIER,Ann Packer,ABSTAIN,INSUFFICIENT,,retrospective,,only 3 tense-bearing quotes,4,2,0,1,0,2,2,0,0,0
top2002:5048,hist,2002,THE EMPEROR OF OCEAN PARK,Stephen L. Carter,ABSTAIN,INSUFFICIENT,,simultaneous,,only 4 tense-bearing quotes,7,0,3,0,1,3,1,3,0,0
top2002:5722,hist,2002,THE LOVELY BONES,Alice Sebold,PAST,PAST,high,retrospective,Classification is based solely on supplied quote text. Event narration is predominantly retrospective; q00952 also includes the narrator's present-state description.,"100% past / 0% present of 16, situation=retrospective",26,14,0,2,0,14,4,7,0,1
top2002:5797,hist,2002,THE MILLIONAIRES,Brad Meltzer,ABSTAIN,INSUFFICIENT,,unclear,,only 0 tense-bearing quotes,2,0,0,0,0,0,1,1,0,0
top2002:5854,hist,2002,THE NANNY DIARIES,Emma McLaughlin and Nicola Kraus,ABSTAIN,INSUFFICIENT,,simultaneous,,only 3 tense-bearing quotes,5,0,3,0,0,3,2,0,0,0
top2002:6281,hist,2002,THE SHELTERS OF STONE,Jean M. Auel,ABSTAIN,UNCLEAR,,unclear,,situation='unclear',12,4,2,0,0,6,3,3,0,0
top2002:6436,hist,2002,THE SUMMONS,John Grisham,ABSTAIN,INSUFFICIENT,,retrospective,,only 3 tense-bearing quotes,4,1,0,2,0,1,2,0,0,1
top2002:7083,hist,2002,UP COUNTRY,Nelson DeMille,ABSTAIN,INSUFFICIENT,,retrospective,,only 3 tense-bearing quotes,10,3,0,0,0,3,4,3,0,0
top2003:509,hist,2003,ARMAGEDDON,Tim LaHaye and Jerry B. Jenkins,ABSTAIN,INSUFFICIENT,,retrospective,,only 1 tense-bearing quotes,1,0,0,1,0,0,1,0,0,0
top2003:730,hist,2003,BLEACHERS,John Grisham,ABSTAIN,INSUFFICIENT,,retrospective,,only 4 tense-bearing quotes,7,3,1,0,0,4,3,0,0,0
top2003:767,hist,2003,BLOW FLY,Patricia Cornwell,PRESENT,PRESENT,high,simultaneous,,"33% past / 67% present of 12, situation=simultaneous",24,3,7,1,1,10,3,10,1,0
top2003:1206,hist,2003,CROSSROADS OF TWILIGHT,Robert Jordan,PAST,PAST,high,retrospective,,"100% past / 0% present of 26, situation=retrospective",37,22,0,4,0,22,7,5,1,2
top2003:4054,hist,2003,SHEPHERDS ABIDING,Jan Karon,PAST,PAST,med,retrospective,Event narration is consistently retrospective.,"100% past / 0% present of 6, situation=retrospective",13,4,0,2,0,4,6,3,0,0
top2003:4623,hist,2003,THE BIG BAD WOLF,James Patterson,ABSTAIN,INSUFFICIENT,,retrospective,,only 2 tense-bearing quotes,2,2,0,0,0,2,0,0,0,0
top2003:4918,hist,2003,THE DA VINCI CODE,Dan Brown,PAST,PAST,med,retrospective,Four event-narration excerpts are all past tense; the remaining present-tense aphorisms are non-diagnostic.,"100% past / 0% present of 5, situation=retrospective",23,4,0,1,0,4,9,8,0,2
top2003:4969,hist,2003,THE DEVIL WEARS PRADA,Lauren Weisberger,PAST,PAST,high,retrospective,,"94% past / 6% present of 18, situation=retrospective",23,17,1,0,0,18,5,0,0,0
top2003:5159,hist,2003,THE FIVE PEOPLE YOU MEET IN HEAVEN,Mitch Albom,ABSTAIN,INSUFFICIENT,,unclear,"Only one event-narration excerpt is available (past); the remaining excerpts are principally gnomic, with two dialogue excerpts carrying past narration beats. This is insufficient to infer a narrating situation.",only 3 tense-bearing quotes,21,1,0,2,0,1,2,18,0,0
top2003:5341,hist,2003,THE GUARDIAN,Nicholas Sparks,PAST,PAST,high,retrospective,,"100% past / 0% present of 24, situation=retrospective",32,21,0,3,0,21,6,4,0,1
top2003:5543,hist,2003,THE KING OF TORTS,John Grisham,PAST,PAST,med,retrospective,Five event-narration excerpts are past tense; no dialogue beats were identifiable.,"100% past / 0% present of 5, situation=retrospective",7,5,0,0,0,5,0,1,0,1
top2003:5567,hist,2003,THE LAKE HOUSE,James Patterson,ABSTAIN,INSUFFICIENT,,retrospective,,only 2 tense-bearing quotes,5,2,0,0,0,2,1,2,0,0
top2003:6472,hist,2003,THE TEETH OF THE TIGER,Tom Clancy,PAST,PAST,med,retrospective,,"100% past / 0% present of 5, situation=retrospective",13,4,0,1,0,4,6,2,0,1
top2003:6664,hist,2003,THE WEDDING,Nicholas Sparks,PAST,PAST,CONFLICT,retrospective,,"62% past / 38% present of 24, situation=retrospective",38,13,9,2,0,22,8,8,0,0
top2003:6898,hist,2003,TO THE NINES,Janet Evanovich,PAST,PAST,high,retrospective,,"100% past / 0% present of 18, situation=retrospective",25,5,0,13,0,5,18,2,0,0
top2004:211,hist,2004,A SALTY PIECE OF LAND,Jimmy Buffett,ABSTAIN,INSUFFICIENT,,unclear,,only 3 tense-bearing quotes,10,2,1,0,0,3,2,5,0,0
top2004:462,hist,2004,ANGELS & DEMONS,Dan Brown,ABSTAIN,INSUFFICIENT,,unclear,"Only one event-narration excerpt is available, so the narrating situation cannot be determined from these quotes.",only 2 tense-bearing quotes,23,1,0,1,0,1,4,17,0,1
top2004:664,hist,2004,BERGDORF BLONDES,Plum Sykes,ABSTAIN,INSUFFICIENT,,unclear,"Only one event-narration quote, in the present tense; the remaining excerpts are gnomic or dialogue. The supplied text does not establish a narrating situation.",only 2 tense-bearing quotes,6,0,1,1,0,1,1,4,0,0
top2004:1998,hist,2004,GLORIOUS APPEARING,Tim LaHaye and Jerry B. Jenkins,ABSTAIN,INSUFFICIENT,,retrospective,Two event-narration excerpts are past-tense; the remaining marked scripture excerpts are dialogue with no narrating beat.,only 2 tense-bearing quotes,6,2,0,0,0,2,4,0,0,0
top2004:2311,hist,2004,I AM CHARLOTTE SIMMONS,Tom Wolfe,PAST,PAST,high,retrospective,,"100% past / 0% present of 8, situation=retrospective",11,7,0,1,0,7,4,0,0,0
top2004:2502,hist,2004,JONATHAN STRANGE & MR. NORRELL,Susanna Clarke,PAST,PAST,high,retrospective,,"96% past / 4% present of 74, situation=retrospective",110,56,3,15,0,59,37,9,1,4
top2004:2747,hist,2004,LONDON BRIDGES,James Patterson,ABSTAIN,INSUFFICIENT,,unclear,,only 0 tense-bearing quotes,1,0,0,0,0,0,0,0,1,0
top2004:3210,hist,2004,NIGHT FALL,Nelson DeMille,PAST,PAST,med,retrospective,,"100% past / 0% present of 7, situation=retrospective",13,6,0,1,0,6,4,3,0,0
top2004:3908,hist,2004,SAM'S LETTERS TO JENNIFER,James Patterson,PAST,PAST,med,retrospective,,"86% past / 14% present of 7, situation=retrospective",16,5,1,1,0,6,1,9,0,0
top2004:4133,hist,2004,SKINNY DIP,Carl Hiaasen,PAST,PAST,high,retrospective,,"100% past / 0% present of 29, situation=retrospective",36,25,0,4,0,25,11,0,0,0
top2004:4310,hist,2004,STATE OF FEAR,Michael Crichton,PAST,PAST,high,retrospective,,"83% past / 17% present of 24, situation=retrospective",70,14,4,6,0,18,21,20,1,10
top2004:4540,hist,2004,THE AMATEUR MARRIAGE,Anne Tyler,PAST,PAST,high,retrospective,,"100% past / 0% present of 9, situation=retrospective",9,8,0,1,0,8,1,0,0,0
top2004:5499,hist,2004,THE JANE AUSTEN BOOK CLUB,Karen Joy Fowler,PAST,PAST,high,retrospective,,"100% past / 0% present of 20, situation=retrospective",28,17,0,3,0,17,5,6,0,0
top2004:5593,hist,2004,THE LAST JUROR,John Grisham,PAST,PAST,high,retrospective,,"100% past / 0% present of 9, situation=retrospective",12,9,0,0,0,9,1,2,0,0
top2004:6024,hist,2004,THE PLOT AGAINST AMERICA,Philip Roth,PAST,PAST,high,retrospective,Event narration is predominantly retrospective; two story-specific present-tense reflective/current-state excerpts are retained as event evidence.,"98% past / 2% present of 47, situation=retrospective",70,36,0,10,1,36,28,1,0,5
top2004:6172,hist,2004,THE RULE OF FOUR,Ian Caldwell and Dustin Thomason,OTHER,DUAL,high,dual,Story-specific excerpts show both retrospective recounting and a simultaneous present-time frame; most remaining excerpts are gnomic.,"78% past / 22% present of 9, situation=dual",20,7,2,0,0,9,1,10,0,0
top2005:39,hist,2005,4TH OF JULY,James Patterson and Maxine Paetro,ABSTAIN,INSUFFICIENT,,retrospective,,only 2 tense-bearing quotes,2,2,0,0,0,2,0,0,0,0
top2005:535,hist,2005,AT FIRST SIGHT,Nicholas Sparks,PAST,PAST,med,retrospective,"Six story-specific event-narration excerpts are past tense; the remaining excerpts are primarily gnomic, with three supported dialogue excerpts and no narrating beats.","100% past / 0% present of 6, situation=retrospective",16,6,0,0,0,6,3,7,0,0
top2005:1045,hist,2005,CHRIST THE LORD: OUT OF EGYPT,Anne Rice,ABSTAIN,INSUFFICIENT,,retrospective,,only 3 tense-bearing quotes,5,2,0,1,0,2,1,0,1,1
top2005:2241,hist,2005,HONEYMOON,James Patterson and Howard Roughan,ABSTAIN,INSUFFICIENT,,retrospective,,only 1 tense-bearing quotes,1,1,0,0,0,1,0,0,0,0
top2005:2603,hist,2005,KNIFE OF DREAMS,Robert Jordan,PAST,PAST,high,retrospective,,"94% past / 6% present of 31, situation=retrospective",52,25,2,4,0,27,16,6,1,2
top2005:2703,hist,2005,LIGHT FROM HEAVEN,Jan Karon,PAST,PAST,high,retrospective,,"90% past / 10% present of 10, situation=retrospective",20,4,1,5,0,5,8,6,1,0
top2005:2917,hist,2005,"MARY, MARY",James Patterson,ABSTAIN,INSUFFICIENT,,retrospective,,only 1 tense-bearing quotes,4,1,0,0,0,1,3,0,0,0
top2005:3593,hist,2005,PREDATOR,Patricia Cornwell,PRESENT,PRESENT,med,simultaneous,,"0% past / 100% present of 6, situation=simultaneous",17,0,5,0,1,5,7,4,0,1
top2005:3596,hist,2005,PREP,Curtis Sittenfeld,PAST,PAST,high,retrospective,,"95% past / 5% present of 77, situation=retrospective",85,72,4,1,0,76,5,3,0,1
top2005:3787,hist,2005,REVENGE OF THE SITH,Matthew Stover,ABSTAIN,UNCLEAR,,unclear,"Event narration includes both past and present passages, but these excerpts do not establish a diary, frame, or other structural explanation.",situation='unclear',44,16,11,5,0,27,10,5,0,2
top2005:4206,hist,2005,SON OF A WITCH,Gregory Maguire,PAST,PAST,high,retrospective,,"73% past / 27% present of 11, situation=retrospective",25,6,3,2,0,9,4,11,0,1
top2005:4729,hist,2005,THE BROKER,John Grisham,ABSTAIN,INSUFFICIENT,,retrospective,,only 4 tense-bearing quotes,4,4,0,0,0,4,0,0,0,0
top2005:4751,hist,2005,THE CAMEL CLUB,David Baldacci,PAST,PAST,high,retrospective,"Past-tense event narration dominates. Present event passages are story-specific current statements/reflection, not a distinct simultaneous or dual narrating frame.","80% past / 20% present of 15, situation=retrospective",17,9,3,3,0,12,3,2,0,0
top2005:5395,hist,2005,THE HISTORIAN,Elizabeth Kostova,PAST,PAST,high,retrospective,"Classified solely from supplied excerpts. Event evidence: 14 past, 6 present; dialogue beats: 0 past, 0 present, 3 none.","70% past / 30% present of 20, situation=retrospective",27,14,6,0,0,20,3,4,0,0
top2005:5789,hist,2005,THE MERMAID CHAIR,Sue Monk Kidd,PAST,PAST,high,retrospective,Classified solely from supplied quote text.,"85% past / 15% present of 27, situation=retrospective",39,21,4,2,0,25,5,9,0,0
top2005:6982,hist,2005,TRUE BELIEVER,Nicholas Sparks,PAST,PAST,high,retrospective,Event narration is predominantly past; the sole present event excerpt is clipped and does not establish a simultaneous strand.,"95% past / 5% present of 21, situation=retrospective",37,17,1,3,0,18,9,10,0,0
top2005:7423,hist,2005,“S” IS FOR SILENCE,Sue Grafton,ABSTAIN,INSUFFICIENT,,retrospective,,only 2 tense-bearing quotes,2,2,0,0,0,2,0,0,0,0
top2006:610,hist,2006,BEACH ROAD,James Patterson and Peter de Jonge,ABSTAIN,INSUFFICIENT,,retrospective,,only 1 tense-bearing quotes,1,1,0,0,0,1,0,0,0,0
top2006:913,hist,2006,CAN'T WAIT TO GET TO HEAVEN,Fannie Flagg,PAST,PAST,high,retrospective,,"100% past / 0% present of 9, situation=retrospective",19,8,0,1,0,8,2,5,4,0
top2006:978,hist,2006,CELL,Stephen King,PAST,PAST,high,retrospective,,"86% past / 14% present of 14, situation=retrospective",18,7,2,5,0,9,6,2,1,0
top2006:1196,hist,2006,CROSS,James Patterson,ABSTAIN,INSUFFICIENT,,simultaneous,Two present-tense event-narration excerpts support a simultaneous narrating situation; remaining excerpts are gnomic or dialogue.,only 2 tense-bearing quotes,6,0,2,0,0,2,3,1,0,0
top2006:1357,hist,2006,DEAR JOHN,Nicholas Sparks,PAST,PAST,high,retrospective,,"73% past / 27% present of 48, situation=retrospective",81,32,13,3,0,45,23,12,0,1
top2006:1882,hist,2006,FOR ONE MORE DAY,Mitch Albom,PAST,PAST,med,retrospective,Six event-narration excerpts: five past and one present. The present event is reflective; the event evidence supports a retrospective narrating situation.,"83% past / 17% present of 6, situation=retrospective",25,5,1,0,0,6,1,18,0,0
top2006:2096,hist,2006,HANNIBAL RISING,Thomas Harris,PAST,PAST,high,retrospective,"Event narration is predominantly retrospective past tense, with three present-tense story-specific descriptive/reflection passages.","79% past / 21% present of 14, situation=retrospective",22,10,3,1,0,13,5,1,3,0
top2006:2519,hist,2006,JUDGE & JURY,James Patterson and Andrew Gross,ABSTAIN,INSUFFICIENT,,unclear,Both supplied excerpts are too fragmentary to yield reliable narrative-tense evidence.,only 0 tense-bearing quotes,2,0,0,0,0,0,0,0,0,2
top2006:3202,hist,2006,NEXT,Michael Crichton,PAST,PAST,med,retrospective,,"100% past / 0% present of 5, situation=retrospective",15,4,0,1,0,4,5,6,0,0
top2006:4505,hist,2006,THE 5TH HORSEMAN,James Patterson and Maxine Paetro,ABSTAIN,INSUFFICIENT,,retrospective,,only 3 tense-bearing quotes,5,3,0,0,0,3,1,1,0,0
top2006:4670,hist,2006,THE BOLEYN INHERITANCE,Philippa Gregory,PRESENT,PRESENT,high,simultaneous,Present-tense story-specific narration predominates; the past event excerpts are recollective.,"21% past / 79% present of 14, situation=simultaneous",25,3,11,0,0,14,1,9,0,1
top2006:5450,hist,2006,THE HUSBAND,Dean Koontz,ABSTAIN,UNCLEAR,,unclear,,situation='unclear',13,1,2,2,0,3,3,5,1,1
top2006:5615,hist,2006,THE LAST TEMPLAR,Raymond Khoury,ABSTAIN,INSUFFICIENT,,retrospective,Event narration is consistently past-tense; present-tense non-dialogue excerpts are gnomic.,only 3 tense-bearing quotes,12,3,0,0,0,3,5,3,0,1
top2006:6800,hist,2006,THIRTEEN MOONS,Charles Frazier,PAST,PAST,high,retrospective,,"90% past / 10% present of 10, situation=retrospective",23,9,1,0,0,10,0,12,1,0
top2006:7008,hist,2006,TWELVE SHARP,Janet Evanovich,PAST,PAST,high,retrospective,,"91% past / 9% present of 22, situation=retrospective",26,7,2,13,0,9,14,3,0,0
top2006:7028,hist,2006,TWO LITTLE GIRLS IN BLUE,Mary Higgins Clark,ABSTAIN,INSUFFICIENT,,unclear,,only 0 tense-bearing quotes,1,0,0,0,0,0,0,0,0,1
top2006:7186,hist,2006,WATER FOR ELEPHANTS,Sara Gruen,PRESENT,PRESENT,high,simultaneous,,"11% past / 89% present of 9, situation=simultaneous",25,1,7,0,1,8,7,10,0,0
top2006:7290,hist,2006,WILD FIRE,Nelson DeMille,ABSTAIN,UNCLEAR,,unclear,,situation='unclear',12,2,3,2,0,5,2,3,1,1
top2007:257,hist,2007,A THOUSAND SPLENDID SUNS,Khaled Hosseini,PAST,PAST,high,retrospective,,"73% past / 27% present of 11, situation=retrospective",25,8,3,0,0,11,6,6,0,2
top2007:805,hist,2007,BOOK OF THE DEAD,Patricia Cornwell,PRESENT,PRESENT,med,simultaneous,,"17% past / 83% present of 6, situation=simultaneous",15,1,3,0,2,4,6,5,0,0
top2007:1506,hist,2007,DOUBLE CROSS,James Patterson,ABSTAIN,INSUFFICIENT,,unclear,"Only three event-narration excerpts are available (2 past, 1 present); the mixed evidence does not establish a narrating situation.",only 3 tense-bearing quotes,7,2,1,0,0,3,2,0,1,1
top2007:3247,hist,2007,NINETEEN MINUTES,Jodi Picoult,PAST,PAST,high,retrospective,,"93% past / 7% present of 58, situation=retrospective",104,48,4,6,0,52,17,31,0,4
top2007:3537,hist,2007,PLAYING FOR PIZZA,John Grisham,PAST,PAST,med,retrospective,,"80% past / 20% present of 5, situation=retrospective",5,4,1,0,0,5,0,0,0,0
top2007:3544,hist,2007,PLUM LOVIN’,Janet Evanovich,PAST,PAST,med,retrospective,,"100% past / 0% present of 5, situation=retrospective",7,2,0,3,0,2,3,1,1,0
top2007:4316,hist,2007,STEP ON A CRACK,James Patterson and Michael Ledwidge,PAST,PAST,high,retrospective,,"80% past / 20% present of 10, situation=retrospective",15,5,2,3,0,7,6,2,0,0
top2007:4327,hist,2007,STONE COLD,David Baldacci,ABSTAIN,INSUFFICIENT,,retrospective,,only 3 tense-bearing quotes,7,2,0,1,0,2,3,0,1,1
top2007:4507,hist,2007,THE 6TH TARGET,James Patterson and Maxine Paetro,PAST,PAST,high,retrospective,,"100% past / 0% present of 9, situation=retrospective",10,6,0,3,0,6,4,0,0,0
top2007:4699,hist,2007,THE BOURNE BETRAYAL,Eric Van Lustbader,ABSTAIN,INSUFFICIENT,,retrospective,,only 1 tense-bearing quotes,2,0,0,1,0,0,1,1,0,0
top2007:4821,hist,2007,THE CHILDREN OF HÚRIN,J. R. R. Tolkien,PAST,PAST,high,retrospective,,"88% past / 12% present of 16, situation=retrospective",42,10,1,4,1,11,11,10,3,7
top2007:4825,hist,2007,THE CHOICE,Nicholas Sparks,PAST,PAST,high,retrospective,Event narration is consistently past-tense; present-tense generalizations were bucketed as gnomic.,"100% past / 0% present of 14, situation=retrospective",26,13,0,1,0,13,7,5,0,1
top2007:6087,hist,2007,THE QUICKIE,James Patterson and Michael Ledwidge,ABSTAIN,INSUFFICIENT,,retrospective,,only 1 tense-bearing quotes,1,1,0,0,0,1,0,0,0,0
top2007:7365,hist,2007,WORLD WITHOUT END,Ken Follett,PAST,PAST,high,retrospective,Classified solely from the supplied excerpts.,"93% past / 7% present of 27, situation=retrospective",43,17,2,8,0,19,14,8,0,2
top2008:164,hist,2008,A MERCY,Toni Morrison,PAST,PAST,high,retrospective,,"74% past / 26% present of 23, situation=retrospective",37,17,6,0,0,23,7,6,0,1
top2008:1017,hist,2008,CHASING HARRY WINSTON,Lauren Weisberger,PAST,PAST,med,retrospective,,"100% past / 0% present of 5, situation=retrospective",9,5,0,0,0,5,1,3,0,0
top2008:1198,hist,2008,CROSS COUNTRY,James Patterson,ABSTAIN,INSUFFICIENT,,unclear,,only 0 tense-bearing quotes,2,0,0,0,0,0,0,2,0,0
top2008:2818,hist,2008,LOVE THE ONE YOU’RE WITH,Emily Giffin,PRESENT,PRESENT,high,simultaneous,,"23% past / 77% present of 13, situation=simultaneous",26,3,10,0,0,13,1,11,0,1
top2008:3947,hist,2008,SCARPETTA,Patricia Cornwell,PAST,PAST,med,retrospective,,"100% past / 0% present of 6, situation=retrospective",12,5,0,1,0,5,5,2,0,0
top2008:4560,hist,2008,THE APPEAL,John Grisham,PAST,PAST,med,retrospective,,"100% past / 0% present of 7, situation=retrospective",10,6,0,1,0,6,1,3,0,0
top2008:4835,hist,2008,THE CHRISTMAS SWEATER,Glenn Beck with Kevin Balfe and Jason Wright,PAST,PAST,med,retrospective,,"83% past / 17% present of 6, situation=retrospective",17,2,1,3,0,3,9,5,0,0
top2008:5343,hist,2008,THE GUERNSEY LITERARY AND POTATO PEEL PIE SOCIETY,Mary Ann Shaffer and Annie Barrows,ABSTAIN,UNCLEAR,,unclear,,situation='unclear',26,4,6,0,0,10,12,4,0,0
top2008:5415,hist,2008,THE HOST,Stephenie Meyer,PAST,PAST,high,retrospective,,"88% past / 12% present of 8, situation=retrospective",23,4,1,3,0,5,15,3,0,0
top2008:5420,hist,2008,THE HOUR I FIRST BELIEVED,Wally Lamb,PAST,PAST,high,retrospective,,"91% past / 9% present of 11, situation=retrospective",28,8,1,2,0,9,6,13,0,0
top2008:5727,hist,2008,THE LUCKY ONE,Nicholas Sparks,PAST,PAST,high,retrospective,,"97% past / 3% present of 38, situation=retrospective",67,31,1,6,0,32,27,7,0,1
top2008:6406,hist,2008,THE STORY OF EDGAR SAWTELLE,David Wroblewski,PAST,PAST,high,retrospective,,"100% past / 0% present of 27, situation=retrospective",36,21,0,6,0,21,9,4,1,1
top2009:1323,hist,2009,DEAD AND GONE,Charlaine Harris,PAST,PAST,high,retrospective,,"100% past / 0% present of 42, situation=retrospective",48,31,0,11,0,31,15,1,1,0
top2009:1835,hist,2009,FIRST FAMILY,David Baldacci,PAST,PAST,high,retrospective,,"100% past / 0% present of 10, situation=retrospective",19,10,0,0,0,10,4,5,0,0
top2009:1890,hist,2009,FORD COUNTY,John Grisham,ABSTAIN,INSUFFICIENT,,retrospective,,only 1 tense-bearing quotes,2,1,0,0,0,1,0,1,0,0
top2009:2091,hist,2009,HANDLE WITH CARE,Jodi Picoult,PAST,PAST,high,retrospective,,"86% past / 14% present of 50, situation=retrospective",97,41,7,2,0,48,8,41,0,0
top2009:2340,hist,2009,"I, ALEX CROSS",James Patterson,ABSTAIN,INSUFFICIENT,,retrospective,,only 3 tense-bearing quotes,5,2,0,1,0,2,3,0,0,0
top2009:3665,hist,2009,PURSUIT OF HONOR,Vince Flynn,ABSTAIN,INSUFFICIENT,,unclear,,only 1 tense-bearing quotes,6,0,0,1,0,0,2,3,0,1
top2009:3884,hist,2009,RUN FOR YOUR LIFE,James Patterson and Michael Ledwidge,PAST,PAST,high,retrospective,,"91% past / 9% present of 11, situation=retrospective",19,7,1,3,0,8,6,2,2,1
top2009:4045,hist,2009,SHANGHAI GIRLS,Lisa See,PRESENT,PRESENT,high,simultaneous,,"12% past / 88% present of 26, situation=simultaneous",45,3,21,0,2,24,4,17,0,0
top2009:4223,hist,2009,SOUTH OF BROAD,Pat Conroy,PAST,PAST,CONFLICT,retrospective,Present-tense event passages are reflective or descriptive within predominantly retrospective narration.,"60% past / 40% present of 25, situation=retrospective",39,15,10,0,0,25,4,8,1,1
top2009:4576,hist,2009,THE ASSOCIATE,John Grisham,ABSTAIN,INSUFFICIENT,,retrospective,,only 2 tense-bearing quotes,3,2,0,0,0,2,1,0,0,0
top2009:5257,hist,2009,THE GIRL WHO PLAYED WITH FIRE,Stieg Larsson,PAST,PAST,high,retrospective,Classified solely from supplied quote text.,"100% past / 0% present of 16, situation=retrospective",25,15,0,1,0,15,4,4,0,2
top2009:5381,hist,2009,THE HELP,Kathryn Stockett,PRESENT,PRESENT,high,simultaneous,Manual review 2026-08-13: the three principal narrative voices use present-tense base narration; past material is recollection and backstory.,"32% past / 68% present of 31, situation=simultaneous",54,10,19,0,2,29,15,10,0,0
top2009:5611,hist,2009,THE LAST SONG,Nicholas Sparks,PAST,PAST,high,retrospective,,"95% past / 5% present of 60, situation=retrospective",94,42,3,15,0,45,35,11,3,0
top2009:5709,hist,2009,THE LOST SYMBOL,Dan Brown,ABSTAIN,INSUFFICIENT,,retrospective,,only 3 tense-bearing quotes,23,3,0,0,0,3,3,17,0,0
top2009:6983,hist,2009,TRUE BLUE,David Baldacci,PAST,PAST,med,retrospective,,"100% past / 0% present of 5, situation=retrospective",11,4,0,1,0,4,3,2,0,2
top2009:7053,hist,2009,UNDER THE DOME,Stephen King,ABSTAIN,INSUFFICIENT,,unclear,,only 0 tense-bearing quotes,1,0,0,0,0,0,0,1,0,0
top2010:1199,hist,2010,CROSS FIRE,James Patterson,ABSTAIN,INSUFFICIENT,,retrospective,,only 4 tense-bearing quotes,6,3,0,1,0,3,1,1,0,1
top2010:1330,hist,2010,DEAD IN THE FAMILY,Charlaine Harris,PAST,PAST,high,retrospective,,"88% past / 12% present of 16, situation=retrospective",21,6,1,8,1,7,12,2,0,0
top2010:1335,hist,2010,DEAD OR ALIVE,Tom Clancy with Grant Blackwood,PAST,PAST,med,retrospective,,"100% past / 0% present of 5, situation=retrospective",11,4,0,1,0,4,3,4,0,0
top2010:1728,hist,2010,FALL OF GIANTS,Ken Follett,PAST,PAST,high,retrospective,,"80% past / 20% present of 15, situation=retrospective",24,10,2,2,1,12,5,6,0,1
top2010:1923,hist,2010,FREEDOM,Jonathan Franzen,PAST,PAST,high,retrospective,,"94% past / 6% present of 16, situation=retrospective",27,13,1,2,0,14,4,8,0,1
top2010:2158,hist,2010,HELL'S CORNER,David Baldacci,PAST,PAST,high,retrospective,,"75% past / 25% present of 8, situation=retrospective",12,4,2,2,0,6,3,3,0,0
top2010:2284,hist,2010,HOUSE RULES,Jodi Picoult,PRESENT,PRESENT,high,simultaneous,,"18% past / 82% present of 62, situation=simultaneous",94,10,47,1,4,57,10,24,0,3
top2010:3859,hist,2010,ROOM,Emma Donoghue,PRESENT,PRESENT,high,simultaneous,,"5% past / 95% present of 19, situation=simultaneous",26,1,17,0,1,18,2,6,0,0
top2010:3901,hist,2010,SAFE HAVEN,Nicholas Sparks,PAST,PAST,high,retrospective,,"80% past / 20% present of 25, situation=retrospective",49,16,5,4,0,21,21,7,0,0
top2010:4272,hist,2010,SQUIRREL SEEKS CHIPMUNK,David Sedaris,PAST,PAST,high,retrospective,,"86% past / 14% present of 14, situation=retrospective",21,10,2,2,0,12,8,1,0,0
top2010:4878,hist,2010,THE CONFESSION,John Grisham,ABSTAIN,INSUFFICIENT,,retrospective,Four event-narration quotes: three past and one present. Below the five-event minimum; narrating situation is inferred from the available event passages.,only 4 tense-bearing quotes,13,3,1,0,0,4,4,3,0,2
top2010:5254,hist,2010,THE GIRL WHO KICKED THE HORNET’S NEST,Stieg Larsson,PAST,PAST,high,retrospective,,"100% past / 0% present of 25, situation=retrospective",50,23,0,2,0,23,21,6,0,0
top2011:15,hist,2011,11/22/63,Stephen King,ABSTAIN,UNCLEAR,,unclear,"Classified solely from supplied quote text. Event evidence is evenly split (2 past, 2 present), with no supplied-text basis to identify a narrating structure.",situation='unclear',24,2,2,1,0,4,12,8,0,0
top2011:26,hist,2011,1Q84,Haruki Murakami,PAST,PAST,high,retrospective,,"78% past / 22% present of 27, situation=retrospective",83,13,6,8,0,19,49,15,0,0
top2011:81,hist,2011,A DANCE WITH DRAGONS,George R. R. Martin,PAST,PAST,high,retrospective,,"85% past / 15% present of 34, situation=retrospective",79,15,5,14,0,20,41,16,0,2
top2011:1336,hist,2011,DEAD RECKONING,Charlaine Harris,PAST,PAST,high,retrospective,,"95% past / 5% present of 21, situation=retrospective",27,16,1,4,0,17,8,2,0,0
top2011:1365,hist,2011,DEATH COMES TO PEMBERLEY,P. D. James,PAST,PAST,high,retrospective,,"100% past / 0% present of 18, situation=retrospective",28,18,0,0,0,18,2,7,0,1
top2011:2552,hist,2011,KILL ALEX CROSS,James Patterson,ABSTAIN,INSUFFICIENT,,retrospective,,only 2 tense-bearing quotes,2,2,0,0,0,2,0,0,0,0
top2011:3309,hist,2011,NOW YOU SEE HER,James Patterson and Michael Ledwidge,ABSTAIN,INSUFFICIENT,,retrospective,,only 1 tense-bearing quotes,1,1,0,0,0,1,0,0,0,0
top2011:4311,hist,2011,STATE OF WONDER,Ann Patchett,PAST,PAST,high,retrospective,,"100% past / 0% present of 13, situation=retrospective",26,12,0,1,0,12,9,5,0,0
top2011:4618,hist,2011,THE BEST OF ME,Nicholas Sparks,PAST,PAST,high,retrospective,,"93% past / 7% present of 43, situation=retrospective",73,37,3,3,0,40,25,6,0,2
top2011:5131,hist,2011,THE FIFTH WITNESS,Michael Connelly,PAST,PAST,high,retrospective,,"93% past / 7% present of 14, situation=retrospective",21,11,1,2,0,12,5,4,0,0
top2011:5571,hist,2011,THE LAND OF PAINTED CAVES,Jean M. Auel,PAST,PAST,med,retrospective,,"86% past / 14% present of 7, situation=retrospective",9,3,1,3,0,4,3,0,0,2
top2011:5670,hist,2011,THE LITIGATORS,John Grisham,PAST,PAST,high,retrospective,,"100% past / 0% present of 17, situation=retrospective",26,13,0,4,0,13,7,4,0,2
top2011:5973,hist,2011,THE PARIS WIFE,Paula McLain,PAST,PAST,high,retrospective,,"93% past / 7% present of 74, situation=retrospective",100,61,4,8,1,65,25,8,0,2
top2012:901,hist,2012,CALICO JOE,John Grisham,ABSTAIN,INSUFFICIENT,,retrospective,,only 4 tense-bearing quotes,5,4,0,0,0,4,0,1,0,0
top2012:1202,hist,2012,CROSS ROADS,Wm. Paul Young,PAST,PAST,high,retrospective,,"100% past / 0% present of 9, situation=retrospective",33,3,0,6,0,3,8,21,1,0
top2012:2023,hist,2012,GONE GIRL,Gillian Flynn,OTHER,DUAL,high,dual,,"57% past / 43% present of 61, situation=dual",93,32,24,3,2,56,13,24,0,0
top2012:2555,hist,2012,KILL SHOT,Vince Flynn,PAST,PAST,med,retrospective,,"100% past / 0% present of 7, situation=retrospective",9,7,0,0,0,7,1,0,0,1
top2012:4772,hist,2012,THE CASUAL VACANCY,J. K. Rowling,PAST,PAST,high,retrospective,,"100% past / 0% present of 51, situation=retrospective",53,47,0,4,0,47,5,1,0,0
top2012:5180,hist,2012,THE FORGOTTEN,David Baldacci,PAST,PAST,high,retrospective,,"100% past / 0% present of 12, situation=retrospective",21,12,0,0,0,12,1,2,1,5
top2012:5475,hist,2012,THE INNOCENT,David Baldacci,PAST,PAST,high,retrospective,,"92% past / 8% present of 13, situation=retrospective",16,11,1,1,0,12,4,0,0,0
top2012:6093,hist,2012,THE RACKETEER,John Grisham,PRESENT,PRESENT,CONFLICT,simultaneous,Present-tense story-moment narration predominates; retrospective passages function as recollection or background.,"53% past / 47% present of 17, situation=simultaneous",27,8,8,1,0,16,2,6,0,3
top2012:6166,hist,2012,THE ROUND HOUSE,Louise Erdrich,PAST,PAST,high,retrospective,,"87% past / 13% present of 53, situation=retrospective",65,41,7,5,0,48,8,6,2,1
top2012:6524,hist,2012,THE TIME KEEPER,Mitch Albom,PAST,PAST,high,retrospective,,"100% past / 0% present of 16, situation=retrospective",46,11,0,5,0,11,6,29,0,0
top2012:7323,hist,2012,WINTER OF THE WORLD,Ken Follett,PAST,PAST,high,retrospective,,"97% past / 3% present of 31, situation=retrospective",45,21,1,9,0,22,17,4,2,0
top2013:163,hist,2013,A MEMORY OF LIGHT,Robert Jordan and Brandon Sanderson,PAST,PAST,high,retrospective,,"95% past / 5% present of 20, situation=retrospective",29,4,1,15,0,5,21,1,1,1
top2013:275,hist,2013,A WEEK IN WINTER,Maeve Binchy,PAST,PAST,med,retrospective,,"100% past / 0% present of 6, situation=retrospective",16,6,0,0,0,6,10,0,0,0
top2013:455,hist,2013,AND THE MOUNTAINS ECHOED,Khaled Hosseini,ABSTAIN,UNCLEAR,,unclear,"The supplied excerpts contain both past- and present-tense event narration, but do not establish a narrating form or structural relationship sufficient to assign retrospective, simultaneous, or dual.",situation='unclear',56,15,18,1,0,33,6,15,0,2
top2013:1127,hist,2013,COMMAND AUTHORITY,Tom Clancy with Mark Greaney,PAST,PAST,high,retrospective,,"93% past / 7% present of 15, situation=retrospective",18,11,1,3,0,12,4,1,0,1
top2013:1201,hist,2013,CROSS MY HEART,James Patterson,PAST,PAST,high,retrospective,Event narration is consistently past tense; the dialogue beats are also past or absent.,"100% past / 0% present of 8, situation=retrospective",14,7,0,1,0,7,2,2,0,3
top2013:1483,hist,2013,DOCTOR SLEEP,Stephen King,PAST,PAST,high,retrospective,,"100% past / 0% present of 39, situation=retrospective",72,34,0,5,0,34,23,12,3,0
top2013:2418,hist,2013,INFERNO,Dan Brown,ABSTAIN,INSUFFICIENT,,retrospective,,only 3 tense-bearing quotes,25,3,0,0,0,3,7,11,2,2
top2013:3892,hist,2013,S.,Doug Dorst,PRESENT,PRESENT,high,dual,,"16% past / 84% present of 25, situation=dual",67,4,21,0,0,25,22,15,0,5
top2013:4426,hist,2013,SYCAMORE ROW,John Grisham,PAST,PAST,high,retrospective,,"94% past / 6% present of 18, situation=retrospective",31,14,1,3,0,15,6,8,0,2
top2013:4475,hist,2013,TENTH OF DECEMBER,George Saunders,ABSTAIN,UNCLEAR,,unclear,"The excerpts support distinct retrospective and writing-moment modes, but do not establish one book-level narrating situation.",situation='unclear',50,31,6,5,0,37,9,3,0,1
top2013:4914,hist,2013,THE CUCKOO'S CALLING,Robert Galbraith,PAST,PAST,high,retrospective,,"100% past / 0% present of 18, situation=retrospective",27,16,0,2,0,16,5,5,0,1
top2013:5154,hist,2013,THE FIRST PHONE CALL FROM HEAVEN,Mitch Albom,ABSTAIN,INSUFFICIENT,,unclear,,only 1 tense-bearing quotes,24,0,0,1,0,0,2,22,0,0
top2013:5300,hist,2013,THE GOLDFINCH,Donna Tartt,PAST,PAST,high,retrospective,,"81% past / 19% present of 64, situation=retrospective",88,49,12,3,0,61,13,13,1,0
top2013:5397,hist,2013,THE HIT,David Baldacci,PAST,PAST,high,retrospective,,"100% past / 0% present of 12, situation=retrospective",20,12,0,0,0,12,2,1,0,5
top2013:5452,hist,2013,THE HUSBAND'S SECRET,Liane Moriarty,PAST,PAST,high,retrospective,,"99% past / 1% present of 84, situation=retrospective",97,80,1,3,0,81,7,7,0,2
top2013:5695,hist,2013,THE LONGEST RIDE,Nicholas Sparks,ABSTAIN,INSUFFICIENT,,unclear,,only 3 tense-bearing quotes,27,1,2,0,0,3,21,3,0,0
top2013:5912,hist,2013,THE OCEAN AT THE END OF THE LANE,Neil Gaiman,PAST,PAST,high,retrospective,,"100% past / 0% present of 15, situation=retrospective",27,13,0,2,0,13,7,7,0,0
top2014:381,hist,2014,ALL THE LIGHT WE CANNOT SEE,Anthony Doerr,PRESENT,PRESENT,high,simultaneous,,"2% past / 98% present of 51, situation=simultaneous",91,1,40,0,10,41,24,25,0,1
top2014:691,hist,2014,BIG LITTLE LIES,Liane Moriarty,PAST,PAST,high,retrospective,,"100% past / 0% present of 17, situation=retrospective",27,15,0,2,0,15,7,5,0,0
top2014:1609,hist,2014,EDGE OF ETERNITY,Ken Follett,PAST,PAST,high,retrospective,,"95% past / 5% present of 22, situation=retrospective",45,13,0,8,1,13,22,7,1,2
top2014:2048,hist,2014,GRAY MOUNTAIN,John Grisham,PAST,PAST,high,retrospective,,"91% past / 9% present of 46, situation=retrospective",75,37,4,5,0,41,19,7,0,8
top2014:2250,hist,2014,HOPE TO DIE,James Patterson,PAST,PAST,high,retrospective,,"93% past / 7% present of 14, situation=retrospective",25,13,1,0,0,14,5,2,0,4
top2014:2662,hist,2014,LEAVING TIME,Jodi Picoult,OTHER,DUAL,high,dual,,"48% past / 52% present of 42, situation=dual",79,18,20,2,2,38,6,32,2,1
top2014:4204,hist,2014,SOMEWHERE SAFE WITH SOMEBODY GOOD,Jan Karon,PAST,PAST,high,retrospective,,"90% past / 10% present of 10, situation=retrospective",24,7,0,2,1,7,8,6,2,1
top2014:4696,hist,2014,THE BOSTON GIRL,Anita Diamant,PAST,PAST,med,retrospective,,"100% past / 0% present of 6, situation=retrospective",24,5,0,1,0,5,12,4,0,3
top2014:5071,hist,2014,THE ESCAPE,David Baldacci,PAST,PAST,high,retrospective,,"89% past / 11% present of 9, situation=retrospective",22,5,1,3,0,6,6,7,0,3
top2014:5485,hist,2014,THE INVENTION OF WINGS,Sue Monk Kidd,PAST,PAST,high,retrospective,,"94% past / 6% present of 52, situation=retrospective",82,40,2,9,1,42,21,12,7,0
top2015:234,hist,2015,A SPOOL OF BLUE THREAD,Anne Tyler,PAST,PAST,high,retrospective,Event narration is predominantly retrospective; the few present-tense event excerpts are story-specific first-person reflection or a writing moment.,"89% past / 11% present of 38, situation=retrospective",52,21,4,13,0,25,18,6,0,3
top2015:330,hist,2015,AFTER YOU,Jojo Moyes,PAST,PAST,high,retrospective,,"85% past / 15% present of 48, situation=retrospective",70,32,7,9,0,39,19,12,0,0
top2015:2000,hist,2015,GO SET A WATCHMAN,Harper Lee,PAST,PAST,high,retrospective,,"78% past / 22% present of 9, situation=retrospective",29,5,2,2,0,7,15,7,0,0
top2015:2844,hist,2015,LUCKIEST GIRL ALIVE,Jessica Knoll,OTHER,DUAL,high,dual,,"59% past / 41% present of 79, situation=dual",86,46,32,1,0,78,1,6,1,0
top2015:3851,hist,2015,ROGUE LAWYER,John Grisham,PRESENT,PRESENT,CONFLICT,simultaneous,,"36% past / 64% present of 25, situation=simultaneous",42,9,15,0,1,24,2,14,0,2
top2015:3992,hist,2015,SEE ME,Nicholas Sparks,PAST,PAST,high,retrospective,,"100% past / 0% present of 8, situation=retrospective",24,7,0,1,0,7,13,4,0,0
top2015:4598,hist,2015,THE BAZAAR OF BAD DREAMS,Stephen King,OTHER,DUAL,med,dual,Manual review 2026-08-13: this is a short-story collection containing both past- and present-tense stories; its aggregate narration is structurally mixed.,"60% past / 40% present of 5, situation=dual",24,1,1,2,1,2,8,9,5,0
top2015:5250,hist,2015,THE GIRL IN THE SPIDER'S WEB,David Lagercrantz,PAST,PAST,med,retrospective,,"80% past / 20% present of 5, situation=retrospective",24,3,1,1,0,4,14,6,0,0
top2015:5251,hist,2015,THE GIRL ON THE TRAIN,Paula Hawkins,PRESENT,PRESENT,high,simultaneous,,"12% past / 88% present of 58, situation=simultaneous",71,7,51,0,0,58,3,10,0,0
top2015:5895,hist,2015,THE NIGHTINGALE,Kristin Hannah,PAST,PAST,high,retrospective,,"69% past / 31% present of 62, situation=retrospective",83,39,17,4,2,56,15,9,2,1
top2016:116,modern,2016,A GENTLEMAN IN MOSCOW,Amor Towles,PAST,PAST,high,retrospective,"Third-person retrospective narration centred on ""the Count""; overwhelmingly aphoristic quote set (36/77 gnomic) because the source selects for quotability. All 23 unambiguous event quotes are past. Several event/past labels come from past reporting or thought tags (""thought the Count"", ""he wondered"", ""He had said that"") wrapping gnomic content -- applied the tag rule per spec. Only quotation-marked or vocative/imperative/direct-address quotes were called dialogue; ~most quotes here carry no marks.","97% past / 3% present of 29, situation=retrospective",77,23,1,5,0,24,17,36,0,0
top2016:637,modern,2016,BEFORE THE FALL,Noah Hawley,OTHER,DUAL,high,dual,"Extremely aphoristic quote page: 24 of 45 are gnomic essayistic reflection, which is exactly the false-present contamination METHODOLOGY warns about. Six Persian-language quotes indicate a translated edition leaking onto the work page; all discarded as paratext. No quote passed the quotation-mark majority test, so there are zero dialogue quotes; marks are largely absent from this page and the three mixed quotes (q00936, q00955) were decided by word-count majority, which makes them the audit points. 15 event quotes, 11 past / 4 present. The split looks strand-based rather than noise: the present quotes are frame/scene narration (a plane sitting on a runway, David's occupation, a present-tense description of an artwork or storm) while the past quotes are character-interior and backstory material, suggesting a present-tense main line alongside retrospective character chapters. Recording dual as the honest read of the four options, but this is a SPLIT_REVIEW candidate and the present side rests on only 4 quotes, one of which (q00936) is a coin-flip.","73% past / 27% present of 15, situation=dual",45,11,4,0,0,15,0,24,6,0
top2016:1132,modern,2016,COMMONWEALTH,Ann Patchett,PAST,PAST,high,retrospective,"Third-person retrospective narration across an ensemble (Franny, Teresa, Fix, Albie, Beverly); very strong past-tense evidence - 49 of 50 event quotes past, with plenty of unfakeable concrete past narration. Low gnomic share (6/76) compared with the other books in this batch. Two Russian-language quotes are translated-edition leakage -> paratext. The single present-tense event quote (q00799) is a self-contained lyric/visionary passage, not a narrating strand; it would not flip the label. Two quotes were called dialogue on register alone (1st person inside a 3rd-person book) because the source strips quotation marks.","98% past / 2% present of 59, situation=retrospective",76,49,1,9,0,50,17,6,2,1
top2016:1638,modern,2016,END OF WATCH,Stephen King,OTHER,DUAL,high,dual,The excerpts show distinct present-tense Hodges/Holly/Brady narration and past-tense Rob/Jason ambulance narration; this supports a dual narrating situation from the supplied text alone.,"43% past / 57% present of 28, situation=dual",46,10,15,2,1,25,13,7,0,1
top2016:1704,modern,2016,EXTREME PREY,John Sandford,PAST,PAST,high,retrospective,"Third-person retrospective police procedural/thriller centred on Lucas, with a second strand on Marlys/Cole. The cleanest book in the batch: 34 event quotes, all past, with abundant concrete past action narration (""The gun locked open and he slammed another magazine in"") that no aphorism could produce. Almost no gnomic material (1/55) - unusual for this source. Heavy dialogue share (20/55) resolved almost entirely by quotation-mark majority, which is present in most quotes here. No quote in the set could flip the label.","100% past / 0% present of 50, situation=retrospective",55,34,0,16,0,34,20,1,0,0
top2016:1834,modern,2016,FIRST COMES LOVE,Emily Giffin,PRESENT,PRESENT,high,simultaneous,"Prose fiction, first-person present-tense contemporary narration. 15 event quotes: 11 present / 4 past (73.3% present). The past minority is not noise -- q01300, q01304, q01308 are first-person recollection/backstory, and q01294 is a distinct THIRD-PERSON past strand referring to reading back 'the entry', suggesting an embedded diary or a separately narrated past section. So the split has a structural explanation on both counts (recollection strand plus a third-person past strand), not uncertainty. Very high gnomic share (6/22) -- this book's quote page is heavily aphorism-selected, exactly the source bias METHODOLOGY warns about; a two-bucket filter would have counted five of those six as present-tense evidence.","27% past / 73% present of 15, situation=simultaneous",22,4,11,0,0,15,0,6,0,1
top2016:1874,modern,2016,FOOL ME ONCE,Harlan Coben,PAST,PAST,high,retrospective,"Third-person retrospective thriller centred on Maya, a veteran. 21 event quotes, all past, including unfakeable concrete narration (""She made sure the Glock was loaded and closed the safe""). The distinctive feature is a very heavy essayistic 2nd-person-present layer: 16 of 49 quotes are gnomic, mostly ""you""-universals about war, marriage, and parenting. A two-bucket filter would read most of those as present-tense evidence and could flip this book to present - this is the single biggest risk in the set, and it is distributed across many quotes rather than one. Several quotes mix a past narrative clause with a present universal (q01318, q01319, q01341, q01356); those were bucketed by which move dominates and are noted individually.","100% past / 0% present of 24, situation=retrospective",49,21,0,3,0,21,12,16,0,0
top2016:2223,modern,2016,HOME,Harlan Coben,OTHER,DUAL,high,dual,"Prose fiction, not verse. This book carries TWO narrating strands and the quotes show both plainly: (a) third-person past-tense narration centred on Myron (q01183, q01191, q01192, q01198), and (b) a first-person narrator writing in the present tense (q01195 'I might be good at what I do... I do not possess an invisibility cloak', q01196, q01197) who also uses 'my cousin Rhys' in q01189. That is a strand split, not diary form -- recording narrating_situation as dual so the two positions are not silently merged. Event count is small (9) and near-even (5 past / 4 present), so this book should go to SPLIT_REVIEW rather than a confident label. q01189 is the single quote most likely to flip the split: it opens in past narration but its bulk is future-tense prediction from a present narrating moment; reading it as present makes the split 4 past / 5 present.","64% past / 36% present of 11, situation=dual",23,5,4,2,0,9,6,6,1,1
top2016:3145,modern,2016,MY NAME IS LUCY BARTON,Elizabeth Strout,PAST,PAST,high,retrospective,"Prose fiction, not verse. First-person retrospective narrator of memoir cast, with an unusually strong narrating-moment present used for essayistic reflection rather than for reporting events -- which is why gnomic is large here (10 of 26) while every event quote is past. Not diary/dual: the present-tense material generalizes beyond the story world instead of describing the writing situation. Three quotes (q01051, q01052, q01053) sit on the boundary because a present-tense 'I think' frame wraps past recounting; all are called event/past on the recounted content.","100% past / 0% present of 16, situation=retrospective",26,14,0,2,0,14,2,10,0,0
top2016:3225,modern,2016,NIGHT SCHOOL,Lee Child,PAST,PAST,high,retrospective,"Prose fiction (thriller), third-person past. 10 event quotes, all past, zero present event-narration. Very heavy dialogue share (8/22) and much of it unmarked -- vocatives ('Ma'am', 'colonel', 'Jamison'-style address) and imperatives were the working signal where quotation marks were stripped. The two abstentions (q00964, q00972) are both present-tense passages with no speech marker; both read as speech but nothing in the text proves it.","100% past / 0% present of 15, situation=retrospective",22,10,0,5,0,10,8,2,0,2
top2016:3263,modern,2016,NO MAN'S LAND,David Baldacci,PAST,PAST,high,retrospective,"Prose fiction, not verse. Third-person past-tense thriller with alternating Puller and Rogers strands and a very high dialogue share (11 of 25). Quotation marks survive in about half the dialogue quotes; the rest were called on vocatives ('Puller', 'soldier', 'Agent Puller') and direct address. No present-tense event narration anywhere. One paratext quote (audiobook acknowledgments).","100% past / 0% present of 19, situation=retrospective",25,13,0,6,0,13,11,0,1,0
top2016:3725,modern,2016,RAZOR GIRL,Carl Hiaasen,PAST,PAST,high,retrospective,,"100% past / 0% present of 34, situation=retrospective",38,27,0,7,0,27,10,0,1,0
top2016:4157,modern,2016,SMALL GREAT THINGS,Jodi Picoult,ABSTAIN,INSUFFICIENT,,unclear,"No event-narration excerpts were available. The sole diagnostic dialogue beat is present tense, but it is insufficient to establish a narrating situation.",only 1 tense-bearing quotes,27,0,0,0,1,0,15,10,2,0
top2016:4653,modern,2016,THE BLACK WIDOW,Daniel Silva,PAST,PAST,high,retrospective,"Prose fiction (espionage thriller), third-person past. 11 event quotes, all past, zero present event-narration. The present-tense material splits cleanly into two non-diagnostic kinds: quoted/epigraphic essay prose about ISIS (q01212, q01213, q01220) and unmarked character speech (q01207, q01221). Goodreads has leaked the acknowledgments (q01206) onto this work page. q01218 is the Switzerland/France analogy METHODOLOGY names as the one genuinely contested past-tense gnomic; it is flagged rather than decided silently.","100% past / 0% present of 12, situation=retrospective",23,11,0,1,0,11,4,6,1,1
top2016:5261,modern,2016,THE GIRLS,Emma Cline,PAST,PAST,high,retrospective,"Prose fiction, not verse -- the lyric density is high and several quotes are verbless fragments, but the surrounding material is clearly narrative prose. First-person adult narrator looking back on adolescence, so the reflective register that would be gnomic in a present-tense novel is here almost all cast in PAST tense ('That was part of being a girl -- you were resigned to...'). Those quotes stay event/past per the present-tense-only gnomic rule and are flagged in notes; they are the audit-sensitive set for this book. No dialogue quotes at all. Zero present-tense event narration.","100% past / 0% present of 17, situation=retrospective",23,17,0,0,0,17,0,6,0,0
top2016:5597,modern,2016,THE LAST MILE,David Baldacci,PAST,PAST,high,retrospective,"Prose fiction (crime thriller), third-person past. 8 event quotes, all past, zero present event-narration. Dialogue-heavy page (7/17) and most of it unmarked -- vocatives ('Jamison', 'Hugh'), second-person address and first-person deixis were the working signals. q01071 and q01073 are the two passages a loose reading would misfile as gnomic; both are past-tense and q01071 clearly summarizes the story world. q01073 is flagged as the genuinely borderline one.","100% past / 0% present of 10, situation=retrospective",17,8,0,2,0,8,7,1,0,1
top2016:5865,modern,2016,THE NEST,Cynthia D'Aprix Sweeney,PAST,PAST,high,retrospective,"Third-person past narration with heavy free indirect discourse across an ensemble (Leo, Jack, Bea, Melody, Walker). 29 event quotes, all past, no present event-narration at all. Gnomic quotes are all present-tense aphorisms about people/parents/mirrors; several past-tense generalizations (q00878, q00892, q00907) were kept as event/past per the present-only gnomic rule and are the audit points if that rule is revisited. Dialogue assigned by quotation-mark majority throughout; marks survive well in this book.","100% past / 0% present of 34, situation=retrospective",45,29,0,5,0,29,8,8,0,0
top2016:6428,modern,2016,THE SUMMER BEFORE THE WAR,Helen Simonson,PAST,PAST,high,retrospective,"Third-person past narration of a WWI-era English ensemble (Beatrice, Hugh, Daniel, Agatha), very dialogue-heavy: 26 of 45 quotes are speech. Quotation marks survive on most, but roughly nine excerpts have the marks stripped by Goodreads; those were assigned on vocatives, second-person address, first-person deixis, trailing tag commas, and exclamatory register, each recorded per quote. 14 event quotes, all past, zero present. Only q01443 dissents and it is abstained rather than counted. Gnomic quotes are all present-tense aphorisms; three past-tense generalizations (q01410 among them) were kept as event/past per the present-only rule.","100% past / 0% present of 30, situation=retrospective",45,14,0,16,0,14,26,4,0,1
top2016:6678,modern,2016,THE WHISTLER,John Grisham,PAST,PAST,high,retrospective,"Prose fiction, not verse. Third-person past-tense legal thriller. Dialogue is the largest non-event bucket (9 of 24) and almost all of it arrives stripped of quotation marks, so it was identified from vocative-free but unambiguous speech signals: first/second-person address, discourse markers, rhetorical questions to an interlocutor. Every event quote is past; there is no present-tense event narration. q00693 is the only present-tense sentence about a named character and is the one quote whose reclassification would put any present into the count.","100% past / 0% present of 13, situation=retrospective",24,13,0,0,0,13,9,2,0,0
top2016:6728,modern,2016,THE WOMAN IN CABIN 10,Ruth Ware,PAST,PAST,high,retrospective,"Classification based only on the supplied quote text. Event narration is predominantly retrospective past, with present-tense story-specific reflections.","83% past / 17% present of 42, situation=retrospective",48,31,7,4,0,38,8,1,0,1
top2016:6757,modern,2016,THE WRONG SIDE OF GOODBYE,Michael Connelly,PAST,PAST,high,retrospective,"Prose fiction (detective novel), third-person past, close on one character. 12 event quotes, all past, zero present event-narration. The only present-tense material is two aphorisms and one unmarked boast. Watch q01006 and q01008: both are reflective passages that a loose 'sounds general' reading would file gnomic, but both are past-tense and anchored to the story world (the jetties; 'It had been Bosch's experience') -- exactly the 54%-precision error METHODOLOGY documents. They are event/past.","100% past / 0% present of 13, situation=retrospective",18,12,0,1,0,12,3,3,0,0
top2016:6989,modern,2016,TRULY MADLY GUILTY,Liane Moriarty,PAST,PAST,high,retrospective,"Prose fiction. Third-person past-tense with heavy free indirect discourse across at least three POV characters (Clementine, Oliver, Erika-adjacent). The book's aphoristic surface is almost entirely rendered in PAST tense ('You could jump so much higher when you had...'), so per METHODOLOGY it stays event/past rather than gnomic -- six such quotes are flagged in notes as the audit-sensitive set. Only one genuinely present-tense generalization (q01149) reaches gnomic. Verdict: prose, not verse.","100% past / 0% present of 24, situation=retrospective",27,23,0,1,0,23,2,1,0,1
top2016:7022,modern,2016,TWO BY TWO,Nicholas Sparks,PAST,PAST,CONFLICT,retrospective,Classified only from the supplied excerpts. The passages mix a retrospective past-event frame with a present reflective voice; the supplied text does not establish a dual-position form.,"58% past / 42% present of 24, situation=retrospective",36,8,10,6,0,18,9,8,0,1
top2017:72,modern,2017,A COLUMN OF FIRE,Ken Follett,PAST,PAST,high,retrospective,"Event narration is predominantly retrospective past tense; the two present event excerpts are character-bound reflection/thought, not a simultaneous or dual narrating structure.","87% past / 13% present of 15, situation=retrospective",22,12,2,1,0,14,3,4,0,1
top2017:137,modern,2017,A LEGACY OF SPIES,John le Carré,OTHER,DUAL,high,dual,"Manual review 2026-08-13: base narration is structurally mixed, combining present-time Guillam/document framing with sustained retrospective material.","37% past / 63% present of 43, situation=dual",64,15,23,1,4,38,21,4,1,0
top2017:513,modern,2017,ARTEMIS,Andy Weir,PAST,PAST,high,retrospective,"First-person retrospective comic SF. All 23 event quotes are past; zero present event-narration. The book carries a very heavy load of narrator-present commentary addressed to the reader (habitual-present exposition about the setting, second-person jokes, science digressions) -- 31 of 78 quotes. Policy applied consistently: timeless/habitual present commentary that states how the story world or the real world generally works = gnomic (this is exactly the timeless-present contamination the bucket exists to catch); present tense about a specific character at a specific story-moment would have been event/present, but no quote met that test. Several rule-of-thumb gnomics generalize within the story world rather than beyond it (q01904, q01926, q01930) -- flagged in notes rather than decided silently. Dialogue calls rest on register/vocatives/direct address for the many quotes with quotation marks stripped; q01905, q01922 and q01940 are near-ties on word count and were kept in the non-diagnostic bucket. Prose, not verse. No single quote would flip the label.","100% past / 0% present of 36, situation=retrospective",78,23,0,13,0,23,23,32,0,0
top2017:640,modern,2017,BEFORE WE WERE YOURS,Lisa Wingate,PRESENT,PRESENT,high,simultaneous,"Prose fiction, not verse. Two clear first-person voices: a modern narrator ('I clench my teeth', 'I shush my mind') and a child narrator (q01499 'I hold Huckleberry Finn real tight against my chest and start across the yard'), both narrating in present tense. A third dialect voice appears in q01462/q01467/q01479. Past-tense event quotes are all retrospective/summary material inside a present base (q01493 'We didn't have fancy dresses', q01484, q01463, q01459), i.e. a recollection strand rather than a second narrating position. Heavy gnomic load (20 of 47) -- this book's Goodreads page is dominated by inspirational aphorisms, exactly the contamination the gnomic bucket exists for. Two paratext quotes (dedication q01468, acknowledgments q01475).","18% past / 82% present of 22, situation=simultaneous",47,4,17,0,1,21,3,20,2,1
top2017:910,modern,2017,CAMINO ISLAND,John Grisham,PAST,PAST,med,retrospective,"Prose. Third-person retrospective narration with an unusually high dialogue and aphorism yield (much of the book's quotable material is bookish table talk). Quotation marks survive on all six dialogue quotes. All five gnomic quotes are present-tense generalizations about books, writers and life; none are past-tense. No present-tense event-narration anywhere.","100% past / 0% present of 6, situation=retrospective",17,6,0,0,0,6,6,5,0,0
top2017:1527,modern,2017,DRAGON TEETH,Michael Crichton,PAST,PAST,high,retrospective,"Prose. Third-person retrospective historical narration (US West, 1876) with heavy past-tense documentary exposition and embedded period quotations. Gnomic bucket is all present-tense maxims/essayistic argument; every past-tense generalization about the story world was kept as event/past per METHODOLOGY. Quotation marks survive on many quotes here, so the dialogue calls are mark-based; the unmarked ones were judged on register.","92% past / 8% present of 13, situation=retrospective",22,7,1,5,0,8,7,6,0,1
top2017:1636,modern,2017,END GAME,David Baldacci,PAST,PAST,high,retrospective,"Prose. Third-person thriller with overwhelmingly dialogue-driven quote yield: 11 of 16 are speech, leaving only 3 event-narration quotes - below the 5-quote floor in METHODOLOGY step 5, so this book needs more pages before it can be labelled. All dialogue tags that appear are past ('asked Robie', 'said Reel', 'agreed Robie'), which is the strongest base-tense signal here. q01792 is a past-tense generalization kept as event/past because gnomic is present-only.","100% past / 0% present of 10, situation=retrospective",16,3,0,7,0,3,11,1,0,1
top2017:2441,modern,2017,INTO THE WATER,Paula Hawkins,OTHER,DUAL,high,dual,"Prose fiction, not verse. Multi-voice novel with two genuinely different narrating positions, not a diary. (a) Retrospective strands: third-person past narration of several named characters (Louise, Lena, Nel) plus a first-person voice speaking apostrophically to a dead addressee in past tense (q01607, q01609, q01626, q01636). (b) Simultaneous strands: third-person PRESENT scene narration (q01633 'she starts to beg... She wants to go back'), a first-person present voice (q01595, q01618, q01624), and present-tense setting/legend passages about the river and Beckford (q01608, q01610, q01622). The present minority is therefore structural -- an identifiable set of strands -- rather than noise or recollection. Expect SPLIT_REVIEW; the cause is 'mixed -- strand'. Watch q01608/q01610/q01622: they are present-tense story-world exposition rather than character scenes, and a reader who filed them as gnomic would push the book to 22 past / 5 present (81% past) and flip it to HIGH CONF PAST. That is the single largest lever on this book's label.","74% past / 26% present of 31, situation=dual",43,22,8,1,0,30,3,8,2,0
top2017:2719,modern,2017,LINCOLN IN THE BARDO,George Saunders,ABSTAIN,UNCLEAR,,unclear,"The event excerpts include both past recollection and immediate present first-person states, but the supplied text alone does not establish a diary, epistolary, or other dual-position form.",situation='unclear',60,30,10,3,0,40,9,9,0,2
top2017:2728,modern,2017,LITTLE FIRES EVERYWHERE,Celeste Ng,PAST,PAST,high,retrospective,"Prose fiction, not verse. Cleanest book in the batch: 14 event quotes, all past, third-person free-indirect narration across several named characters (Mia, Pearl, Lexie, Moody). No present-tense narration anywhere on the page. The only present-tense material is two aphorisms (q01500, q01501) and character speech. Worth noting: q01500 and q01520 are the same passage in narration and dialogue form -- a Goodreads near-duplicate that the dedupe step did not catch. Several quotes (q01502, q01513, q01519) use generalized second person but in PAST tense, and a loose 'sounds general' reading would misfile them as gnomic; they are free-indirect thought and are the exact error the methodology warns about. Even so, dropping all three would leave 11 past / 0 present. No single quote can flip this label.","100% past / 0% present of 19, situation=retrospective",26,14,0,5,0,14,9,2,1,0
top2017:2897,modern,2017,MANHATTAN BEACH,Jennifer Egan,PAST,PAST,high,retrospective,"Third-person past-tense literary novel with several focalizers (Anna, Dexter, Eddie). 53 of 53 event quotes are past; no present event-narration at all. Only 5 gnomic quotes, all genuinely present-tense aphorisms or fragments. Several quotes that 'sound general' (q02180, q02183, q02205, q02224, q02243) are past-tense free indirect generalization about the story world and are filed event/past per METHODOLOGY's rule that gnomic is present-only -- this is the exact error direction the spec warns about. Mixed scene quotes were decided by word count under the quotation-mark-majority precedence rule; q02193, q02209 and q02226 are the close calls and are noted individually. Prose, not verse. No single quote would flip the label; the book is unambiguously past.","100% past / 0% present of 60, situation=retrospective",68,53,0,7,0,53,10,5,0,0
top2017:3287,modern,2017,NORSE MYTHOLOGY,Neil Gaiman,PAST,PAST,high,retrospective,"Prose fiction (retold myth), not verse. Two clearly separable layers. (1) The tales are narrated retrospectively in past tense -- 11 of 15 event quotes, all third-person past scene narration of Thor, Loki, Odin. (2) A present-tense expository layer describes the world and its cosmology atemporally (q01684 Loki, q01700 Gjallerhorn/Ragnarok, q01701 Ratatosk and the world-tree, q01692 the summation of how the worlds end). That is a frame/register, not simultaneous narration, which is why narrating_situation is retrospective despite 26.7% present. A further four quotes are the author's first-person introduction and are discarded as paratext -- an unusually heavy paratext leak because Goodreads treats the introduction as part of the work. Expect SPLIT_REVIEW at 11 past / 4 present; the cause is 'mixed -- strand' (expository frame). FLIP LEVER: the four present quotes are all cosmological exposition. If a reader files them as front-matter/glossary paratext or as gnomic, the book becomes 11 past / 0 present and lands HIGH CONF PAST. q01684 is the most vulnerable -- it reads like a dramatis-personae entry.","79% past / 21% present of 19, situation=retrospective",26,11,4,4,0,15,5,2,4,0
top2017:3409,modern,2017,ORIGIN,Dan Brown,PAST,PAST,high,retrospective,"Prose fiction, not verse. Only 4 of 45 quotes are event-narration -- below the >=5 minimum, so INSUFFICIENT on this page. All three past event quotes are unambiguous third-person retrospective narration (q01551 'Langdon watched the phone plummet... he felt a pang of loss'; q01566 'he mused'; q01568 past perfect exposition), which is why narrating_situation is retrospective despite the thin count. The page is overwhelmingly aphorism (26 gnomic) and lecture-hall dialogue (11) -- an extreme case of the source's quotability bias. Four attributed epigraphs discarded as paratext. Recommend fetching a further page.","88% past / 12% present of 8, situation=retrospective",45,3,1,4,0,4,11,26,4,0
top2017:4108,modern,2017,"SING, UNBURIED, SING",Jesmyn Ward,PRESENT,PRESENT,CONFLICT,simultaneous,"Classified only from the supplied excerpts. Present event narration predominates, while past event passages read as recollection, historical exposition, or embedded backstory.","43% past / 57% present of 53, situation=simultaneous",65,20,26,3,4,46,12,5,2,0
top2017:4144,modern,2017,SLEEPING BEAUTIES,Stephen King and Owen King,PAST,PAST,high,retrospective,Classified solely from the supplied excerpts. Event-narration is predominantly past; present event excerpts are story-specific reflections rather than gnomic generalizations.,"89% past / 11% present of 38, situation=retrospective",66,31,4,3,0,35,7,21,3,0
top2017:4813,modern,2017,THE CHEMIST,Stephenie Meyer,PAST,PAST,high,retrospective,Eight event-narration excerpts are past tense. All six dialogue excerpts with identifiable narration beats have past-tense beats; the remaining dialogue excerpts have none.,"100% past / 0% present of 13, situation=retrospective",23,8,0,5,0,8,10,4,0,1
top2017:5258,modern,2017,THE GIRL WHO TAKES AN EYE FOR AN EYE,David Lagercrantz,PAST,PAST,high,retrospective,"Prose fiction, third-person past with a first-person strand (q02016). Signals used: no quotation marks on most quotes, so dialogue calls rest on vocatives (q02010 'Karin'), byline attribution (q02024) and quote marks where present (q02019). Event quotes are 13/13 past with no dissent. Heavy aphoristic/essayistic surface (8 gnomic) about heredity, IQ and markets -- the classic Goodreads false-present bias -- but none of it is event narration. Flagged: q02005 past-modal generalization with no story-world character; q02014/q02015/q02017 are attributed or indirect discourse whose payload is a present-tense generalization but whose narrating verb is past.","100% past / 0% present of 14, situation=retrospective",24,13,0,1,0,13,3,8,0,0
top2017:5457,modern,2017,THE IDENTICALS,Elin Hilderbrand,PRESENT,PRESENT,high,simultaneous,13 event excerpts: 9 present and 4 past. The present narration is dominant; the past excerpts read as recollection or backstory rather than a separate narrating position. One unattributed mythology passage is retained as unclear.,"31% past / 69% present of 13, situation=simultaneous",24,4,9,0,0,13,4,6,0,1
top2017:5627,modern,2017,THE LATE SHOW,Michael Connelly,PAST,PAST,high,retrospective,Prose. Third-person retrospective police-procedural narration (Ballard). No present-tense event-narration at all; the entire present-tense yield is proverbs/aphorisms plus dialogue. One author-bio quote discarded as paratext. Dialogue calls are mostly quotation-mark based; q02132 and q02144 are unmarked and were called on direct address / aphoristic register.,"100% past / 0% present of 10, situation=retrospective",18,7,0,3,0,7,7,3,1,0
top2017:5794,modern,2017,THE MIDNIGHT LINE,Lee Child,PAST,PAST,high,retrospective,Event-narration evidence is uniformly past tense in this supplied sample. Dialogue beats that are present are absent; the two observed reporting beats are past.,"100% past / 0% present of 11, situation=retrospective",22,9,0,2,0,9,7,2,0,4
top2017:6161,modern,2017,THE ROOSTER BAR,John Grisham,PAST,PAST,high,retrospective,Event-narration excerpts are consistently past tense; present-tense generalizations were excluded as gnomic.,"100% past / 0% present of 17, situation=retrospective",23,13,0,4,0,13,4,5,0,1
top2017:7027,modern,2017,TWO KINDS OF TRUTH,Michael Connelly,PAST,PAST,high,retrospective,"Prose. Third-person retrospective crime narration, close free indirect. Several quotes are past-tense generalizations ('The reality of the world was dark and horrifying', 'True justice was the brass ring just out of reach') - kept as event/past because gnomic is present-only. Quotation marks survive on the true dialogue here; the one unmarked quote (q01858) was called on register.","100% past / 0% present of 13, situation=retrospective",19,12,0,1,0,12,5,2,0,0
top2017:7044,modern,2017,UNCOMMON TYPE,Tom Hanks,PAST,PAST,high,retrospective,"Prose fiction, not verse. Reads as a linked collection rather than a single novel -- several unrelated casts (Sue Gliebe/Bob Roy, Anna, Kirk, Steve Wong, Bert) -- but the narration is consistently past tense across all of them, in both third person and first. 16 of 18 event quotes past (88.9%). The two present quotes (q01830, q01831) share a first-person essayistic voice and look like one distinct piece in the collection, not a competing narrating position. Two Russian-language quotes discarded as paratext -- a clear translated-edition leak onto the work page. Four quotes (q01820, q01823, q01824, q01843) are close calls on the quotation-mark majority test; all four resolve to event/past because the surrounding narration is past-tense either way, so the dialogue-test outcome does not change the label. No single quote flips this book: it would take three additional past-to-present reclassifications to drop below the 80% bar, and the only candidate is q01833 (currently gnomic; as event/present the book is still 84% past).","90% past / 10% present of 20, situation=retrospective",26,16,2,2,0,18,3,3,2,0
top2018:233,modern,2018,A SPARK OF LIGHT,Jodi Picoult,PAST,PAST,high,retrospective,Event-narration evidence is exclusively past tense in the supplied excerpts; dialogue beats with identifiable tags are also past.,"100% past / 0% present of 29, situation=retrospective",62,25,0,4,0,25,12,21,3,1
top2018:393,modern,2018,ALL WE EVER WANTED,Emily Giffin,PAST,PAST,high,retrospective,"First-person retrospective, quote-page heavily loaded with aphorism (3 clean gnomic) as METHODOLOGY predicts for this source. 12 event quotes, 10 past / 2 present. Both present quotes (q03162, q03170) are habitual first-person standing states rather than story-moments and are the borderline calls; if either were reassigned to gnomic the book goes 100% past, so the past reading is stable in both directions. q03164 abstained. Quotation marks survive in this book's excerpts, so mark-absence was treated as informative.","85% past / 15% present of 13, situation=retrospective",17,10,2,1,0,12,1,3,0,1
top2018:430,modern,2018,AN AMERICAN MARRIAGE,Tayari Jones,PRESENT,PRESENT,CONFLICT,simultaneous,Event excerpts show a present writing/reflection position alongside past recollection and remembered scenes. The supplied quotes do not establish a dual-form structure.,"59% past / 41% present of 32, situation=simultaneous",67,15,13,4,0,28,14,25,0,0
top2018:1057,modern,2018,CIRCE,Madeline Miller,PAST,PAST,high,retrospective,"First-person retrospective narrator, heavily aphoristic quote set (10 of 27 gnomic) -- exactly the quotability bias METHODOLOGY warns about. Event-narration is 14 quotes, 13 past / 1 present. The lone present (q02653, 'but I see now') is narrating-instance present from a retrospective vantage, not simultaneous narration, so it does not make the book dual. Recurring pattern here: a present-tense generalization paired with a specific past-tense application clause (q02649, q02654, q02674) -- filed event/past because the quote is anchored in the story world; if a reviewer files those three gnomic instead, the split becomes 10 past / 1 present and the label is unchanged.","94% past / 6% present of 16, situation=retrospective",27,13,1,2,0,14,3,10,0,0
top2018:1288,modern,2018,DARK SACRED NIGHT,Michael Connelly,PAST,PAST,high,retrospective,"Third-person past-tense procedural alternating between two named characters. 10 event quotes, 10/10 past, no present-tense event narration at all. Quotation marks survive in this book's excerpts, so mark-absence was treated as informative; q03086 is the one dialogue call made on vocative/address rather than marks. Only flip-risk is q03078, and it is gnomic-vs-past, not past-vs-present, so it cannot move the label.","100% past / 0% present of 13, situation=retrospective",16,10,0,3,0,10,5,1,0,0
top2018:1620,modern,2018,ELEVATION,Stephen King,PAST,PAST,high,retrospective,"Event narration is predominantly past-tense; the single present event is an immediate, story-specific interior thought. Present aphorisms were excluded as gnomic.","90% past / 10% present of 10, situation=retrospective",18,9,1,0,0,10,2,4,0,2
top2018:1666,modern,2018,EVERY BREATH,Nicholas Sparks,PAST,PAST,high,retrospective,"Complete, 40/40 quotes. Past-tense third person with a first-person retrospective strand (q02679, q02687, q02692, q02700, q02706, q02715). Only present-tense event quote is q02706, the first-person narrator's discourse-now, which points to a frame/letter structure rather than simultaneous narration — not enough evidence to call it dual. Heavy aphorism load (11 gnomic of 40), consistent with the source's quotability bias. Three past-tense generalizations flagged in notes: q02686 kept gnomic (real-world citation, no story-world referent), q02696 and q02710 kept event/past (backshifted reported thought).","96% past / 4% present of 27, situation=retrospective",40,24,1,2,0,25,3,11,0,1
top2018:1818,modern,2018,FIRE AND BLOOD,George R.R. Martin,PAST,PAST,high,retrospective,"Pseudo-historical chronicle voice: all narration quotes are past-tense summary or specific-event report; no present-tense event narration found. Quotation marks are inconsistently preserved in this book's quote set, so unmarked speech was identified by vocatives, first/second-person deixis, imperatives and register — recorded per quote. Aphorisms are heavy here (6 gnomic), as expected of a popularity-ranked quote page, and were kept out of the tense count. Event evidence is thin (5 quotes) but unanimous past. q02432 is the single quote that could move the present column; q02428 is the one gnomic/event boundary call flagged rather than decided silently.","100% past / 0% present of 11, situation=retrospective",27,5,0,6,0,5,16,6,0,0
top2018:2758,modern,2018,LONG ROAD TO MERCY,David Baldacci,PAST,PAST,high,retrospective,"Event narration is predominantly past (7 past, 1 present). The single present event is first-person reflection, not evidence of a simultaneous narrating situation.","91% past / 9% present of 11, situation=retrospective",22,7,1,3,0,8,6,5,0,3
top2018:3244,modern,2018,NINE PERFECT STRANGERS,Liane Moriarty,PAST,PAST,high,retrospective,"Third-person past narration, multiple POV characters (Frances, Heather, Jessica, Lars, Carmel). One sustained present-tense interior passage (q02776). Two attributed epigraphs bucketed paratext. Prose fiction, not verse. Many quotes are unquoted speech from a retreat setting -- identified by imperatives, vocatives and direct address rather than quotation marks. Six past-tense generalizations flagged as contested gnomic candidates; all kept as event/past per the past-tense rule.","98% past / 2% present of 48, situation=retrospective",71,46,1,1,0,47,12,10,2,0
top2018:3473,modern,2018,PAST TENSE,Lee Child,PAST,PAST,high,retrospective,24 event quotes: 23 past and 1 present. The present-tense event excerpt does not establish a dual narrating situation.,"95% past / 5% present of 21, situation=retrospective",25,18,1,2,0,19,4,1,0,1
top2018:4321,modern,2018,STILL ME,Jojo Moyes,PAST,PAST,high,retrospective,"Complete, 40/40 quotes. First-person retrospective past narration throughout; a heavy second-person aphoristic layer (gnomic) reflects this source's quotability bias, not the book's tense. Past-tense generalizations ('You had to seize the day', 'Running had been my ex Patrick's thing', the Gopnik charity passage) kept as event/past per the present-only gnomic rule. Quotation marks survive well here, so mark-absence was treated as weak evidence for narration; where marks were absent the signals used were vocatives (q03195), character idiolect (q03210), and direct address/register (q03204, q03207, q03209). q03233 is the only present event quote and is the flip risk. q03215 abstained (all caps, bucket undeterminable). Counts: event 20 (19 past / 1 present, 95% past), dialogue 11, gnomic 8, unclear 1.","96% past / 4% present of 26, situation=retrospective",40,19,1,6,0,20,11,8,0,1
top2018:5322,modern,2018,THE GREAT ALONE,Kristin Hannah,PAST,PAST,high,retrospective,"Third-person past narration centred on Leni; heavy past-tense free indirect discourse. Two first-person present quotes (q02472, q02528) read as a frame/epigraph voice, not the main narration. Prose fiction, not verse. Gnomic bucket is all present-tense aphorism; three past-tense generalizations flagged in notes as contested.","97% past / 3% present of 64, situation=retrospective",79,57,2,5,0,59,9,11,0,0
top2018:5464,modern,2018,THE IMMORTALISTS,Chloe Benjamin,PRESENT,PRESENT,high,simultaneous,"Event narration is predominantly present-tense, with past-tense recollections and historical backstory.","32% past / 68% present of 37, situation=simultaneous",47,10,19,2,6,29,13,5,0,0
top2018:5879,modern,2018,THE NEXT PERSON YOU MEET IN HEAVEN,Mitch Albom,PAST,PAST,high,retrospective,,"100% past / 0% present of 15, situation=retrospective",52,9,0,6,0,9,11,32,0,0
top2018:5955,modern,2018,THE OUTSIDER,Stephen King,PAST,PAST,high,retrospective,Classified solely from the supplied excerpts; event narration is predominantly past tense.,"89% past / 11% present of 28, situation=retrospective",60,19,3,6,0,22,32,3,1,2
top2018:5997,modern,2018,THE PERFECT COUPLE,Elin Hilderbrand,PRESENT,PRESENT,high,simultaneous,"Event narration is overwhelmingly present tense (13 present, 1 past); the lone past passage is biographical backstory.","8% past / 92% present of 13, situation=simultaneous",23,1,12,0,0,13,3,6,0,1
top2018:6043,modern,2018,THE PRESIDENT IS MISSING,Bill Clinton and James Patterson,PRESENT,PRESENT,high,simultaneous,"Two registers in the quote set: a large body of present-tense essayistic civic commentary (gnomic, 22 of 38) that is quotability bias plus what reads as non-fiction-style political argument, and a smaller thriller narration strand that is first-person/third-person present (9 of 12 event quotes). The past minority is memory/backstory (q02627 iterative recollection, q02644 primaries backstory) plus q02621's specific past clause inside an otherwise essayistic passage. Dialogue marks survive well in this book (q02624, q02625, q02640 all carry them), so unmarked speech-register quotes were judged by vocative/direct address (q02630) rather than by tags. q02613, q02623 and q02632 are past-tense frame verbs citing real-world figures with no story-world referent -- kept gnomic under the argument-by-analogy exception, flagged rather than decided silently.","20% past / 80% present of 15, situation=simultaneous",38,3,9,0,3,12,4,22,0,0
top2018:6105,modern,2018,THE RECKONING,John Grisham,PAST,PAST,high,retrospective,"Clean retrospective past-tense third-person narration with a strong strand of past-tense historical/expository summary (Bataan, oil embargo, state hangings) -- exactly the material the methodology warns must be scored event/past rather than gnomic. Zero gnomic and zero paratext in this set. Dialogue marks survive well in this book, so mark presence was the primary bucketing signal; register was the fallback for the two unmarked quotes (q02454 dialogue, q02462 event). 22 event / 4 dialogue; 21 past / 1 present (95.5% past).","96% past / 4% present of 24, situation=retrospective",26,21,1,2,0,22,4,0,0,0
top2018:6700,modern,2018,THE WIFE BETWEEN US,Greer Hendricks and Sarah Pekkanen,OTHER,DUAL,high,dual,Manual review 2026-08-13: the novel has structurally distinct present-tense and past-tense narrative strands; label as dual rather than treating the past material as mere recollection.,"45% past / 55% present of 11, situation=dual",19,5,6,0,0,11,2,5,0,1
top2018:6729,modern,2018,THE WOMAN IN THE WINDOW,A.J. Finn,PRESENT,PRESENT,high,simultaneous,,"20% past / 80% present of 41, situation=simultaneous",53,7,30,1,3,37,8,7,1,0
top2018:6779,modern,2018,THERE THERE,Tommy Orange,OTHER,DUAL,high,dual,"Multi-voiced book. Two distinct strands visible in the quotes: (a) a collective 'we' strand of past-tense historical exposition about Native/Urban Indian history (q02794, q02798, q02805, q02808, q02810, q02815) and first-person retrospection (q02813, q02824), and (b) present-tense character sections in third and second person (q02828, q02823, q02803, q02829). Not diary/epistolary — dual here means strand split, not writing-moment vs. recounting. Very high gnomic share (19/43): the quote source is dominated by essayistic/aphoristic prologue-style material, so gnomic was applied only to present-tense generalization beyond the story world; all past-tense exposition and summary was filed event/past per METHODOLOGY.md. Several dialogue quotes lost their quotation marks in the Goodreads text; those were identified by vocative and speech-marker evidence, recorded per quote. Flip-risk: q02814.","60% past / 40% present of 20, situation=dual",43,12,7,0,1,19,5,19,0,0
top2018:7239,modern,2018,WHERE THE CRAWDADS SING,Delia Owens,PAST,PAST,high,retrospective,Event narration is predominantly past; one present event quote is a character-specific observation framed as Kya's thought. Two unframed verse excerpts are left unclear.,"91% past / 9% present of 11, situation=retrospective",25,6,1,4,0,7,5,11,0,2
top2019:431,modern,2019,AN ANONYMOUS GIRL,Greer Hendricks and Sarah Pekkanen,PRESENT,PRESENT,high,simultaneous,"Complete: all 46 quotes. Buckets: 28 gnomic, 17 event, 1 dialogue, 0 unclear. Event split 15 present / 2 past (88.2% present). Heavily aphoristic quote page -- the gnomic bucket does almost all the work here, exactly the false-present bias METHODOLOGY warns about. Two narrating strands both in present: (a) first-person 'I' narration with present thought/dialogue tags (q03671, q03685, q03693, q03694, q03707, q03710); (b) a second-person address strand narrating a specific addressee's traits and biography, not second-person universals (q03681, q03684, q03689, q03699, q03709) -- distinguished by concrete particulars such as the makeup case in q03689 and the 13-year-old self in q03709. Past minority is 2 quotes: q03702 (retrospective reflection on parents) and q03703 (past clause carrying present free indirect thought) -- a recollection strand, not a second base tense. Dialogue-mark survival on this page is poor: q03671 kept its marks, q03704 lost them and was read from the truncated dialogue tag and register.","12% past / 88% present of 17, situation=simultaneous",46,2,15,0,0,17,1,28,0,0
top2019:525,modern,2019,"ASK AGAIN, YES",Mary Beth Keane,PAST,PAST,high,retrospective,Event narration is consistently retrospective; the few present-tense excerpts are gnomic or insufficiently contextualized.,"100% past / 0% present of 51, situation=retrospective",64,47,0,4,0,47,9,4,0,4
top2019:776,modern,2019,BLUE MOON,Lee Child,PAST,PAST,high,retrospective,"Clean past-tense third-person limited narration following a character named Reacher, heavy free indirect discourse in clipped fragments. 16 event quotes, all past, none present. Gnomic bucket used only for three genuinely present-tense generalizations (a proverb, a second-person rule of thumb, a verbless fragment); past-tense summary such as q03720 kept as event/past per the specificity-not-tense rule. Dialogue identified by quotation-mark majority everywhere except q03724, where marks are absent and register/first-person deixis was the signal. No paratext, no non-English, no verse.","100% past / 0% present of 17, situation=retrospective",24,16,0,1,0,16,4,3,0,1
top2019:1067,modern,2019,CITY OF GIRLS,Elizabeth Gilbert,PAST,PAST,high,retrospective,Event narration is predominantly retrospective past; the few present event passages are reflective states rather than a separate contemporaneous strand.,"91% past / 9% present of 33, situation=retrospective",72,27,3,3,0,30,25,17,0,0
top2019:1237,modern,2019,DAISY JONES & THE SIX,Taylor Jenkins Reid,PAST,PAST,med,retrospective,,"83% past / 17% present of 6, situation=retrospective",53,5,1,0,0,6,38,6,0,3
top2019:1683,modern,2019,EVVIE DRAKE STARTS OVER,Linda Holmes,PAST,PAST,high,retrospective,"38 quotes, complete. Third-person past narration centered on Evvie/Eveleth; every event quote is past, none present. Quotation marks survive on some excerpts and are stripped by truncation on others, so unmarked speech was identified via vocatives, direct address and speech markers (recorded per quote). Several first-person present passages (q04092, q04103, q04114, q04115, q04129) read as speech rather than a narrating strand, since the narration elsewhere is uniformly third-person past; q04092 is the flip-risk case. Heavy aphoristic contamination typical of this source: 7 gnomic second-person universals that a two-bucket filter would score as present-tense evidence.","100% past / 0% present of 21, situation=retrospective",38,17,0,4,0,17,13,7,0,1
top2019:2795,modern,2019,LOST ROSES,Martha Hall Kelly,PAST,PAST,med,retrospective,"Heavily dialogue-dominated quote page (9 of 19) -- Goodreads selected the speeches. Only 3 event-narration quotes survive, all past, which is below the >=5 threshold; label.py will read this as insufficient rather than high-confidence past. Quotation marks survive on about half the quotes; for the rest I used vocatives, imperatives, and speech markers, recorded per quote. q04142 is the one that could move the count: it is present tense and I filed it paratext as an afterword about real present-day places, not narration.","100% past / 0% present of 5, situation=retrospective",19,3,0,2,0,3,9,4,1,2
top2019:3115,modern,2019,MRS. EVERYTHING,Jennifer Weiner,PAST,PAST,high,retrospective,"Clean past-tense third-person narration with heavy free indirect discourse across two sisters (Jo, Bethie). Quotation marks survived on roughly half the dialogue quotes; where absent I used vocatives, direct address, first/second-person deixis and colloquial register, noted per quote. Two attributed epigraphs discarded as paratext, one rhyming couplet abstained as verse. q04170 is a past-tense proverb allusion with no story-world referent -- the contested past-tense gnomic case, flagged rather than decided silently. All 24 event quotes are past; no present event-narration anywhere in the sample.","100% past / 0% present of 29, situation=retrospective",43,24,0,5,0,24,12,4,2,1
top2019:3286,modern,2019,NORMAL PEOPLE,Sally Rooney,PRESENT,PRESENT,high,simultaneous,Present-tense story-moment narration predominates; past event passages read as recollection or retrospective material rather than a separate narrating position.,"30% past / 70% present of 57, situation=simultaneous",68,16,36,1,4,52,9,5,0,2
top2019:3349,modern,2019,"OLIVE, AGAIN",Elizabeth Strout,PAST,PAST,high,retrospective,"Third-person past-tense narration throughout, close free indirect discourse over several characters (Olive, Jack, Bob, Cindy, Kayley). 26 event quotes, all past, no present event-narration anywhere. Quotation marks survive on roughly half the dialogue; where absent I used vocatives, direct address, filled pauses and self-repair rather than the tag rule, and recorded the signal per quote. Two abstentions (q03626, q03658) are both short unmarked first-person/present fragments that could be speech or free indirect thought; neither would plausibly be third-person present narration, so the past reading is not fragile. Gnomic held to present-tense universals only (q03637, q03643); several past-tense generalizing passages (q03621, q03627, q03640, q03657) were kept as event/past per the methodology's load-bearing rule.","100% past / 0% present of 30, situation=retrospective",42,26,0,4,0,26,12,2,0,2
top2019:3883,modern,2019,RUN AWAY,Harlan Coben,PAST,PAST,high,retrospective,23 quotes classified in input order. Event narration is consistently past tense; dialogue beats are past where present.,"100% past / 0% present of 16, situation=retrospective",23,14,0,2,0,14,3,6,0,0
top2019:4374,modern,2019,SUMMER OF '69,Elin Hilderbrand,OTHER,DUAL,high,dual,Event excerpts include a present-tense story frame and past-tense recollective passages. Generic maxims and instructional prose were excluded as gnomic.,"30% past / 70% present of 10, situation=dual",20,3,6,0,1,9,2,9,0,0
top2019:5026,modern,2019,THE DUTCH HOUSE,Ann Patchett,PAST,PAST,high,retrospective,"First-person retrospective narration throughout; narrator looks back on childhood and a father, frequently marking the distance ('after so many years', 'I had never thought about him as a child'). All 16 event quotes past; zero present event-narration. Quotation marks survived on only one quote (q03400), so dialogue elsewhere was identified by vocatives, imperatives, direct-address questions, 'you know', and colloquial register -- recorded per quote. Three gnomic quotes are all present-tense second-person universals; no past-tense quote was filed gnomic.","100% past / 0% present of 17, situation=retrospective",25,16,0,1,0,16,6,3,0,0
top2019:5265,modern,2019,THE GIVER OF STARS,Jojo Moyes,PAST,PAST,high,retrospective,Event narration is consistently retrospective; present-tense excerpts are dialogue or gnomic/paratext.,"100% past / 0% present of 28, situation=retrospective",54,22,0,6,0,22,20,7,5,0
top2019:5342,modern,2019,THE GUARDIANS,John Grisham,PRESENT,PRESENT,CONFLICT,simultaneous,"First-person present-tense narration (legal/innocence-project register) with an identifiable past strand: case backstory and forensic-expert history (q03503, q03504, q03506, q03509, q03510, q03516). Event 15 (9 present / 6 past = 60% present), gnomic 10, dialogue 0, paratext 0, unclear 0. beat_tense: ZERO quotes bucketed dialogue, so the field is unexercised in this book -- no quote in the sample is majority-speech. Mark signal: quotation marks DO survive this extraction (q03518 carries intact curly quotes around 'Are you sure?'), so mark-absence elsewhere is more informative than the methodology's default assumption; I nonetheless cross-checked the unmarked candidates (q03500, q03507, q03512) on vocative/direct-address/register and found no speech markers. The clearest tense evidence the old beat rule would have discarded is the present tag 'he asks' in q03518, which survives here only because that quote is majority-narration and therefore bucketed event rather than dialogue. Split is 60/40 with a structural cause (case-history strand), so this is a Mixed--strand finding, not high-confidence present.","40% past / 60% present of 15, situation=simultaneous",25,6,9,0,0,15,0,10,0,0
top2019:5479,modern,2019,THE INSTITUTE,Stephen King,PAST,PAST,high,retrospective,"Event narration is overwhelmingly past-tense, with a small number of story-specific present-tense passages. Dialogue beats are past where present.","92% past / 8% present of 53, situation=retrospective",72,40,4,9,0,44,24,3,0,1
top2019:5609,modern,2019,THE LAST ROMANTICS,Tara Conklin,PAST,PAST,high,retrospective,"Complete: 38 of 38 quotes. Uniformly past-tense narration in two modes -- first-person retrospective ('I remembered', 'I wrote them down') and third-person past centered on Renee and Caroline. Zero present-tense event narration. Heavy aphoristic overlay (12 gnomic) typical of Goodreads selection bias; several past-tense generalizations (q04262, q04269, q04270) were kept as event/past under the present-only gnomic rule -- q04269 is the main flip risk, a bare past-tense maxim with no story-world referent. Dialogue marks survive on q04290 only; q04275 identified as speech via vocative plus imperatives.","100% past / 0% present of 25, situation=retrospective",38,24,0,1,0,24,2,12,0,0
top2019:5871,modern,2019,THE NEW GIRL,Daniel Silva,PAST,PAST,med,retrospective,"Third-person past-tense thriller. 6 event quotes, all past, 0 present. Gnomic bucket is real here (two attributed epigraphs/proverbs, one aphorism, one fragment) but I kept past-tense story-world exposition (q04296, q04302) in event/past per the load-bearing rule. Dialogue marks survive on some quotes and are stripped on others; for q04301/q04303 I used direct address and imperative as the signal.","100% past / 0% present of 7, situation=retrospective",17,6,0,1,0,6,5,5,0,1
top2019:5880,modern,2019,THE NICKEL BOYS,Colson Whitehead,PAST,PAST,high,retrospective,Event narration is predominantly retrospective past tense; the few present-tense event passages do not establish a dual narrating position.,"88% past / 12% present of 43, situation=retrospective",60,37,5,1,0,42,8,8,1,1
top2019:6303,modern,2019,THE SILENT PATIENT,Alex Michaelides,ABSTAIN,UNCLEAR,,unclear,"Event excerpts contain both present narrating-moment reflection and past recounting, but the supplied quote text does not establish a narrating structure that warrants retrospective, simultaneous, or dual.",situation='unclear',50,13,5,1,0,18,7,18,5,2
top2019:6385,modern,2019,THE STARLESS SEA,Erin Morgenstern,PRESENT,PRESENT,high,simultaneous,"The event excerpts are predominantly present-tense, with the few past-tense passages functioning as first-person recollection or a past-framed embedded story moment.","19% past / 81% present of 26, situation=simultaneous",52,4,18,1,3,22,8,22,0,0
top2019:6489,modern,2019,THE TESTAMENTS,Margaret Atwood,PAST,PAST,high,retrospective,"Event excerpts primarily use retrospective first-person narration, with present-tense story-world/frame passages; no supplied excerpt establishes a diary or epistolary dual form.","74% past / 26% present of 27, situation=retrospective",54,16,7,4,0,23,4,26,0,1
top2019:6649,modern,2019,THE WATER DANCER,Ta-Nehisi Coates,PAST,PAST,high,retrospective,"First-person retrospective past narration throughout; the telling-moment surfaces explicitly ('I know now', 'I remember') but never carries the recounting, so retrospective rather than dual. Zero present-tense event quotes. The book's Goodreads page is heavily aphorism-biased: 9 gnomic + 7 dialogue + 1 paratext of 44. Quotation marks are inconsistently preserved on this work page - 5 dialogue calls rest on vocative/direct-address/speech-marker/register signals rather than marks.","100% past / 0% present of 28, situation=retrospective",44,26,0,2,0,26,7,9,1,1
top2019:7020,modern,2019,TWISTED TWENTY-SIX,Janet Evanovich,PAST,PAST,high,retrospective,,"71% past / 29% present of 14, situation=retrospective",22,4,3,6,1,7,12,3,0,0
top2020:33,modern,2020,28 SUMMERS,Elin Hilderbrand,PRESENT,PRESENT,CONFLICT,simultaneous,Present-tense contemporaneous first-person reflection predominates; past event excerpts are recollection or historical exposition.,"39% past / 61% present of 38, situation=simultaneous",80,13,23,2,0,36,4,38,0,2
top2020:259,modern,2020,A TIME FOR MERCY,John Grisham,PAST,PAST,high,retrospective,"Third-person past narration throughout, heavy on courtroom dialogue. Quotation marks survive in most excerpts, so the marks-majority test did the work; the two unmarked advisory passages (q05127 read as speech via vocative, q05134/q05140 read as gnomic maxims) were the only ones needing register judgment. Event evidence is uniform: 11 event quotes, 11 past, 0 present. No present-tense event narration anywhere, and the only present-tense material is aphorism -- exactly the profile the methodology calls near-unfakeable past.","100% past / 0% present of 16, situation=retrospective",23,11,0,5,0,11,9,3,0,0
top2020:414,modern,2020,AMERICAN DIRT,Jeanine Cummins,PRESENT,PRESENT,high,simultaneous,"Third-person present-tense narration following Lydia and Luca; 29 present / 4 past across 33 event quotes (87.9% present). The entire past minority is backstory/recollection - bookshop-and-baby backstory (q04320), a past-perfect hope (q04326), habitual past reading (q04345), and past exposition on a cartel figure (q04346) - so this is a clean present + recollection strand rather than an unexplained split. Unusually heavy paratext leakage: 7 quotes are author's note or acknowledgments, four of them self-labelled on the Goodreads page. Quotation marks survive on the true dialogue quotes, so mark-majority was the deciding signal there. Two abstentions: q04336 (first-person past in a third-person novel, speech vs author's note undecidable) and q04343 (embedded verse).","14% past / 86% present of 36, situation=simultaneous",52,4,29,1,2,33,4,6,7,2
top2020:482,modern,2020,ANXIOUS PEOPLE,Fredrik Backman,PAST,PAST,high,retrospective,,"73% past / 27% present of 15, situation=retrospective",77,9,2,2,2,11,19,45,2,0
top2020:693,modern,2020,BIG SUMMER,Jennifer Weiner,PAST,PAST,high,retrospective,"First-person past-tense retrospective narration by a body-positive blogger. Extremely high gnomic load -- 10 of 24 quotes -- exactly the Goodreads quotability bias, and several are embedded blog-post/speech register that generalizes beyond the story world. Zero present-tense event quotes: every specific-moment quote is past. q04742 is the flagged past-tense gnomic exception (analogy, no story-world referent); q04746 is the main flip-risk bucketing call.","100% past / 0% present of 13, situation=retrospective",24,13,0,0,0,13,0,10,0,1
top2020:740,modern,2020,BLINDSIDE,James Patterson and James O. Born,PAST,PAST,high,retrospective,"First-person past-tense retrospective narration (a cop in NYC), with a third-person past strand (Christoph). Heavy aphorism load -- 7 of 23 quotes are gnomic, the expected Goodreads quotability bias -- but every specific-moment quote but one is past. Quotation marks survive in this book, so the mark-majority test carried the dialogue calls; q05165 is the one unmarked-speech call, made on direct address.","93% past / 7% present of 14, situation=retrospective",23,11,1,2,0,12,3,7,0,1
top2020:1356,modern,2020,DEAR EDWARD,Ann Napolitano,PRESENT,PRESENT,high,simultaneous,"Third-person present-tense narration across multiple focalizers; 12 of 14 event quotes present. The two past quotes (q04934, q04958) read as recollection/backstory rather than a competing narrative line. Quotation marks are stripped from many quotes on this work page, so dialogue was identified by vocatives ('Edward', 'Eddie', 'son', 'Edward Adler'), second-person direct address, and imperative/speech register. Two epigraphs with external attributions (Pema Chodron, George Eliot) filed as paratext. Flip risk: q04957.","10% past / 90% present of 20, situation=simultaneous",43,2,12,0,6,14,16,11,2,0
top2020:1718,modern,2020,FAIR WARNING,Michael Connelly,PAST,PAST,high,retrospective,"Predominantly first-person retrospective past narration, with at least one third-person past strand (q05098). 8 event quotes, 8/8 past, no present event-narration anywhere in the set. The gnomic quotes are all timeless-present aphorism, the expected Goodreads quotability bias, and none of them is present-tense event narration.","100% past / 0% present of 9, situation=retrospective",16,8,0,1,0,8,2,5,0,1
top2020:2357,modern,2020,IF IT BLEEDS,Stephen King,OTHER,DUAL,high,dual,"Two distinct narrating stances coexist in the quote set, and they do not look like one narrator's two time positions. Strand A: first-person retrospective past, age-anchored ('even at thirteen I had my doubts'), oriented on a character called Mr. Harrigan (q04520, q04526, q04530, q04534, q04538, q04540). Strand B: third-person simultaneous present about an unnamed 'she' (q04537, q04541), with no overlap of persons or referents with Strand A. This reads as a multi-strand or multi-story volume rather than a diary/epistolary dual. Heavy gnomic contamination: 11 of 25 quotes are aphorism or essayistic generalization, exactly the quotability bias METHODOLOGY warns about; a two-bucket filter would have read most of them as present-tense evidence. Quotation marks survive on only one quote (q04522), so dialogue was assigned from vocatives ('kiddo', 'Craig'), imperatives, and second-person direct address. Event yield 9 of 25: 6 past / 3 present. All 3 present-event quotes are load-bearing and are flagged individually.","70% past / 30% present of 10, situation=dual",25,6,3,1,0,9,4,11,0,1
top2020:2385,modern,2020,IN FIVE YEARS,Rebecca Serle,PRESENT,PRESENT,CONFLICT,simultaneous,"First-person present-tense narration ('sitting here at my desk, I realize', 'I look out on that view') with a clear past recollection strand -- every past event quote is memory or backstory (q05106 'I used to think', q05113 'I was young', q05121 a remembered trip with a friend, q05122 'When I first moved to the city'). Not diary/epistolary: no dates, salutations, or entry structure, so simultaneous rather than dual. Quotation marks survive in only 1 of 5 dialogue quotes; the rest were identified by direct address, vocative, imperative, or an explicit speech tag. 12 event quotes, 8 present / 4 past (66.7% present).","38% past / 62% present of 13, situation=simultaneous",24,4,8,1,0,12,5,6,0,1
top2020:2978,modern,2020,MEXICAN GOTHIC,Silvia Moreno-Garcia,PAST,PAST,high,retrospective,"Third-person past narration centered on a single focalizing character, with heavy free indirect discourse. The free indirect passages generalize a great deal (marriage, women, dreams) but do so in past tense/past-modal, so they are event/past per the present-only gnomic rule rather than gnomic. Quotation marks survive in only 2 of 10 dialogue quotes; the rest were identified by vocative, second-person address, imperative, or first-person voice inside a third-person narrative. 10 event quotes, 10/10 past.","100% past / 0% present of 11, situation=retrospective",24,10,0,1,0,10,10,4,0,0
top2020:4361,modern,2020,SUCH A FUN AGE,Kiley Reid,PAST,PAST,high,retrospective,"Clean third-person past narration centred on Emira, with Alix/Alex, Briar and Kelley as recurring figures. Event yield is high (14 of 25) and unanimously past — no present-tense narration survives once dialogue is separated out, which is the near-unfakeable evidence pattern METHODOLOGY describes for past. Unusually low gnomic contamination for this source: only 1 of 25. Quotation marks survive on 5 quotes (some degraded to single apostrophes by the scrape), so the remaining dialogue was assigned from direct address, vocative-free second person, imperatives, and colloquial spoken register. Several quotes mix speech and narration and were resolved by word-count on the quotation-mark majority rule: q04570, q04572 and q04573 fall clearly to event; q04575 is a 20-to-19 near-tie awarded to dialogue and is the one genuine flip risk, though flipping it would only add another past event quote. Every present-tense verb in the set sits inside speech, free direct thought, an embedded generalization (q04574), or the abstained fragment q04577.","100% past / 0% present of 18, situation=retrospective",25,14,0,4,0,14,9,1,0,1
top2020:4687,modern,2020,THE BOOK OF LONGINGS,Sue Monk Kidd,PAST,PAST,high,retrospective,"First-person retrospective narration, clean past-tense event core (18 past / 2 present). Quotation marks survive on only 3 quotes, so dialogue was identified mainly by vocatives ('Ana', 'Lucian'), direct address, and speech markers ('what I speak of', 'You said'); recorded per quote. Heavy aphorism load (11 gnomic) is exactly the quotability bias METHODOLOGY warns about. The two present event quotes (q05326, q05328) are narrating-present commentary by the retrospective narrator, not a simultaneous strand. q05346 discarded as author's note.","90% past / 10% present of 21, situation=retrospective",48,18,2,1,0,20,16,11,1,0
top2020:4688,modern,2020,THE BOOK OF LOST FRIENDS,Lisa Wingate,PRESENT,PRESENT,high,simultaneous,"First-person present-tense narration in both visible strands: the contemporary teacher/librarian voice (q05384, q05387, q05388, q05396) and the dialect strand (q05392 'She shows me... I sit down... I whisper'; q05376 'Mama's voice whispers in my head'). Event split is 10 present / 2 past, and both past quotes (q05370, q05379) are backstory/memory about books and the narrator's foster family -- a recollection strand, not a second narrating position, so simultaneous rather than dual. 83% present lands in the 80-85% band METHODOLOGY.md flags for audit. Heavy gnomic load (12 of 31) is exactly the aphorism bias the source is known for. Marks survive in this book's dialogue quotes, which I used as evidence against reading unmarked generalizations as speech.","21% past / 79% present of 14, situation=simultaneous",31,2,10,1,1,12,3,12,1,3
top2020:4691,modern,2020,THE BOOK OF TWO WAYS,Jodi Picoult,PRESENT,PRESENT,CONFLICT,simultaneous,Present event narration is paired with a past recollection/backstory strand; no overall book label calculated.,"43% past / 57% present of 23, situation=simultaneous",72,10,9,0,4,19,13,39,0,1
top2020:4710,modern,2020,THE BOY FROM THE WOODS,Harlan Coben,PAST,PAST,med,retrospective,"Third-person past narration. Heavily aphoristic quote set (8/16 gnomic) -- typical Goodreads quotability bias. All 5 event quotes are past, unanimous. Two past-tense gnomic calls (q05069, q05073) flagged as the contested analogy exception; if both were reclassified as event/past the book stays 7/7 past, so they carry no flip risk.","100% past / 0% present of 6, situation=retrospective",16,5,0,1,0,5,3,8,0,0
top2020:5075,modern,2020,THE EVENING AND THE MORNING,Ken Follett,PAST,PAST,high,retrospective,"Third-person past-tense historical epic with heavy expository narration about the period setting. 15 event quotes, all past, none present -- no present-tense narration anywhere in the sample. Quotation marks survive on nearly every speech quote; only q04773 needed a register/direct-address call. Two abstentions (q04762, q04766) are past-tense generalizations that fit neither event nor the present-only gnomic bucket; both flagged rather than forced. Neither abstention nor the q04765/q04774 flip risks affect the past/present split, which is 15/0.","100% past / 0% present of 19, situation=retrospective",22,15,0,4,0,15,5,0,0,2
top2020:5345,modern,2020,THE GUEST LIST,Lucy Foley,PRESENT,PRESENT,high,simultaneous,"Event narration is predominantly story-specific present tense, with past-tense recollections; no dual writing-position form is evident in the supplied excerpts.","24% past / 76% present of 66, situation=simultaneous",82,16,41,0,9,57,16,7,0,2
top2020:5488,modern,2020,THE INVISIBLE LIFE OF ADDIE LARUE,V.E. Schwab,PRESENT,PRESENT,high,simultaneous,Present-tense story-moment narration predominates among event excerpts. Past event excerpts are recollective or historical passages; gnomic excerpts were excluded from that assessment.,"24% past / 76% present of 42, situation=simultaneous",78,8,23,2,9,31,17,30,0,0
top2020:5804,modern,2020,THE MIRROR & THE LIGHT,Hilary Mantel,PRESENT,PRESENT,high,simultaneous,"Classified solely from supplied excerpts. Event narration is predominantly present, with three past recollection/scene passages; dialogue beats are also predominantly present.","8% past / 92% present of 49, situation=simultaneous",79,3,33,1,12,36,14,26,0,3
top2020:5938,modern,2020,THE ORDER,Daniel Silva,PAST,PAST,manual,retrospective,"Yield is zero event-narration: the page is dominated by a long author's note on real church history (14 paratext) plus dialogue (9) and two aphorisms. The only narration present sits inside dialogue quotes as past-tense third-person beats ('The bells of Assisi tolled two o'clock before Father Jordan could answer', 'She looked up', 'He rose and extended his hand'), which is the basis for the retrospective read. Insufficient event-narration for a tense label from this page.",Manual review 2026-08-16: user-directed final label override.,25,0,0,4,0,0,9,2,14,0
top2020:6126,modern,2020,THE RETURN,Nicholas Sparks,PAST,PAST,high,retrospective,"First-person retrospective narrator (attributions name Trevor Benson) recounting past events in past tense, punctuated by narrating-moment present commentary and heavy aphorism. Quotation marks survive in this book (q04902, q04912, q04921), so unmarked advisory passages were bucketed on register/generality rather than assumed to be dialogue -- that decision drives most of the large gnomic count. Event split 7 past / 2 present; both present event quotes (q04904, q04920) are the narrating present of a retrospective teller, not simultaneous narration, so the retrospective reading holds independent of the counts.","80% past / 20% present of 10, situation=retrospective",23,7,2,1,0,9,2,10,0,2
top2020:6216,modern,2020,THE SEARCHER,Tana French,PRESENT,PRESENT,high,simultaneous,"Close third-person present-tense narration focalized through Cal. 30 event quotes, 25 present / 5 past (83.3% present) — lands in the 80-85% audit band flagged in METHODOLOGY.md. All five past quotes (q05183, q05186, q05204, q05210, q05211) trace to one strand: Cal's Chicago police backstory, i.e. a recollection strand rather than a competing narrative line. Quotation marks are stripped from several speech quotes on this work page; those were identified by first-person/second-person address, explicit speech markers ('what I'm saying to you is'), and Hiberno-English/colloquial register, and are noted individually. q05207 is an embedded song lyric, filed unclear as verse. Flip risks: q05197 (opens gnomic, closes on Cal's present state) and q05182/q05179 (generalizing content held inside present-tense thought tags — if reclassified gnomic the present count drops but the past count is unaffected, so the label direction is stable).","15% past / 85% present of 34, situation=simultaneous",43,5,25,0,4,30,11,1,0,1
top2020:6601,modern,2020,THE VANISHING HALF,Brit Bennett,PAST,PAST,high,retrospective,"39 event-narration quotes, all past. Story-world exposition and character-specific iterative states are retained as event narration; narrated action and all recorded dialogue beats are past.","100% past / 0% present of 47, situation=retrospective",71,39,0,8,0,39,11,21,0,0
top2020:7161,modern,2020,WALK THE WIRE,David Baldacci,PAST,PAST,high,retrospective,"Third-person past-tense commercial thriller. Dialogue-heavy sample (10 of 19). All 5 event quotes past, none present. Quotation marks survive on most quotes; where absent I used vocatives, direct address and reply register (q04790, q04794, q04802). Flip risk: q04802 is a strong aphorism that would read gnomic without the vocative, and q04800/q04793 could each be unmarked speech rather than narration -- but both are past-tense either way, so neither moves the past/present split.","100% past / 0% present of 10, situation=retrospective",19,5,0,5,0,5,10,3,0,1
top2021:A COURT OF SILVER FLAMES|Sarah J. Maas,modern,2021,A COURT OF SILVER FLAMES,Sarah J. Maas,PAST,PAST,high,retrospective,"Third-person past narration with heavy free indirect discourse. Quotation marks survive on roughly half the quotes; on the rest the excerpt is bare speech, identified by vocative/direct-address/register per the marks-absent rule. Every event quote is past, with zero present-tense narration once dialogue and one fragment are excluded. Only gnomic candidate is q06532, a verbless fragment. q06509 is a dedication (paratext). q06516 is the one quote whose bucket could flip and is the sole potential source of present-tense evidence in the book.","100% past / 0% present of 17, situation=retrospective",26,11,0,6,0,11,13,1,1,0
top2021:APPLES NEVER FALL|Liane Moriarty,modern,2021,APPLES NEVER FALL,Liane Moriarty,PAST,PAST,high,retrospective,"Third-person past narration with heavy free indirect discourse across several POV characters. Main hazard: FID produces many aphorism-shaped lines, but most sit in a past-tense frame ('That was the secret of a happy marriage') and are event/past per the gnomic-is-present-only rule; only genuinely present-tense universals were bucketed gnomic. Unmarked speech is common on this work page -- where quote marks were absent I used vocatives, direct address, imperatives and first-person pronouns as the signal (q06113, q06125, q06139). q06100 is the single present-tense event quote and the only flip-risk item.","99% past / 1% present of 67, situation=retrospective",80,61,1,5,0,62,9,9,0,0
"top2021:BEAUTIFUL WORLD, WHERE ARE YOU|Sally Rooney",modern,2021,"BEAUTIFUL WORLD, WHERE ARE YOU",Sally Rooney,OTHER,DUAL,high,dual,Classified solely from supplied excerpts. The quoted diary and email-writing frames support a dual writing-moment/recollection narrating situation; no overall tense label calculated.,"40% past / 60% present of 47, situation=dual",68,14,28,5,0,42,10,16,0,0
top2021:BILLY SUMMERS|Stephen King,modern,2021,BILLY SUMMERS,Stephen King,PRESENT,PRESENT,high,simultaneous,"Dominant stance is third-person present-tense narration of a named character (Billy), including present-tense thought reports. The past minority is not noise: q05618 and q05621 are first-person past recollection in a plainer, misspelled-register voice ('2 kinds of people', 'By then I was a teenager'), and q05617/q05632 share that first-person voice - an identifiable embedded first-person memoir strand written by the character, matching the Cloud Cuckoo Land embedded-strand precedent. Quotation marks survive in this book (q05627, q05647), so mark-majority was the primary dialogue signal; for q05620, q05649, q05652 and q05658 marks were absent and direct address, toast formula, speaker labels and register were used instead, as recorded per quote. Gnomic was applied only to present-tense material generalizing beyond the story world - real-world expository facts (q05645, q05650) and aphorisms - never to past-tense summary. Borderline: q05632 mixes a present generalization with a past story-world reference ('the kind we gave him'); if read as event/past it would double the past count.","9% past / 91% present of 22, situation=simultaneous",44,2,18,0,2,20,5,18,1,0
top2021:CALL US WHAT WE CARRY|Amanda Gorman,modern,2021,CALL US WHAT WE CARRY,Amanda Gorman,OTHER,EXCLUDED-verse,,unclear,"Poetry collection, not prose fiction. All 26 quotes are lineated verse (line breaks mid-sentence, end rhyme, anaphora: ""even as we grieved, we grew""). Per spec, verse quotes are all unclear and the book yields no event-narration evidence. Collective first-person ""we"" throughout, present/future-oriented address rather than a narrating situation. q06267 is the one prose-set passage (documentary past-tense exposition about the 1918 influenza) and is the only plausible event/past candidate; q06249 and q06263 are duplicate excerpts of the same passage.",not prose fiction,26,0,0,0,0,0,0,0,0,26
top2021:CLOUD CUCKOO LAND|Anthony Doerr,modern,2021,CLOUD CUCKOO LAND,Anthony Doerr,PRESENT,PRESENT,high,simultaneous,Specific-character event passages are predominantly present-tense; the past passages are recollection or embedded material.,"19% past / 81% present of 36, situation=simultaneous",69,6,17,1,12,23,21,23,0,2
top2021:GO TELL THE BEES THAT I AM GONE|Diana Gabaldon,modern,2021,GO TELL THE BEES THAT I AM GONE,Diana Gabaldon,PAST,PAST,high,retrospective,"9 event quotes, all past: first-person past ('I nodded', 'I just stood there', 'Meals were') alternating with third-person past strand ('He had a dim memory', 'He didn't know whether to laugh'). No present-tense event narration anywhere. All 6 gnomic quotes are present-tense second-person universals or aphorisms -- exactly the aphoristic contamination the gnomic bucket exists to catch; q06228 is the largest flip risk. Heavy dialogue share (10/25); several marked by vocative/Scots dialect where Goodreads stripped the quotation marks.","100% past / 0% present of 17, situation=retrospective",25,9,0,8,0,9,10,6,0,0
top2021:GOLDEN GIRL|Elin Hilderbrand,modern,2021,GOLDEN GIRL,Elin Hilderbrand,PRESENT,PRESENT,CONFLICT,simultaneous,Present-time story-specific narration is accompanied by past recollection and exposition about Vivi; no overall book label calculated.,"38% past / 62% present of 13, situation=simultaneous",20,5,6,0,2,11,3,5,0,1
top2021:HARLEM SHUFFLE|Colson Whitehead,modern,2021,HARLEM SHUFFLE,Colson Whitehead,PAST,PAST,high,retrospective,,"98% past / 2% present of 55, situation=retrospective",73,48,1,6,0,49,10,14,0,0
top2021:KLARA AND THE SUN|Kazuo Ishiguro,modern,2021,KLARA AND THE SUN,Kazuo Ishiguro,PAST,PAST,high,retrospective,,"86% past / 14% present of 36, situation=retrospective",61,24,4,7,1,28,31,1,0,1
top2021:MALIBU RISING|Taylor Jenkins Reid,modern,2021,MALIBU RISING,Taylor Jenkins Reid,PAST,PAST,high,retrospective,,"96% past / 4% present of 48, situation=retrospective",69,42,2,4,0,44,4,15,0,6
top2021:PROJECT HAIL MARY|Andy Weir,modern,2021,PROJECT HAIL MARY,Andy Weir,PRESENT,PRESENT,high,simultaneous,"Event narration is predominantly present in the supplied excerpts, with a distinct past-tense Earth/backstory strand. Dialogue beats also divide by strand (present in the immediate mission narrative; past in recalled Earth scenes).","20% past / 80% present of 56, situation=simultaneous",79,6,28,5,17,34,29,16,0,0
top2021:STATE OF TERROR|Hillary Rodham Clinton and Lou,modern,2021,STATE OF TERROR,Hillary Rodham Clinton and Louise Penny,PAST,PAST,high,retrospective,"The supplied event-narration excerpts are past tense. The present-tense material is dialogue, gnomic, or paratext, apart from one present dialogue beat.","89% past / 11% present of 9, situation=retrospective",20,8,0,0,1,8,6,3,2,1
top2021:THE CELLIST|Daniel Silva,modern,2021,THE CELLIST,Daniel Silva,PAST,PAST,high,retrospective,The usable event-narration excerpts are overwhelmingly retrospective past; q06560 is a present-tense story-specific contemporary state.,"92% past / 8% present of 13, situation=retrospective",22,12,1,0,0,13,1,2,3,3
top2021:THE FOUR WINDS|Kristin Hannah,modern,2021,THE FOUR WINDS,Kristin Hannah,PAST,PAST,high,retrospective,"Third-person past narration centered on Elsa, heavy free indirect discourse. Quote set is aphorism-loaded (Goodreads bias): 5 gnomic, 6 unmarked-dialogue, 1 epigraph. Quotation marks survive in only one quote (q05541), so dialogue was identified by vocative/direct-address/speech-marker/register per spec. Three past-tense maxims (q05522, q05531, q05535) were filed event/past rather than gnomic per the present-only gnomic rule -- flagged since they generalize beyond the story world. Event split 12 past / 1 present; the single present event (q05526) is first-person and may belong to a distinct first-person strand, but nothing in the quote text confirms a frame.","92% past / 8% present of 13, situation=retrospective",25,12,1,0,0,13,6,5,1,0
top2021:THE HILL WE CLIMB|Amanda Gorman,modern,2021,THE HILL WE CLIMB,Amanda Gorman,OTHER,EXCLUDED-verse,,unclear,"All 16 quotes are lineated verse (rhyme, anaphora, line breaks mid-sentence). Per spec, poetry -> all unclear, no tense. No prose fiction narration present; no usable event-narration.",not prose fiction,16,0,0,0,0,0,0,0,0,16
top2021:THE JUDGE'S LIST|John Grisham,modern,2021,THE JUDGE'S LIST,John Grisham,PAST,PAST,high,retrospective,"Third-person past-tense thriller narration; 11 event quotes, all past, no present event-narration at all. Quotation marks survive only intermittently in this excerpt set (present in q05677/q05680, absent in six other clearly spoken quotes), so dialogue was identified via vocatives, direct address, first/second person deixis and colloquial register where marks were missing. Two gnomic quotes: q05667 is a free-standing maxim; q05671 is the flip-risk case, a present-tense universal introduced by a past frame clause.","100% past / 0% present of 12, situation=retrospective",22,11,0,1,0,11,9,2,0,0
top2021:THE LAST THING HE TOLD ME|Laura Dave,modern,2021,THE LAST THING HE TOLD ME,Laura Dave,PRESENT,PRESENT,CONFLICT,simultaneous,Story-specific event excerpts predominantly use present-tense narration; past excerpts are recollection or summary.,"44% past / 56% present of 25, situation=simultaneous",52,8,13,3,1,21,6,17,6,2
top2021:THE LINCOLN HIGHWAY|Amor Towles,modern,2021,THE LINCOLN HIGHWAY,Amor Towles,PAST,PAST,high,retrospective,Based only on the supplied excerpts: 15 event-narration quotes are past and none are present. The excerpts support a retrospective narrating situation; dialogue beats are also chiefly past where present.,"95% past / 5% present of 19, situation=retrospective",58,15,0,3,1,15,15,23,0,5
top2021:THE LOST APOTHECARY|Sarah Penner,modern,2021,THE LOST APOTHECARY,Sarah Penner,PAST,PAST,high,retrospective,"First-person past-tense retrospective narration throughout; 15/15 event quotes past, zero present event-narration. Heavy aphoristic contamination typical of Goodreads (8 gnomic of 25), all genuinely present-tense generalizations beyond the story world. Quotation marks survive in this book (q06485, q06505), so mark-absence was treated as evidence against dialogue; q06484 is the one quote where that call could go the other way. q06504 and q06495 are the mixed-tense/modal edge cases and are flagged in-note.","100% past / 0% present of 17, situation=retrospective",25,15,0,2,0,15,2,8,0,0
top2021:THE MAIDENS|Alex Michaelides,modern,2021,THE MAIDENS,Alex Michaelides,PAST,PAST,high,retrospective,"Event narration is overwhelmingly past-tense, with two first-person present reflections. No supplied evidence establishes a simultaneous or dual narrating structure.","95% past / 5% present of 37, situation=retrospective",57,30,2,5,0,32,11,7,5,2
top2021:THE PAPER PALACE|Miranda Cowley Heller,modern,2021,THE PAPER PALACE,Miranda Cowley Heller,PRESENT,PRESENT,high,simultaneous,"First-person present-tense narration throughout, with a past recollection strand (q06002 remembered exchange, q06017 childhood summers, q06020 remembered scene with the mother, q06031 habitual backstory, q06030 a set-off third-person passage). 27 event quotes, 22 present / 5 past = 81.5% present, which lands in the 80-85% audit band flagged in METHODOLOGY.md; the past minority traces cleanly to memory/backstory, so this reads as 'Present + recollection strand' rather than an unexplained split. Not dual: nothing indicates diary or epistolary form. Quotation marks survive well in this book, so the mark-majority test carried most dialogue calls; q05999, q06024 and q06028 had no marks and were judged on vocative/imperative/direct-address signals. q06011 is verse. Two Ukrainian quotes and one Shelley epigraph discarded as paratext.","17% past / 83% present of 30, situation=simultaneous",47,5,22,0,3,27,8,7,3,2
top2021:THE STRANGER IN THE LIFEBOAT|Mitch Albom,modern,2021,THE STRANGER IN THE LIFEBOAT,Mitch Albom,PAST,PAST,high,retrospective,"Event narration is sparse (4 quotes: 2 past, 2 present). The past events are retrospective recollections, while the present events are narrator reflection/current state; no supplied excerpt establishes a dual writing position or independent simultaneous strand.","75% past / 25% present of 8, situation=retrospective",22,2,2,4,0,4,9,7,0,2
top2021:THE WISH|Nicholas Sparks,modern,2021,THE WISH,Nicholas Sparks,PAST,PAST,high,retrospective,Classified solely from the supplied excerpts.,"100% past / 0% present of 29, situation=retrospective",48,25,0,4,0,25,14,8,0,1
top2021:WIN|Harlan Coben,modern,2021,WIN,Harlan Coben,PRESENT,PRESENT,high,simultaneous,"First-person narrator, heavily aphoristic (9 of 18 quotes are gnomic -- this source is maximally biased for this book). Scene narration that survives is present tense: 'I ask', 'I say', 'I tell him', 'Sadie leans forward'. Past strand is backstory/exposition (childhood golf with father) and a reported press conference. Only 7 event quotes, below the >=8 present bar; 5 present / 2 past. Flip-risk quotes q06543 and q06549 -- both event/present calls that could read gnomic; if both flipped, event count drops to 5 with 3 present / 2 past.","22% past / 78% present of 9, situation=simultaneous",18,2,5,0,2,7,2,9,0,0
top2021:WISH YOU WERE HERE|Jodi Picoult,modern,2021,WISH YOU WERE HERE,Jodi Picoult,PRESENT,PRESENT,high,simultaneous,"Event narration is chiefly present-tense (18 present, 5 past). The past excerpts are recollection or historical exposition; visible dialogue beats are present-tense.","16% past / 84% present of 32, situation=simultaneous",63,5,19,0,8,24,11,26,1,1
top2022:ALL GOOD PEOPLE HERE|Ashley Flowers with Alex Kiest,modern,2022,ALL GOOD PEOPLE HERE,Ashley Flowers with Alex Kiester,PAST,PAST,high,retrospective,,"100% past / 0% present of 37, situation=retrospective",48,34,0,3,0,34,14,0,0,0
top2022:BABEL|R.F. Kuang,modern,2022,BABEL,R.F. Kuang,PAST,PAST,high,retrospective,"Event-narration evidence is consistently past-tense; present-tense generalizations were classified as gnomic, and dialogue beats corroborate retrospective narration.","100% past / 0% present of 40, situation=retrospective",78,27,0,13,0,27,28,21,2,0
top2022:DEMON COPPERHEAD|Barbara Kingsolver,modern,2022,DEMON COPPERHEAD,Barbara Kingsolver,PAST,PAST,high,retrospective,,"80% past / 20% present of 40, situation=retrospective",76,32,8,0,0,40,1,33,2,0
top2022:DREAMLAND|Nicholas Sparks,modern,2022,DREAMLAND,Nicholas Sparks,PAST,PAST,high,retrospective,"First-person retrospective narrator plus a third-person past strand (q07095, q07101). All six event quotes are past. The present-tense material is uniformly narrating-I commentary and aphorism -- the classic gnomic contamination this method guards against -- not simultaneous narration. Signal used for dialogue calls: quotation-mark majority (marks survive well in this book's quotes).","100% past / 0% present of 8, situation=retrospective",15,6,0,2,0,6,2,6,0,1
top2022:FAIRY TALE|Stephen King,modern,2022,FAIRY TALE,Stephen King,PAST,PAST,med,retrospective,"Heavily aphoristic page-1 harvest: 16 of 24 gnomic. Only 6 event quotes (4 past / 2 present). Retrospective first-person is well evidenced by q06887, q06891, q06880 and the 'Here is something I learned in Empis' frame in q06878. Both present event quotes (q06877, q06881) are narratorial/interior present inside that retrospective frame rather than simultaneous narration, so the 67% past split understates the retrospective read; narrating_situation judged holistically, not from the counts. Quotation marks survived in only q06887 and q06888, so unmarked-speech candidates were judged by vocative/direct address (q06872 = dialogue) and abstained from elsewhere.","67% past / 33% present of 6, situation=retrospective",24,4,2,0,0,6,1,16,1,0
top2022:HORSE|Geraldine Brooks,modern,2022,HORSE,Geraldine Brooks,PAST,PAST,high,retrospective,Classified solely from the supplied excerpts. No overall book label calculated.,"85% past / 15% present of 33, situation=retrospective",51,21,5,7,0,26,18,5,1,1
top2022:HOUSE OF SKY AND BREATH|Sarah J. Maas,modern,2022,HOUSE OF SKY AND BREATH,Sarah J. Maas,PAST,PAST,high,retrospective,"Third-person past narration throughout; all 8 event quotes are past, no present event-narration. Heavy dialogue share (13/25) and Goodreads has stripped quotation marks from most of it -- those were bucketed on vocatives, second-person address, and speech-act register rather than marks. 3 gnomic aphorisms plus 1 verbless fragment. q07487 is the only bucket that could flip on a recount.","100% past / 0% present of 11, situation=retrospective",25,8,0,3,0,8,13,4,0,0
top2022:LESSONS IN CHEMISTRY|Bonnie Garmus,modern,2022,LESSONS IN CHEMISTRY,Bonnie Garmus,PAST,PAST,high,retrospective,"Classified only from the supplied excerpts. Event narration is predominantly retrospective, with one supplied present-tense first-person reflection.","98% past / 2% present of 43, situation=retrospective",74,24,1,18,0,25,33,15,0,1
top2022:MAD HONEY|Jodi Picoult and Jennifer Finn,modern,2022,MAD HONEY,Jodi Picoult and Jennifer Finney Boylan,PRESENT,PRESENT,high,simultaneous,"Classification uses only the supplied quote text. Event passages predominantly use a present-tense writing moment, with several clearly marked retrospective recollections; no supplied-text evidence establishes a dual-form structure.","18% past / 82% present of 33, situation=simultaneous",70,6,23,0,4,29,7,28,3,3
top2022:ONE ITALIAN SUMMER|Rebecca Serle,modern,2022,ONE ITALIAN SUMMER,Rebecca Serle,PRESENT,PRESENT,high,simultaneous,,"34% past / 66% present of 35, situation=simultaneous",57,11,18,1,5,29,9,17,1,1
top2022:OUR MISSING HEARTS|Celeste Ng,modern,2022,OUR MISSING HEARTS,Celeste Ng,OTHER,DUAL,high,dual,"Quotation marks appear to be absent from this book's dialogue entirely -- every speech quote here relies on speech tags ('she says'), direct address, tag questions and register rather than marks. Two distinct strands are visible in the quote text: a present-tense close-third strand around a male character ('He wonders', 'he is unremarkable', 'Today it strikes Bird'), and a past-tense first-person address strand from a woman to a child ('Why did I tell you so many stories?', 'When you were born, your father wanted you to have my name'), plus past-tense retrospective summary. The past minority is therefore structural (an embedded address/recollection strand), not noise. Gnomic bucket kept strictly present-tense: q07443 is past-tense generalization about the story world and was filed event/past, not gnomic. q07448 reads as essayistic real-world commentary and could be an author's note leaking from the work page; filed gnomic rather than paratext since nothing in the text marks it as front/back matter, and it is non-diagnostic either way.","35% past / 65% present of 17, situation=dual",24,6,8,0,3,14,4,6,0,0
top2022:PORTRAIT OF AN UNKNOWN WOMAN|Daniel Silva,modern,2022,PORTRAIT OF AN UNKNOWN WOMAN,Daniel Silva,PAST,PAST,manual,retrospective,"Quote page is overwhelmingly dialogue and quips -- only 2 event-narration quotes, both clean third-person past. Below the >=5 event threshold, so likely INSUFFICIENT; threshold call is label.py's. Mark survival is poor in this book (marks present in only 3 of 15), so dialogue calls on q07621-q07629 rest on vocatives, direct address, imperatives, Goodreads character attributions, and register, recorded per quote. No present-tense event narration found; the two gnomic quotes are essayistic generalization about the real world.",Manual review 2026-08-16: user-directed final label override.,15,2,0,2,0,2,11,2,0,0
top2022:REMARKABLY BRIGHT CREATURES|Shelby Van Pelt,modern,2022,REMARKABLY BRIGHT CREATURES,Shelby Van Pelt,PRESENT,PRESENT,high,simultaneous,,"27% past / 73% present of 41, situation=simultaneous",64,11,25,0,5,36,8,20,0,0
"top2022:RUN, ROSE, RUN|Dolly Parton and James Patters",modern,2022,"RUN, ROSE, RUN",Dolly Parton and James Patterson,PAST,PAST,high,retrospective,"Third-person past narration about a country songwriter. 7 of 23 quotes are song lyric and were abstained as verse per the poetry rule, including three lyric quotes carrying a small narrative tag ('She sang again') where verse still held the word majority. Quotation marks survive only in q07082; other speech calls rested on direct address and register, recorded per quote. Event quotes are 9/9 past with no present event-narration. Main flip risk is the q07068/q07069/q07070 cluster of past-tense narratorial generalizations, filed event/past under the present-only gnomic rule -- a loose gnomic reading would move three of nine event quotes and thin the evidence base.","100% past / 0% present of 10, situation=retrospective",23,9,0,1,0,9,3,3,1,7
top2022:SEA OF TRANQUILITY|Emily St,modern,2022,SEA OF TRANQUILITY,Emily St,PAST,PAST,manual,unclear,"Heavily aphoristic quote set: 15 of 26 are gnomic (present-tense generalization about pandemics, time, apocalypse, second-person universals), which is exactly the false-present bias METHODOLOGY warns about. Only 6 event quotes, 4 past / 2 present. The past ones are third-person narration of named characters (Olive, Jessica, an unnamed 'she'); the present ones are a first-person reflective voice ('I've been thinking... lately') and a present-tense character state for Edwin. That pattern suggests multiple strands narrated in different tenses rather than one stance, but 6 event quotes is too thin to call which dominates, so narrating_situation is unclear rather than retrospective. Quotation marks survive on ~5 quotes; several unmarked essayistic passages (q07568, q07578, q07581, q07582) carry speech markers and panel/lectern framing elsewhere in the set, so they may be stripped-mark dialogue -- bucketed gnomic on content, noted individually. No non-English or paratext quotes; no verse.",Manual review 2026-08-16: user-directed final label override.,26,4,2,4,0,6,5,15,0,0
top2022:THE 6:20 MAN|David Baldacci,modern,2022,THE 6:20 MAN,David Baldacci,PAST,PAST,high,retrospective,"Third-person past thriller narration. Heavy aphorism load (6 gnomic of 17) typical of the Goodreads source. Event quotes 6/6 past, no present event-narration at all. Quotation marks survive in this book's quotes, so mark-majority drove the dialogue calls; two unmarked quotes (q07238, q07246) were called dialogue on vocative evidence. q07250 is the one flip-risk: habitual past second-person that a loose gnomic test would misfile.","100% past / 0% present of 8, situation=retrospective",17,6,0,2,0,6,5,6,0,0
top2022:THE BOYS FROM BILOXI|John Grisham,modern,2022,THE BOYS FROM BILOXI,John Grisham,PAST,PAST,high,retrospective,"Uniformly past-tense third-person retrospective narration; no present-tense event quote anywhere in the set. The single gnomic (q07049) is a genuine present-tense aphorism about lawyers in general. Careful not to over-assign gnomic: q07053, q07054, q07056, q07062 are past-tense exposition/summary/metaphor about the story world and are event/past per the load-bearing rule. Quotation marks survive in most quotes; q07058 and q07059 lost theirs and were called on direct address and colloquial register. q07051 is the only close call at 28/24 words, and it cannot flip the book.","100% past / 0% present of 13, situation=retrospective",17,12,0,1,0,12,4,1,0,0
top2022:THE HOTEL NANTUCKET|Elin Hilderbrand,modern,2022,THE HOTEL NANTUCKET,Elin Hilderbrand,PRESENT,PRESENT,high,simultaneous,"Present-tense third-person narration is the base: 'Lizbet changes the subject', 'He uses air quotes', 'He pumps a fist', and present-tense dialogue tags ('she says', 'Magda says') throughout. Lone past event quote (q07232) is a character-backstory recollection strand embedded in a present frame -- structural, not a competing base tense. Dialogue calls all made on quotation-mark majority; marks survive intact in this book. q07228 is authorial travel-guide back matter leaking onto the work page. 5 event quotes = at the floor, so q07231 (abstained) and q07233 (soft present) are the flip-risk pair.","11% past / 89% present of 9, situation=simultaneous",16,1,4,0,4,5,4,4,1,2
top2022:THE IT GIRL|Ruth Ware,modern,2022,THE IT GIRL,Ruth Ware,OTHER,DUAL,high,dual,"Third-person throughout. Two narrating positions coexist: a simultaneous present strand around Hannah (q07598, 07610, 07611, 07613, 07614, 07615, 07616) and a retrospective past strand set in the college timeline with April, John Neville, term starting, formal events (q07600, 07604, 07605, 07612). Not diary/epistolary -- a then/now dual-timeline split, so the past minority is structural rather than noise. 13 event quotes: 9 present / 4 past (69% present), which falls short of the 85% present bar and even the 70-85% 'present + recollection strand' row; the past strand is a separate narrated timeline, not memory inside the present strand, so this is the 'mixed -- strand' shape. Gnomic bucket is heavy (6/23) exactly as the methodology predicts for a quotable, bookish novel. q07594 is the one judgment I would want audited: past-tense generalization about how books work, kept gnomic under the no-story-world-referent exception; flipping it to event/past would make the split 5 past / 9 present.","31% past / 69% present of 13, situation=dual",23,4,9,0,0,13,3,6,0,1
top2022:THE MAID|Nita Prose,modern,2022,THE MAID,Nita Prose,PRESENT,PRESENT,high,simultaneous,"Event narration is predominantly present-tense, with two past-tense event passages and no evidence in these excerpts of a distinct retrospective strand.","15% past / 85% present of 34, situation=simultaneous",59,2,29,3,0,31,4,23,1,0
top2022:THE PARIS APARTMENT|Lucy Foley,modern,2022,THE PARIS APARTMENT,Lucy Foley,OTHER,DUAL,high,dual,Event narration alternates between immediate present-tense viewpoints and retrospective past-tense accounts; the supplied excerpts support a dual narrating situation.,"39% past / 61% present of 69, situation=dual",87,24,36,3,6,60,17,7,0,3
"top2022:TOMORROW, AND TOMORROW, AND TOMORROW|Gabrielle Zevin",modern,2022,"TOMORROW, AND TOMORROW, AND TOMORROW",Gabrielle Zevin,PAST,PAST,high,retrospective,,"95% past / 5% present of 39, situation=retrospective",72,24,2,13,0,26,24,19,0,3
top2022:VERITY|Colleen Hoover,modern,2022,VERITY,Colleen Hoover,PRESENT,PRESENT,manual,unclear,"Event excerpts contain both story-anchored past and present narration, but the supplied text does not establish whether these belong to a diary-like dual position, distinct strands, or contextual shifts.",Manual review 2026-08-16: user-directed final label override.,50,6,8,0,2,14,28,7,0,1
top2023:DIRTY THIRTY|Janet Evanovich,modern,2023,DIRTY THIRTY,Janet Evanovich,PAST,PAST,high,retrospective,"First-person narrator. Scene narration is consistently past ('I handed Bob over to Hal', 'we were parked half a block away'); the present-tense event quotes are standing description and narrating-moment reflection (the Burg, the narrator's mother, 'Now just a part of my history'), which is the ordinary present frame of a retrospective first-person voice rather than simultaneous narration. Thin yield: only 5 of 19 quotes are event-narration, split 2 past / 3 present, so the count alone is not decisive - the narrating_situation call rests on the scene-level past. Heavy dialogue book (9 of 19). Quotation marks survive well here, so the mark-majority test carried most calls; three quotes (q08512, q08515, q08527) lacked marks and were decided on direct-address/register signals, recorded per quote.","67% past / 33% present of 9, situation=retrospective",19,2,3,4,0,5,9,4,0,1
top2023:FOURTH WING|Rebecca Yarros,modern,2023,FOURTH WING,Rebecca Yarros,PRESENT,PRESENT,med,simultaneous,"Heavily dialogue-dominated Goodreads page (16/26) plus 6 gnomic aphorisms -- the source's quotability bias in pure form. Only 4 event quotes, below the >=5 threshold, but all 4 are present and the narration is unambiguously first-person simultaneous: 'My breath catches and my body warms', plus present-tense dialogue tags ('I call after him', 'he answers', 'I scoff') inside q07666, which the quotation-mark-majority rule files as dialogue. Most quotes arrive with quotation marks stripped, so dialogue was identified via vocatives (Violence, Violet, Vi, Liam), second-person address, and imperatives -- signal recorded per quote. No past-tense event narration anywhere in the 26. Flip risk is q07652 ('I am the sky...'), which could be spoken/invoked rather than narrated; it is present either way, so it cannot flip the tense, only the event count (4 -> 3).","0% past / 100% present of 5, situation=simultaneous",26,0,4,0,1,4,16,6,0,0
top2023:HANG THE MOON|Jeannette Walls,modern,2023,HANG THE MOON,Jeannette Walls,PAST,PAST,CONFLICT,retrospective,"First-person narrator, extremely aphorism-heavy sample. Zero quotation marks survived in any of the 26 quotes, so dialogue was assigned only where vocatives ('Sallie'), interjections/echoes ('Quality? Hell'), sustained second-person address, or conversational discourse markers appear; that signal choice is recorded per quote. Notably there is NO present-tense scene or action narration anywhere in the sample — every present event quote is narrating-now commentary or a reflective state ('the harder I try', 'Now that I have one of those jobs, I see'), while the only two actual event-narration quotes ('She also lent me her books', 'She also told me') are past. That pattern reads as a retrospective first-person narrator with a heavy present-tense commentary habit rather than simultaneous narration, but the sample is thin on scene narration and the past/present count alone (2/8) points the other way, so the narrating-situation call rests on the kind of present rather than the amount of it. Flip-risk quotes: q08372 and q08379.","18% past / 82% present of 11, situation=retrospective",26,2,8,0,1,10,5,11,0,0
top2023:HAPPY PLACE|Emily Henry,modern,2023,HAPPY PLACE,Emily Henry,OTHER,DUAL,high,dual,"First-person narrator. 21 event quotes, 14 present / 7 past (66.7% present). The past minority is not incidental memory: q07987, q08011, q08013, q08014 are extended retrospective passages recounting the earlier relationship and childhood, which reads as a sustained past-tense strand alongside a present-tense main line — hence 'dual'. An analyst preferring the 'present + recollection strand' reading has the same evidence; the split is structural either way, not noise. Marks survive well here (about half of dialogue quotes retain them); marks-absent dialogue was identified by second-person direct address, vocatives and speech register, recorded per quote. Flip-risk quotes: q08016 (marginal mark majority), q08002 (gnomic vs event/present), q08020 (dialogue vs event/past).","23% past / 77% present of 30, situation=dual",49,7,14,0,9,21,21,7,0,0
top2023:HELLO BEAUTIFUL|Ann Napolitano,modern,2023,HELLO BEAUTIFUL,Ann Napolitano,PAST,PAST,high,retrospective,"Clean past-tense third-person narration with shifting focalization (Sylvie, Julia, William). 15 event quotes, all past, no present event narration anywhere. Several quotes have a generalizing feel ('She was no longer who she used to be', 'just because you never thought about someone didn't mean they weren't inside you', the Sylvie-on-storytelling passage) but are past tense and anchored to specific characters -- filed event/past per the present-tense-only gnomic rule, which is where this book's error pressure sits. Only 2 gnomic. q07956 ('Opportunity did not knock until I built the door') is flagged as the contested past-tense maxim rather than decided silently. Flip risk is q07969, truncated at both ends and the only candidate present-tense quote in the set; read as dialogue on register grounds. Dialogue identified by quotation marks where they survive and by vocatives/imperatives/second-person address where they do not.","100% past / 0% present of 19, situation=retrospective",26,15,0,4,0,15,9,2,0,0
top2023:HOLLY|Stephen King,modern,2023,HOLLY,Stephen King,PRESENT,PRESENT,high,simultaneous,"Present-tense third-person narration throughout; 13 of 14 event quotes are present, the lone past quote (q08033) is a one-line backstory aside, not a strand. Quotation marks survive in only 2 of 41 quotes, so dialogue was identified mainly by vocatives, direct address and speech register — signal recorded per quote. Heavy gnomic load (18/41), as expected from an aphorism-biased quote source.","6% past / 94% present of 16, situation=simultaneous",41,1,13,0,2,14,7,18,2,0
top2023:I HAVE SOME QUESTIONS FOR YOU|Rebecca Makkai,modern,2023,I HAVE SOME QUESTIONS FOR YOU,Rebecca Makkai,PAST,PAST,high,retrospective,"Classification uses only supplied quote text. Event narration is predominantly retrospective, with present-tense narrator reflection at the apparent telling moment; no evidence requires a dual or simultaneous narrating situation.","77% past / 23% present of 44, situation=retrospective",58,33,10,1,0,43,6,8,0,1
top2023:I WILL FIND YOU|Harlan Coben,modern,2023,I WILL FIND YOU,Harlan Coben,OTHER,DUAL,med,dual,"Two distinct narrating positions appear in the text. A first-person present-tense strand narrates the narrator's current situation ('He asks me about that... I try to explain', 'I have never been in better shape, and it's finally paying off') - simultaneous. Separately, q08496 is third-person past with access to a named character's interiority ('All men, Gertrude believed, tended to...'), a different narrating position entirely, and q08503/q08506 are past-tense recollection. Called dual on strand grounds, not diary form; the alternative reading is simultaneous first-person with a past recollection/third-person strand, and 5 event quotes is too thin to separate those. Yield is the adversarial case METHODOLOGY warns about: 11 of 20 quotes are gnomic aphorism (Coben pull-quotes are selected almost entirely for quotability), leaving only 5 event-narration quotes, split 3 past / 2 present. Recommend fetching a deeper page before labeling.","71% past / 29% present of 7, situation=dual",20,3,2,2,0,5,4,11,0,0
top2023:IDENTITY|Nora Roberts,modern,2023,IDENTITY,Nora Roberts,PAST,PAST,manual,retrospective,"Extremely low event-narration yield: 1 of 22 quotes. Page is dominated by advice-speech and aphorism, which is the adversarial bias METHODOLOGY warns about. Quotation marks survive on only 2 quotes (q08349, q08365), so dialogue was assigned via vocatives, direct address, speech markers, and register; the boundary I used was that generic-'you' maxims with no story-world referent go to gnomic while direct address referencing specific story facts goes to dialogue. Retrospective read rests on a single narration quote (q08352, past, third person) with zero present-tense narration anywhere; evidence is thin and insufficient for a book label.",Manual review 2026-08-16: user-directed final label override.,22,1,0,0,0,1,13,7,1,0
top2023:IRON FLAME|Rebecca Yarros,modern,2023,IRON FLAME,Rebecca Yarros,PRESENT,PRESENT,high,simultaneous,Event-narration excerpts are present-tense; no overall book label calculated.,"0% past / 100% present of 27, situation=simultaneous",51,0,5,0,22,5,34,4,2,6
top2023:NONE OF THIS IS TRUE|Lisa Jewell,modern,2023,NONE OF THIS IS TRUE,Lisa Jewell,PRESENT,PRESENT,high,simultaneous,"Third-person present-tense narration (Alix/Josie strand) is the dominant mode: 10 of 11 event quotes are present, all specific character/moment. A second strand of first-person conversational passages reads as interview/podcast transcript speech rather than narration -- quotation marks survive only partially in this book (intact in q08239, one stray open mark in q08215), so those were bucketed as dialogue on register signals: vocative ('Nathan'), direct address, tag questions, and listener-directed hedges ('I know how bad this sounds', 'You know,'). q08224 confirms an in-world true-crime podcast, which supports the transcript reading. Flip risk concentrated in q08221, q08219, q08225: if that strand is first-person retrospective narration instead of speech, three past event quotes would be added and the book would read dual rather than simultaneous.","9% past / 91% present of 11, situation=simultaneous",27,1,10,0,0,11,8,6,2,0
top2023:PINEAPPLE STREET|Jenny Jackson,modern,2023,PINEAPPLE STREET,Jenny Jackson,PAST,PAST,high,retrospective,"Clean past-tense third-person narration with heavy free indirect discourse across several point-of-view characters (Sasha, Darley, Georgiana). 19 event quotes, all past, zero present event-narration. Quotation marks survive in this book (q08252, q08253), so dialogue was identified by marks where present and by first-person present register plus direct address where absent. Two quotes (q08240, q08245) are past-tense generalizations with weak or absent story-world referents -- the contested past-gnomic class; both were kept as event/past under the present-tense-only gnomic rule and are flagged. Reclassifying both as gnomic would leave 17 past / 0 present, so neither can flip the label. q08258 is a bare fragment routed to gnomic by spec rule despite reading as truncated past narration; it likewise carries no tense either way.","100% past / 0% present of 21, situation=retrospective",27,19,0,2,0,19,5,2,1,0
top2023:SOMEONE ELSE'S SHOES|Jojo Moyes,modern,2023,SOMEONE ELSE'S SHOES,Jojo Moyes,PRESENT,PRESENT,high,simultaneous,"Clean present-tense third-person narration ('Sam feels', 'She lights a cigarette', 'she thinks'). Event evidence is 8 quotes, 7 present / 1 past = 87.5% present; the single past quote (q08185) is past-perfect backstory, i.e. a recollection strand, not a competing narrative tense. Heavy gnomic load (7 quotes) is exactly the aphorism bias METHODOLOGY warns about - all seven are genuinely present-tense second-person universals with no story-moment referent, and filing them as event would have inflated the present count without adding evidence. Quotation marks survive well in this book, so unmarked passages were judged on register, vocatives, hesitation fillers, and nested quotes.","9% past / 91% present of 11, situation=simultaneous",22,1,7,0,3,8,7,7,0,0
top2023:THE ARMOR OF LIGHT|Ken Follett,modern,2023,THE ARMOR OF LIGHT,Ken Follett,PAST,PAST,high,retrospective,"Clean past-tense third-person historical narration with heavy past-tense expository/summary passages about the story world - all filed event/past per the rule that gnomic is present-tense only. Quotation marks survive well here (q08453, q08462, q08470, q08475); the four mark-less speech quotes were identified by imperatives, deixis ('it says here', 'this country', 'that horse'), and colloquial/oratorical register. Only gnomic entries are three no-finite-verb noun-phrase fragments. Zero present-tense event quotes.","100% past / 0% present of 18, situation=retrospective",25,15,0,3,0,15,7,3,0,0
top2023:THE COVENANT OF WATER|Abraham Verghese,modern,2023,THE COVENANT OF WATER,Abraham Verghese,PRESENT,PRESENT,high,simultaneous,"Event narration is predominantly present tense, with a small amount of past exposition and recollection.","7% past / 93% present of 30, situation=simultaneous",75,2,26,0,2,28,12,35,0,0
top2023:THE FIVE-STAR WEEKEND|Elin Hilderbrand,modern,2023,THE FIVE-STAR WEEKEND,Elin Hilderbrand,PRESENT,PRESENT,high,simultaneous,"Third-person present narration across multiple focal characters (Hollis, Dru-Ann, Ethan): 'Hollis glides', 'She stuffs', 'It pains Ethan'. Quotation-mark survival is INCONSISTENT in this book - marks survive in q08103/q08118/q08126 but are stripped from clear speech in q08117/q08119/q08121/q08123, so mark-less quotes were judged on vocatives, direct address, and register (recorded per quote). A cluster of first-person quotes (q08105, q08106, q08109, and arguably q08120/q08124) reads as an embedded first-person reflective/essayistic strand; where direct address or spoken cadence was present I filed them dialogue, otherwise event. The book's only past event quote (q08105) belongs to that strand.","7% past / 93% present of 15, situation=simultaneous",24,1,11,0,3,12,9,3,0,0
top2023:THE HEAVEN & EARTH GROCERY STORE|James McBride,modern,2023,THE HEAVEN & EARTH GROCERY STORE,James McBride,PAST,PAST,high,retrospective,"Third-person past-tense narration with a strong essayistic/aphoristic overlay - the gnomic quotes are all genuinely present-tense sententiae, while the book's exposition and summary are uniformly past. Quotation marks survive inconsistently: two quotes keep them, three clear speech passages have none, so dialogue there was judged on dialect register, speech tags, and direct address. Deliberately did NOT file past-tense generalizations (q07866, q07874, q07875, q07876) as gnomic. Event evidence is 11/11 past.","100% past / 0% present of 13, situation=retrospective",21,11,0,2,0,11,5,5,0,0
top2023:THE HOUSE IN THE PINES|Ana Reyes,modern,2023,THE HOUSE IN THE PINES,Ana Reyes,OTHER,DUAL,high,dual,"Third-person limited on Maya throughout, with two structurally distinct time strands carried in different tenses. The present-tense event quotes cluster on the younger-Maya/Frank/cabin material (acid trip, packing for college, the kiss, Aubrey, the cabin, the prologue at the ruined foundation); the past-tense event quotes cluster on the older, present-day storyline (withdrawal, Klonopin brunches, 'seven years apart', 'The Frank she knew', college backstory). So the split is a strand split, not noise and not diary form — the flashback strand is narrated simultaneously and the frame strand retrospectively. Recorded as 'dual' on that basis; a human applying label.py's SPLIT_REVIEW should record cause = strand. Quotation marks survived in only 1 of 27 quotes (q08159), so all other dialogue was assigned from vocatives, second-person address, and conversational discourse markers, recorded per quote; note the book also contains first-person spoken-testimony passages (q08143, q08153, q08160) distinct from the third-person narration. Flip-risk quotes: q08148, q08141, q08165.","65% past / 35% present of 20, situation=dual",27,13,7,0,0,20,6,1,0,0
top2023:THE LITTLE LIAR|Mitch Albom,modern,2023,THE LITTLE LIAR,Mitch Albom,OTHER,DUAL,manual,dual,"Severely aphorism-dominated page: 19 of 24 quotes are gnomic, leaving only 3 event-narration quotes (2 present, 1 past) -- well under the 5-quote floor, so this is insufficient for a book label. Dual is a frame-narrator read, not diary/epistolary: a personified first-person present-tense narrator ('I am Truth', q08084) addresses the reader from outside the story while story-world material appears both as present-tense historical narration (q08100) and past-tense period exposition (q08101). Flip risks: q08091 (event/present vs gnomic) and q08084 (gnomic vs event/present); with only 3 event quotes either call visibly shifts the split. Quotation marks survived on only one quote (q08094).",Manual review 2026-08-16: user-directed final label override.,24,1,2,1,0,3,1,19,1,0
top2023:THE NIGHTINGALE|Kristin Hannah,modern,2023,THE NIGHTINGALE,Kristin Hannah,PAST,PAST,CONFLICT,retrospective,"Event excerpts predominantly recount wartime events in the past; present-tense excerpts are chiefly a later first-person framing/reflection position, supporting retrospective narration rather than a dual diary form.","55% past / 45% present of 47, situation=retrospective",62,25,20,1,1,45,5,10,2,0
top2023:TOM LAKE|Ann Patchett,modern,2023,TOM LAKE,Ann Patchett,OTHER,DUAL,high,dual,The supplied excerpts show a present-tense frame alongside an extended retrospective past strand; dialogue beats are separately recorded and excluded from event tense evidence.,"55% past / 45% present of 56, situation=dual",71,28,22,3,3,50,6,14,0,1
top2023:YELLOWFACE|R.F. Kuang,modern,2023,YELLOWFACE,R.F. Kuang,PRESENT,PRESENT,high,simultaneous,"Event passages are predominantly present-tense, with a smaller set of past-tense memories, exposition, and recollection. Dialogue beats are present except for the poet attribution.","25% past / 75% present of 48, situation=simultaneous",80,11,33,1,3,44,6,30,0,0
top2024:A CALAMITY OF SOULS|David Baldacci,modern,2024,A CALAMITY OF SOULS,David Baldacci,PAST,PAST,high,retrospective,"Third-person retrospective. Only 4 event quotes -- BELOW the >=5 floor, so insufficient for a label on the event basis. All 4 are past. Beat tally (separate, non-pooled): 5 past / 0 present / 6 none across 11 dialogue quotes -- beats AGREE with the retrospective read and with the 4/4 past event split, so confidence high on the situation even though the event count abstains. Perfect correlation in this book: every beat-bearing dialogue quote is one that retained quotation marks (q09156, q09158, q09162, q09165, q09167); all 6 markless dialogue quotes are pure oratory with zero narrator narration. Book is heavily aphoristic/oratorical -- 7 gnomic, and several markless quotes could defensibly split gnomic-vs-dialogue either way (both are non-diagnostic, and all such quotes carry beat_tense none, so the choice does not move any tally).","100% past / 0% present of 9, situation=retrospective",23,4,0,5,0,4,11,7,0,1
top2024:A FATE INKED IN BLOOD|Danielle L. Jensen,modern,2024,A FATE INKED IN BLOOD,Danielle L. Jensen,PAST,PAST,high,retrospective,"Complete, 47 of 47. First-person retrospective narration; every narration quote is past tense, zero present event-narration. Quotation marks survive on only some quotes, so unmarked ones were judged by vocative ('Freya', 'Born-in-Fire'), second-person address, and speech register - recorded per quote. q09291 identified as speech because the speaker describes being hit by the fish-throwing woman, whom other quotes address as 'you' - i.e. the narrator. q09286 is the one contested past-tense generalization; q09293 has no word-count majority either way.","100% past / 0% present of 23, situation=retrospective",47,14,0,9,0,14,31,2,0,0
top2024:ALL THE COLORS OF THE DARK|Chris Whitaker,modern,2024,ALL THE COLORS OF THE DARK,Chris Whitaker,PAST,PAST,high,retrospective,"Event narration is predominantly past (16 past, 3 present). The three present passages are story-specific reflections rather than universal aphorisms; no evidence here indicates a sustained simultaneous or dual narrating position.","89% past / 11% present of 28, situation=retrospective",52,16,3,9,0,19,21,9,0,3
top2024:BY ANY OTHER NAME|Jodi Picoult,modern,2024,BY ANY OTHER NAME,Jodi Picoult,PAST,PAST,high,retrospective,,"89% past / 11% present of 28, situation=retrospective",51,14,3,11,0,17,12,18,3,1
top2024:CAMINO GHOSTS|John Grisham,modern,2024,CAMINO GHOSTS,John Grisham,PAST,PAST,high,retrospective,"Event narration is consistently past tense. Dialogue beats, where present, are also past tense.","100% past / 0% present of 13, situation=retrospective",15,10,0,3,0,10,5,0,0,0
top2024:COUNTING MIRACLES|Nicholas Sparks,modern,2024,COUNTING MIRACLES,Nicholas Sparks,PAST,PAST,high,retrospective,,"77% past / 23% present of 13, situation=retrospective",21,9,3,1,0,12,4,5,0,0
top2024:FIRST LIE WINS|Ashley Elston,modern,2024,FIRST LIE WINS,Ashley Elston,PRESENT,PRESENT,high,simultaneous,"First-person simultaneous present narration (37 quotes, all classified). 18 event / 10 gnomic / 9 dialogue / 0 unclear; 15 present, 3 past = 83.3% present. Quotation marks survive only sporadically in this book's Goodreads scrape (present in q08980, q08988, absent elsewhere), so dialogue was assigned via vocatives, direct address, speech markers and register -- signal recorded per quote. Gnomic yield is high (27%) because the aphorism bias is strong here: several are proverbs carrying a past-tense attribution tag ('Mama always said', 'As Mama used to say'), which I treated as tags, not story events, since the generalizing content is present tense. The 3 past event quotes are a recollection/backstory strand (q08960 character backstory summary, q08981 immediate retrospection, q08994 recollected description), not a second narrating position. Lands in the 80-85% present band flagged in METHODOLOGY for audit. Flip-risk: q08975, spoken-register past recounting with no marks -- if it is narration rather than speech it becomes event/past and drops the split to 15/4 = 78.9%.","16% past / 84% present of 19, situation=simultaneous",37,3,15,0,1,18,9,10,0,0
top2024:FUNNY STORY|Emily Henry,modern,2024,FUNNY STORY,Emily Henry,PRESENT,PRESENT,high,simultaneous,"Event narration is predominantly present-tense, with past-tense recollection and backstory passages.","21% past / 79% present of 53, situation=simultaneous",78,11,15,0,27,26,42,10,0,0
top2024:GOTHIKANA|RuNyx,modern,2024,GOTHIKANA,RuNyx,PAST,PAST,high,retrospective,"Complete: 44 of 44. Third-person past-tense narration, close free-indirect on Corvina, with heavy dialogue. Quotation marks partially survive the CSV extraction (the opening mark of the first speech run is stripped); where marks were absent I used vocatives ('little crow', 'Miss Clemm'), imperatives, tag questions and second-person address. Zero present-tense event-narration and zero gnomic: every generalizing quote (q09330, q09340) is past-tense and anchored to the character, which the load-bearing present-only gnomic rule excludes.","100% past / 0% present of 34, situation=retrospective",44,22,0,12,0,22,22,0,0,0
top2024:HERE ONE MOMENT|Liane Moriarty,modern,2024,HERE ONE MOMENT,Liane Moriarty,OTHER,DUAL,high,dual,"Two structurally distinct strands. (1) A first-person retrospective memoir strand (Cherry, an actuary) telling her life story in past tense to a directly addressed reader, carrying a live narrating-moment present ('I still think', 'I like to imagine', 'Harvey is dead'). (2) A third-person present-tense strand following other characters (Paula, Eve, Sue, 'the lady') at scene level. The past/present split therefore traces to an identifiable strand split, not to uncertainty. Very heavy gnomic load: this quote page is dominated by second-person universals, aphorisms and essayistic digressions on probability, fate and grief -- 43 of 82 quotes are non-diagnostic gnomic, exactly the adversarial bias METHODOLOGY warns about. Two epigraphs quoting real external authors (Kubler-Ross, Hawking) filed as paratext.","59% past / 41% present of 37, situation=dual",82,21,14,1,1,35,2,43,2,0
top2024:HOUSE OF FLAME AND SHADOW|Sarah J. Maas,modern,2024,HOUSE OF FLAME AND SHADOW,Sarah J. Maas,PAST,PAST,high,retrospective,"Heavily dialogue-dominated sample (19/25) -- Goodreads selection for this book favors romantic and banter lines. All five event-narration quotes are past-tense third-person limited narration; no present-tense event narration anywhere in the sample. Quotation marks survive on roughly half the quotes; where absent I used direct address, vocatives, and colloquial register (recorded per quote). Event count is exactly at the >=5 threshold, so q09073 is load-bearing: it pairs past-tense summary about specific characters with a present-tense aphorism, and a gnomic read would leave only 4 event quotes and force abstention. q09082 and q09092 are the other soft calls (dialogue vs. present-tense interior state); both were read as speech, and neither was counted as present event-narration.","100% past / 0% present of 14, situation=retrospective",25,5,0,9,0,5,19,1,0,0
top2024:INTERMEZZO|Sally Rooney,modern,2024,INTERMEZZO,Sally Rooney,PRESENT,PRESENT,high,simultaneous,,"14% past / 86% present of 58, situation=simultaneous",79,8,44,0,6,52,17,10,0,0
top2024:JAMES|Percival Everett,modern,2024,JAMES,Percival Everett,PAST,PAST,high,retrospective,Event narration is predominantly retrospective past; the present event excerpts are situated reflections rather than a second sustained narrating position.,"94% past / 6% present of 47, situation=retrospective",66,31,3,13,0,34,23,8,0,1
top2024:SMALL THINGS LIKE THESE|Claire Keegan,modern,2024,SMALL THINGS LIKE THESE,Claire Keegan,PAST,PAST,high,retrospective,"Close third-person past narration, very heavy free indirect discourse - many quotes are Furlong's reflective questions rendered in past tense. Quotation marks survive only partially in this book's Goodreads text, so dialogue was identified from surviving closing marks plus speech tags ('she said', 'Furlong said'); q09404/q09412 read as aphorisms with no marks or tags and were bucketed gnomic on present tense alone. Several past-tense generalizations (q09389, q09390, q09393, q09414, q09419, q09431) would be swept into gnomic by a loose specificity test - held as event/past per the present-tense-only rule. q09421/q09422 are the author's historical afterword about the Magdalen laundries, q09425 the dedication, q09427 a Spanish translation leak. 34 event quotes, all past, no present event-narration anywhere in the set.","100% past / 0% present of 37, situation=retrospective",46,34,0,3,0,34,3,4,4,1
top2024:SWAN SONG|Elin Hilderbrand,modern,2024,SWAN SONG,Elin Hilderbrand,PRESENT,PRESENT,high,simultaneous,Event narration is predominantly simultaneous present; the sole past event is backstory/exposition.,"6% past / 94% present of 18, situation=simultaneous",22,1,16,0,1,17,1,2,2,0
top2024:TABLE FOR TWO|Amor Towles,modern,2024,TABLE FOR TWO,Amor Towles,PAST,PAST,med,retrospective,Four past event-narration excerpts; the remaining present-tense prose is chiefly gnomic or dialogue.,"100% past / 0% present of 6, situation=retrospective",21,5,0,1,0,5,6,9,0,1
top2024:TELL ME EVERYTHING|Elizabeth Strout,modern,2024,TELL ME EVERYTHING,Elizabeth Strout,PAST,PAST,high,retrospective,"Third-person past narration around named characters (Bob, Lucy, Olive) with heavy present-tense aphoristic commentary - classic Goodreads quotability bias. All 7 event quotes are past; 0 present. Quotation marks survive on some quotes and not others: where absent I used direct address, imperatives and spoken register (q09519, q09525). q09526 abstained rather than guessed.","100% past / 0% present of 10, situation=retrospective",24,7,0,3,0,7,5,11,0,1
top2024:THE FURY|Alex Michaelides,modern,2024,THE FURY,Alex Michaelides,PAST,PAST,manual,unclear,"Event narration is evenly split (4 past, 4 present). The past passages are recollective/autobiographical, while the present passages are a narrator's writing-moment self-description or reflection; the supplied excerpts alone do not establish the wider narrating situation. Dialogue beats are 2 past and 0 present.",Manual review 2026-08-16: user-directed final label override.,22,4,4,2,0,8,4,9,0,1
top2024:THE GAMES GODS PLAY|Abigail Owen,modern,2024,THE GAMES GODS PLAY,Abigail Owen,PRESENT,PRESENT,high,simultaneous,"First-person present-tense narration throughout: all 7 event quotes are present, 0 past. Quotation marks survive only partially in this source -- several quotes are marks-stripped, so dialogue was identified by direct address, vocatives ('my star'), and an excised-tag comma (q09624); signal recorded per quote. Heavy aphorism load (7 gnomic) typical of the quotability bias. q09622 is habitual present exposition about the story world -- fits neither bucket cleanly, filed gnomic rather than inflating the present event count. q09620 abstained (counterfactual). Note for thresholds: only 7 event quotes, one short of the >=8 present bar.","0% past / 100% present of 11, situation=simultaneous",26,0,7,0,4,7,11,7,0,1
top2024:THE GOD OF THE WOODS|Liz Moore,modern,2024,THE GOD OF THE WOODS,Liz Moore,OTHER,DUAL,high,dual,,"75% past / 25% present of 52, situation=dual",65,35,11,4,2,46,9,6,1,3
top2024:THE SPELLSHOP|Sarah Beth Durst,modern,2024,THE SPELLSHOP,Sarah Beth Durst,PAST,PAST,high,retrospective,Event narration is predominantly retrospective past; a small number of story-specific present-moment passages are retained as event evidence.,"94% past / 6% present of 47, situation=retrospective",74,33,3,11,0,36,27,9,1,1
top2024:THE WEDDING PEOPLE|Alison Espach,modern,2024,THE WEDDING PEOPLE,Alison Espach,PRESENT,PRESENT,high,simultaneous,"Event narration is chiefly in a simultaneous present, with past recollections and summaries. No overall book label calculated.","33% past / 67% present of 45, situation=simultaneous",71,14,24,1,6,38,12,19,0,2
top2024:THE WOMEN|Kristin Hannah,modern,2024,THE WOMEN,Kristin Hannah,PAST,PAST,high,retrospective,"Past-tense third person centered on Frankie/'she', with a first-person retrospective frame surfacing in q08532 ('I wonder if any generation will ever believe again'), which implies a narrator looking back from a later present. 18 event quotes, all past, 0 present. The book is heavily aphoristic, but the aphorisms are overwhelmingly PAST-tense free indirect reflection (q08533, q08538, q08542, q08543, q08551) -- per METHODOLOGY these are event/past, not gnomic; only the three genuinely present-tense generalizations (q08534, q08537, q08540) were bucketed gnomic. Dialogue detection: quotation marks survive on only one quote (q08536), so the remaining four dialogue calls rest on vocatives (Frances, Frankie, McGrath), imperatives, and hortatory register.","100% past / 0% present of 19, situation=retrospective",26,18,0,1,0,18,5,3,0,0
top2024:YOU LIKE IT DARKER|Stephen King,modern,2024,YOU LIKE IT DARKER,Stephen King,PAST,PAST,high,retrospective,"Story collection, so quotes span several narrators; the dominant stance across event quotes is retrospective past (17 of 18). A minority present-tense strand is visible in q08934 ('Later it will occur to him') and in the present thought tag of q08951 ('Wilson thinks'), consistent with one or more separately present-tense pieces rather than a dual/diary structure. Heavy aphorism load: 23 of 48 quotes are gnomic, plus one author's-note paratext -- Goodreads selection bias is severe for this book.","90% past / 10% present of 20, situation=retrospective",48,17,1,1,1,18,4,23,1,2
top2025:ALCHEMISED|SenLinYu,modern,2025,ALCHEMISED,SenLinYu,PAST,PAST,high,retrospective,"Third-person past narration throughout; 27 event quotes, 27 past / 0 present. Quotation marks survive on only some quotes (Goodreads strips the opening mark on many and all marks on others), so where marks were absent dialogue was identified by 1st/2nd-person direct address, vocatives, imperatives and speech register inside an otherwise 3rd-person past narrative -- recorded per quote. Only one true gnomic (q09931). Several past-framed generalisations (q09906, q09941, q09956, q09973) kept as event/past per the present-only gnomic rule. Three abstentions: q09917 (present-tense, unmarked, speech-vs-interior-monologue -- the only quote that could add present evidence) and q09925/q09939 (wholly counterfactual).","100% past / 0% present of 43, situation=retrospective",80,27,0,16,0,27,49,1,0,3
top2025:ATMOSPHERE|Taylor Jenkins Reid,modern,2025,ATMOSPHERE,Taylor Jenkins Reid,PAST,PAST,high,retrospective,,"95% past / 5% present of 41, situation=retrospective",63,31,1,8,1,32,22,8,0,1
top2025:BROKEN COUNTRY|Clare Leslie Hall,modern,2025,BROKEN COUNTRY,Clare Leslie Hall,PRESENT,PRESENT,high,simultaneous,"First-person present-tense narration throughout, with a past recollection strand (the dead child Bobby, the earlier summer with Gabriel). Goodreads page is heavily aphoristic: 9 gnomic quotes, all present-tense universals or proverbs. q09665 is line-broken verse, not prose -- abstained. q09691 is the main flip risk: unmarked confessional speech vs. narration.","9% past / 91% present of 34, situation=simultaneous",46,3,26,0,5,29,5,10,1,1
top2025:BUCKEYE|Patrick Ryan,modern,2025,BUCKEYE,Patrick Ryan,PAST,PAST,high,retrospective,,"93% past / 7% present of 46, situation=retrospective",63,40,3,3,0,43,10,7,0,3
top2025:BURY OUR BONES IN THE MIDNIGHT SOIL|V.E. Schwab,modern,2025,BURY OUR BONES IN THE MIDNIGHT SOIL,V.E. Schwab,PRESENT,PRESENT,high,simultaneous,"Classified solely from supplied quote text. Event narration is predominantly present, with a smaller past-tense recollection/exposition strand.","30% past / 70% present of 43, situation=simultaneous",74,11,22,2,8,33,21,15,1,4
top2025:DUNGEON CRAWLER CARL|Matt Dinniman,modern,2025,DUNGEON CRAWLER CARL,Matt Dinniman,PAST,PAST,high,retrospective,"Event narration includes retrospective scene reporting and present-tense in-world system/creature descriptions. All observed dialogue narration beats are past-tense, supporting a retrospective narrating situation.","69% past / 31% present of 13, situation=retrospective",24,6,4,3,0,10,12,1,1,0
top2025:GONE BEFORE GOODBYE|Reese Witherspoon and Harlan C,modern,2025,GONE BEFORE GOODBYE,Reese Witherspoon and Harlan Coben,PRESENT,PRESENT,high,simultaneous,Four event-narration quotes: three present and one past recollection. Present event narration concerns immediate character states/actions; no dual-form evidence appears in the supplied excerpts.,"12% past / 88% present of 8, situation=simultaneous",20,1,4,0,3,5,3,11,0,1
top2025:GREAT BIG BEAUTIFUL LIFE|Emily Henry,modern,2025,GREAT BIG BEAUTIFUL LIFE,Emily Henry,PRESENT,PRESENT,high,simultaneous,"Dominant stance is first-person simultaneous present: present-tense event narration (q09765, q09769, q09770, q09781, q09782) and present-tense dialogue tags throughout ('he says', 'I say', 'she says'). Quotation marks survive well in this book, so mark-majority carried most dialogue calls; four mark-less quotes (q09768, q09773, q09775, plus none other) were called by direct address / direct question. Heavy aphorism load (7 gnomic) is the expected Goodreads quotability bias. Two past-tense event quotes (q09771, q09785) plus one flagged past-tense gnomic (q09779) may indicate a distinct retrospective strand — they share subject matter (an older woman, writing, what the world was) unlike the present-tense material — but three quotes is too thin to call the book dual, so narrating_situation stays simultaneous with the strand recorded here. Event total 7 (5 present / 2 past), below the >=8 event bar for a high-confidence present label.","13% past / 87% present of 15, situation=simultaneous",25,2,5,0,8,7,11,7,0,0
top2025:KATABASIS|R.F. Kuang,modern,2025,KATABASIS,R.F. Kuang,PAST,PAST,high,retrospective,"Specific event narration is predominantly past-tense; present-tense excerpts are chiefly dialogue, character-state reflection, or gnomic generalization.","94% past / 6% present of 35, situation=retrospective",54,25,2,8,0,27,16,11,0,0
top2025:MY FRIENDS|Fredrik Backman,modern,2025,MY FRIENDS,Fredrik Backman,PRESENT,PRESENT,CONFLICT,simultaneous,Event excerpts combine present-moment narration about Ted and Louisa with past recollections/backstory; supplied excerpts support a simultaneous narrating situation with recollection rather than a single overall tense label.,"50% past / 50% present of 14, situation=simultaneous",52,7,6,0,1,13,3,30,1,5
top2025:NEVER FLINCH|Stephen King,modern,2025,NEVER FLINCH,Stephen King,PRESENT,PRESENT,high,simultaneous,"Event narration: 7 present, 0 past. Dialogue beats: 2 present, 0 past, 6 none. Present-tense event narration supports a simultaneous narrating situation; no overall book label calculated.","0% past / 100% present of 9, situation=simultaneous",23,0,7,0,2,7,8,7,0,1
top2025:NOT QUITE DEAD YET|,modern,2025,NOT QUITE DEAD YET,,PAST,PAST,high,retrospective,"38 quotes, both chunks complete. Third-person past narration with very heavy dialogue; quotation marks survive on most speech quotes, so mark-majority was the primary signal, with vocative/direct-address/register used only where marks were stripped. Event split 10 past / 1 present. The lone present quote (q10533) is a self-contained present-tense scene, not a strand visible elsewhere. Main residual risk: a cluster of first-person unmarked quotes (q10522, q10526, q10534, q10541, q10547, q10557) read as speech; q10540 has explicit letter framing and was read as event/past, and if that cluster is also epistolary the book gains a dual (recounting vs writing-moment) component.","95% past / 5% present of 22, situation=retrospective",38,10,1,11,0,11,22,4,0,1
top2025:ONYX STORM|Rebecca Yarros,modern,2025,ONYX STORM,Rebecca Yarros,PRESENT,PRESENT,high,simultaneous,"First-person present-tense narration. Quote set is heavily dialogue-selected (19 of 25) — typical of Goodreads romantasy pages — leaving only 3 usable event-narration quotes, all present. The strongest evidence is not the event count but the tags and beats attached to the dialogue quotes, which are uniformly present tense across 12 separate quotes (""I enunciate"", ""He cups"", ""Rhi snorts"", ""Xaden says"", ""He cradles"", ""I whisper"", ""He fucking smirks"", ""He lifts his head"", ""Ridoc says/asks"", ""Xaden slides"", ""Aaric asks"", ""I tell Tairn"") with zero past-tense tags. Mark survival is inconsistent: several quotes lost their opening quotation mark, so unmarked quotes were judged on vocatives and second-person address rather than punctuation; the four unmarked quotes with an addressee went to dialogue, the two without went to event. Two abstentions (q09648, q09661) are the only past-tense candidates in the set and both lack marks — under 5 event quotes, so this book is INSUFFICIENT by the thresholds and may need a deeper page fetch.","0% past / 100% present of 17, situation=simultaneous",25,0,3,0,14,3,19,0,1,2
top2025:QUICKSILVER|Callie Hart,modern,2025,QUICKSILVER,Callie Hart,PAST,PAST,high,retrospective,"First-person retrospective past narration (Saeris) with a very heavy dialogue load -- 59/81 quotes are speech. Quotation marks survive on roughly half the dialogue; where absent I used vocatives ('Saeris Fane', 'Little Osha', 'Alchemist'), 2nd-person address, imperatives, and responsive/retort register, recorded per quote. All 15 event quotes are past, 0 present. Two quotes that read as aphorisms (q10136, q10147, q10148) were kept as dialogue because they are imperatives to a listener; only q10150 and q10170 are true unaddressed gnomic present. Past-tense worldbuilding exposition (q10154, q10172, q10187, q10197) filed event/past per the gnomic-is-present-only rule. Abstained on q10146 (conditional 'would'), q10160 (generic 2nd-person maxim in past tense), q10200 and q10201 (unmarked first-person present/future with no addressee -- the only quotes that could add present evidence).","100% past / 0% present of 44, situation=retrospective",81,15,0,29,0,15,58,2,2,4
top2025:REMAIN|Nicholas Sparks with M. Night ,modern,2025,REMAIN,Nicholas Sparks with M. Night Shyamalan,PAST,PAST,med,retrospective,Four event-narration excerpts are all past-tense. This is below the five-event threshold for an overall tense label; narrating situation reflects the supplied event evidence only.,"100% past / 0% present of 5, situation=retrospective",16,4,0,1,0,4,3,8,0,1
top2025:SAY YOU'LL REMEMBER ME|Abby Jimenez,modern,2025,SAY YOU'LL REMEMBER ME,Abby Jimenez,PAST,PAST,high,retrospective,32 event quotes: 22 past and 10 present. Past event narration predominates; the supplied excerpts do not establish a dual writing-position form.,"74% past / 26% present of 39, situation=retrospective",62,22,10,7,0,32,15,14,0,1
top2025:STRANGERS IN TIME|David Baldacci,modern,2025,STRANGERS IN TIME,David Baldacci,PAST,PAST,med,retrospective,Six event-narration excerpts are past-tense and no event excerpt is present-tense. Dialogue beats provide one additional past-tense corroboration.,"100% past / 0% present of 7, situation=retrospective",22,6,0,1,0,6,5,9,1,1
top2025:SUMMER IN THE CITY|Alex Aster,modern,2025,SUMMER IN THE CITY,Alex Aster,PRESENT,PRESENT,high,simultaneous,"First-person present-tense narration; the present event quotes report specific moments as they happen ('He kisses me until my head empties', 'Something in my chest tightens', 'I go to bed'). All four past event quotes are a recollection/backstory strand - a mother's told wisdom, a mother's dreams, a woman who 'locked herself like a prison', and the narrator's own 'One day, I woke up'. Two of those four (q10639, q10646) are internally mixed, pairing a past clause with a present-tense coda, and would push the split to 10/2 present if read the other way. Heavy dialogue and aphorism yield here is typical of the source's quotability bias; gnomic applied only to present-tense generalizations beyond the story world.","25% past / 75% present of 16, situation=simultaneous",26,4,8,0,4,12,8,6,0,0
top2025:THE ACADEMY|Elin Hilderbrand and Shelby Cu,modern,2025,THE ACADEMY,Elin Hilderbrand and Shelby Cunningham,PRESENT,PRESENT,high,simultaneous,"Event narration is overwhelmingly present at story moments, with one past-tense expository quote; no supplied excerpt establishes a retrospective or dual narrating frame.","8% past / 92% present of 12, situation=simultaneous",24,1,9,0,2,10,2,7,1,4
top2025:THE CORRESPONDENT|Virginia Evans,modern,2025,THE CORRESPONDENT,Virginia Evans,OTHER,DUAL,high,dual,The supplied excerpts show a letter-writing present alongside retrospective recollection; no overall book tense label calculated.,"33% past / 67% present of 43, situation=dual",64,13,29,1,0,42,4,14,2,2
top2025:THE EMPEROR OF GLADNESS|Ocean Vuong,modern,2025,THE EMPEROR OF GLADNESS,Ocean Vuong,PAST,PAST,high,retrospective,,"94% past / 6% present of 31, situation=retrospective",49,23,2,6,0,25,16,7,1,0
top2025:THE INTRUDER|Freida McFadden,modern,2025,THE INTRUDER,Freida McFadden,PRESENT,PRESENT,high,simultaneous,Present-tense story-moment narration predominates; the past event excerpts are recollection or retrospective exposition.,"25% past / 75% present of 16, situation=simultaneous",19,4,11,0,1,15,3,0,0,1
top2025:THE KNIGHT AND THE MOTH|Rachel Gillig,modern,2025,THE KNIGHT AND THE MOTH,Rachel Gillig,PAST,PAST,high,retrospective,"First-person narrator. Every narration beat embedded in the dialogue quotes is past tense ('My hammer collided', 'The gargoyle led me down the nave', 'six silk robes waited', 'I whispered', 'Rory's eyes flitted', 'was trained on Four'), which is the strongest available evidence and points retrospective. Quotation marks survive on most multi-speaker quotes, so mark-majority was the primary dialogue signal; for the unmarked ones (q10060, q10061, q10062, q10072, q10078) the signal was vocative/direct address and register. Page is heavily aphoristic: 7 gnomic of 26. Only 4 event quotes (2 past / 2 present) -- thin, and both present ones are reflective first-person states rather than moment-by-moment action, so they are the softest calls here. q10061 is worth a second look: read as speech to the gargoyle it is dialogue, but read as the novel's oral frame it would be event/present and would shift the narrating situation toward dual.","83% past / 17% present of 12, situation=retrospective",26,2,2,8,0,4,14,7,1,0
top2025:THE PERFECT DIVORCE|Jeneva Rose,modern,2025,THE PERFECT DIVORCE,Jeneva Rose,PRESENT,PRESENT,high,simultaneous,"First-person present-tense narration, apparently multiple narrators (a wife/ex-wife strand and a law-enforcement strand). 21 event quotes, 17 present / 4 past (81% present); the past minority is entirely backstory/recollection - the first husband Adam, the marriage to Bob, motherhood - so this fits METHODOLOGY's 'Present + recollection strand' row (80-85% band, flag for audit). Heavy gnomic load (16 of 42): this book is extremely aphoristic and a two-bucket filter would badly inflate its present-tense evidence. Quotation marks survive well in this book, so dialogue was set by mark-majority except q10041, set by direct-address/register. Several quotes are proverb-plus-scene composites (q10015, q10019, q10031, q10047, q10048, q10053) and were bucketed on their anchoring finite clause.","18% past / 82% present of 22, situation=simultaneous",42,4,17,0,1,21,4,16,0,1
top2025:THE SECRET OF SECRETS|Dan Brown,modern,2025,THE SECRET OF SECRETS,Dan Brown,PAST,PAST,high,retrospective,Event narration is 4 past / 1 present. The lone present event is a first-person present reflection; dialogue beats are consistently past where present.,"92% past / 8% present of 13, situation=retrospective",22,4,1,8,0,5,9,7,1,0
top2025:THE WIDOW|John Grisham,modern,2025,THE WIDOW,John Grisham,PAST,PAST,high,retrospective,The usable event narration is consistently retrospective; dialogue action beats that are present are not present in the supplied dialogue excerpts. No overall book label calculated.,"100% past / 0% present of 10, situation=retrospective",16,9,0,1,0,9,3,0,0,4
top2025:TWICE|Mitch Albom,modern,2025,TWICE,Mitch Albom,PAST,PAST,med,retrospective,"First-person retrospective narration, past tense in every event quote (4/4 past, 0 present). Overwhelmingly aphoristic sample: 16 of 25 quotes are gnomic present-tense generalization, which is exactly the false-present contamination METHODOLOGY warns about -- a two-bucket filter would read this book as present. Quotation marks survived on only one quote (q10118); for q10100 and q10104 the dialogue call rests on vocatives ('Alfie', 'Boss') and direct-address register, recorded per quote. Event-narration yield is 4, below the >=5 threshold for HIGH CONF PAST, so this is INSUFFICIENT on page 1 and needs a further page fetched before labeling. Two mixed event/gnomic quotes (q10105, q10114) were called on their leading specific clause; if both were re-read as gnomic the yield would drop to 2.","100% past / 0% present of 5, situation=retrospective",25,4,0,1,0,4,3,16,2,0
