quote_id,sample_id,gr_work_id,page,idx,source_url,quote_text,bucket,tense,note
q00001,top1996:6484,2591755,1,0,https://www.goodreads.com/work/quotes/2591755,"We can become inspired to shape a higher, more ideal future, and when we do, miracles happen.",,,
q00002,top1996:6484,2591755,1,1,https://www.goodreads.com/work/quotes/2591755,Inspiration is what keeps us well.,,,
q00003,top1996:6484,2591755,1,2,https://www.goodreads.com/work/quotes/2591755,This is [her] soul group.’What do you mean?’It’s a group of souls with whom she resonates closely.,,,
q00004,top1996:6484,2591755,1,3,https://www.goodreads.com/work/quotes/2591755,"In reality, there are no enemies; we're all souls in growth, waking up",,,
q00005,top1996:6484,2591755,1,4,https://www.goodreads.com/work/quotes/2591755,"Apparently, before we are born, each of us experiences a vision of what our life can be, complete with reflections on our parents and our tendencies to engage in particular control dramas, even how we might work through these dramas with these parents and go on to be prepared for what we want to accomplish.",,,
q00006,top1996:6484,2591755,1,5,https://www.goodreads.com/work/quotes/2591755,"The reality of the Life Review is becoming part of our every day understanding. We know that after death, we have to look at our lives again; and we’re going to agonize over every missed opportunity, over every case in which we failed to act. This knowledge is contributing to our determination to pursue every intuitive image that comes to mind, and keep it firmly in awareness. We’re living life in a more deliberate way. We don’t want to miss a single important event. We don’t want the pain of looking back later and realizing that we blew it, that we failed to make the right decisions.",,,
q00007,top1996:6484,2591755,1,6,https://www.goodreads.com/work/quotes/2591755,"If we stay aware and acknowledge the great mystery that is this life, we will see that we have been perfectly placed, in exactly the right position… to make all the difference in the world.",,,
q00008,top1996:6484,2591755,1,7,https://www.goodreads.com/work/quotes/2591755,"the health of the body is determined to a great degree by our mental processes: what we think of life and especially of ourselves, at both the conscious and the unconscious levels.",,,
q00009,top1996:6484,2591755,1,9,https://www.goodreads.com/work/quotes/2591755,"Because, again, very often your attitude about why an accident or illness has happened has an effect on your recuperation.",,,
q00010,top1996:6484,2591755,1,10,https://www.goodreads.com/work/quotes/2591755,Healing in its essence is about breaking through the fears associated with life—fears,,,
q00011,top1996:6484,2591755,1,11,https://www.goodreads.com/work/quotes/2591755,"creatures smart enough and unlucky enough to have figured out we’re alive, and we’re going to die without ever knowing any purpose. We can pretend all we want and we can wish all we want, but that basic existential fact remains—we can’t know.",,,
q00012,top1996:6484,2591755,1,12,https://www.goodreads.com/work/quotes/2591755,"If history tells us anything, it is that human culture and knowledge are constantly evolving.",,,
q00013,top1996:6484,2591755,1,13,https://www.goodreads.com/work/quotes/2591755,"I could see the two sides hardening, their feelings intensifying, as both began to think the other not just wrong, but hideous, venal... in league with the devil himself.",,,
q00014,top1996:6484,2591755,1,14,https://www.goodreads.com/work/quotes/2591755,"I could see clearly that this growing belligerence was an aberration, coming not from intention, but from the Fear.",,,
q00015,top1996:6484,2591755,1,15,https://www.goodreads.com/work/quotes/2591755,"We either fear that human culture is falling apart, or we can hold the Vision that we are awakening. Either way, our expectation is a prayer that goes out as a force that tends to bring about the end we envision. Each of us must consciously choose between these two futures.",,,
q00016,top1996:6484,2591755,1,17,https://www.goodreads.com/work/quotes/2591755,"We’ve remembered most of what happened,” I said. “But so far we haven’t been able to recall how we planned to do it differently this time. Can you remember?” Charlene shook her head. “Only parts of it. I know we have to identify our unconscious feelings toward one another before we can go on.” She looked into my eyes and paused. “This is all part of the Tenth Insight… only it hasn’t been written down anywhere yet. It’s coming in intuitively.” I nodded. “We know.” “Part of the Tenth is an extension of the Eighth. Only a group that’s operating fully in the Eighth Insight can accomplish this kind of higher clearing.” “I’m not following you,” Curtis said. “The Eighth is about knowing how to uplift others,” she continued, “knowing how to send energy by focusing on another’s beauty and higher-self wisdom. This process can raise the energy level and creativity of the group exponentially. Unfortunately, many groups have trouble uplifting each other in this manner, even though the individuals involved are able to do it at other times. This is especially true if the group is work-oriented, a group of employees, for instance, or people coming together to create a unique project of some kind, because so often these people have been together before, and old, past-life emotions come up and get in the way. “We are thrown together with someone we have to work with, and we automatically dislike them, without really knowing why. Or perhaps we experience it the other way around: the person doesn’t like us, again for reasons we don’t understand. The emotions that come up might be jealousy, irritation, envy, resentment, bitterness, blame—any of these. What I intuited very clearly was that no group could reach its highest potential unless the participants seek to understand and work through these emotions.” Maya leaned forward. “That’s exactly what we’ve been doing: working through the emotions that have come up, the resentments from when we were together before.",,,
q00017,top1996:6484,2591755,1,18,https://www.goodreads.com/work/quotes/2591755,"As I continued to watch, I understood what I was seeing: a polarization of viewpoint was quickly forming around the planet, as those who were undecided now reacted against a cultural viewpoint they saw leading to runaway chaos and uncertainty, perhaps even to the total disintegration of their way of life. In the United States especially, a growing number of people were becoming convinced they were now facing what amounted to a life-and-death struggle against the permissiveness and liberalism of the past twenty-five years—a culture war, as they called it—with nothing short of the survival of Western civilization at stake. I could see that many of them even considered the cause already near lost, and thus advocated extreme action. In the face of this backlash, I could see the advocates of Human Potential moving into fear and defensiveness themselves, sensing that many hard-earned victories for individual rights and social compassion were now in danger of being swept away by a tide of conservatism. Many considered this reaction against liberation an attack by the embattled forces of greed and exploitation, who were pushing forth in one last attempt to dominate the weaker members of society. Here I could clearly see what was intensifying the polarization: each side was thinking the other to be a conspiracy of evil.",,,
q00018,top1996:6484,2591755,1,19,https://www.goodreads.com/work/quotes/2591755,"In a world where the people are numbed and distracted, the only thing that sells is the unbelievable.",,,
q00019,top1996:6484,2591755,1,20,https://www.goodreads.com/work/quotes/2591755,"These same experiences are occurring to people all over the planet. After we grasp the first nine Insights, each of us is left at the same place—trying to live this reality day-to-day, in the face of what seems to be a growing pessimism and divisiveness all around us. But at the same time, we are continuing to gain a greater perspective and clarity about our spiritual situation, about who we really are. We know we are awakening to a much larger plan for planet Earth. “The Tenth is about maintaining our optimism and staying awake. We’re learning to better identify and believe in our own intuitions, knowing that these mental images are fleeting recollections of our original intention, of how we wanted our lives to evolve. We wanted to follow a certain path in life, so that we could finally remember the truth that our life experiences are preparing us to tell, and bring this knowledge into the world. “We are now seeing our lives from the higher perspective of the Afterlife. We know that our individual adventures are occurring within the context of the long history of human awakening. With this memory, our lives are grounded, put into context; we can see the long process through which we have been spiritualizing the physical dimension, and what we have left to do.",,,
q00020,top1996:6484,2591755,1,21,https://www.goodreads.com/work/quotes/2591755,"In my mind’s eye I saw my soul group again and felt their deep caring and love. Concentrating on the feeling, I was able to shake off the blanketing anxiety and to amplify my energy in increments until finally I began to open up inside. Immediately the environment shifted to lighter shades of gray and the town disappeared. As my energy increased, I was able to image Wil’s face, and instantly he was beside me. “Are you okay?” he asked, turning to embrace me. His expression showed immense relief. “Those illusions were strong, and you willed yourself right into them.” “I know. I couldn’t think, couldn’t remember what to do.” “You were gone a long time; all we could do was send you energy.” “Who do you mean by we?” “All these souls.” Wil’s hand gestured outwardly. When I looked fully, I could see hundreds of souls stretching as far as I could see. Some were looking directly at us, but most appeared to be focused in another direction. I looked to see where they were staring, following their gaze to several large swirls of energy far in the distance. When I concentrated my focus, I realized that one of the swirls was in fact the town from which I had just escaped. “What are those places?” I asked Wil. “Mental constructions,” he replied, “set up by souls who in life lived very restrictive control dramas and could not wake up after death. Many thousands of them exist out there.",,,
q00021,top1996:6484,2591755,1,22,https://www.goodreads.com/work/quotes/2591755,"History has been a long process of awakening. When we are born into the physical, of course, we run into this problem of going unconscious and having to be socialized and trained in the cultural reality of the day. After that, all we can remember are these gut feelings, these intuitions, to do certain things. But we constantly have to fight the Fear. Often the Fear is so great we fail to follow through with what we intended, or we distort it somehow. But everyone, and I mean everyone, comes in with the best of intentions.",,,
q00022,top1996:6484,2591755,1,23,https://www.goodreads.com/work/quotes/2591755,"No, you were drawn in because you made the same mistake you made earlier: you didn't just open up and listen to those souls; you gave yourself over to them, as if they automatically had all the answers, without checking to see of they were connected and motivated by love.",,,
q00023,top1996:6484,2591755,1,24,https://www.goodreads.com/work/quotes/2591755,"We’re already living in the information age. Everyone will have to educate themselves the best they can, become an expert in some niche, so that they can be in the right place to advise someone else or perform some other service. The more technical the automation becomes, and the more quickly the world changes, the more we need information from just the right person arriving in our lives at just the right time. You don’t need a formal education to do that; just a niche you’ve created for yourself through self-education.",,,
q00024,top1996:6484,2591755,1,25,https://www.goodreads.com/work/quotes/2591755,because blaming our behavior on forces outside ourselves is a way of avoiding responsibility.,,,
q00025,top1996:6484,2591755,1,26,https://www.goodreads.com/work/quotes/2591755,"We knew that through wave after wave of successive generations, we would be born into the physical plane, and no matter how long it took, we would strive to wake up, and unify, and evolve, and eventually implement on Earth the same spiritual culture that exists in the Afterlife. Certainly the journey would be difficult, even torturous. With the first intuition to awaken, we would sense the Fear of aloneness and separation. Yet we would not go back to sleep; we would fight through the Fear, relying on the dim intuition that we weren’t alone, that we were spiritual beings with a spiritual purpose on the planet. And, following the urge of evolution, we would gravitate together into larger, more complex social groupings, differentiating into more diverse occupations, overcoming a need to defeat and conquer each other, and eventually implement a democratic process through which new ideas could be shared and synthesized and evolved into ever-better truths. Gradually our security would come from inside us, as we progressed from an expression of the divine in terms of nature gods to the divine as one father God outside ourselves to a final expression as the Holy Spirit within.",,,
q00026,top1996:6484,2591755,1,27,https://www.goodreads.com/work/quotes/2591755,"If one believes that life is just a matter of personal survival in an essentially meaningless and unfriendly world, then it makes perfect sense to focus all one’s wits on living as comfortably as possible and seeing to it that one’s children have the same opportunities. But if one grasps the first nine Insights and sees life as a spiritual evolution, with spiritual responsibilities, then our view completely changes.",,,
q00027,top1996:6484,2591755,1,28,https://www.goodreads.com/work/quotes/2591755,"This generation grew up constantly reminded that they lived in the greatest country in the world, the land of the free, with liberty and justice for all its citizens. Yet, as they matured, members of this generation found a disturbing disparity between this popular American self-image and actual reality. They found that many people in this land—women and certain racial minorities—were, by law and custom, definitely not free. By the sixties the new generation was inspecting closely, and many were finding other disturbing aspects of the United States’ self-image—for instance, a blind patriotism that expected young people to go into a foreign land to fight a political war that had no clearly expressed purpose and no prospect of victory. Just as disturbing was the culture’s spiritual practice. The materialism of the previous four hundred years had pushed the mystery of life, and death, far into the background. Many found the churches and synagogues full of pompous and meaningless ritual. Attendance seemed more social than spiritual, and the members too restricted by a sense of how they might be perceived and judged by their onlooking peers. As the vision progressed, I could tell that the new generation’s tendency to analyze and judge arose from a deep-seated intuition that there was more to life than the old material reality took into account. The new generation sensed new spiritual meaning just beyond the horizon, and they began to explore other, lesser known religions and spiritual points of view. For the first time the Eastern religions were understood in great numbers, serving to validate the mass intuition that spiritual perception was an inner experience, a shift in awareness that changed forever one’s sense of identity and purpose. Similarly the Jewish Cabalist writings and the Western Christian mystics, such as Meister Eckehart and Teilhard de Chardin, provided other intriguing descriptions of a deeper spirituality. At the same time, information was surfacing from the human sciences—sociology, psychiatry, psychology, and anthropology—as well as from modern physics, that cast new light on the nature of human consciousness and creativity. This cumulation of thought, together with the perspective provided by the East, gradually began to crystallize into what was later called the Human Potential Movement, the emerging belief that human beings were presently actualizing only a small portion of their vast physical, psychological, and spiritual potential I watched as, over the course of several decades, this information and the spiritual experience it spawned grew into a critical mass of awareness, a leap in consciousness from which we began to formulate a new view of what living a human life was all about,",,,
q00028,top1996:6484,2591755,1,29,https://www.goodreads.com/work/quotes/2591755,"Meanwhile, in Europe, the Renaissance continued, and I began to see the full scope of the Second Insight. The power of the church to define reality was diminishing, and Europeans were feeling as though they were awakening to look at life anew. Through the courage of countless individuals, all inspired by their intuitive memories, the scientific method was embraced as a democratic process of exploring and coming to understand the world in which humans found themselves. This method—exploring some aspect of the natural world, drawing conclusions, then offering this view to others—was thought of as the consensus-building process through which we would be able, finally, to understand mankind’s real situation on this planet, including our spiritual nature. But those in the church, entrenched in Fear, sought to squelch this new science. As political forces lined up on both sides, a compromise was reached. Science would be free to explore the outer, material world, but must leave spiritual phenomena to the dictates of the still-influential churchmen. The entire inner world of experience—our higher perceptual states of beauty and love, intuitions, coincidences, interpersonal phenomena, even dreams—all were, at first, off limits to the new science. Despite these restrictions, science began to map out and describe the operation of the physical world, providing information rich in ways to increase trade and utilize natural resources. Human economic security increased, and slowly we began to lose our sense of mystery and our heartfelt questions about the purpose of life. We decided it was purposeful enough just to survive and build a better, more secure world for ourselves and our children. Gradually we entered the consensus trance that denied the reality of death and created the illusion that the world was explained and ordinary and devoid of mystery. In spite of our rhetoric, our once-strong intuition of a spiritual source was being pushed farther into the background. In this growing materialism, God could only be viewed as a distant Deist’s God, a God who merely pushed the universe into being and then stood back to let it run in a mechanical sense, like a predictable machine, with every effect having a cause, and unconnected events happening only at random, by chance alone.",,,
q00029,top1996:6178,1022176,1,0,https://www.goodreads.com/work/quotes/1022176,Life is short..Live to the fullest..,,,
q00030,top1996:6178,1022176,1,1,https://www.goodreads.com/work/quotes/1022176,"She was pondering the option of law school, the great American baby-sitter for directionless postgrads.",,,
q00031,top1996:6178,1022176,1,2,https://www.goodreads.com/work/quotes/1022176,the casinos were packed with people gambling away grocery money with big plans to win it back tomorrow.,,,
q00032,top1996:6178,1022176,1,3,https://www.goodreads.com/work/quotes/1022176,"Every jury has a leader, and that’s where you find your verdict.",,,
q00033,top1996:6178,1022176,1,4,https://www.goodreads.com/work/quotes/1022176,"Forget the taxpayers. I’m sure these lawyers here wouldn’t mind passing the plate. Look, ask each side to put up a thousand dollars. We can charter a huge boat and have a wonderful time.",,,
q00034,top1996:6178,1022176,1,5,https://www.goodreads.com/work/quotes/1022176,"Harkin asked for a no-strike guarantee in the future, but Easter wouldn’t commit.",,,
q00035,top1996:6178,1022176,1,6,https://www.goodreads.com/work/quotes/1022176,"By five-thirty, eleven people had been excused, and sixteen others had been sent back to their seats after failing to sound sufficiently pitiful",,,
q00036,top1996:6178,1022176,1,7,https://www.goodreads.com/work/quotes/1022176,"She looked great in tight jeans and short skirts, she looked great in anything or nothing, really, but for the moment she wanted no one to notice her.",,,
q00037,top1996:2287,558576,1,0,https://www.goodreads.com/work/quotes/558576,"It's kind of getting on my nerves if you want the truth, listening to her go on and on about how she can't believe she's fallen in love with this young man from Jamaica that she met on vacation, but her problem is that she is afraid of marriage because of what she's seen it do to love, how much you actually lose, for instance, like spontaneity: everything seems to have to be planned out in advance, and she does not always want to know what is going to happen next; and then how about passion: it gets pushed out of the way or maybe even shoved over and down to the bottom of the list of needs to that list of wants and is now considered superfluous, and where there used to be joy and laughter and warm smiles all of a sudden they cross over the picket line and everybody's pissed about something stressed out every day and so she feels that marriage is just so misrepresented, so overrated and not at all redeeming and plus it changes people and she does not want to be changed.",,,
q00038,top1996:2287,558576,1,1,https://www.goodreads.com/work/quotes/558576,"I used to lie on his bed for an hour before bedtime or on a Saturday afternoon and read to him and then when he graduated to books with chapters sometimes he read. I'd look over at him, at his entire body, which appeared to have grown in the last few minutes; his lips moved and his eyes danced and darted across the page and I'd think: my son can read; he can comprehend things, he is making discoveries and he will soon have even more opinions about the world.",,,
q00039,top1996:2287,558576,1,2,https://www.goodreads.com/work/quotes/558576,"And you like doing all this ana-lyzing?''I used to, but the thrill is gone. Been gone. It's okay, though. It's a living.''And you studied many years to learn to do this?''Yep. New York University. Bachelor's and master's.' I don't even want to mention my M.F.A.'Right.' He sighs as if he's putting this all together and then he looks me in the eye and says, 'Well , it seems to me that if one goes to college for so many years you'd at least end up working in some field that you derive a great deal of pleasure from. Don't you think?''Of course I do, Winston, but sometimes your attitude changes, your needs and values change, as you get older, and what used to excite you doesn't anymore.''So do you have this same attitude toward people when your attitude changes?''What do you mean?''I mean when you get bored or someone wears out their welcome do you treat them like you would your job? Do you just kind of settle in or do you look for a new one?'Damn.",,,
q00040,top1996:2287,558576,1,3,https://www.goodreads.com/work/quotes/558576,"We pass a bunch of children playing in a small meadow which appears to be in the middle of nowhere and then a little girl with a backpack stops to stare at me like I'm a freak and I'm thinking what is she doing out here all by herself? Further up are more kids, shabbily dressed but clean and chasing each other around and some are digging something up from the ground and one is chasing a goat (I think it's a goat) and they are all laughing and suddenly it occurs to me that these children look pretty damn happy like they are having big fun and I'm certain they don't have Sega Genesis or Super Nintendo or five-hundred-dollar road bikes or Lightning Rollerblades at home and doesn't look like any crack houses or drive-bys or gang-banging going on around here and those kids look like they know how to amuse themselves, something we have forgotten, and I understand they are probably better off much better off than I thought.",,,
q00041,top1996:3056,1492888,1,2,https://www.goodreads.com/work/quotes/1492888,"He was well dressed, good looking in an upscale sort of way, so she felt no sense of insecurity.",,,
q00042,top1996:3056,1492888,1,3,https://www.goodreads.com/work/quotes/1492888,Norton’s law practice is down to dog bites and the kind of divorces that involve splitting the pickup truck and the secondhand car.,,,
q00043,top1996:349,997270,1,0,https://www.goodreads.com/work/quotes/997270,"Sometimes I look around my living room, and the most real thing in the room is the television. It’s bright and vivid, and the rest of my life looks drab. So I turn the damn thing off. That does it every time. Get my life back.",,,
q00044,top1996:349,997270,1,1,https://www.goodreads.com/work/quotes/997270,"They’re engineers,” she said. She was thinking, What did he expect? He must have dealt with engineers at GM. “Emotionally, they’re all thirteen years old, stuck at the age just before boys stop playing with toys, because they’ve discovered girls. They’re all still playing with toys. They have poor social skills, dress badly—but they’re extremely intelligent and well trained, and they are very arrogant in their way. Outsiders are definitely not allowed to play.",,,
q00045,top1996:349,997270,1,2,https://www.goodreads.com/work/quotes/997270,The irony of the Information Age is that it has given new respectability to uninformed opinion.,,,
q00046,top1996:349,997270,1,4,https://www.goodreads.com/work/quotes/997270,"There's only one more thing I can tell you, Katherine. You work in a complex business. If you try to explain that complexity to Martin, you'll be frustrated. You’ll feel he isn't interested. He'll probably cut you off. Because he isn't interested. A lot of people complain that television lacks focus. But that's the nature of the medium. Television's not about information at all. Information is active, engaging. Television is passive. Information is disinterested, objective. Television is emotional. It's entertainment. Whatever he says, however he acts, in truth Martin has absolutely no interest in you, or your company, or your airplanes. He's paid to exercise his one reliable talent: provoking people, getting them to make an emotional outburst, to lose their temper, to say something outrageous. He doesn't really want to know about airplanes. He wants a media moment. If you understand that, you can deal with him.",,,
q00047,top1996:349,997270,1,5,https://www.goodreads.com/work/quotes/997270,"The free marketeers will scream, but the fact is, free markets don’t provide safety. Only regulation does that. You want safe food, you better have inspectors. You want safe water, you better have an EPA. You want a safe stock market, you better have the SEC. And you want safe airlines, you better regulate them, too. Believe me, they will.",,,
q00048,top1996:349,997270,1,6,https://www.goodreads.com/work/quotes/997270,"But now reporters came to the story with the lead fixed in their minds; they saw their job as proving what they already knew. They didn’t want information so much as evidence of villainy. In this mode, they were openly skeptical of your point of view, since they assumed you were just being evasive. They proceeded from a presumption of universal guilt, in an atmosphere of muted hostility and suspicion.",,,
q00049,top1996:349,997270,1,7,https://www.goodreads.com/work/quotes/997270,Talking to a reporter these days was like a deadly chess match; you had to think several steps ahead; you had to imagine all the possible ways a reporter might distort your statement. The atmosphere was relentlessly adversarial.,,,
q00050,top1996:349,997270,1,9,https://www.goodreads.com/work/quotes/997270,"On a show like Newsline, the frame was all-important. Older producers on the show talked about 'context,' which to them meant putting the story in a larger setting. Indicating what the story meant, by reporting what had happened before, or reporting similar things that had occurred. The older guys thought context so important, they seemed to regard it as a kind of moral or ethical obligation. Jennifer disagreed. Because when you cut out all the sanctimonious bullshit, context was just spin, a way of pumping the story—and not a very useful way, because context meant referring to the past. Jennifer had no interest in the past; she was one of the new generation that understood that gripping television was now, events happening now, a flow of images in a perpetual unending electronic present. Context by its very nature required something more than now, and her interest did not go beyond now. Nor, she thought, did anyone else's. The past was dead and gone. Who cared what you ate yesterday? What you did yesterday? What was immediate and compelling was now. And television at its best was now.",,,
q00051,top1996:349,997270,1,10,https://www.goodreads.com/work/quotes/997270,"What she was looking for was a way to shape the story so that it unfolded now, in a pattern that the viewer could follow. The best frames engaged the viewer by presenting the story as conflict between good and bad, a morality story. Because the audience got that. If you framed a story that way, you got instant acceptance. You were speaking their language.But because the story also had to unfold quickly, this morality tale had to hang from a series of hooks that did not need to be explained. Things the audience already knew to be true. They already knew big corporations were corrupt, their leaders greedy sexist pigs. You didn't have to prove that; you just had to mention it. They already knew that government bureaucracies were inept and lazy. You didn't have to prove that, either. And they already knew that products were cynically manufactured with no concern for consumer safety. From such agreed-upon elements, she must construct her morality story. A fast-moving morality story, happening now.",,,
q00052,top1996:349,997270,1,11,https://www.goodreads.com/work/quotes/997270,"I understand,' Marder said. 'But a claim filed in a court has limited publicity. Newsline is going to present these crazy claims to forty million viewers. And at the same time, they'll automatically validate the claims, simply by repeating them on television. The damage to us comes from their exposure, not from the original claims.",,,
q00053,top1996:349,997270,1,13,https://www.goodreads.com/work/quotes/997270,"for thirty years this country’s had the best aviation safety record in the world. But the thing is, we paid for it. We paid to have new, safe planes and we paid for the oversight to make sure they were well maintained. But those days are over. Now, everybody believes in something for nothing.",,,
q00054,top1997:2746,3139753,1,0,https://www.goodreads.com/work/quotes/3139753,"When a voyager begins a journey, he prepares his ship, decides upon his course and sets sail. What else can he do? But he cannot know the outcome – what storms may arise, what new lands he may find, or whether or not he will return. That is destiny, and you must accept it. Never think you can escape destiny.",,,
q00055,top1997:2746,3139753,1,1,https://www.goodreads.com/work/quotes/3139753,"So how would you define a Londoner, then?” Lady Penny asked curiously. “Someone who lives here. It’s like the old definition of a cockney: someone who’s born within hearing distance of Bow bells. And a foreigner,” he added with a grin, “is anyone, Anglo-Saxon or not, who lives outside.",,,
q00056,top1997:2746,3139753,1,2,https://www.goodreads.com/work/quotes/3139753,And in busy London there now grew up one of the greatest gifts that the English genius was to leave the world. For in the reign of Elizabeth I began the first and greatest flowering of the glorious English theatre.,,,
q00057,top1997:2746,3139753,1,4,https://www.goodreads.com/work/quotes/3139753,"England’s Protestant,” they declared. “Why else did we throw out the Stuarts? The government and their placemen are selling us down the river. If they’ll give way over Catholics, what will they give way over next?",,,
q00058,top1997:2746,3139753,1,5,https://www.goodreads.com/work/quotes/3139753,"No one there could possibly have missed its significance. No church in England had ever been disgraced with such a thing. From the shape of the dome, the Corinthian columns – every detail had suddenly fallen into place – this was clearly, if not a copy, then the very brother of that infamous dome that hung over what every Puritan knew was the great house of iniquity itself. “Dear Lord!” he cried. “It’s just like St Peter’s – at the Vatican. It’s the church of Rome.” And, in terror, he ran out of the workshop.",,,
q00059,top1997:2746,3139753,1,6,https://www.goodreads.com/work/quotes/3139753,These are graven images – idolatry. A sin.” He knew it was true. This was a love of worldly beauty utterly at odds with all he knew to be Puritan and holy.,,,
q00060,top1997:2746,3139753,1,7,https://www.goodreads.com/work/quotes/3139753,"What has he done?” he asked. The young man himself began to respond, but the youths cut him off. “He started the Fire of London, sir,” they cried. Even the day before, the rumours had begun. A fire like this could not be the work of chance. Some said it must be the Dutch. But most – perhaps half the good people of London – had a sounder suspicion by far. “It’s the Catholics,” they said. “Who else would do such a thing?",,,
q00061,top1997:2746,3139753,1,8,https://www.goodreads.com/work/quotes/3139753,"King Charles I of England believed in the compromise worked out under Queen Elizabeth – that the Church of Rome had fallen into evil ways, that the English Church was purified Catholicism, and that it was the Anglican bishops, nowadays, who were the true inheritors of the apostles.",,,
q00062,top1997:2746,3139753,1,9,https://www.goodreads.com/work/quotes/3139753,"Only one thing, in those years, drew from her a cry of fury. This was the publication, in 1563, of a single, stout book. It was known as Foxe’s Book of Martyrs; and it was an astonishing feat of propaganda. For this book, carefully written to evoke every man’s pity and rage, described in detail the martyrs of England – by which it meant those Protestants who had perished under Bloody Mary. Of the Catholics who had suffered martyrdom before then, it said not a word. That some of these Protestants, like vicious old Latimer, had been burners and torturers themselves, it conveniently forgot. The sale of the book was prodigious. Soon, it seemed, only Catholic persecution of Protestants had ever existed. “ ’Tis a lie,” Susan would protest. “And I fear it will persist.” It would indeed. Foxe’s Book of Martyrs was destined to be read in families, to give warning to children, and to shape English people’s perception of the Catholic Church for generations.",,,
q00063,top1997:2746,3139753,1,10,https://www.goodreads.com/work/quotes/3139753,"The whole area, manor house, Clink, all eighteen brothels and the handsome profits therefrom, belonged to and was ruled by the bishop.",,,
q00064,top1997:2746,3139753,1,11,https://www.goodreads.com/work/quotes/3139753,"And whether they were saintly or corrupt, scholars or scarcely able to get through the Lord’s Prayer in Latin, all society’s educated men had the Church to thank for their learning.",,,
q00065,top1997:2746,3139753,1,12,https://www.goodreads.com/work/quotes/3139753,"The old man had smiled kindly. “It is in their nature, child. God has made woman the weaker vessel.” It was an old belief, dating back to St Paul himself. “It is man who is made in God’s image, my child. Man’s seed produces his perfect likeness. Woman, being only the container in which the seed matures, is therefore inferior. She may still reach heaven, but, being inferior, it is harder.",,,
q00066,top1997:2746,3139753,1,13,https://www.goodreads.com/work/quotes/3139753,"An unexpected guest, enjoying such lavish hospitality, should expect to sing for his supper.",,,
q00067,top1997:2746,3139753,1,15,https://www.goodreads.com/work/quotes/3139753,"How she had loved and admired him. He had travelled all over the northern seas and taken a Swedish bride. Such a bold seafarer had he been that when he died they had buried him in his boat in full regalia. She could hear his deep voice still. As he lay there now, with his long beard spread, was he dreaming of the heaving seas? Perhaps. And did the gods of the north watch over him? She had no doubt of it. Were they not in his very blood? Had not their people given their names to the days of the week? Tiw, the war god, had Tuesday, in place of Mars in the Roman calendar; Woden, or Wotan as the Germans called him, greatest of all gods, had the middle day, Wednesday; Thunor the Thunderer, Thursday; Frigg, goddess of love, Friday, in place of the Roman Venus.",,,
q00068,top1997:2746,3139753,1,23,https://www.goodreads.com/work/quotes/3139753,"confusion. The first was Ralph Silversleeves. As preparations for the expected invasion went forward, not only had King William sent for mercenaries from the Continent, he had also told Mandeville to prepare the Londoners. Which meant a new task for Ralph. For once, the surly Norman had set about his work with",,,
q00069,top1997:2746,3139753,1,27,https://www.goodreads.com/work/quotes/3139753,"And in 1694, the last year of his life, he was allowed to see one thing more. In that year, after much discussion, the city of London gained a new institution. Financed by a number of prominent London merchants, it was a joint stock bank. Its function was to finance long-term government debt by issuing bonds on which interest was payable. They called it the Bank of London.",,,
q00070,top1997:2746,3139753,1,28,https://www.goodreads.com/work/quotes/3139753,"Precisely,” Meredith smiled. “If they want to know where they are they’ll follow the time of the Royal Observatory. We shall call it Greenwich time,” he added.",,,
q00071,top1997:2746,3139753,1,29,https://www.goodreads.com/work/quotes/3139753,"The company that gathered to take ship at Wapping was a varied one. There were a number of craftsmen, a lawyer, a preacher, two fishermen. There was also a young graduate of Cambridge, who had recently inherited money, partly from the sale of a tavern in Southwark. His name was John Harvard.",,,
q00072,top1997:7085,260422,1,0,https://www.goodreads.com/work/quotes/260422,"I grew as fussy and particular about where to put what, which books should lie where, what cushion should grace what corner as a little old maiden lady. I think that it was partly because there was so little space and I had so few things to mess about with; at home, where the flotsam and jetsam of all our lives and years was as abundant as dust, it was possible only to try and contain it all, never mind arranging it. Here, in this sparsity of space and objects, I found that I cared inordinately what trinket or pillow or vase went where, what color book jacket sat next to another.",,,
q00073,top1997:7085,260422,1,1,https://www.goodreads.com/work/quotes/260422,"You never, never ask a young man to take you anywhere, Molly. It’s cheap. It sounds desperate. It sounds like you can’t get a date any other way. With your height and those big breasts, you’re always going to have to be careful not to look desperate. A real beauty can get away with it, maybe, but the rest of us ordinary girls have to be very, very careful not to look desperate.",,,
q00074,top1997:4239,1050581,1,1,https://www.goodreads.com/work/quotes/1050581,sake…. What are you doing? …,,,
q00075,top1997:5647,2918712,1,0,https://www.goodreads.com/work/quotes/2918712,"I am not a believer in love at first sight. For love, in its truest form, is not the thingof starry-eyed or star-crossed lovers, it is far more organic, requiring nurturing and timeto fully bloom, and, as such, seen best not in its callow youth but in its wrinkled maturity.Like all living things, love, too, struggles against hardship, and in the process shedsits fatuous skin to expose one composed of more than just a storm of emotion–one of loyaltyand divine friendship. Agape. And though it may be temporarily blinded by adversity,it never gives in or up, holding tight to lofty ideals that transcend this earth andtime–while its counterfeit simply concludes it was mistaken and quickly runs off tofind the next real thing.",,,
q00076,top1997:5647,2918712,1,1,https://www.goodreads.com/work/quotes/2918712,"Life's greatest philosophy is not handed down in stoic texts and dusty tomes, but lived, in each breath and act of human compassion. For love has always demanded sacrifice, and no greater love is there than that for which our lives are traded. And in this great cause of spiritual evolution we are all called to be martyrs, to die each of us, in the quest of a higher realm and loftier ideals, that we may know God. And what if there is nothing else? What if all life ends in the silent void of death? Then is it all in vain? I think not, for love, for the sake of love, will always be enough. And if our lives are but a single flash in the dark hollow of eternity, then if, but for the briefest of moments, we shine - then how brilliantly our light has burned. And as starlight knows no boundary of space or time, so too, our illumination will shine forth throughout all eternity, for darkness has no power to quell such light. And this is a lesson we must all learn and take to heart - that all light is eternal and all love is light. And it must forever be so.",,,
q00077,top1997:5647,2918712,1,2,https://www.goodreads.com/work/quotes/2918712,"Could it be that to truly love a thing is not to desire it, but to desire happiness for it?",,,
q00078,top1997:5647,2918712,1,3,https://www.goodreads.com/work/quotes/2918712,A man's worth isn't measured by a bank register or diploma... It's about integrity,,,
q00079,top1997:5647,2918712,1,4,https://www.goodreads.com/work/quotes/2918712,It is often during the worst of times that we see the best of humanity–awakeningwithin the most ordinary of us that which is most sublime. I do not believe that it is circumstancethat produces such greatness any more than it is the canvas that makes theartist. Adversity merely presents the surface on which we render our souls’ most exactinglikeness. It is in the darkest skies that stars are best seen.,,,
q00080,top1997:5647,2918712,1,5,https://www.goodreads.com/work/quotes/2918712,"From our first babblings to our last word,we make but one statement, and that is our life.",,,
q00081,top1997:5647,2918712,1,6,https://www.goodreads.com/work/quotes/2918712,"We all got things under our skin. Everybody does. Like a glass sliver. Can't see nothin' there, but it works its way in deeper and gets to festerin' and hurts so that we're ready to just cut the whole thing out.",,,
q00082,top1997:5647,2918712,1,9,https://www.goodreads.com/work/quotes/2918712,How did I come to such a dark place? I don't know where my road now leads but I fear the shadowlands that lie ahead. But it is not the darkness of the path I fear. Just the loneliness of the trail.,,,
q00083,top1997:3602,1493470,1,1,https://www.goodreads.com/work/quotes/1493470,"Hello,” he said. “Tom?” A whoop of joy. “Alice, where are you? Are you all right?” “Never better, Tom. And you?",,,
q00084,top1997:3602,1493470,1,5,https://www.goodreads.com/work/quotes/1493470,"she vaguely remembered chatting with an attractive fiftyish redhead in the elevator, who had asked for her business",,,
q00085,top1998:4378,2055065,1,0,https://www.goodreads.com/work/quotes/2055065,Not everything has to have a point. Some things just are.,,,
q00086,top1998:4378,2055065,1,1,https://www.goodreads.com/work/quotes/2055065,"You've never been in love,"" she said. ""You don't understand.""""If being in love means giving up your freedom, not to mention your opportunities,"" Caitlin said, ""Then I haven't missed anything.",,,
q00087,top1998:4378,2055065,1,2,https://www.goodreads.com/work/quotes/2055065,"Precious Child... nothing matters but the moment. There might be no tomorrow and even if there is, nobody gives a damn.",,,
q00088,top1998:4378,2055065,1,3,https://www.goodreads.com/work/quotes/2055065,What's the point of thinking about how it's going to end when it's just the beginning?,,,
q00089,top1998:4378,2055065,1,4,https://www.goodreads.com/work/quotes/2055065,"She wondered if all the firsts in her life would go by so quickly, and be forgotten just as quickly.",,,
q00090,top1998:4378,2055065,1,5,https://www.goodreads.com/work/quotes/2055065,A person without curiosity may as well be dead.,,,
q00091,top1998:4378,2055065,1,6,https://www.goodreads.com/work/quotes/2055065,Why are we acting as if we're angry. Are we angry?,,,
q00092,top1998:4378,2055065,1,7,https://www.goodreads.com/work/quotes/2055065,You think everything can be magically cured with vitamins?” “Everything but us.,,,
q00093,top1998:4378,2055065,1,8,https://www.goodreads.com/work/quotes/2055065,You weren’t always born to the right parents. And parents didn’t necessarily get the kids they were meant to raise.,,,
q00094,top1998:4378,2055065,1,9,https://www.goodreads.com/work/quotes/2055065,A person can have a happy and fulfilling life without children.,,,
q00095,top1998:4378,2055065,1,10,https://www.goodreads.com/work/quotes/2055065,"I am not scared of you, I am scare of these feelings.",,,
q00096,top1998:4378,2055065,1,11,https://www.goodreads.com/work/quotes/2055065,"Some people never get over their first loves. They spend their whole lives trying to recapture the thrill. Sometimes, after fifty years they get back together. They meet at some reunion or other and realize they were meant to be together.",,,
q00097,top1998:4378,2055065,1,12,https://www.goodreads.com/work/quotes/2055065,"You can’t deny you ever loved them, love them still, even if loving them causes you pain.",,,
q00098,top1998:4378,2055065,1,13,https://www.goodreads.com/work/quotes/2055065,There’s a difference between lonely and alone.,,,
q00099,top1998:4378,2055065,1,14,https://www.goodreads.com/work/quotes/2055065,You can fill a lifetime with if only’s or you can get on with it.,,,
q00100,top1998:4378,2055065,1,15,https://www.goodreads.com/work/quotes/2055065,To be ordinary was a fate worse than death.,,,
q00101,top1998:4378,2055065,1,18,https://www.goodreads.com/work/quotes/2055065,"He’s not like anything. He’s a person who just happens to have been born with something he can’t control. It could have happened to you. It could have happened to any of us. So the next time you see someone in a chair, someone spastic, just imagine if that were you! The same you who’s standing here now, but your mind’s been trapped inside a body you can’t control!",,,
q00102,top1998:4378,2055065,1,19,https://www.goodreads.com/work/quotes/2055065,Zillions of puppies … that’s what they got up in heaven. The softest dogs you’ve ever seen. And no poop. I don’t know what happens to the poop but it’s not in heaven. Because heaven’s clean. All those fluffy white clouds. And these zillions of puppies just jumping from cloud to cloud and you get to run and chase them all day.,,,
q00103,top1998:4378,2055065,1,21,https://www.goodreads.com/work/quotes/2055065,"Love’s a hard game to play, my darlings. Play it well.",,,
q00104,top1998:4378,2055065,1,22,https://www.goodreads.com/work/quotes/2055065,"Caitlin was fascinated by Vix’s pubic hairs. “Lay down,” she said, “and I’ll count them for you.",,,
q00105,top1998:4378,2055065,1,23,https://www.goodreads.com/work/quotes/2055065,Why anyone has children when they could have dogs is beyond me.,,,
q00106,top1998:4378,2055065,1,24,https://www.goodreads.com/work/quotes/2055065,"Besides, if they were going to be killed it would be better to be killed together, otherwise she’d have to explain to Lamb why Caitlin was murdered and she wasn’t.",,,
q00107,top1998:4378,2055065,1,25,https://www.goodreads.com/work/quotes/2055065,"For the rest of her life, every lovers’ quarrel would remind Vix of this night, this night when anger crackled in the air. She vowed then and there no guy would ever make her feel that bad.",,,
q00108,top1998:4378,2055065,1,27,https://www.goodreads.com/work/quotes/2055065,Then remember what I’m telling you. Keep your feelings to yourself. Don’t ever show anyone your disappointment,,,
q00109,top1998:276,3359767,1,0,https://www.goodreads.com/work/quotes/3359767,…the consequences of sex are often more memorable than the act itself.,,,
q00110,top1998:276,3359767,1,1,https://www.goodreads.com/work/quotes/3359767,"All his life he would hold this moment as exemplary of what love was. It was not wanting anything more, nor was it expecting people to exceed what they had just accomplished; it was simply feeling so complete.",,,
q00111,top1998:276,3359767,1,2,https://www.goodreads.com/work/quotes/3359767,…there is no nakedness that compares to being naked in front of someone for the first time.,,,
q00112,top1998:276,3359767,1,3,https://www.goodreads.com/work/quotes/3359767,"What greater thing is there for two human souls, than to feel that they are joined for life - to strengthen each other in all labor, to rest on each other in all sorrow, to minister to each other in all pain, to be one with each other in silent unspeakable memories at the moment of the last parting?",,,
q00113,top1998:276,3359767,1,4,https://www.goodreads.com/work/quotes/3359767,It was a sound like someone trying not to make a sound.,,,
q00114,top1998:276,3359767,1,5,https://www.goodreads.com/work/quotes/3359767,You can't learn everything you need to know legally.,,,
q00115,top1998:276,3359767,1,6,https://www.goodreads.com/work/quotes/3359767,. . .There are moments when time does stop. We must be alert enough to notice such moments . . .,,,
q00116,top1998:276,3359767,1,7,https://www.goodreads.com/work/quotes/3359767,…there is no straightforward negotiation with a four year old…,,,
q00117,top1998:276,3359767,1,8,https://www.goodreads.com/work/quotes/3359767,"Whereas she wished more of the population were better educated, she also believed that education was largely wasted on the majority of the people she met.",,,
q00118,top1998:276,3359767,1,9,https://www.goodreads.com/work/quotes/3359767,But who can distinguish between falling in love and imagining falling in love? Even genuinely falling in love is an act of the imagination.,,,
q00119,top1998:276,3359767,1,10,https://www.goodreads.com/work/quotes/3359767,"I try to see the whole woman,' Eddie said to Hannah. 'Of course I recognize that she's old, but there are photographs - or the equivalent of photographs in one's imagination of anyone's life. A whole life, I mean. I can picture her when she was much younger than I am - because there are always gestures and expressions that are ingrained, ageless. An old woman doesn't see herself as an old woman, and neither do I. I try to see her her whole life in her. There's something so moving about someone's whole life.",,,
q00120,top1998:276,3359767,1,11,https://www.goodreads.com/work/quotes/3359767,The gardener had a dread of small women; he'd always imagined them to have an anger disproportionate to their size.,,,
q00121,top1998:276,3359767,1,12,https://www.goodreads.com/work/quotes/3359767,She was convinced that women were as often victims of themselves as they were of men.,,,
q00122,top1998:276,3359767,1,13,https://www.goodreads.com/work/quotes/3359767,"People are either attracted to the unseemly or disapproving of it, or both; yet we try to sound superior to the unseemly by pretending to be amused by it or indifferent to it.",,,
q00123,top1998:276,3359767,1,14,https://www.goodreads.com/work/quotes/3359767,An affection that was calculated was never trustworthy.,,,
q00124,top1998:276,3359767,1,15,https://www.goodreads.com/work/quotes/3359767,"That’s what I love about boys,” Marion told him. “No matter what, you just go about your business.",,,
q00125,top1998:276,3359767,1,16,https://www.goodreads.com/work/quotes/3359767,"Because who can describe the look that triggers the memory of loved ones? Who can anticipate the frown, the smile, or the misplaced lock of hair that sends a swift, undeniable signal from the past? Who can ever estimate the power of association, which is always strongest in moments of love and in memories of death?",,,
q00126,top1998:276,3359767,1,17,https://www.goodreads.com/work/quotes/3359767,…there was no better company for an especially personal revelation than the company of virtual strangers.,,,
q00127,top1998:276,3359767,1,18,https://www.goodreads.com/work/quotes/3359767,There are few things as seemingly untouched by the real world as a child asleep.,,,
q00128,top1998:276,3359767,1,19,https://www.goodreads.com/work/quotes/3359767,"Only the chicken-lover will understand me. He will give me a kindly look, maybe mildly desirous. His eyes will tell me: You might look a lot better with some reddish-brown feathers.",,,
q00129,top1998:276,3359767,1,20,https://www.goodreads.com/work/quotes/3359767,Most men don't mind if another woman watches. It's the women who are watching who don't want to be seen.,,,
q00130,top1998:276,3359767,1,21,https://www.goodreads.com/work/quotes/3359767,"Of course, if I write a first-person novel about a woman writer, I am inviting every book reviewer to apply the autobiographical label -- to conclude that I am writing about myself. But one must never not write a certain kind of novel out of fear of what the reaction to it will be.",,,
q00131,top1998:276,3359767,1,22,https://www.goodreads.com/work/quotes/3359767,"Ruth thought of a novel as a great, untidy house, a disorderly mansion; her job was to make the place fit to live in, to give it at least the semblance of order. Only when she wrote was she unafraid.",,,
q00132,top1998:276,3359767,1,23,https://www.goodreads.com/work/quotes/3359767,"She asserted that the best fictional detail was a chosen detail, not a remembered one - for fictional truth was not only the truth of observation, which was the truth of mere journalism. The best fictional detail was the detail that should have defined the character or the episode or the atmosphere. Fictional truth was what should have happened in a story - not necessarily what did happen or what had happened.",,,
q00133,top1998:276,3359767,1,24,https://www.goodreads.com/work/quotes/3359767,"It galls me that seeking out the seedy, the sordid, the sexual, and the deviant is the expected (if not altogether acceptable) behavior of male writers; it would surely benefit me, as a writer, if I had the courage to seek out more of the seedy, the sordid, the sexual, and the deviant myself. But women who seek out such things are made to feel ashamed, or else they sound stridently ridiculous in defending themselves -- as if they're bragging. ... Yet there are subjects that remain off-limits for women writers. It's not unlike that dichotomy which exists regarding one's sexual past: it is permissible, even attractive, for a man to have had one, but if a woman has had a sexual past, she'd better keep quiet about it.",,,
q00134,top1998:276,3359767,1,25,https://www.goodreads.com/work/quotes/3359767,"... the surprised bookseller, whose name (inexplicably) was Mendelssohn. He was no relation to the German composer, and this Mendelssohn either overliked his last name or disliked his first so much that he never revealed it. (When Ted had once asked him his first name, Mendelssohn had said only: ""Not Felix."")",,,
q00135,top1998:276,3359767,1,26,https://www.goodreads.com/work/quotes/3359767,It was from just a few sentences that a writer learned anything from another writer.,,,
q00136,top1998:276,3359767,1,27,https://www.goodreads.com/work/quotes/3359767,"In Ruth's view, they looked 'like a couple' because they seemed to possess some terrible secret between them - they appeared stricken with remorse when they saw her. Only a novelist could ever imagine such nonsense. (In part, it was because of her perverse ability to imagine anything that in this instance Ruth failed to imagine the obvious)",,,
q00137,top1998:276,3359767,1,28,https://www.goodreads.com/work/quotes/3359767,"If you're a writer, the problem is that, when you try to call a halt to thinking about your novel-in-progress, your imagination still keeps going; you can't shut it off.",,,
q00138,top1998:276,3359767,1,29,https://www.goodreads.com/work/quotes/3359767,A novel is always more complicated than it seems at the beginning. Indeed a novel should be more complicated than it seems at the beginning.,,,
q00139,top1998:276,3359767,2,0,https://www.goodreads.com/work/quotes/3359767?page=2,"The prostitute became uncomfortable -- as if 'talk' were in a category of aberrant behavior, short of which she drew the line. 'You have to pay more for that,' the redhead said. 'Talk can go on for a long time.",,,
q00140,top1998:276,3359767,2,1,https://www.goodreads.com/work/quotes/3359767?page=2,"But comedy is ingrained. A writer doesn't choose to be comic. You can choose a plot, or not to have one. You can choose your characters. But comedy is not a choice; it just comes out that way.",,,
q00141,top1998:276,3359767,2,2,https://www.goodreads.com/work/quotes/3359767?page=2,"And maybe it was fair; if a book was any good, it was a slap in the face to someone.",,,
q00142,top1998:276,3359767,2,3,https://www.goodreads.com/work/quotes/3359767?page=2,"What the hell is the matter with Eddie? Ruth was thinking. If he doesn't stop staring at me, I'm going to drive off the road!Hannah had also noticed that Eddie was staring at Ruth. What the hell is the matter with Eddie? Hannah was thinking. Since when did the asshole take an interest in a younger woman?",,,
q00143,top1998:276,3359767,2,4,https://www.goodreads.com/work/quotes/3359767?page=2,"Grief is contagious,” Marion began again. “I didn’t want you to catch my grief, Eddie. I really didn’t want Ruth to catch it.",,,
q00144,top1998:276,3359767,2,5,https://www.goodreads.com/work/quotes/3359767?page=2,"When you are old and grey and full of sleep, And nodding by the fire, take down this book, And slowly read, and dream of the soft look Your eyes had once, and of their shadows deep; How many loved your moments of glad grace, And loved your beauty with love false or true, But one man loved the pilgrim soul in you, And loved the sorrows of your changing face; And bending down beside the glowing bars, Murmur, a little sadly, how Love fled And paced upon the mountains overhead And hid his face amid a crowd of stars.",,,
q00145,top1998:276,3359767,2,6,https://www.goodreads.com/work/quotes/3359767?page=2,"But that’s the test, Ruthie. The test is, sometimes there’s no place to pull over—sometimes you can’t stop, and you have to find a way to keep going. You got it?",,,
q00146,top1998:276,3359767,2,7,https://www.goodreads.com/work/quotes/3359767?page=2,"From that moment on, he would never stop seeing her, not in his minds eye - not whenever he closed his eyes and tried to sleep. She would always be there.",,,
q00147,top1998:276,3359767,2,8,https://www.goodreads.com/work/quotes/3359767?page=2,"One can’t blame Marion for telling Eddie all the times of the day and the week she avoided. For instance, when children got out of school—not to mention all museums, all zoos. And parks in any decent weather, when the children would be sure to be there with their nannies or their parents; and every daytime baseball game—all Christmas shopping, too. What had she left out? All summer and winter resorts, the first warm days of the spring, the last warm days of the fall—and every Halloween, of course. And on her list of things never to do: she never went out for breakfast, she gave up ice cream . . . Marion was always the well-dressed woman alone in a restaurant—she would ask for a table at the latest time they served. She ordered her wine by the glass and ate her meals with a novel.",,,
q00148,top1998:276,3359767,2,10,https://www.goodreads.com/work/quotes/3359767?page=2,"Thinking of Rooie, he was not entirely alone. He'd even chosen a hotel that he thought Rooie would have liked. Although it was not the most expensive hotel in Zurich, it was too expensive for a cop. But Harry had traveled so little that he'd saved a fair amount of money. He didn't expect the 2nd District to pay for his room at the Hotel Zum Storchen, not even for one night, yet that was where he wanted to stay. It was a charmingly romantic hotel on the banks of the Limmat, and Harry chose a room that looked across the river at the floodlit Rathaus.",,,
q00149,top1998:276,3359767,2,12,https://www.goodreads.com/work/quotes/3359767?page=2,Ruth Cole was a novelist; novelists are not at their best when they go off half-cocked. She believed that she would prepare what she was going to tell the police - preferably in writing.,,,
q00150,top1998:276,3359767,2,13,https://www.goodreads.com/work/quotes/3359767?page=2,"Here was the world-famous novelist with her penchant for detail; yet, in her observations of a prostitute with a customer, she had failed to come away with the most important detail of all. She could never identify the murderer; she could barely describe him. She'd made a point of not looking at him!",,,
q00151,top1998:276,3359767,2,14,https://www.goodreads.com/work/quotes/3359767?page=2,Ruth knew very well what the killer thought he had heard: he'd heard the sound of someone trying not to make a sound - that's what he'd heard.,,,
q00152,top1998:276,3359767,2,15,https://www.goodreads.com/work/quotes/3359767?page=2,"Novels were not arguments; a story worked, or it didn't, on its own merits. What did it matter if a detail was real or imagined? What mattered was that the detail seemed real, and that it was absolutely the best detail for the circumstance. That wasn't much of a theory, but it was all Ruth could truly commit herself to at the moment. It was time to retire that old lecture, and her penance was to endure the compliments of her former credo.",,,
q00153,top1998:276,3359767,2,16,https://www.goodreads.com/work/quotes/3359767?page=2,"When, if only for a moment, the novelist steps out of the creator's role, what roles are there for the novelist to step into? There are only creators of stories and characters in stories; there are no other roles.Ruth had never felt such anticipation before. She felt she had absolutely no will to take control of what happened next; in fact, she was exhilarated not to be in charge. She was happy not to be the novelist. She was not the writer of this story, yet the story thrilled her.",,,
q00154,top1998:276,3359767,2,18,https://www.goodreads.com/work/quotes/3359767?page=2,"In the name of equality, the neo-Marxists want to punish individual achievement and success.",,,
q00155,top1998:276,3359767,2,19,https://www.goodreads.com/work/quotes/3359767?page=2,"You write about when it’s safe for a widow to re-enter the world, but there is no such thing as a widow for one year. I will be a widow for the rest of my life!",,,
q00156,top1998:276,3359767,2,21,https://www.goodreads.com/work/quotes/3359767?page=2,You're the biggest secret I know...The only way I know what's going on with you is the only way everyone else knows it. I just have to wait and read your next book.,,,
q00157,top1998:276,3359767,2,25,https://www.goodreads.com/work/quotes/3359767?page=2,"What bothered Ruth was that she needed to be with Rooie again -- just to see, as in a story, what would happen next. That meant Rooie was in charge.",,,
q00158,top1998:582,3254516,1,0,https://www.goodreads.com/work/quotes/3254516,Humor is almost always anger with its make-up on.,,,
q00159,top1998:582,3254516,1,1,https://www.goodreads.com/work/quotes/3254516,"For men, I think, love is a thing formed of equal parts lust and astonishment. The astonishment part women understand. The lust part they only think they understand.",,,
q00160,top1998:582,3254516,1,2,https://www.goodreads.com/work/quotes/3254516,"The muses are ghosts, and sometimes they come uninvited.",,,
q00161,top1998:582,3254516,1,3,https://www.goodreads.com/work/quotes/3254516,I felt lonely and content at the same time. I believe that is a rare kind of happiness.,,,
q00162,top1998:582,3254516,1,4,https://www.goodreads.com/work/quotes/3254516,"I see things, that's all. Write enough stories and every shadow on the floor looks like a footprint; every line in the dirt like a secret message.",,,
q00163,top1998:582,3254516,1,5,https://www.goodreads.com/work/quotes/3254516,"This is how we go on: one day at a time, one meal at a time, one pain at a time, one breath at a time. Dentists go on one root-canal at a time; boat-builders go on one hull at a time. If you write books, you go on one page at a time. We turn from all we know and all we fear. We study catalogues, watch football games, choose Sprint over AT&T. We count the birds in the sky and will not turn from the window when we hear the footsteps behind us as something comes up the hall; we say yes, I agree that clouds often look like other things - fish and unicorns and men on horseback - but they are really only clouds. Even when the lightening flashes inside them we say they are only clouds and turn our attention to the next meal, the next pain, the next breath, the next page. This is how we go on.",,,
q00164,top1998:582,3254516,1,6,https://www.goodreads.com/work/quotes/3254516,"I was being paid to do what I loved, and there's no gig on earth better than that; it's like a license to steal.",,,
q00165,top1998:582,3254516,1,7,https://www.goodreads.com/work/quotes/3254516,A person can go along quite awhile if they get a good day every once and again.,,,
q00166,top1998:582,3254516,1,8,https://www.goodreads.com/work/quotes/3254516,"Grief is like a drunken house guest, always coming back for one more goodbye hug.",,,
q00167,top1998:582,3254516,1,9,https://www.goodreads.com/work/quotes/3254516,"Her body was wrapped in shadows like moth wings, like rose-petals.",,,
q00168,top1998:582,3254516,1,10,https://www.goodreads.com/work/quotes/3254516,"I think reality is thin, you know, thin as lake ice after a thaw, and we fill our lives with noise and light and motion to hide that thinness from ourselves.",,,
q00169,top1998:582,3254516,1,11,https://www.goodreads.com/work/quotes/3254516,"Readers have a loyalty that cannot be matched anywhere else in the creative arts, which explains why so many writers who have run out of gas can keep coasting anyway, propelled on to the bestseller lists by the magic words AUTHOR OF on the covers of their books.",,,
q00170,top1998:582,3254516,1,12,https://www.goodreads.com/work/quotes/3254516,A writer is a man who has taught his mind to misbehave.,,,
q00171,top1998:582,3254516,1,13,https://www.goodreads.com/work/quotes/3254516,Fear is actually an acronym for Fuck Everything And Run.,,,
q00172,top1998:582,3254516,1,14,https://www.goodreads.com/work/quotes/3254516,"So what, ghosts can't hurt you. That's what I thought then.",,,
q00173,top1998:582,3254516,1,15,https://www.goodreads.com/work/quotes/3254516,The dream didn't fade as dreams usually do upon waking.,,,
q00174,top1998:582,3254516,1,16,https://www.goodreads.com/work/quotes/3254516,And perhaps the greatest blessing was that we never knew how short the time was.,,,
q00175,top1998:582,3254516,1,17,https://www.goodreads.com/work/quotes/3254516,"The water was glassy and calm, still candy-colored in the afterglow of sunset.",,,
q00176,top1998:582,3254516,1,18,https://www.goodreads.com/work/quotes/3254516,the look of the sky as the day's blue blood runs out of its cheek.,,,
q00177,top1998:582,3254516,1,19,https://www.goodreads.com/work/quotes/3254516,"Any good marriage is secret territory, a necessary white space on society's map. What others don't know about it is what makes it yours.",,,
q00178,top1998:582,3254516,1,20,https://www.goodreads.com/work/quotes/3254516,"Things conceived by minds and made by hands can never be quite the same, even if they try their best to be identical, because they're never the same from day to day or even moment to moment.",,,
q00179,top1998:582,3254516,1,21,https://www.goodreads.com/work/quotes/3254516,"Murder is the worst kind of pornography, murder is let me do what I want taken to its final extreme.",,,
q00180,top1998:582,3254516,1,22,https://www.goodreads.com/work/quotes/3254516,"When an imaginative person gets into mental trouble, the line between seeming and being has a way of disappearing-",,,
q00181,top1998:582,3254516,1,23,https://www.goodreads.com/work/quotes/3254516,"Compared to the dullest human being actually walking about on the face of the earth and casting his shadow there,” Hardy supposedly said, “the most brilliantly drawn character in a novel is but a bag of bones.” I understood because that was what I felt like in those interminable, dissembling days: a bag of bones.",,,
q00182,top1998:582,3254516,1,24,https://www.goodreads.com/work/quotes/3254516,"I don't call people for help. It's not because of the way I was raised, at least I don't think so; it's the way I was made. Johanna once said that if I was drowning at Dark Score Lake, where we have a summer home, I would die silently fifty feet out from the public beach rather than yell for help. It's not a question of love or affection. I can give those and I can take them. I feel pain like anyone else. I need to touch and be touched. But if someone asks me, 'Are you all right?' I can't answer no. I can't say help me.",,,
q00183,top1998:582,3254516,1,25,https://www.goodreads.com/work/quotes/3254516,At night your thoughts have an unpleasant way of slipping their collars and running free.,,,
q00184,top1998:582,3254516,1,26,https://www.goodreads.com/work/quotes/3254516,"When one has little faith, one must survive from day to day signs-",,,
q00185,top1998:582,3254516,1,27,https://www.goodreads.com/work/quotes/3254516,"The sun had burned through and the day had gone from dull to dazzling, yet in the west blask-satin thunderheads continued to stack up. It was as if night has burst a blood-vessel in the sky over there.",,,
q00186,top1998:582,3254516,1,28,https://www.goodreads.com/work/quotes/3254516,"What comes in when daylight leaves is a kind of certainty: that beneath the skin there is a secret, some mystery both black and bright. You feel this mystery in every breath, you see it in every shadow, you expect to plunge into it at every turn of a step.",,,
q00187,top1998:582,3254516,1,29,https://www.goodreads.com/work/quotes/3254516,"I think houses live their own lives along a time-stream that's different from the ones upon which their owners float, one that's slower. In a house, especially an old one, the past is closer.",,,
q00188,top1998:582,3254516,2,0,https://www.goodreads.com/work/quotes/3254516?page=2,"Dead people put on weight, it seems to me; both in their flesh and in our minds, they put on weight.",,,
q00189,top1998:582,3254516,2,1,https://www.goodreads.com/work/quotes/3254516?page=2,"My first editor used to say that eighty-five per cent of what goes on in a novelist's head is none of his business, a sentiment I've never believed should be restricted to just writers.",,,
q00190,top1998:582,3254516,2,2,https://www.goodreads.com/work/quotes/3254516?page=2,"There's something oddly comforting about talking to a legal guy once the billable hours clock has started running; you have passed the magical point at which a lawyer becomes your lawyer. Your lawyer is warm, your lawyer is sympathetic, your lawyer makes notes on a yellow pad and nods in all the right places. Most of the questions your lawyer asks are questions you can answer. And if you can't your lawyer will help you find a way to do so, by God. Your lawyer is always on your side. Your enemies are his enemies. To him you are never shit but always Shinola.",,,
q00191,top1998:582,3254516,2,6,https://www.goodreads.com/work/quotes/3254516?page=2,"On a very hot day in August of 1994, my wife told me she was going down to the Derry Rite Aid to pick up a refill on her sinus medicine prescription - this is stuff you can buy over the counter these days, I believe. I’d finished writing for the day and offered to pick it up for her. She said thanks, but she wanted to get a piece of fish at the supermarket next door anyway; two birds with one stone and all that. She blew a kiss at me off the palm of her and and went out. The next time I saw her, she was on TV. That’s how you identify the dead here in Derry - no walking down a subterranean corridor with green tiles on the walls and long fluorescent bars overhead, no naked body rolling out of a chilly drawer on casters; you just go into an office marked PRIVATE and look at a TV screen and say yep or nope.",,,
q00192,top1998:582,3254516,2,7,https://www.goodreads.com/work/quotes/3254516?page=2,"Why would she do that?""""Because she's a Yankee - a Maine Yankee, the worst kind. On a given day, they can make the Irish look logical.",,,
q00193,top1998:582,3254516,2,8,https://www.goodreads.com/work/quotes/3254516?page=2,"There's something creepy about any repeating dream, I think, about knowing your subconscious is digging obsessively at some object that won't be dislodged.",,,
q00194,top1998:582,3254516,2,9,https://www.goodreads.com/work/quotes/3254516?page=2,"What if death drives us insane? What if we survive, but it drives us insane? What then?",,,
q00195,top1998:582,3254516,2,10,https://www.goodreads.com/work/quotes/3254516?page=2,Things with the power to scare the living shit out of you on a thundery midnight in most cases seem only interesting in the bright light of a summer morning.,,,
q00196,top1998:582,3254516,2,15,https://www.goodreads.com/work/quotes/3254516?page=2,"It always seems to be cool in the houses of old people, have you noticed?",,,
q00197,top1998:582,3254516,2,16,https://www.goodreads.com/work/quotes/3254516?page=2,"Well, I guess that in the computer magazines God is more often spelled Gates, but you know what I mean.",,,
q00198,top1998:582,3254516,2,17,https://www.goodreads.com/work/quotes/3254516?page=2,The smell of oil in the air was huge and furry.,,,
q00199,top1998:582,3254516,2,18,https://www.goodreads.com/work/quotes/3254516?page=2,"I suspect that fright, like pain, is one of those things that slip our minds once they have passed.",,,
q00200,top1998:582,3254516,2,19,https://www.goodreads.com/work/quotes/3254516?page=2,"It was as if the heart had been burned out of her and the sadness which remained was just another ghost, the memory of love haunting the bones of hate.",,,
q00201,top1998:582,3254516,2,21,https://www.goodreads.com/work/quotes/3254516?page=2,Sometimes things work just because you think they work. It's as good a definition of faith as any.,,,
q00202,top1998:582,3254516,2,22,https://www.goodreads.com/work/quotes/3254516?page=2,America has become a country full of big men in little cars.,,,
q00203,top1998:582,3254516,2,23,https://www.goodreads.com/work/quotes/3254516?page=2,A hypnotized man is easy to lead.,,,
q00204,top1998:582,3254516,2,24,https://www.goodreads.com/work/quotes/3254516?page=2,Be sure your sin will find you out...Be sure.,,,
q00205,top1998:582,3254516,2,25,https://www.goodreads.com/work/quotes/3254516?page=2,"When I couldn't find you, I died.",,,
q00206,top1998:582,3254516,2,27,https://www.goodreads.com/work/quotes/3254516?page=2,"What a sour little doodad the telephone is, and what little good news we get from it!",,,
q00207,top1998:582,3254516,2,29,https://www.goodreads.com/work/quotes/3254516?page=2,"Christ almighty, Noonan, quit it, I told myself. She’s three years old and you’ve already got her with three kids of her own, two with ringworm and one retarded.",,,
q00208,top1998:582,3254516,3,1,https://www.goodreads.com/work/quotes/3254516?page=3,"I was in trouble, my life was a moderate-going-on-severe mess, and not being able to write was only part of it. I wasn’t raping kids or running around Times Square preaching conspiracy theories through a bullhorn, but I was in trouble just the same. I had lost my place in things and couldn’t find it again. No surprise there; after all, life’s not a book.",,,
q00209,top1998:582,3254516,3,2,https://www.goodreads.com/work/quotes/3254516?page=3,"I wasn’t going to stand out here listening to those quarrelling voices in my head. If I wasn’t crazy—and I didn’t think I was—listening to those contentious assholes would probably send me there, and by the express.",,,
q00210,top1998:582,3254516,3,3,https://www.goodreads.com/work/quotes/3254516?page=3,"I stayed, though, because boredom is good. People with a high tolerance for boredom can get a lot of thinking done.",,,
q00211,top1998:582,3254516,3,5,https://www.goodreads.com/work/quotes/3254516?page=3,I’m a lawyer. I use words in conversation that haven’t even been invented yet.,,,
q00212,top1998:582,3254516,3,6,https://www.goodreads.com/work/quotes/3254516?page=3,Grace is the first casualty of survival. Adaptability outlasts it at every turn.,,,
q00213,top1998:582,3254516,3,8,https://www.goodreads.com/work/quotes/3254516?page=3,"Book-readers are just as willing as anyone else to start out with the weather, but as a general rule they can actually go on from there.",,,
q00214,top1998:582,3254516,3,9,https://www.goodreads.com/work/quotes/3254516?page=3,"The machine which ran so sweet for so long has stopped. It isn't broken, but the machine has stopped just the same. There's gas in the tank, the sparkplugs spark and the battery bats, but the wordy guy stands there quiet in the middle of my head. I've put a tarp over it. It's served me well, you see, and I don't like to think of it getting dusty.",,,
q00215,top1998:582,3254516,3,11,https://www.goodreads.com/work/quotes/3254516?page=3,"There was a madness in my story, but it was a madness I understood.",,,
q00216,top1998:582,3254516,3,12,https://www.goodreads.com/work/quotes/3254516?page=3,I will scream as the sanity leaves my mind forever. I will scream...but there is no one there to hear me.,,,
q00217,top1998:582,3254516,3,13,https://www.goodreads.com/work/quotes/3254516?page=3,"It never really felt like work to me, although I called it that; it felt like some weird mental trampoline I bounced on. Those were the springs that took away all the weight of the world for awhile.",,,
q00218,top1998:582,3254516,3,19,https://www.goodreads.com/work/quotes/3254516?page=3,"I’m a lucky girl, don’t you think? First I marry the son of an extremely rich man, and after he dies, I fall under the protective wing of another rich guy. Next I’ll probably move in with Donald Trump.",,,
q00219,top1998:582,3254516,3,24,https://www.goodreads.com/work/quotes/3254516?page=3,I’ve put down my scrivener’s pen. These days I prefer not to.,,,
q00220,top1998:582,3254516,3,25,https://www.goodreads.com/work/quotes/3254516?page=3,"Need a quick fix? Easiest thing in the world. “When the story starts going sour, bring on the man with the gun.",,,
q00221,top1998:582,3254516,3,26,https://www.goodreads.com/work/quotes/3254516?page=3,"Ah-Hah, the Bangles, Melissa Etheridge, Huey Lewis and the News. It seemed to me that I knew every song, every riff.",,,
q00222,top1998:582,3254516,3,27,https://www.goodreads.com/work/quotes/3254516?page=3,Old Krazy Kat had popped his peepers during a psychic event.,,,
q00223,top1998:582,3254516,3,28,https://www.goodreads.com/work/quotes/3254516?page=3,"and Shackleford’s childhood friend, the awful Ray Garraty.",,,
q00224,top1998:582,3254516,3,29,https://www.goodreads.com/work/quotes/3254516?page=3,"Because my father didn’t lie. It was against his religion.” “Baptist?” “Nosir, Yankee.",,,
q00225,top1998:582,3254516,4,0,https://www.goodreads.com/work/quotes/3254516?page=4,"the kind of silence you experience only after a Saturday holiday, I think, one composed of equal parts holiness and hangover.",,,
q00226,top1998:582,3254516,4,3,https://www.goodreads.com/work/quotes/3254516?page=4,fear” stands for Face Everything And Recover.,,,
q00227,top1998:582,3254516,4,4,https://www.goodreads.com/work/quotes/3254516?page=4,"She was a dear.” From a Yankee mouth, that word rhymes with Leah.",,,
q00228,top1998:582,3254516,4,5,https://www.goodreads.com/work/quotes/3254516?page=4,"When the world was too much with them, getting and spending.",,,
q00229,top1998:582,3254516,4,8,https://www.goodreads.com/work/quotes/3254516?page=4,"Robert Johnson, whose primitive licks hid behind the chords of almost every Led Zeppelin and Yardbirds song ever recorded. Who, according to the legend, had gone down to the crossroads and sold his soul to Satan for seven years of fast living, high-tension liquor, and streetlife babies. And for a jukejoint brand of immortality, of course. Which he had gotten. Robert Johnson, supposedly poisoned over a woman.",,,
q00230,top1998:582,3254516,4,10,https://www.goodreads.com/work/quotes/3254516?page=4,"You can't hurry stories with magic in them, Ki.",,,
q00231,top1998:582,3254516,4,11,https://www.goodreads.com/work/quotes/3254516?page=4,"Eating cold mozzarella sticks is a little like eating cold snot, an observation I thought I would keep to myself on this beautiful midsummer Friday.",,,
q00232,top1998:582,3254516,4,12,https://www.goodreads.com/work/quotes/3254516?page=4,"Noonan’s First Law of Eccentricity: when you’re on your own, strange behavior really doesn’t seem strange at all.",,,
q00233,top1998:582,3254516,4,13,https://www.goodreads.com/work/quotes/3254516?page=4,"You’re scared of this guy, aren’t you? Jo asked. Okay, maybe you’re right to be scared. A man who feels he can be angry whenever he wants to at whoever he wants to . . . that’s a man who can be dangerous.",,,
q00234,top1998:582,3254516,4,15,https://www.goodreads.com/work/quotes/3254516?page=4,"This river has almost come out to sea, and it won't be dammed by the likes of you",,,
q00235,top1998:582,3254516,4,20,https://www.goodreads.com/work/quotes/3254516?page=4,"I thought There, right there, but it was only a conscious and unspontaneous thought, the mind voicing a memory.",,,
q00236,top1998:582,3254516,4,21,https://www.goodreads.com/work/quotes/3254516?page=4,"For the balance of the day that part is locked to the rest of the machinery and goes pretty much forgotten . . . except on certain occasions when it comes loose on its own and you trance out unexpectedly, your mind making associations which have nothing to do with rational thought and glaring with unexpected images. That is in some ways the strangest part of the creative process.",,,
q00237,top1998:582,3254516,4,22,https://www.goodreads.com/work/quotes/3254516?page=4,"I took in another mouthful of iron-tasting water and was so dazed I had to remind myself to spit it out, not swallow it.",,,
q00238,top1998:582,3254516,4,23,https://www.goodreads.com/work/quotes/3254516?page=4,"That made me think of the cables again—cables running in every direction, a subcutaneous webwork connecting people and places.",,,
q00239,top1998:582,3254516,4,25,https://www.goodreads.com/work/quotes/3254516?page=4,"I didn't think about anything, and yet I thought about everything. It was a special kind of thinking, the sort I'd always done when I was getting close to writing a book",,,
q00240,top1998:705,2349447,1,1,https://www.goodreads.com/work/quotes/2349447,Maybe when you were a kid you were so unsure of yourself that every school year was a time of reinvention; maybe only adults were stupid enough to think they knew exactly who they were.,,,
q00241,top1998:705,2349447,1,2,https://www.goodreads.com/work/quotes/2349447,"There are ways and ways of dying, and some of them leave you walking around.",,,
q00242,top1998:705,2349447,1,3,https://www.goodreads.com/work/quotes/2349447,"He had not colored the leaves in yet, and the trunk and its branches looked for the moment less like a tree and more like a great brown river, the Nile, the Amazon, the Benedetto and Flynn river of blood, and there at its isthmus was this one child, so that it seemed that all of these people, from Poland, from Italy, from Ireland and the Bronx and Brooklyn, had come together for no other reason than to someday produce Robert Benedetto, in an event as meant, as important as that one in Bethlehem that he had learned about in catechism class at St. Stannie's.",,,
q00243,top1998:705,2349447,1,4,https://www.goodreads.com/work/quotes/2349447,"Count your blessings, my father always said. It shames you, to count yours by the hardships of other people.",,,
q00244,top1998:705,2349447,1,6,https://www.goodreads.com/work/quotes/2349447,"You got to live in the time you’re living in. The past is the past, right,",,,
q00245,top1998:705,2349447,1,7,https://www.goodreads.com/work/quotes/2349447,sometimes you have to do hard things to your kids to do the right thing for them in the long run.,,,
q00246,top1998:705,2349447,1,8,https://www.goodreads.com/work/quotes/2349447,"stayed because I thought things would get better, or at least not worse.",,,
q00247,top1998:705,2349447,1,9,https://www.goodreads.com/work/quotes/2349447,Doesn´t she have diarrhea of the mouth?,,,
q00248,top1998:705,2349447,1,10,https://www.goodreads.com/work/quotes/2349447,Sometimes you say a word so many times that it loses its meaning...,,,
q00249,top1998:705,2349447,1,11,https://www.goodreads.com/work/quotes/2349447,...I had enough of real life everyday to last me forever.,,,
q00250,top1998:705,2349447,1,12,https://www.goodreads.com/work/quotes/2349447,"She wants to be someone else, somewhere else, and I can't blame her.",,,
q00251,top1998:705,2349447,1,13,https://www.goodreads.com/work/quotes/2349447,"...there is a piece of me missing so big that the pain doubles me over, clawing at my gut...",,,
q00252,top1998:705,2349447,1,14,https://www.goodreads.com/work/quotes/2349447,"Words, words. They mean nothing, less than nothing. I know.",,,
q00253,top1998:705,2349447,1,15,https://www.goodreads.com/work/quotes/2349447,"It was like death, except I had to go on living.",,,
q00254,top1998:705,2349447,1,16,https://www.goodreads.com/work/quotes/2349447,I hid my wounds because I was ashamed...but now I know that I was also afraid of being reduced..,,,
q00255,top1998:705,2349447,1,17,https://www.goodreads.com/work/quotes/2349447,The cold in her makes cold in me.,,,
q00256,top1999:2095,2992500,1,0,https://www.goodreads.com/work/quotes/2992500,"The tragedy is not to die, but to be wasted.",,,
q00257,top1999:2095,2992500,1,1,https://www.goodreads.com/work/quotes/2992500,I think it's easy to mistake understanding for empathy - we want empathy so badly. Maybe learning to make that distinction is part of growing up. It's hard and ugly to know somebody can understand you without even liking you.,,,
q00258,top1999:2095,2992500,1,2,https://www.goodreads.com/work/quotes/2992500,"If I saw you everyday forever, I would remember this time.",,,
q00259,top1999:2095,2992500,1,3,https://www.goodreads.com/work/quotes/2992500,"The worm that destroys you is the temptation to agree with your critics, to get their approval.",,,
q00260,top1999:2095,2992500,1,4,https://www.goodreads.com/work/quotes/2992500,We can only learn so much and live.,,,
q00261,top1999:2095,2992500,1,5,https://www.goodreads.com/work/quotes/2992500,"In the vaults of our hearts and brains, danger waits. All the chambers are not lovely, light and high. There are holes in the floor of the mind, like those in a medieval dungeon floor - the stinking oubliettes, named for forgetting, bottle-shaped cells in solid rock with the trapdoor in the top. Nothing escapes from them quietly to ease us. A quake, some betrayal by our safeguards, and sparks of memory fire the noxious gases - things trapped for years fly free, ready to explode in pain and drive us to dangerous behavior...",,,
q00262,top1999:2095,2992500,1,6,https://www.goodreads.com/work/quotes/2992500,"The most stable elements, Clarice, appear in the middle of the periodic table, roughly between iron and silver.Between iron and silver. I think that is appropriate for you.",,,
q00263,top1999:2095,2992500,1,7,https://www.goodreads.com/work/quotes/2992500,"Dr. Fell, do you believe a man could become so obsessed with a woman, from a single encounter? Could he daily feel a stab of hunger for her and find nourishment in the very sight of her? I think so. But would she see through the bars of his plight and ache for him?",,,
q00264,top1999:2095,2992500,1,8,https://www.goodreads.com/work/quotes/2992500,There is a common emotion we all recognize and have not yet named—the happy anticipation of being able to feel contempt.,,,
q00265,top1999:2095,2992500,1,9,https://www.goodreads.com/work/quotes/2992500,"Did you ever think, Clarice, why the Philistines don't understand you? It's because you are the answer to Samson's riddle. You are the honey in the lion.",,,
q00266,top1999:2095,2992500,1,10,https://www.goodreads.com/work/quotes/2992500,You would think such a day would tremble to begin . . .,,,
q00267,top1999:2095,2992500,1,11,https://www.goodreads.com/work/quotes/2992500,"It occurred to Dr. Lecter in the moment that with all his knowledge and intrusion, he could never entirely predict her, or own her at all. He could feed the caterpillar, he could whisper through the chrysalis; what hatched out followed its own nature and was beyond him. He wondered if she had the .45 on her leg beneath the gown. Clarice Starling smiled at him then, the cabochons caught the firelight and the monster was lost in self-congratulation at his own exquisite taste and cunning.",,,
q00268,top1999:2095,2992500,1,12,https://www.goodreads.com/work/quotes/2992500,"Occasionally, on purpose, Dr. Lecter drops a teacup to shatter on the floor. He is satisfied when it does not gather itself together. For many months now, he has not seen Mischa in his dreams.Someday perhaps a cup will come together. Or somewhere Starling may hear a crossbow string and come to some unwilled awakening, if indeed she even sleeps.",,,
q00269,top1999:2095,2992500,1,13,https://www.goodreads.com/work/quotes/2992500,"What do you look at while you’re making up your mind? Ours is not a reflective culture, we do no raise our eyes up to the hills. Most of the time we decide the critical things while looking at the linoleum floor of an institutional corridor, or whispering hurriedly in a waiting room with a television blatting nonsense.",,,
q00270,top1999:2095,2992500,1,14,https://www.goodreads.com/work/quotes/2992500,The first step in the development of taste is to be willing to to credit your own opinion.,,,
q00271,top1999:2095,2992500,1,15,https://www.goodreads.com/work/quotes/2992500,"On a related subject, Signore Pazzi, I must confess to you: I'm giving serious thought to eating your wife.",,,
q00272,top1999:2095,2992500,1,17,https://www.goodreads.com/work/quotes/2992500,"I'll confess it is pleasant to look at you asleep. You're quite beautiful, Clarice.",,,
q00273,top1999:2095,2992500,1,18,https://www.goodreads.com/work/quotes/2992500,"We assign a moment to decision, to dignify the process as a timely result of rational and conscious thought. But decisions are made of kneaded feelings; they are more often a lump than a sum.",,,
q00274,top1999:2095,2992500,1,19,https://www.goodreads.com/work/quotes/2992500,The world will not be this way within the reach of my arm.,,,
q00275,top1999:2095,2992500,1,20,https://www.goodreads.com/work/quotes/2992500,It's hard and ugly to know someone can understand you without even liking you.,,,
q00276,top1999:2095,2992500,1,21,https://www.goodreads.com/work/quotes/2992500,"She was charming way a cub is charming, a small cub that will grow up to be like one of the big cats. One you can't play with later",,,
q00277,top1999:2095,2992500,1,22,https://www.goodreads.com/work/quotes/2992500,"We routinely leave our small children in day care among strangers. At the same time, in our guilt we evince paranoia about strangers and foster fear in children.",,,
q00278,top1999:2095,2992500,1,23,https://www.goodreads.com/work/quotes/2992500,"She wanted to go inside. She wanted to go in, wanting it as we want to jump from balconies, as the glint of the rails tempts us when we hear the approaching train.",,,
q00279,top1999:2095,2992500,1,24,https://www.goodreads.com/work/quotes/2992500,"He looked up and saw her and his breath stopped in his throat. His hands stopped too, still spread above the keyboard. Harpsichord notes do not carry, and in the sudden quiet of the drawing room they both heard him take his next breath.",,,
q00280,top1999:2095,2992500,1,26,https://www.goodreads.com/work/quotes/2992500,"The exposition of Atrocious Torture Instruments could not fail to appeal to a connoisseur of the worst in mankind. But the essence of the worst, the true asafoetida of the human spirit, is not found in the Iron Maiden or the whetted edge; Elemental Ugliness is found in the faces of the crowd.",,,
q00281,top1999:2095,2992500,1,27,https://www.goodreads.com/work/quotes/2992500,"He could see that he had too many flowers in the room, and must add more to make it come back right again. Too many flowers was too many, but way too many was just right.",,,
q00282,top1999:2095,2992500,1,28,https://www.goodreads.com/work/quotes/2992500,"I'm going to cut you loose. With all due respect, Doctor, if you fuck with me I'll shoot you dead, here and now. Do you understand that?""- Clarice""Perfectly.""- Hannibal Lecter ""Do right and you'll live through this."" -Clarice",,,
q00283,top1999:2095,2992500,1,29,https://www.goodreads.com/work/quotes/2992500,"Which do you think, Commendatore? Bowels in or out?",,,
q00284,top1999:2095,2992500,2,0,https://www.goodreads.com/work/quotes/2992500?page=2,"Dr. Lecter, erect as a dancer and carrying Starling in his arms, came out from behind the gate, walked barefoot out of the barn, through the pigs. Dr. Lecter walked through the sea of tossing backs and bloodspray in the barn.",,,
q00285,top1999:2095,2992500,2,1,https://www.goodreads.com/work/quotes/2992500?page=2,"[T]here is no consensus in the psychiatric community that Dr. Lecter should be termed a man. He has long been regarded by his professional peers in psychiatry, many of whom fear his acid pen in the professional journals, as something entirely Other. For convenience, they term him “monster”.",,,
q00286,top1999:2095,2992500,2,3,https://www.goodreads.com/work/quotes/2992500?page=2,"Do not say ‘Thanks.’” A fractional turn of his head was enough to dash his annoyance like a glass thrown into the fireplace. “I say what I mean,” Starling said. “Would you like it better if I said ‘I’m glad you find me so.’ That would be a little fancier, and equally true.” She raised her glass beneath her level prairie gaze, taking back nothing.",,,
q00287,top1999:2095,2992500,2,4,https://www.goodreads.com/work/quotes/2992500?page=2,"If you believe you are beyond harm, will you go inside? Will you enter this palace so prominent in blood and glory, follow your face through the web-spanned dark, toward the exquisite chiming of the clavier? The alarms cannot see us. The wet policeman lurking in the doorway cannot see us. Come …",,,
q00288,top1999:2095,2992500,2,5,https://www.goodreads.com/work/quotes/2992500?page=2,"Lecter sits in his armchair with a big pad of butcher paper doing calculations. The pages are filled with the symbols both of astrophysics and particle physics. There are repeated efforts with the symbols of string theory. The few mathematicians who could follow him might say his equations begin brilliantly and then decline, doomed by wishful thinking. Dr. Lecter wants time to reverse — no longer should increasing entropy mark the direction of time. He wants increasing order to point the way”.",,,
q00289,top1999:2095,2992500,2,6,https://www.goodreads.com/work/quotes/2992500?page=2,Death and danger do not have to come with trappings.,,,
q00290,top1999:2095,2992500,2,7,https://www.goodreads.com/work/quotes/2992500?page=2,He was a person who agreed with everything his victim said before he killed him.,,,
q00291,top1999:2095,2992500,2,8,https://www.goodreads.com/work/quotes/2992500?page=2,"Crawford was home for a month from the hospital, the chest pains came again in the night. Instead of calling an ambulance and going through it all again, he chose simply to roll over to the solace of his late wife’s side of the bed.",,,
q00292,top1999:2095,2992500,2,9,https://www.goodreads.com/work/quotes/2992500?page=2,How do you behave when you know the conventional honors are dross? When you have come to believe with Marcus Aurelius that the opinion of future generations will be worth no more than the opinion of the current one? Is it possible to behave well then? Desirable to behave well then?,,,
q00293,top1999:2095,2992500,2,12,https://www.goodreads.com/work/quotes/2992500?page=2,"Dr. Doemling, does he want to fuck her or kill her, or eat her, or what?' Mason asked, exhausting the possibilities he could see. 'Probably all three,' Dr. Doemling said.",,,
q00294,top1999:2095,2992500,2,13,https://www.goodreads.com/work/quotes/2992500?page=2,"Now that ceaseless exposure has calloused us to the lewd and the vulgar, it is instructive to see what still seems wicked to us. What still slaps the clammy flab of our submissive consciousness hard enough to get our attention?",,,
q00295,top1999:2095,2992500,2,14,https://www.goodreads.com/work/quotes/2992500?page=2,sight of Clarice Starling running through the falling leaves on the forest path was well established now in the memory palace of his mind. It is a source of pleasure,,,
q00296,top1999:2095,2992500,2,15,https://www.goodreads.com/work/quotes/2992500?page=2,"It sped her toward the idea that Dr. Lecter’s taste for rarefied things, things in a small market, might be the monster’s dorsal fin, cutting the surface and making him visible.",,,
q00297,top1999:2095,2992500,2,16,https://www.goodreads.com/work/quotes/2992500?page=2,"Barney was nearly through with his workout, cooling down on a bike, when he realized he was not alone in the room.",,,
q00298,top1999:2095,2992500,2,18,https://www.goodreads.com/work/quotes/2992500?page=2,Dr. Lecter took off Krendler's runner's headband as you would remove the rubber band from a tin of caviar.,,,
q00299,top1999:2095,2992500,2,19,https://www.goodreads.com/work/quotes/2992500?page=2,Was that job offer you worked into the blessing? I never saw such tact.,,,
q00300,top1999:2095,2992500,2,20,https://www.goodreads.com/work/quotes/2992500?page=2,Barney did not reply. He looked at Krendler as though the left and right hemispheres of Krendler’s brain were two dogs stuck together.,,,
q00301,top1999:2095,2992500,2,21,https://www.goodreads.com/work/quotes/2992500?page=2,"Avarice is not unknown in Italy, and Rinaldo Pazzi had imbibed plenty with his native air. But his natural acquisitiveness and ambition had been whetted in America, where every influence is felt more quickly, including the death of Jehovah and the incumbency of Mammon. When",,,
q00302,top1999:2095,2992500,2,23,https://www.goodreads.com/work/quotes/2992500?page=2,"that there had to be a place in the world for Mischa, a prime place vacated for her, and I came to think, Clarice, that the best place in the world was yours.",,,
q00303,top1999:2095,2992500,2,24,https://www.goodreads.com/work/quotes/2992500?page=2,This is a frame. I think Mason Verger is trying to capture Dr. Lecter himself for purposes of personal revenge. I think he just missed him in Florence. I think Mr. Krendler may be in collusion with Verger and wants the FBI’s effort against Dr. Lecter to work for Verger. I think Paul Krendler of the Department of Justice is making money out of this and I think he is willing to destroy me to do it. Mr. Krendler has behaved toward me before in an inappropriate manner and is acting now out of spite as well as financial self-interest. Only this week he called me a ‘cornpone country pussy.’ I would challenge Mr. Krendler before this body to take a lie detector test with me on these matters. I’m at your convenience. We could do it now.,,,
q00304,top1999:2095,2992500,2,25,https://www.goodreads.com/work/quotes/2992500?page=2,"They had me taking the fall for the raid, Mr. Crawford. For Evelda Drumgo’s death, all of it. They were like hyenas and then suddenly it stopped and they slunk away. Something drove them off.” “Maybe you have an angel, Starling.” “Maybe I do. What did it cost you, Mr. Crawford?",,,
q00305,top1999:2095,2992500,2,26,https://www.goodreads.com/work/quotes/2992500?page=2,"He told me once that, whenever it was ‘feasible,’ he preferred to eat the rude. ‘Free-range rude,’ he called them.",,,
q00306,top1999:2095,2992500,2,27,https://www.goodreads.com/work/quotes/2992500?page=2,"He thought what happened to me would … destroy, would disillusion me about the Bureau, and he enjoys seeing the destruction of faith, it’s his favorite thing. It’s like the church collapses he used to collect. The pile of rubble in Italy when the church collapsed on all the grandmothers at that special Mass and somebody stuck a Christmas tree in the top of the pile, he loved that.",,,
q00307,top1999:2095,2992500,2,28,https://www.goodreads.com/work/quotes/2992500?page=2,"it would hold among its molecules the vibrations of all the conversations ever held in its presence. All the exchanges, the petty irritations, the deadly revelations, the flat announcements of disaster, the grunts and poetry of love. Sit",,,
q00308,top1999:2095,2992500,2,29,https://www.goodreads.com/work/quotes/2992500?page=2,Mixed hungers crossed his face; it was Krendler’s nature to both appreciate Starling’s leg and look for the hamstring.,,,
q00309,top1999:5256,1836389,1,0,https://www.goodreads.com/work/quotes/1836389,"It was like drowning, only from the inside out.",,,
q00310,top1999:5256,1836389,1,1,https://www.goodreads.com/work/quotes/1836389,The world had teeth and it could bite you with them anytime it wanted.,,,
q00311,top1999:5256,1836389,1,2,https://www.goodreads.com/work/quotes/1836389,The world is a worst case scenario and I'm afraid that all you sense is true,,,
q00312,top1999:5256,1836389,1,3,https://www.goodreads.com/work/quotes/1836389,The world has teeth and it can bite you with them any time it wants.,,,
q00313,top1999:5256,1836389,1,4,https://www.goodreads.com/work/quotes/1836389,You could get used to anything if you had to.,,,
q00314,top1999:5256,1836389,1,5,https://www.goodreads.com/work/quotes/1836389,"Shadows were too black, and when a breeze stirred the trees, the shadows changed in a disquieting way.",,,
q00315,top1999:5256,1836389,1,6,https://www.goodreads.com/work/quotes/1836389,Let it eat her; let it beat her. It could do both. But she would not beat herself.,,,
q00316,top1999:5256,1836389,1,7,https://www.goodreads.com/work/quotes/1836389,"I don’t believe in any actual thinking God that marks the fall of every bird in Australia or every bug in India, a God that records all of our sins in a big golden book and judges us when we die—I don’t want to believe in a God who would deliberately create bad people and then deliberately send them to roast in a hell He created—but I believe there has to be something.",,,
q00317,top1999:5256,1836389,1,8,https://www.goodreads.com/work/quotes/1836389,"It's God's nature to come on in the bottom of the ninth, Tom had told her.",,,
q00318,top1999:5256,1836389,1,9,https://www.goodreads.com/work/quotes/1836389,"I've got icewater in my veins and I hope you freeze on the first bite. Come on, you busher! Batter-fucking-up!",,,
q00319,top1999:5256,1836389,1,11,https://www.goodreads.com/work/quotes/1836389,"She pushed the button and like a miracle her head filled with the sound of Jerry Trupiano’s voice… and more importantly, with the sounds of Fenway Park. She was sitting out here in the darkening, drippy woods, lost and alone, but she could hear thirty thousand people. It was a miracle.",,,
q00320,top1999:5256,1836389,1,12,https://www.goodreads.com/work/quotes/1836389,"Part of her wanted to run. Never mind how flowing water was bound to take her to people eventually, all that was likely just a crock of Little House of the Prairie shit.",,,
q00321,top1999:5256,1836389,1,13,https://www.goodreads.com/work/quotes/1836389,"No matter what you had to do or how bad you had to do it, no matter how much yatata-yatata you had to listen to, it was better to stay on the path.",,,
q00322,top1999:5256,1836389,1,14,https://www.goodreads.com/work/quotes/1836389,"She had a bottle of water in her pack—a big one with a squeeze-top—but suddenly all Trisha wanted in the world was to prime the pump in the little hut and get a drink, cold and fresh, from its rusty lip. She would drink and pretend she was Bilbo Baggins, on his way to the Misty Mountains.",,,
q00323,top1999:5256,1836389,1,15,https://www.goodreads.com/work/quotes/1836389,"Let the evil of the day be sufficient thereof,",,,
q00324,top1999:5256,1836389,1,17,https://www.goodreads.com/work/quotes/1836389,"It’s a special thing, Trisha—the thing that waits for the lost ones. It lets them wander until they’re good and scared—because fear makes them taste better, it sweetens the flesh—and then it comes for them.",,,
q00325,top1999:5256,1836389,1,18,https://www.goodreads.com/work/quotes/1836389,Better to be dead than to be lost.,,,
q00326,top1999:5256,1836389,1,19,https://www.goodreads.com/work/quotes/1836389,"Hey, the fact that no one's used a nuclear weapon on actual living people since 1945 suggests there has to be something on our side. Sooner or later someone will, of course, but over half a century ... that's a long time.",,,
q00327,top1999:5256,1836389,1,20,https://www.goodreads.com/work/quotes/1836389,The thing that looked like a bear gazed down on her haughtily from its seven feet of height. Its head was in the sky and its claws held the earth.,,,
q00328,top1999:5256,1836389,1,22,https://www.goodreads.com/work/quotes/1836389,because it felt more like praying than actual words would,,,
q00329,top1999:5256,1836389,1,23,https://www.goodreads.com/work/quotes/1836389,"She found a stream and followed it for awhile and then it either quit on her or she wandered away from it. Before this happened, however, she looked into it and saw an enormous face on the bottom, drowned but somehow still living, looking up at her and talking soundlessly. She passed a great gray tree like a hollow crooked hand; from within it, a dead voice spoke her name.",,,
q00330,top1999:5256,1836389,1,24,https://www.goodreads.com/work/quotes/1836389,"Alone in a place where her town-girl vocabulary had little use, and she was consequently left with just a narrow range of recognition and reaction, all of it primitive.",,,
q00331,top1999:5256,1836389,1,25,https://www.goodreads.com/work/quotes/1836389,"She felt like someone who drowns remembering what it was like to still be on the boat, so calm and at ease, so carelessly safe.",,,
q00332,top1999:5256,1836389,1,28,https://www.goodreads.com/work/quotes/1836389,"what if she just said Hey Pete, fuck you, deal with it instead of trying to be either all quiet and sympathetic or all bright and cheery and let’s-change-the-subject? Just Hey Pete, that’s a big fuck you, like that?",,,
q00333,top1999:5256,1836389,2,4,https://www.goodreads.com/work/quotes/1836389?page=2,"he didn’t believe in spending money on food if he didn’t have to. There were too many other important things to spend money on—lottery tickets and beer, for instance.",,,
q00334,top1999:7269,1223333,1,0,https://www.goodreads.com/work/quotes/1223333,"Loneliness is the human condition. Cultivate it. The way it tunnels into you allows your soul room to grow. Never expect to outgrow loneliness. Never hope to find people who will understand you, someone to fill that space. An intelligent, sensitive person is the exception, the very great exception. If you expect to find people who will understand you, you will grow murderous with disappointment. The best you'll ever do is to understand yourself, know what it is that you want, and not let the cattle stand in your way.",,,
q00335,top1999:7269,1223333,1,1,https://www.goodreads.com/work/quotes/1223333,"Always learn poems by heart. They have to become the marrow in your bones. Like fluoride in the water, they'll make your soul impervious to the world's soft decay.",,,
q00336,top1999:7269,1223333,1,2,https://www.goodreads.com/work/quotes/1223333,"She would be half a planet away, floating in a turquoise sea, dancing by moonlight to flamenco guitar.",,,
q00337,top1999:7269,1223333,1,3,https://www.goodreads.com/work/quotes/1223333,"Isn't it funny. I'm enjoying my hatred so much more than I ever enjoyed love. Love is temperamental. Tiring. It makes demands. Love uses you, changes its mind. But hatred, now, that's something you can use. Sculpt. Wield. It's hard, or soft, however you need it. Love humiliates you, but Hatred cradles you.",,,
q00338,top1999:7269,1223333,1,4,https://www.goodreads.com/work/quotes/1223333,The phoenix must burn to emerge.,,,
q00339,top1999:7269,1223333,1,5,https://www.goodreads.com/work/quotes/1223333,"Let me tell you a few things about regret...There is no end to it. You cannot find the beginning of the chain that brought us from there to here. Should you regret the whole chain, and the air in between, or each link separately as if you could uncouple them? Do you regret the beginning which ended so badly, or just the ending itself?",,,
q00340,top1999:7269,1223333,1,6,https://www.goodreads.com/work/quotes/1223333,"I don't let anyone touch me,"" I finally said.Why not?""Why not? Because I was tired of men. Hanging in doorways, standing too close, their smell of beer or fifteen-year-old whiskey. Men who didn't come to the emergency room with you, men who left on Christmas Eve. Men who slammed the security gates, who made you love them then changed their minds. Forests of boys, their ragged shrubs full of eyes following you, grabbing your breasts, waving their money, eyes already knocking you down, taking what they felt was theirs. (...) It was a play and I knew how it ended, I didn't want to audition for any of the roles. It was no game, no casual thrill. It was three-bullet Russian roulette.",,,
q00341,top1999:7269,1223333,1,7,https://www.goodreads.com/work/quotes/1223333,"I imagined the lies the valedictorian was telling them right now. About the exciting future that lies ahead. I wish she'd tell them the truth: Half of you have gone as far in life as you're ever going to. Look around. It's all downhill from here. The rest of us will go a bit further, a steady job, a trip to Hawaii, or a move to Phoenix, Arizona, but out of fifteen hundred how many will do anything truly worthwhile, write a play, paint a painting that will hang in a gallery, find a cure for herpes? Two of us, maybe three? And how many will find true love? About the same. And enlightenment? Maybe one. The rest of us will make compromises, find excuses, someone or something to blame, and hold that over our hearts like a pendant on a chain.",,,
q00342,top1999:7269,1223333,1,8,https://www.goodreads.com/work/quotes/1223333,"I know what you are learning to endure. There is nothing to be done. Make sure nothing is wasted. Take notes. Remember it all, every insult, every tear. Tattoo it on the inside of your mind. In life, knowledge of poisons is essential. I've told you, nobody becomes an artist unless they have to.",,,
q00343,top1999:7269,1223333,1,9,https://www.goodreads.com/work/quotes/1223333,"The pearls weren't really white, they were a warm oyster beige, with little knots in between so if they broke, you only lost one. I wished my life could be like that, knotted up so that even if something broke, the whole thing wouldn't come apart.",,,
q00344,top1999:7269,1223333,1,10,https://www.goodreads.com/work/quotes/1223333,It's such a liability to love another person.,,,
q00345,top1999:7269,1223333,1,11,https://www.goodreads.com/work/quotes/1223333,"I hated labels anyway. People didn't fit in slots--prostitute, housewife, saint--like sorting the mail. We were so mutable, fluid with fear and desire, ideals and angles, changeable as water.",,,
q00346,top1999:7269,1223333,1,12,https://www.goodreads.com/work/quotes/1223333,"I regret nothing. No woman with any self-respect would have done less. The question of good and evil will always be one of philosophy's most intriguing problems, up there with the problem of existence itself. I'm not quarreling with your choice of issues, only with your intellectually diminished approach. If evil means to be self-motivated, to live on one's own terms, then every artist, every thinker, every original mind, is evil. Because we dare to look through our own eyes rather than mouth cliches lent us from the so-called Fathers. To dare to see is to steal fire from the Gods. This is mankind's destiny, the engine which fuels us as a race.",,,
q00347,top1999:7269,1223333,1,13,https://www.goodreads.com/work/quotes/1223333,I understood why she did it. At that moment I knew why people tagged graffiti on the walls of neat little houses and scratched the paint on new cars and beat up well-tended children. It was only natural to want to destroy something you could never have.,,,
q00348,top1999:7269,1223333,1,15,https://www.goodreads.com/work/quotes/1223333,"Beauty was deceptive. I would rather wear my pain, my ugliness. I was torn and stitched. I was a strip mine, and they would just have to look. I hoped I made them sick. I hoped they saw me in their dreams.",,,
q00349,top1999:7269,1223333,1,16,https://www.goodreads.com/work/quotes/1223333,"How vast was a human being's capacity for suffering. The only thing you could do was stand in awe of it. It wasn't a question of survival at all. It was the fullness of it, how much could you hold, how much could you care.",,,
q00350,top1999:7269,1223333,1,17,https://www.goodreads.com/work/quotes/1223333,To know I was beautiful in his eyes made me beautiful.,,,
q00351,top1999:7269,1223333,1,18,https://www.goodreads.com/work/quotes/1223333,"That was the thing about words, they were clear and specific-chair, eye, stone- but when you talked about feelings, words were too stiff, they were this and not that, they couldn't include all the meanings. In defining, they always left something out.",,,
q00352,top1999:7269,1223333,1,19,https://www.goodreads.com/work/quotes/1223333,"Just because a poet said something didn’t mean it was true, only that it sounded good.",,,
q00353,top1999:7269,1223333,1,20,https://www.goodreads.com/work/quotes/1223333,"Oleander time, she said. Lovers who kill each other now will blame it on the wind.",,,
q00354,top1999:7269,1223333,1,21,https://www.goodreads.com/work/quotes/1223333,"...You know the mistrust of heights is the mistrust of self, you don't know whether you're going to jump.",,,
q00355,top1999:7269,1223333,1,22,https://www.goodreads.com/work/quotes/1223333,"Whenever she turned her steep focus to me, I felt the warmth that flowers must feel when they bloom through the snow, under the first concentrated rays of the sun.",,,
q00356,top1999:7269,1223333,1,23,https://www.goodreads.com/work/quotes/1223333,But I knew one more thing. That people who denied who they were or where they had been were in the greatest danger.,,,
q00357,top1999:7269,1223333,1,24,https://www.goodreads.com/work/quotes/1223333,"And I realized as I walked through the neighborhood how each house could contain a completely different reality. In a single block, there could be fifty seperate worlds. Nobody ever really knew what was going on just next door.",,,
q00358,top1999:7269,1223333,1,25,https://www.goodreads.com/work/quotes/1223333,Don't turn over the rocks if you don't want to see the pale creatures who live under them.,,,
q00359,top1999:7269,1223333,1,26,https://www.goodreads.com/work/quotes/1223333,"If sinners were so unhappy, why would they prefer their suffering? But now I knew why. Without my wounds, who was I?",,,
q00360,top1999:7269,1223333,1,27,https://www.goodreads.com/work/quotes/1223333,"If I were a poet, that’s what I’d write about. People who worked in the middle of the night. Men who loaded trains, emergency room nurses with their gentle hands. Night clerks in hotels, cabdrivers on graveyard, waitresses in all-night coffee shops. They knew the world, how precious it was when a person remembered your name, the comfort of a rhetorical question, “How’s it going, how’s the kids?” They knew how long the night was. They knew the sound life made as it left. It rattled, like a slamming screen door in the wind. Night workers lived without illusions, they wiped dreams off counters, they loaded freight. They headed back to the airport for one last fare.",,,
q00361,top1999:7269,1223333,1,28,https://www.goodreads.com/work/quotes/1223333,"When you started thinking it was easy, you were forgetting what it cost.",,,
q00362,top1999:7269,1223333,1,29,https://www.goodreads.com/work/quotes/1223333,"Panic was the worst thing. When you panicked, you couldn't see possibilities. Then came despair.",,,
q00363,top1999:7269,1223333,2,1,https://www.goodreads.com/work/quotes/1223333?page=2,"You must find a boy your own age. Someone mild and beautiful to be your lover. Someone who will tremble for your touch, offer you a marguerite by its long stem with his eyes lowered. Someone whose fingers are a poem.",,,
q00364,top1999:7269,1223333,2,2,https://www.goodreads.com/work/quotes/1223333?page=2,"It's all I ever really wanted, that revelation. The possibility of fixed stars.",,,
q00365,top1999:7269,1223333,2,4,https://www.goodreads.com/work/quotes/1223333?page=2,"No matter where I was, my compass pointed west. I would always know what time it was in California.",,,
q00366,top1999:7269,1223333,2,5,https://www.goodreads.com/work/quotes/1223333?page=2,I couldn't imagine owning beauty like my mothers. I wouldn't dare.,,,
q00367,top1999:7269,1223333,2,6,https://www.goodreads.com/work/quotes/1223333?page=2,"How easy I was. Like a limpet I attached myself to anything, anyone who showed me the least attention.",,,
q00368,top1999:7269,1223333,2,7,https://www.goodreads.com/work/quotes/1223333?page=2,"I watched her for a long time, memorizing her shoulders, her long-legged gait. This was how girls left. They packed up their suitcases and walked away in high heels. They pretended they weren't crying, that it wasn't the worst day of their lives. That they didn't want their mothers to come running after them, begging their forgiveness, that they wouldn't have gone down on their knees and thanked god if they could stay.",,,
q00369,top1999:7269,1223333,2,8,https://www.goodreads.com/work/quotes/1223333?page=2,I closed my eyes to watch tiny dancers like jeweled birds cross the dark screen of my eyelids.,,,
q00370,top1999:7269,1223333,2,9,https://www.goodreads.com/work/quotes/1223333?page=2,"They wanted the real mother, the blood mother, the great womb, mother of fierce compassion, a woman large enough to hold all the pain, to carry it away. What we needed was someone who bled, someone deep and rich as a field, a wide-hipped mother, awesome, immense, women like huge soft couches, mothers coursing with blood, mother's big enough, wide enough for us to hide in, to sink down to the bottom of of, mother's who would breathe for us when we could not breathe anymore, who would fight for us, who would kill for us, die for us.",,,
q00371,top1999:7269,1223333,2,10,https://www.goodreads.com/work/quotes/1223333?page=2,I thought clay must feel happy in the good potter's hand.,,,
q00372,top1999:7269,1223333,2,11,https://www.goodreads.com/work/quotes/1223333?page=2,"You were my home, Mother. I had no home but you",,,
q00373,top1999:7269,1223333,2,12,https://www.goodreads.com/work/quotes/1223333?page=2,"Aquamarines grew with emeralds, Claire told me. But emeralds were fragile and always broke into smaller pieces, while aquamarines were stronger, grew in huge crystals without any trouble, so they weren't worth as much. It was the emerald that didn't break that was the really valuable thing.",,,
q00374,top1999:7269,1223333,2,13,https://www.goodreads.com/work/quotes/1223333?page=2,"I nodded. A man's world. But what did it mean? That men whistled and stared and yelled things at you, and you had to take it, or you get raped or beat up? A man's world meant places men could go but not women. It meant they had more money,and didn't have kids, not the way women did, to look after every second. And it meant that women loved them more than they loved the women, that they could want something with all their hearts, and then not.",,,
q00375,top1999:7269,1223333,2,14,https://www.goodreads.com/work/quotes/1223333?page=2,"Her hatred glittered irresistibly. I could see it, the jewel, it was sapphire, it was the cold lakes of Norway.",,,
q00376,top1999:7269,1223333,2,15,https://www.goodreads.com/work/quotes/1223333?page=2,How can I shed tears for a man I should never have allowed to touch me in any way?,,,
q00377,top1999:7269,1223333,2,16,https://www.goodreads.com/work/quotes/1223333?page=2,"I took the volume to a table, opened its soft, ivory pages... and fell into it as into a pool during dry season.",,,
q00378,top1999:7269,1223333,2,19,https://www.goodreads.com/work/quotes/1223333?page=2,How many people ask you to come share their life?,,,
q00379,top1999:7269,1223333,2,21,https://www.goodreads.com/work/quotes/1223333?page=2,"Now I wish she'd never broken any of her rules. I understood why she held to them so hard. Once you broke the first one, they all broke, one by one, like firecrackers exploding in your face in a parking lot on the Fourth of July.",,,
q00380,top1999:7269,1223333,2,22,https://www.goodreads.com/work/quotes/1223333?page=2,"What was the point in such loneliness among people. At least if you were by yourself, you had a good reason to be lonely.",,,
q00381,top1999:7269,1223333,2,23,https://www.goodreads.com/work/quotes/1223333?page=2,"She's never where she is,' I said. 'She's only inside her head.",,,
q00382,top1999:7269,1223333,2,24,https://www.goodreads.com/work/quotes/1223333?page=2,A womans mistakes are different from a girls,,,
q00383,top1999:7269,1223333,2,25,https://www.goodreads.com/work/quotes/1223333?page=2,"Nobody had forgotten anything here. In Berlin, you had to wrestle with the past, you had to build on the ruins, inside them. It wasn't like America where we scraped the earth clean, thinking we could start again every time.",,,
q00384,top1999:7269,1223333,2,26,https://www.goodreads.com/work/quotes/1223333?page=2,"How could anybody confuse truth with beauty, I thought as I looked at him. Truth came with sunken eyes, bony or scarred, decayed. Its teeth were bad, its hair gray and unkempt. While beauty was empty as a gourd, vain as a parakeet. But it had power. It smelled of musk and oranges and made you close your eyes in a prayer.",,,
q00385,top1999:7269,1223333,2,27,https://www.goodreads.com/work/quotes/1223333?page=2,She laughed so easily when she was happy. But also when she was sad.,,,
q00386,top1999:7269,1223333,2,28,https://www.goodreads.com/work/quotes/1223333?page=2,"What can I say about life? Do I praise it for letting you live, or damn it for allowing the rest?",,,
q00387,top1999:7269,1223333,2,29,https://www.goodreads.com/work/quotes/1223333?page=2,"I almost said, you're not broken, you're just going through something. But i couldn't. She knew. There was something terribly wrong with her, all the way inside. She was like a big diamond with a dead spot in the middle. I was supposed to breathe life into that dead spot, but it hadn't worked...",,,
q00388,top1999:7269,1223333,3,0,https://www.goodreads.com/work/quotes/1223333?page=3,"I wanted to tell her not to entertain despair like this. Despaire wasn't a guest, you didn't play its favorite music, find it a comfortable chair. Despair was the enemy.""-white oleander",,,
q00389,top1999:7269,1223333,3,3,https://www.goodreads.com/work/quotes/1223333?page=3,"She would buy magic every day of the week. Love me, that face said. I'm so lonely, so desperate. I'll give you whatever you want.",,,
q00390,top1999:7269,1223333,3,4,https://www.goodreads.com/work/quotes/1223333?page=3,"I wondered why it had to be so poisonous. Oleanders could live through anything, they could stand heat, drought, neglect, and put out thousands of waxy blooms. So what did they need poison for? Couldn't they just be bitter? They weren't like rattlesnakes, they didn't even eat what they killed. The way she boiled it down, distilled it, like her hatred. Maybe it was a poison in the soil, something about L.A., the hatred, the callousness, something we didn't want to think about, that the plant concentrated in its tissues. Maybe it wasn't a source of poison, but just another victim.",,,
q00391,top1999:7269,1223333,3,5,https://www.goodreads.com/work/quotes/1223333?page=3,"I felt like an undeveloped photograph that he was printing, my image rising to the surface under his gaze.",,,
q00392,top1999:7269,1223333,3,8,https://www.goodreads.com/work/quotes/1223333?page=3,"Love is a check, that can be forged, that can be cashed. Love is a payment that comes due.",,,
q00393,top1999:7269,1223333,3,9,https://www.goodreads.com/work/quotes/1223333?page=3,"I wandered through the stacks, running my hands along the spines of the books on the shelves, they reminded me of cultured or opinionated guests at a wonderful party, whispering to each other.",,,
q00394,top1999:7269,1223333,3,10,https://www.goodreads.com/work/quotes/1223333?page=3,"Who am I? I am who I say I am and tomorrow someone else entirely. You are too nostalgic, you want memory to secure you, console you. The past is a bore. What matters is only oneself and what one creates from what one has learned. Imagination uses what it needs and discards the rest— where you want to erect a museum. Don't hoard the past, Astrid. Don't cherish anything. Burn it. The artist is the phoenix who burns to emerge.",,,
q00395,top1999:7269,1223333,3,11,https://www.goodreads.com/work/quotes/1223333?page=3,"Only peons made excusses for themselves she taught me. Never apologize, never explain.",,,
q00396,top1999:7269,1223333,3,12,https://www.goodreads.com/work/quotes/1223333?page=3,"I felt like time was a great sea, and I was floating on the back of a turtle, and no sails broke the horizon.",,,
q00397,top1999:7269,1223333,3,14,https://www.goodreads.com/work/quotes/1223333?page=3,He reminded me of someone who put your fingers in the door and smiled and talked to you while he smashed them.,,,
q00398,top1999:7269,1223333,3,15,https://www.goodreads.com/work/quotes/1223333?page=3,"And I thought, there was no God, there was only what you wanted.",,,
q00399,top1999:7269,1223333,3,16,https://www.goodreads.com/work/quotes/1223333?page=3,"without my wounds, who was i? my scars were my face, my past was my life.",,,
q00400,top1999:7269,1223333,3,17,https://www.goodreads.com/work/quotes/1223333?page=3,"We received our colouring from the Norsemen, hairy savages who hacked their gods to pieces and hung the flesh from trees. We are the ones who sacked Rome. Fear only feeble old age and death in bed. Don't forget who you are.",,,
q00401,top1999:7269,1223333,3,18,https://www.goodreads.com/work/quotes/1223333?page=3,Love's an illusion. It's a dream you wake up from with an enormous hangover and net credit debt. I'd rather have cash.,,,
q00402,top1999:7269,1223333,3,19,https://www.goodreads.com/work/quotes/1223333?page=3,"I imagined Kandinsky's mind, spread out all over the world, and then gathered together. Everyone having only a piece of the puzzle. Only in a show like this could you see the complete picture, stack the pieces up, hold them to the light, see how it all fit together. It made me hopeful, like someday my life would make sense too, if I could just hold all the pieces together at the same time.",,,
q00403,top1999:7269,1223333,3,21,https://www.goodreads.com/work/quotes/1223333?page=3,I felt beautiful but also interrupted. I wasn't used to being so complicated.,,,
q00404,top1999:7269,1223333,3,22,https://www.goodreads.com/work/quotes/1223333?page=3,Life should always be like this. ... Like lingering over a good meal.,,,
q00405,top1999:7269,1223333,3,23,https://www.goodreads.com/work/quotes/1223333?page=3,"The cake had a trick candle that wouldn't go out, so I didn't get my wish. Which was just that it would always be like this, that my life could be a party just for me.",,,
q00406,top1999:7269,1223333,3,24,https://www.goodreads.com/work/quotes/1223333?page=3,"What can she possibly teach you, twenty seven names for tears?",,,
q00407,top1999:7269,1223333,3,25,https://www.goodreads.com/work/quotes/1223333?page=3,"A person didn’t need to be beautiful, they just needed to be loved. But I couldn’t help wanting it. If that was the way I could be loved, to be beautiful, I’d take it",,,
q00408,top1999:7269,1223333,3,27,https://www.goodreads.com/work/quotes/1223333?page=3,"It was her first book, an indigo cover with a silver moonflower, an art nouveau flower, I traced my finger along the silver line like smoke, whiplash curves. ... I touched the pages her hands touched, I pressed them to my lips, the soft thick old paper, yellow now, fragile as skin. I stuck my nose between the bindings and smelled all the readings she had given, the smell of unfiltered cigarettes and the espresso machine, beaches and incense and whispered words in the night. I could hear her voice rising from the pages. The cover curled outward like sails.",,,
q00409,top1999:7269,1223333,3,28,https://www.goodreads.com/work/quotes/1223333?page=3,The night crackled ... Everything had turned to static electricity in the heat. I combed my hair to watch the sparks fly from the ends.,,,
q00410,top1999:7269,1223333,3,29,https://www.goodreads.com/work/quotes/1223333?page=3,"The Santa Anas blew in hot from the desert, shriveling the last of the spring grass into whiskers of pale straw. Only the oleanders thrived, their delicate poisonous blooms, their dagger green leaves. We could not sleep in the hot dry nights, my mother and I.",,,
q00411,top1999:7269,1223333,4,1,https://www.goodreads.com/work/quotes/1223333?page=4,I thought how tenuous the links were between mother and children between friends family things you think are eternal. Everything could be lost more easily than anyone could imagine.,,,
q00412,top1999:7269,1223333,4,2,https://www.goodreads.com/work/quotes/1223333?page=4,"Poppies bleed petals of sheer excess. You and I, this sweet battle ground.",,,
q00413,top1999:7269,1223333,4,3,https://www.goodreads.com/work/quotes/1223333?page=4,"Her fingers moved among barnacles and mussels, blue-black, sharp-edged. Neon red starfish were limp Dalis on the rocks, surrounded by bouquets of stinging anemones and purple bursts of spiny sea urchins.",,,
q00414,top1999:7269,1223333,4,5,https://www.goodreads.com/work/quotes/1223333?page=4,"Do you ever want to go home?' I asked Paul.He brushed an ash from my face. 'It's the century of the displaced person,' he said. 'You can never go home.",,,
q00415,top1999:7269,1223333,4,6,https://www.goodreads.com/work/quotes/1223333?page=4,"Who was I, really? I was the sole occupant of my mother's totalitarian state, my own personal history rewritten to fit the story she was telling that day. There were so many missing pieces. I was starting to find some of them, working my way upriver, collecting a secret cache of broken memories in a shoebox.",,,
q00416,top1999:7269,1223333,4,7,https://www.goodreads.com/work/quotes/1223333?page=4,"It's not that he was going nowhere, it's that he'd already arrived.",,,
q00417,top1999:7269,1223333,4,8,https://www.goodreads.com/work/quotes/1223333?page=4,"I thought of my mother as Queen Christina, cool and sad, eyes trained on some distant horizon. That was where she belonged, in furs and palaces of rare treasures, fireplaces large enough to roast a reindeer, ships of Swedish maple.",,,
q00418,top1999:7269,1223333,4,10,https://www.goodreads.com/work/quotes/1223333?page=4,"I squatted by the water as it flowed over the tumbled rocks, thought how far they must've come to have settled in the concrete channel, the stream clear and melodious, the smell of fresh water. I didn't want to think about my mother anymore. I'd rather think about the way the willows and the cottonwoods and palms broke their way through the concrete, growing right out of the flood control channel, how the river struggled to re-establish itself. A little silt was carried down, settled. A seed dropped into it, sprouted. Little roots shot downward. The next thing you had trees, shrubs, birds.My mother once wrote a poem about rivers. They were women, she wrote. Starting out small girls, tiny streams decorated with wildflowers. They were torrents, gouging paths through sheer granite, flinging themselves off cliffs, fearless and irresistible. Later, they grew fat servicable, broad slow curves carrying commerce and sewage, but in their unconscious depths catfish gorged, grew the size of barges, and in the hundred-year storms, they rose up, forgetting the promises they made, the wedding vows, and drowned everything for miles around. Finally they gave out, birth-emptied, malarial, into a fan of swamps that met the ocean.",,,
q00419,top1999:7269,1223333,4,13,https://www.goodreads.com/work/quotes/1223333?page=4,"How could I forget. I was her ghost daughter, sitting at empty tables with crayons and pens while she worked on a poem, a girl malleable as white clay. Someone to shape, instruct in the ways of being her. She was always shaping me. She showed me an orange, a cluster of pine needles, a faceted quartz, and made me describe them to her. I couldn’t have been more than three or four. My words, that’s what she wanted. ”What’s this?” she kept asking. ”What’s this?” But how could I tell her? She’d taken all the words.The smell of tuberoses saturated the night air, and the wind clicked through the palms like thoughts through my sleepless mind. Who am I? I am a girl you don’t know, mother. The silent girl in the back row of the classroom, drawing in notebooks. Remember how they didn’t know if I even spoke English when we came back to the country? They tested me to find out if I was retarded or deaf. But you never asked why. You never thought, maybe I should have left Astrid some words.I thought of Yvonne in our room, asleep, thumb in mouth, wrapped around her baby like a top. ”I can see her,” you said. You could never see her, Mother. Not if you stood in that room all night. You could only see her plucked eyebrows, her bad teeth, the books that she read with the fainting women on the covers. You could never recognize the kindness in that girl, the depth of her needs, how desperately she wanted to belong, that’s why she was pregnant again. You could judge her as you judged everything else, inferior, but you could never see her. Things weren’t real to you. They were just raw material for you to reshape to tell a story you liked better. You could never just listen to a boy playing guitar, you’d have to turn it into a poem, make it all about you.",,,
q00420,top1999:7269,1223333,4,16,https://www.goodreads.com/work/quotes/1223333?page=4,"His voice was cloves and nightingales, it took us to spice markets in the Celebs, we drifted with him on a houseboat beyond the Coral Sea. We were like cobras following a reed flute.",,,
q00421,top1999:7269,1223333,4,17,https://www.goodreads.com/work/quotes/1223333?page=4,"She was sitting cross-legged on her bed in her white kimono, writing in a notebook with an ink pen she dipped in a bottle. 'Never let a man stay the night,' she told me. 'Dawn has a way of casting a pall on any night magic.' The night magic sounded lovely. Someday I would have lovers and write a poem after.",,,
q00422,top1999:7269,1223333,4,20,https://www.goodreads.com/work/quotes/1223333?page=4,"Anyone could buy a green Jaguar, find beauty in a Japanese screen two thousand years old. I would rather be a connoisseur of neglected rivers and flowering mustard and the flush of iridescent pink on an intersection pigeon's charcoal neck. I thought of the vet, warming dinner over a can, and the old woman feeding her pigeons in the intersection behind the Kentucky Fried Chicken. And what about the ladybug man, the blue of his eyes over gray threaded black? There were me and Yvonne, Niki and Paul Trout, maybe even Sergei or Susan D. Valeris, why not? What were any of us but a handful of weeds. Who was to say what our value was? What was the value of four Vietnam vets playing poker every afternoon in front of the Spanish market on Glendale Boulevard, making their moves with a greasy deck missing a queen and a five? Maybe the world depended on them, maybe they were the Fates, or the Graces. Cezanne would have drawn them in charcoal. Van Gogh would have painted himself among them.",,,
q00423,top1999:7269,1223333,4,21,https://www.goodreads.com/work/quotes/1223333?page=4,"She kissed me on the mouth. Her mouth tasted like iced coffee and cardamom, and I was overwhelmed by the taste, her hot skin and the smell of unwashed hair. I was confused, but not unwilling. I would have let her do anything to me.",,,
q00424,top1999:7269,1223333,4,22,https://www.goodreads.com/work/quotes/1223333?page=4,What is real is always worth it.,,,
q00425,top1999:7269,1223333,4,23,https://www.goodreads.com/work/quotes/1223333?page=4,"The nearest I'd come to feeling anything like God was the plan blue cloudless sky and a certain silence, but how do you pray to that?",,,
q00426,top1999:7269,1223333,4,24,https://www.goodreads.com/work/quotes/1223333?page=4,"The decor bowled me over. Everywhere I looked, there was something more to see. Botanical prints, a cross section of pomegranates, a passionflower vine and its fruit. Stacks of thick books on art and design and a collection of glass paperweights filled the coffee table. It was enormously beautiful, a sensibility I'd never encountered anywhere, a relaxed luxury. I could feel my mother's contemptuous gaze falling on the cluttered surfaces, but I was tired of three white flowers in a glass vase. There was more to life than that.",,,
q00427,top1999:7269,1223333,4,26,https://www.goodreads.com/work/quotes/1223333?page=4,"Love humiliates you, hatred cradles you.",,,
q00428,top1999:7269,1223333,4,27,https://www.goodreads.com/work/quotes/1223333?page=4,"Mother prescribing her books like medicines. A good dose of Whitman would set me straight, like castor oil. But at least she was thinking of me. I existed once more.",,,
q00429,top1999:7269,1223333,4,28,https://www.goodreads.com/work/quotes/1223333?page=4,"And if there is no god?You act as if there is, and it's the same thing.",,,
q00430,top1999:6870,1525987,1,0,https://www.goodreads.com/work/quotes/1525987,"In other centuries, human beings wanted to be saved, or improved, or freed, or educated. But in our century, they want to be entertained. The great fear is not of disease or death, but of boredom. A sense of time on our hands, a sense of nothing to do. A sense that we are not amused.",,,
q00431,top1999:6870,1525987,1,1,https://www.goodreads.com/work/quotes/1525987,"Professor Johnston often said that if you didn't know history, you didn't know anything. You were a leaf that didn't know it was part of a tree.",,,
q00432,top1999:6870,1525987,1,2,https://www.goodreads.com/work/quotes/1525987,"The purpose of history is to explain the present - to say why the world around us is the way it is. History tells us what is important in our world, and how it came to be. It tells us what is to be ignored, or discarded. That is true power - profound power. The power to define a whole society.",,,
q00433,top1999:6870,1525987,1,3,https://www.goodreads.com/work/quotes/1525987,"It is especially difficult for modern people to conceive that our modern, scientific age might not be an improvement over the prescientific period.",,,
q00434,top1999:6870,1525987,1,4,https://www.goodreads.com/work/quotes/1525987,"In reality, time doesn't pass; we pass. Time itself is invariant. It just is. Therefore, past and future aren't separate locations, the way New York and Paris are separate locations. And since the past isn't a location, you can't travel to it.",,,
q00435,top1999:6870,1525987,1,5,https://www.goodreads.com/work/quotes/1525987,"But where will this mania for entertainment end? What will people do when they get tired of television? When they get tired of movies? We already know the answer—they go into participatory activities: sports, theme parks, amusement rides, roller coasters. Structured fun, planned thrills. And what will they do when they tire of theme parks and planned thrills? Sooner or later, the artifice becomes too noticeable. They begin to realize that an amusement park is really a kind of jail, in which you pay to be an inmate. ‘This artifice will drive them to seek authenticity. Authenticity will be the buzzword of the twenty-first century. And what is authentic? Anything that is not devised and structured to make a profit. Anything that is not controlled by corporations. Anything that exists for its own sake and assumes its own shape. But of course, nothing in the modern world is allowed to assume its own shape. The modern world is the corporate equivalent of a formal garden, where everything is planted and arranged for effect. Where nothing is untouched, where nothing is authentic.",,,
q00436,top1999:6870,1525987,1,6,https://www.goodreads.com/work/quotes/1525987,Safety is the last refuge of the scoundrel!,,,
q00437,top1999:6870,1525987,1,7,https://www.goodreads.com/work/quotes/1525987,"Because in the late twentieth century, you couldn't seriously ask other people to think that you believed in honor and truth, and the purity of the body, the defense of women, the sanctity of true love, and all the rest of it. But apparently, Andre really had believed it.",,,
q00438,top1999:6870,1525987,1,8,https://www.goodreads.com/work/quotes/1525987,"Temporal provincials were convinced that the present was the only time that mattered, and that anything that had occurred earlier could be safely ignored.",,,
q00439,top1999:6870,1525987,1,9,https://www.goodreads.com/work/quotes/1525987,"If you [don't] know history, then [you don't] know anything. You [are] a leaf that [doesn't] know it [is] part of a tree.",,,
q00440,top1999:6870,1525987,1,10,https://www.goodreads.com/work/quotes/1525987,"The men also had more trouble keeping their work secret. It was easier for women, but the men all wanted to brag about going back to the past. Of course, they were forbidden by all sorts of contractual arrangements, but contracts could be forgotten after a few drinks in a bar. That was why Kramer had informed them all about the existence of several specially burned nav wafers. These wafers had entered the mythology of the company, including their names: Tunguska, Vesuvius, Tokyo. The Vesuvius wafer put you on the Bay of Naples at 7:00 a.m. on August 24, A.D. 79, just before burning ash killed everyone. Tunguska left you in Siberia in 1908, just before the giant meteor struck, causing a shock wave that killed every living thing for hundreds of miles. Tokyo put you in that city in 1923, just before the earthquake flattened it. The idea was if word of the project became public, you might end up with the wrong wafer on your next trip out. None of the military types were quite sure whether any of this was true, or just company mythology. Which was just how Kramer liked it.",,,
q00441,top1999:6870,1525987,1,11,https://www.goodreads.com/work/quotes/1525987,"If you were to say to a physicist in 1899 that in 1999, a hundred years later, moving images would be transmitted into homes all over the world from satellites in the sky; that bombs of unimaginable power would threaten the species; that antibiotics would abolish infectious disease but that disease would fight back; that women would have the vote, and pills to control reproduction; that millions of people would take to the air every hour in aircraft capable of taking off and landing without human touch; that you could cross the Atlantic at two thousand miles an hour; that humankind would travel to the moon, and then lose interest; that microscopes would be able to see individual atoms; that people would carry telephones weighing a few ounces, and speak anywhere in the world without wires; or that most of these miracles depended on devices the size of a postage stamp, which utilized a new theory called quantum mechanics—if you said all this, the physicist would almost certainly pronounce you mad.",,,
q00442,top1999:6870,1525987,1,12,https://www.goodreads.com/work/quotes/1525987,"Today, everybody expects to be entertained, and they expect to be entertained all the time. Business meetings must be snappy, with bullet lists and animated graphics, so executives aren’t bored. Malls and stores must be engaging, so they amuse as well as sell us. Politicians must have pleasing video personalities and tell us only what we want to hear. Schools must be careful not to bore young minds that expect the speed and complexity of television. Students must be amused—everyone must be amused, or they will switch: switch brands, switch channels, switch parties, switch loyalties.",,,
q00443,top1999:6870,1525987,1,13,https://www.goodreads.com/work/quotes/1525987,"And in that moment, their situation was clear to him. Their guides were both dead. One machine was gone. Their return marker was shattered. Which meant they were stuck in this place. Trapped here, without guides or assistance. And with no prospect of ever getting back. Not ever.",,,
q00444,top1999:6870,1525987,1,19,https://www.goodreads.com/work/quotes/1525987,"As for the old reputation of medieval times as a dark time of parochialism, religious prejudice and mass slaughter, the record of the twentieth century must lead any thoughtful observer to conclude that we are in no way superior.",,,
q00445,top1999:6870,1525987,1,20,https://www.goodreads.com/work/quotes/1525987,The fastest-growing segment of travel today is cultural tourism. People who want to visit not other places,,,
q00446,top1999:6870,1525987,1,21,https://www.goodreads.com/work/quotes/1525987,Certainly the media never bothered with the complexities,,,
q00447,top1999:6870,1525987,1,22,https://www.goodreads.com/work/quotes/1525987,He remembered how Marek’s intensity had always amused the other graduate students—“Can you imagine? He really believes this chivalry shit!”—and how they had assumed his behavior was some kind of weird posturing. A role he was playing,,,
q00448,top1999:6870,1525987,1,24,https://www.goodreads.com/work/quotes/1525987,Marek knew this assumption of superiority was a difficulty faced by every historian. He just hadn’t thought he was guilty of it.,,,
q00449,top1999:6870,1525987,1,25,https://www.goodreads.com/work/quotes/1525987,"You mean time travel,” Marek said. “No,” Gordon said. “I don’t mean time travel at all. Time travel is impossible. Everyone knows that.” “The very concept of time travel makes no sense",,,
q00450,top1999:6870,1525987,1,26,https://www.goodreads.com/work/quotes/1525987,He had a term for people like this: temporal provincials—people who were ignorant of the past,,,
q00451,top1999:6870,1525987,1,27,https://www.goodreads.com/work/quotes/1525987,difficult to strip the weapons. It seemed to,,,
q00452,top1999:6870,1525987,1,29,https://www.goodreads.com/work/quotes/1525987,"(King John was known as John the Good, but it was said that whatever John was good at, it was certainly not tennis.)",,,
q00453,top1999:2144,3166850,1,0,https://www.goodreads.com/work/quotes/3166850,"Hearts can break. Yes, hearts can break. Sometimes I think it would be better if we died when they did, but we don't.",,,
q00454,top1999:2144,3166850,1,2,https://www.goodreads.com/work/quotes/3166850,"Fighting for peace, is like f***ing for chastity",,,
q00455,top1999:2144,3166850,1,3,https://www.goodreads.com/work/quotes/3166850,Anything with the power to make you laugh over thirty years later isn’t a waste of time. I think something like that is very close to immortality.,,,
q00456,top1999:2144,3166850,1,4,https://www.goodreads.com/work/quotes/3166850,Come to the book as you would come to an unexplored land. Come without a map. Explore it and draw your own map.,,,
q00457,top1999:2144,3166850,1,7,https://www.goodreads.com/work/quotes/3166850,"Sometimes when you're young, you have moments of such happiness, you think you're living on someplace magical, like Atlantis must have been. Then we grow up and our hearts break into two.",,,
q00458,top1999:2144,3166850,1,8,https://www.goodreads.com/work/quotes/3166850,"And this wasn’t lying, not really. It was leaving out.",,,
q00459,top1999:2144,3166850,1,9,https://www.goodreads.com/work/quotes/3166850,"Read sometimes for the story, Bobby. Don't be like the book-snobs who won't do that. Read sometimes for the words - the language. Don't be like the play-it-safers that won't do that. But when you find a book that has both good story and good words, treasure that book.",,,
q00460,top1999:2144,3166850,1,10,https://www.goodreads.com/work/quotes/3166850,There’s always someone who knows something.,,,
q00461,top1999:2144,3166850,1,11,https://www.goodreads.com/work/quotes/3166850,It was the kiss by which all the others of his life would be judged and found wanting.,,,
q00462,top1999:2144,3166850,1,12,https://www.goodreads.com/work/quotes/3166850,A change is as good as a rest.,,,
q00463,top1999:2144,3166850,1,13,https://www.goodreads.com/work/quotes/3166850,"Hearts are tough, Most times they don't break. Most times they are only bend",,,
q00464,top1999:2144,3166850,1,14,https://www.goodreads.com/work/quotes/3166850,"It was how wars really ended, Dieffenbaker supposed -- not at truce tables but in cancer wards and office cafeterias and traffic jams. Wars died one tiny piece at a time, each piece something that fell like a memory, each lost like an echo that fades in winding hills. In the end even war ran up the white flag. Or so he hoped. He hoped that in the end even war surrendered.",,,
q00465,top1999:2144,3166850,1,15,https://www.goodreads.com/work/quotes/3166850,You might question a winkle - a feeling that came to you right out of the blue - but you didn’t question knowing.,,,
q00466,top1999:2144,3166850,1,16,https://www.goodreads.com/work/quotes/3166850,"What if there were no grownups? Suppose the whole idea of grownups was an illusion? What if their money was really just playground marbles, their business deals no more than baseball-card trades, their wars only games of guns in the park? What if they were all still snotty-nosed kids inside their suits and dresses? Christ, that couldn't be, could it? It was too horrible to think about.",,,
q00467,top1999:2144,3166850,1,17,https://www.goodreads.com/work/quotes/3166850,"A book is like a pump. It gives nothing unless first you give to it. You prime a pump with your own water, you work the handle with your own strength. You do this because you expect to get back more than you give.",,,
q00468,top1999:2144,3166850,1,18,https://www.goodreads.com/work/quotes/3166850,"The redness was going out of the light now, the remains of the day were a fading pink, the color of wild roses.",,,
q00469,top1999:2144,3166850,1,20,https://www.goodreads.com/work/quotes/3166850,"Adulthood is accretive by nature, a thing which arrives in ragged stages and uneven overlaps.",,,
q00470,top1999:2144,3166850,1,21,https://www.goodreads.com/work/quotes/3166850,"Actually, I think living's the worst habit.",,,
q00471,top1999:2144,3166850,1,22,https://www.goodreads.com/work/quotes/3166850,"What you don’t know, you can’t tell. Or made to tell.",,,
q00472,top1999:2144,3166850,1,23,https://www.goodreads.com/work/quotes/3166850,"Good books are for consideration after, too.",,,
q00473,top1999:2144,3166850,1,24,https://www.goodreads.com/work/quotes/3166850,"Sometimes you think you can see around corners, and maybe you can.",,,
q00474,top1999:2144,3166850,1,26,https://www.goodreads.com/work/quotes/3166850,"Bobby didn't like the world much after a really good movie in any case; for a little while it felt like an unfair joke, full of people with dull eyes, small plans, and facial blemishes. He sometimes thought if the world had a plot it would be so much better.",,,
q00475,top2000:4071,1028908,1,1,https://www.goodreads.com/work/quotes/1028908,...it is not the big events that hurt the most but rather the smallest questionable shift in tone at the end of a spoken word that can plow most deeply into the heart.,,,
q00476,top2000:4071,1028908,1,2,https://www.goodreads.com/work/quotes/1028908,"How is it possible to miss a woman whom you kept at a distance, so that when she was gone you would not miss her?",,,
q00477,top2000:4071,1028908,1,3,https://www.goodreads.com/work/quotes/1028908,"She has learned that her body is precious and it mustn't be offered carelessly ever again, as it holds a direct connection to her heart.",,,
q00478,top2000:4071,1028908,1,4,https://www.goodreads.com/work/quotes/1028908,"She tried to get even with him through psychological warfare but couldn't, because he didn't care.",,,
q00479,top2000:4071,1028908,1,5,https://www.goodreads.com/work/quotes/1028908,"A girl who is willing to give every ounce of herself to someone, who could never betray her lover, who never suspects maliciousness of anyone, and whose sexuality sleeps in her, waiting to be stirred.",,,
q00480,top2000:4071,1028908,1,6,https://www.goodreads.com/work/quotes/1028908,"[her] mind blackens. The blackness is not a thought, but if it could be pressed into a thought, if a chemical from a dropper could be dripped onto it causing its color and essence to become visible, it would take the shape of this sentence: Why does no one want me?",,,
q00481,top2000:4071,1028908,1,7,https://www.goodreads.com/work/quotes/1028908,"Only then does he realize what he has done to Mirabelle, how wanting a square inch of her and not all of her has damaged them both, and how he cannot justify his actions except that, well, it was life.",,,
q00482,top2000:4071,1028908,1,8,https://www.goodreads.com/work/quotes/1028908,The self-prepared dinner is a great time killer for lonely people and as much time should be spent on it as possible.,,,
q00483,top2000:4071,1028908,1,9,https://www.goodreads.com/work/quotes/1028908,"...just remember, darling, it is pain that changes our lives.",,,
q00484,top2000:4071,1028908,1,10,https://www.goodreads.com/work/quotes/1028908,She was feeling her bohemian oats.,,,
q00485,top2000:4071,1028908,1,11,https://www.goodreads.com/work/quotes/1028908,"For a while, Mirabelle believes there will be a moment when he will cave in and let himself love her, but eventually she lets the idea go. She hits bottom. She dwells in the muck for several months, not depressed exactly, but involved in a mourning that at first she thinks is for Ray but soon realizes is for the loss of her old self.",,,
q00486,top2000:4071,1028908,1,12,https://www.goodreads.com/work/quotes/1028908,"He gave her his phone number, in a peculiar reversal of dating procedure. She might have considered kissing him, even after the horrible first date, but he just didn’t seem to know what to do. However, Jeremy does have one outstanding quality. He likes her. And this quality in a person makes them infinitely interesting to the person who is being liked.",,,
q00487,top2000:4071,1028908,1,13,https://www.goodreads.com/work/quotes/1028908,"So, I can hurt now, or hurt later.",,,
q00488,top2000:4071,1028908,1,14,https://www.goodreads.com/work/quotes/1028908,Mirabelle is attractive; it's just that she is never the first or second girl chosen.,,,
q00489,top2000:4071,1028908,1,15,https://www.goodreads.com/work/quotes/1028908,"Mirabelle replaces the absent friends with books and television mysteries of the PBS kind. The books are mostly nineteenth-century novels in which women are poisoned or are doing the poisoning. She does not read these books as a romantic lonely hearts turning pages in the isolation of her room, not at all. She is instead an educated spirit with a sense of irony. She loves the gloom of these period novels, especially as kitsch, but beneath it all she finds that a part of her indentifies with all that darkness.",,,
q00490,top2000:4071,1028908,1,16,https://www.goodreads.com/work/quotes/1028908,"His view of the world is one that keeps his blood pressure low, sweeping the cholesterol from his relaxed, freeway-sized arteries. Everyone knows he is going to live till age ninety, although the question that goes begging is, “for what?",,,
q00491,top2000:4071,1028908,1,17,https://www.goodreads.com/work/quotes/1028908,"Unlike Ray Porter, his love is fearless and without reservation.",,,
q00492,top2000:4071,1028908,1,18,https://www.goodreads.com/work/quotes/1028908,"Mirabelle is not affected by a man’s failures to approach her, as her own self-depreciating attitude never allows the idea that he would in the first place.",,,
q00493,top2000:4071,1028908,1,19,https://www.goodreads.com/work/quotes/1028908,introductions are hard to come by when your natural state is shyness,,,
q00494,top2000:4071,1028908,1,20,https://www.goodreads.com/work/quotes/1028908,"He never complicates a desire by overthinking it, unlike Mirabelle, who spins a cocoon around an idea until it is immobile.",,,
q00495,top2000:4071,1028908,1,21,https://www.goodreads.com/work/quotes/1028908,"It is the perfect wrong time for Jeremy to do to Mirabelle what she had done to him - call him up for a quick fix - because;, in a sense, she is now betrothed. Her first date with someone who treated her well obligates her to faithfulness, at least until the relationship is explored.",,,
q00496,top2000:4071,1028908,1,24,https://www.goodreads.com/work/quotes/1028908,"In spite of her depression, Mirabelle likes to think of herself as humourous. She can, when the occasion calls, become a wisecracker and buoyant party girl. This mood, Mirabelle thinks, sometimes makes her the centre of attention at parties and gatherings. The truth is that these episodes of gaiety merely raise her to normal, but for Mirabelle the feeling is so exceptional that she believes herself to be standing out.",,,
q00497,top2000:4071,1028908,1,25,https://www.goodreads.com/work/quotes/1028908,"To Mirabelle, the idea of being an object of obsession is alluring and represents a powerful love. She fails to understand, however, that men become obsessive over beautiful women because they want no one else to have them, but they fall in love with women like Mirabelle because they want a certain, specific part of them.",,,
q00498,top2000:4071,1028908,1,26,https://www.goodreads.com/work/quotes/1028908,She has simply never quite learned to walk or hold herself comfortably,,,
q00499,top2000:4071,1028908,1,27,https://www.goodreads.com/work/quotes/1028908,"He knows only what is right in front of him; she is aware of every incoming sensation that glances obliquely against her soft, fragile core",,,
q00500,top2000:4071,1028908,1,28,https://www.goodreads.com/work/quotes/1028908,"The overhead lights reflect in the glass countertop and mingle in the gray and black of the gloves, resulting in a mother-of-pearl swirl that sometimes sends Mirabelle into a shallow hypnotic dream.",,,
q00501,top2000:4071,1028908,1,29,https://www.goodreads.com/work/quotes/1028908,"Mirabelle is not sparkling tonight, because she works only in gears, and tonight she is in the wrong gear. Third gear is her scholarly, perspicacious, witty self; second gear is her happy, giddy, childish self; and first gear is her complaining, helpless, unmotivated self. Tonight she is somewhere midshift, between helpless and childish.",,,
q00502,top2000:4071,1028908,2,2,https://www.goodreads.com/work/quotes/1028908?page=2,"Mirabelle attracts men of a different kind. They are shyer and more reticent. They look at her a long time before approaching, and when they do find something about her that they want, it is something simple within her.",,,
q00503,top2000:4071,1028908,2,3,https://www.goodreads.com/work/quotes/1028908?page=2,"The Serzone is a gift from God that frees her from the immobilising depression that would otherwise surround her and seep into her body like a poisonous fog. The drug distances the depression from her, although it is never out of sight. ... The depression she battles is not the newly acquired symptom of a young woman now living in Los Angeles on her own. It was first set in the bow in Vermont, where she grew up, and fired as a companion arrow that has travelled with her ever since.",,,
q00504,top2000:4071,1028908,2,4,https://www.goodreads.com/work/quotes/1028908?page=2,"Mirabelle, who never takes credit for her attractiveness, believes it is not she he is responding to, but rather something independent of her.",,,
q00505,top2000:4071,1028908,2,5,https://www.goodreads.com/work/quotes/1028908?page=2,"There is nothing too mysterious about Ray Porter, at least not in the usual sense of the word. He is single, he is kind, he tries to do the right thing, and he does not understand himself, or women, or his relationships with women.",,,
q00506,top2000:4071,1028908,2,6,https://www.goodreads.com/work/quotes/1028908?page=2,"She appears sunny, a quality that Mirabelle can call upon only for special occasions.",,,
q00507,top2000:4071,1028908,2,8,https://www.goodreads.com/work/quotes/1028908?page=2,"Mirabelle knows, and she lets this be unspoken, that all free things require conversation. Sitting in a darkened movie theatre requires absolutely no conversation at all, whereas a free date, like a walk down Hollywood Boulevard in the busy evening, requires comments, chatter, observations, and with luck, wit. She worries that since they have only exchanged perhaps two dozen words between them, these free dates will be horrible.",,,
q00508,top2000:4071,1028908,2,9,https://www.goodreads.com/work/quotes/1028908?page=2,The conversation at dinner hadn't been successful either; it bore the marks of an old married couple who had very little left to say to each other.,,,
q00509,top2000:4071,1028908,2,11,https://www.goodreads.com/work/quotes/1028908?page=2,"What would any man do with a soggy girl who can't assert herself, who has a weak voice, and whose main personality component is helplessness?",,,
q00510,top2000:4071,1028908,2,12,https://www.goodreads.com/work/quotes/1028908?page=2,These experiences have caused him to think very hard about what he is doing and where he is going. And the result of all this thinking is that he now understands that he doesn't know what he is doing or where he is going.,,,
q00511,top2000:4071,1028908,2,13,https://www.goodreads.com/work/quotes/1028908?page=2,"Mirabelle's ambition is about one-tenth of 1 percent of what would be called normal. ... She is not aware that some people fight like alley cats for desirable situations. She presents a résumé, fills out an application, waits, and finally makes a call to see if she got the job. Usually, a confused secretary will answer and say that the position had been filled weeks ago. This aimlessness in presenting herself contributes to her feeling of being adrift.",,,
q00512,top2000:4071,1028908,2,14,https://www.goodreads.com/work/quotes/1028908?page=2,He had no college dreams and hence no proximity to the challenge of new faces and ideas.,,,
q00513,top2000:4071,1028908,2,15,https://www.goodreads.com/work/quotes/1028908?page=2,"If there were a silent observer, Mirabelle would be seen as a carefree, happy girl who is preparing for a night on the town. But in reality, these activities are the physical manifestations of her stillness.",,,
q00514,top2000:4071,1028908,2,17,https://www.goodreads.com/work/quotes/1028908?page=2,"When you work in the glove department at Neiman's, you are selling things that nobody buys anymore.",,,
q00515,top2000:4071,1028908,2,18,https://www.goodreads.com/work/quotes/1028908?page=2,"At this point, Ray Porter imagines an entirely different iceberg beneath Mirabelle's psychic waterline than the one that actually exists.",,,
q00516,top2000:5605,865958,1,0,https://www.goodreads.com/work/quotes/865958,We create our own worlds. We destroy our own worlds. It is that simple..,,,
q00517,top2000:5605,865958,1,1,https://www.goodreads.com/work/quotes/865958,"I reel in an uncanny intoxication of emotions, on minute bewildered and then frightened then the next, I swing from exhaustion to mania, from depression to tranquility and beneath it all, excitement fizzes as if my blood is filled with gas.",,,
q00518,top2000:5605,865958,1,2,https://www.goodreads.com/work/quotes/865958,"Be careful who you choose for an enemy because that is who you become most like, Anna tosses Nietzsche's quote up into the air. She serves up words she has heard me say in the past.",,,
q00519,top2000:5605,865958,1,4,https://www.goodreads.com/work/quotes/865958,"Truth is relative, then. It is about timing. It is about what is safe. Truth is the luxury of the privileged, of people who have plenty of food and are not forced to hide because they are Jews. Truth can destroy, and therefore it is not always wise or even healthy to be truthful.",,,
q00520,top2000:5605,865958,1,5,https://www.goodreads.com/work/quotes/865958,To hate another person is wrong. It is never right. Hate is a crime of the spirit that leads to crimes of the flesh.,,,
q00521,top2000:5605,865958,1,7,https://www.goodreads.com/work/quotes/865958,"Shutting down is denial. When you deny the past, you will repeat it.",,,
q00522,top2000:5605,865958,1,14,https://www.goodreads.com/work/quotes/865958,I feel a rush of resentment,,,
q00523,top2000:5605,865958,1,16,https://www.goodreads.com/work/quotes/865958,is cloaked in a hung-over weariness that causes me to suspect he had a very bad night.,,,
q00524,top2000:5605,865958,1,18,https://www.goodreads.com/work/quotes/865958,Never. That was his Indian Burial Ground and no one was allowed to step there.,,,
q00525,top2000:5605,865958,1,20,https://www.goodreads.com/work/quotes/865958,"atavistic panic thrills my deepest psyche and I resist the temptation to call after him,",,,
q00526,top2000:5605,865958,1,23,https://www.goodreads.com/work/quotes/865958,"I realize that at least one big difference between killers and their victims is killers are present. They live entirely in the moment, taking in their surroundings, intensely aware of every detail and how it might benefit or compromise them. They watch strangers. They fix on a face and decide to follow the person home.",,,
q00527,top2000:5605,865958,1,24,https://www.goodreads.com/work/quotes/865958,"One might deduce that a fellow settler was to blame, leading to the not so far-fetched notion that America’s karma, sadly, seems to be for us to kill each other.",,,
q00528,top2000:5605,865958,1,25,https://www.goodreads.com/work/quotes/865958,"A great common denominator underlies this denial, and it is this: People tend to believe that bad things happen only to others.",,,
q00529,top2000:5605,865958,1,26,https://www.goodreads.com/work/quotes/865958,Arnold is one of those people who is overwhelmed by inertia. He battles gravity. Gravity wins.,,,
q00530,top2000:5605,865958,1,28,https://www.goodreads.com/work/quotes/865958,"I crave the silence, the absolute aloneness when the rest of the world is unconscious and not needing something from me.",,,
q00531,top2000:6124,1268663,1,0,https://www.goodreads.com/work/quotes/1268663,"You're going to come across people in your life who will say all the right words at all the right times. But in the end, it's always their actions you should judge them by. It's actions, not words, that matter.",,,
q00532,top2000:6124,1268663,1,1,https://www.goodreads.com/work/quotes/1268663,"People come, people go – they’ll drift in and out of your life, almost like characters in a favorite book. When you finally close the cover, the characters have told their story and you start up again with another book, complete with new characters and adventures. Then you find yourself focusing on the new ones, not the ones from the past.",,,
q00533,top2000:6124,1268663,1,2,https://www.goodreads.com/work/quotes/1268663,"I don't want to lose you.' His voice almost a whisper. Seeing his haggard expression, she took his hand and squeezed it, then reluctantly let it go. She could feel the tears again, and she fought them back. 'But you don't want to keep me, either, do you?' To that, he had no response.",,,
q00534,top2000:6124,1268663,1,3,https://www.goodreads.com/work/quotes/1268663,Loving someone and having them love you back is the most precious thing in the world.,,,
q00535,top2000:6124,1268663,1,4,https://www.goodreads.com/work/quotes/1268663,"Youth offers the promise of happiness, but life offers the realities of grief.",,,
q00536,top2000:6124,1268663,1,6,https://www.goodreads.com/work/quotes/1268663,It took me a long time to realize that distance can ruin even the best of intentions.,,,
q00537,top2000:6124,1268663,1,8,https://www.goodreads.com/work/quotes/1268663,"Everyone has crap in their background, everyone has things they wish they could undo. But most people don't go around doing their best to screw up their present lives because of it.",,,
q00538,top2000:6124,1268663,1,10,https://www.goodreads.com/work/quotes/1268663,Did you hear that Mitch? Your mom thinks you're beautiful.,,,
q00539,top2000:6124,1268663,1,11,https://www.goodreads.com/work/quotes/1268663,"These days she simply did the best job she could, accepting the good with the bad.",,,
q00540,top2000:6124,1268663,1,12,https://www.goodreads.com/work/quotes/1268663,She hadn't chosen this life; it was the only life offered to her.,,,
q00541,top2000:6124,1268663,1,13,https://www.goodreads.com/work/quotes/1268663,"You know how it is. You feel a little different because other people have two parents, even if they’re divorced. It’s like you grow up knowing that you’re missing something important that everyone else has, but you don’t know exactly what it is. I remember hearing my friends talking about how their fathers wouldn't let them stay out late or didn't like their boyfriends. It used to make me so angry because they didn't even realize what they had. Do you know what I mean?",,,
q00542,top2000:6124,1268663,1,14,https://www.goodreads.com/work/quotes/1268663,"You've been through a lot in your life.Too much, I sometimes think.But you keep going.I have to. I've got someone counting on me.",,,
q00543,top2000:6124,1268663,1,17,https://www.goodreads.com/work/quotes/1268663,"Her mother had once told her that there were men who kept secrets bottled up inside and that it spelled trouble for the women who loved them. Denise instinctively knew the truth of her mother’s statement, yet it was hard to reconcile her words with the love she felt for Taylor McAden.",,,
q00544,top2000:6124,1268663,1,18,https://www.goodreads.com/work/quotes/1268663,"I don’t know you? Hell, I know you! You’re a damn coward, is what you are! You’re afraid of living because you think it means giving up this cross you’ve been carrying around your whole life. But this time, you’ve gone too far. You think you’re the only one in the world with feelings? You think you’ll just walk away from Denise and everything’s going to go back to normal now? You think you’ll be happier? You won’t Taylor, You won’t let yourself do that.",,,
q00545,top2000:6124,1268663,1,20,https://www.goodreads.com/work/quotes/1268663,"Didn’t we just talk about this the other night?” Denise sighed with exasperation. “Yeah, we talked. Or rather, I talked. But you didn’t say much at all.” “Sure I did.” “No, you didn’t. But then, you never have. You just talk about surface things, never the things that are really bothering you.",,,
q00546,top2000:6124,1268663,1,22,https://www.goodreads.com/work/quotes/1268663,"But then again, he hadn’t really been looking, had he? Both Valarie and Lori claimed that there was something inside of him they were unable to reach, something about the way he viewed himself that neither of them could really understand. An though he knew they meant well, their attempts to talk to him about this distance of his didn’t – or couldn’t – change anything.",,,
q00547,top2000:6124,1268663,1,23,https://www.goodreads.com/work/quotes/1268663,"She had a childlike innocence that both charmed Taylor and aroused his protective interests, but eventually, she too wanted more than Taylor was willing to commit to.",,,
q00548,top2000:6124,1268663,1,27,https://www.goodreads.com/work/quotes/1268663,"She knew that the initial feelings associated with love were almost like an ocean wave in their intensity, acting as the magnetic force that drew two people together. It was possible to be washed away in the emotion, but the wave wouldn’t last forever. It couldn’t—nor was it meant to be—but if two people were right for each other, a truer kind of love could last forever in its wake.",,,
q00549,top2000:6124,1268663,1,28,https://www.goodreads.com/work/quotes/1268663,"Every time you do something crazy, I can feel my little hairs committing suicide by jumping right out of my head and plunging all the way to my shoulders. If you listen carefully, you can sometimes hear them screaming all the way down.",,,
q00550,top2000:6124,1268663,2,0,https://www.goodreads.com/work/quotes/1268663?page=2,"After that came PDD, or pervasive development disorder, which is sort of like autism, only",,,
q00551,top2000:6124,1268663,2,2,https://www.goodreads.com/work/quotes/1268663?page=2,"I mean, my mom always had this idea of what my life would be like and never missed the opportunity to remind me. And she meant well, I know she did.",,,
q00552,top2000:6124,1268663,2,4,https://www.goodreads.com/work/quotes/1268663?page=2,and many people believed that having children had nothing to do with raising them.,,,
q00553,top2000:6124,1268663,2,5,https://www.goodreads.com/work/quotes/1268663?page=2,"She hoped he dreamed of playing with other children, children who responded to him, children who didn’t shy away because he didn’t speak. In his dreams, she hoped he was happy. God could at least do that much, couldn’t he?",,,
q00554,top2000:6124,1268663,2,6,https://www.goodreads.com/work/quotes/1268663?page=2,"There was something inside her that longed to be desired, to be cared for and protected, to be listened to and accepted without judgment. To be loved.",,,
q00555,top2000:6124,1268663,2,7,https://www.goodreads.com/work/quotes/1268663?page=2,"Denise sat in a separate chair, catercorner to the couch.",,,
q00556,top2000:6124,1268663,2,8,https://www.goodreads.com/work/quotes/1268663?page=2,"You used that one a month ago,” she said calmly. “You’re probably",,,
q00557,top2000:6124,1268663,2,12,https://www.goodreads.com/work/quotes/1268663?page=2,"avoid you. I want to avoid you.” He stared at her, plainly confused.",,,
q00558,top2000:6124,1268663,2,13,https://www.goodreads.com/work/quotes/1268663?page=2,blazing across the sky? Or did he dream using the few,,,
q00559,top2000:5666,2319,1,0,https://www.goodreads.com/work/quotes/2319,Job happiness is directly proportional to the distance you are from the home office.,,,
q00560,top2000:5666,2319,1,1,https://www.goodreads.com/work/quotes/2319,"I tried to picture a bunch of guys in blue suits running around a beachside neighborhood, knocking on doors and flashing Fed creds. That should cause a stampede of illegal aliens heading south.",,,
q00561,top2000:5666,2319,1,2,https://www.goodreads.com/work/quotes/2319,"She asked me, “Was your divorce nasty?” “Not at all. The marriage was nasty.",,,
q00562,top2000:5666,2319,1,3,https://www.goodreads.com/work/quotes/2319,"Well, I was on the slippery slope into the abyss of love, companionship, and happiness—and you know where that leads. Misery.",,,
q00563,top2000:5666,2319,1,4,https://www.goodreads.com/work/quotes/2319,You’re smarter than you look. Did you ever have anti-terrorist training?” “Sort of. I was married.,,,
q00564,top2000:5666,2319,1,5,https://www.goodreads.com/work/quotes/2319,Their brilliant schemes get so convoluted that half of them must wake up every morning trying to remember whose side they’re on that week and what lie was the truth disguised as a lie disguised as the truth.,,,
q00565,top2000:5666,2319,1,6,https://www.goodreads.com/work/quotes/2319,"We didn’t exactly walk arm in arm, but Kate walked close to me and our shoulders kept brushing, and now and then she put her hand on my arm or shoulder as we chatted. Obviously, the woman liked me, but maybe she was just horny. I don’t like being taken advantage of by horny women, but it happens.",,,
q00566,top2000:5666,2319,1,7,https://www.goodreads.com/work/quotes/2319,"The Feds, you have to understand, are so very politically correct and anal retentive, so very fucking frightened of the Washington Thought Police. They’re totally cowed by the stupid directives that come out of Washington like a steady stream of diarrhea.",,,
q00567,top2000:5666,2319,1,8,https://www.goodreads.com/work/quotes/2319,Second place is just the first loser.,,,
q00568,top2000:5666,2319,1,9,https://www.goodreads.com/work/quotes/2319,The only passport you need in America is American Express.,,,
q00569,top2000:5666,2319,1,10,https://www.goodreads.com/work/quotes/2319,Never ask a man if he wants a bulletproof vest or a pair of mittens. Just make him put it on.,,,
q00570,top2000:5666,2319,1,11,https://www.goodreads.com/work/quotes/2319,"the movie, starring John Travolta playing an Army CID guy, was terrific, despite a bad review that I recalled reading in Long Island’s Newsday, written by John Anderson, a so-called movie critic, whose opinion I trusted to be the exact opposite of mine.",,,
q00571,top2000:5666,2319,1,12,https://www.goodreads.com/work/quotes/2319,"Boris, in fact, had once worked in a secret training camp in Russia, a KGB facility, called, Khalil remembered, Mrs. Ivanova’s Charm School, where Russian spies had learned to become Americans.",,,
q00572,top2000:5666,2319,1,13,https://www.goodreads.com/work/quotes/2319,"CIA types are so into deceit, deception, double and triple crosses, paranoia, and bullshit, that you never knew what they knew,",,,
q00573,top2000:5666,2319,1,14,https://www.goodreads.com/work/quotes/2319,Cops sit on their asses and flip through their folders. Feds sit on their derrières and peruse their dossiers.,,,
q00574,top2000:5666,2319,1,15,https://www.goodreads.com/work/quotes/2319,"Muslims, Christians, and Jews all trace their origins to the prophet and patriarch Abraham. The Prophet Muhammad is descended from Abraham’s oldest son, Ishmael, and Moses and Jesus are descended from Isaac,” he informed",,,
q00575,top2000:5666,2319,1,16,https://www.goodreads.com/work/quotes/2319,"I’m trying to modify my NYPD piggishness. I have not hit on one single—or married—female in the ATTF. I was actually getting a reputation as a man who was either devoted to duty, or was devoted to some off-scene girlfriend, or was gay, or who had a low libido, or who perhaps had been hit below the belt by one of those bullets. In any case, a whole new world was opening up to me now. Women in the office talked to me about their boyfriends and husbands, asked me if I liked their new hairstyles, and generally treated me in a gender-neutral manner. The girls haven’t yet asked me to go shopping with them or shared recipes with me, but maybe I’ll be invited to a baby shower. The old John Corey is dead, buried under a ton of politically correct memos from Washington. John Corey, NYPD Homicide, is history. Special Contract Agent John Corey, ATTF, has emerged. I feel clean, baptized in Potomac holy water, reborn and accepted into the ranks of the pure angelic hosts with whom I work.",,,
q00576,top2000:5666,2319,1,17,https://www.goodreads.com/work/quotes/2319,"So, this guy walks into the bar and says to the bartender, ‘You know, all lawyers are assholes.’ And a guy at the end of the bar says, ‘Hey, I heard that. I resent that.’ And the first guy says, ‘Why? Are you a lawyer?’ And the other guy says, ‘No, I’m an asshole.",,,
q00577,top2000:5666,2319,1,18,https://www.goodreads.com/work/quotes/2319,"The NYPD has street smarts, and that’s what you need to keep track of Abdul Salami-Salami and Paddy O’Bad and Pedro Viva Puerto Rico",,,
q00578,top2000:5666,2319,1,20,https://www.goodreads.com/work/quotes/2319,"totally unconnected, as inscrutable as a Tibetan monk on quaaludes.",,,
q00579,top2000:5666,2319,1,21,https://www.goodreads.com/work/quotes/2319,"totally incompetent blowhard, an idiot and a fool.",,,
q00580,top2001:916,2028071,1,0,https://www.goodreads.com/work/quotes/2028071,You can't tell how heavy somebody else's load is just from looking. The Lord doesn't give us more than we can carry,,,
q00581,top2001:916,2028071,1,1,https://www.goodreads.com/work/quotes/2028071,Reaching too deep into something not meant for you is full of pain. Figure out what you can have and work on that,,,
q00582,top2001:916,2028071,1,2,https://www.goodreads.com/work/quotes/2028071,"Sometimes while you wait for what you think is better,"" Philomene said, ""what is good enough slips away.",,,
q00583,top2001:916,2028071,1,3,https://www.goodreads.com/work/quotes/2028071,"This was the face of slavery. To have nothing, and still have something more to lose.",,,
q00584,top2001:916,2028071,1,4,https://www.goodreads.com/work/quotes/2028071,There is nothing more satisfying than having plans.,,,
q00585,top2001:916,2028071,1,5,https://www.goodreads.com/work/quotes/2028071,"Three generations of women out on the front porch, four counting little Emily, trying to put words around a past and a future that could never be explained.",,,
q00586,top2001:916,2028071,1,6,https://www.goodreads.com/work/quotes/2028071,"Sometimes good came out of hurt, compensation came out of pain. He gave with one hand, and He took with the other.",,,
q00587,top2001:916,2028071,1,8,https://www.goodreads.com/work/quotes/2028071,"I am the rock in your garden, Emily, and you are the bloom in mine. Count on me.",,,
q00588,top2001:916,2028071,1,9,https://www.goodreads.com/work/quotes/2028071,"The two women worked easily together, but I soon sensed that, though Belle was in charge of the kitchen, Mama Mae was in charge of Belle.",,,
q00589,top2001:916,2028071,1,10,https://www.goodreads.com/work/quotes/2028071,"The women’s way was more effective. They might be ignored, abused, or dominated, but in the end the women were more practical, keeping their eye on whatever prize was within their grasp.",,,
q00590,top2001:916,2028071,1,12,https://www.goodreads.com/work/quotes/2028071,"She was surrounded by those who thought they offered her the comfort of an outreached palm, unaware that they delivered a fist.",,,
q00591,top2001:4678,1898187,1,0,https://www.goodreads.com/work/quotes/1898187,Writing what you wished was the most dangerous form of wishful thinking.,,,
q00592,top2001:4678,1898187,1,1,https://www.goodreads.com/work/quotes/1898187,"That was how dishonesty and betrayal started, not in big lies but in small secrets.",,,
q00593,top2001:4678,1898187,1,2,https://www.goodreads.com/work/quotes/1898187,"After all, Bao Bomu says, what is the past but what we choose to remember?",,,
q00594,top2001:4678,1898187,1,3,https://www.goodreads.com/work/quotes/1898187,A mother is always the beginning. She is how things begin.,,,
q00595,top2001:4678,1898187,1,5,https://www.goodreads.com/work/quotes/1898187,"You can have pride in what you do each day, but not arrogance in what you were born with.",,,
q00596,top2001:4678,1898187,1,6,https://www.goodreads.com/work/quotes/1898187,Chaos is the penance for leisure.,,,
q00597,top2001:4678,1898187,1,7,https://www.goodreads.com/work/quotes/1898187,"But I don't have anything left inside of me to figure out where I fit in or what I want. If I want anything, it's to know what's possible to want.",,,
q00598,top2001:4678,1898187,1,8,https://www.goodreads.com/work/quotes/1898187,"They know where happiness lies, not in a cave or a country, but in love and the freedom to give and take what has been there all along.",,,
q00599,top2001:4678,1898187,1,9,https://www.goodreads.com/work/quotes/1898187,"He asked if he could recite a poem he had written that morning: 'You speak,' he said, 'the language of shooting stars, more surprising than sunrise, more brilliant than the sun, as brief as sunset. I want to follow its trail to eternity.",,,
q00600,top2001:4678,1898187,1,10,https://www.goodreads.com/work/quotes/1898187,"So much of history is mystery. We don't know what is lost forever, what will surface again. All objects exist in a moment of time. And that fragment of time is preserved or lost or found in mysterious ways. Mystery is a wonderful part of life.",,,
q00601,top2001:4678,1898187,1,11,https://www.goodreads.com/work/quotes/1898187,Dementia was like a truth serum.,,,
q00602,top2001:4678,1898187,1,12,https://www.goodreads.com/work/quotes/1898187,"You should think about your character. Know where you are changing, how you will be changed, what cannot be changed back again.",,,
q00603,top2001:4678,1898187,1,13,https://www.goodreads.com/work/quotes/1898187,"Dementia. Ruth puzzled over the diagnosis: How could such a beautiful-sounding word apply to such a destructive disease? It was a name befitting a goddess: Dementia, who caused her sister Demeter to forget to turn winter into spring.",,,
q00604,top2001:4678,1898187,1,15,https://www.goodreads.com/work/quotes/1898187,"That is the problem with modern ink from a bottle. You do not have to think. You simply write what is swimming on the top of your brain. And the top is nothing but pond scum, dead leaves, and mosquito spawn. But when you push an inkstick along an inkstone, you take the first step to cleansing your mind and your heart. You push and you ask yourself, What are my intentions? What is in my heart that matches my mind? I",,,
q00605,top2001:4678,1898187,1,16,https://www.goodreads.com/work/quotes/1898187,Forever did not mean what it once had. Forever was what changed inevitably over time.,,,
q00606,top2001:4678,1898187,1,17,https://www.goodreads.com/work/quotes/1898187,"You are beauty, we are beauty, we are divine, unchanged by time.",,,
q00607,top2001:4678,1898187,1,18,https://www.goodreads.com/work/quotes/1898187,"Free time was the most precious time, when you should be doing what you loved, or at least slowing down enough to remember what made your life worthwhile and happy.",,,
q00608,top2001:4678,1898187,1,20,https://www.goodreads.com/work/quotes/1898187,"The farther you move from the core of the problem, the faster the situation spins out of control.",,,
q00609,top2001:4678,1898187,1,21,https://www.goodreads.com/work/quotes/1898187,"Now they seemed to be in a contest over who could irritate her more, and she sometimes had to remind herself that teenagers had souls",,,
q00610,top2001:4678,1898187,1,22,https://www.goodreads.com/work/quotes/1898187,"Precious Auntie, what is our name? I always meant to claim it as my own. Come help me remember. I'm not a little girl anymore. I'm not afraid of ghosts. Are you still mad at me? Don't you recognize me? I am LuLing, your daughter.",,,
q00611,top2001:4678,1898187,1,24,https://www.goodreads.com/work/quotes/1898187,"It is for her grandmother, for herself, for the little girl who became her mother.",,,
q00612,top2001:4678,1898187,1,25,https://www.goodreads.com/work/quotes/1898187,"Was it a craving for salt, or for pain?",,,
q00613,top2001:4678,1898187,1,27,https://www.goodreads.com/work/quotes/1898187,"We both knew we were speaking about the effortlessness with which one falls in love without intending to, as if we were two stalks of bamboo bend toward each other by the chance of the wind. And then we bent toward each other and kissed, lost in the nowhere of being together.",,,
q00614,top2001:1543,643924,1,1,https://www.goodreads.com/work/quotes/643924,Wanting more is just a recipe for heartache.,,,
q00615,top2001:1543,643924,1,2,https://www.goodreads.com/work/quotes/643924,Memory is the basis of every journey.,,,
q00616,top2001:1543,643924,1,3,https://www.goodreads.com/work/quotes/643924,"You grew up, became a man, had to adjust to taking less than you hoped for; you discovered the dream-machine had a big OUT OF ORDER sign on it.",,,
q00617,top2001:1543,643924,1,4,https://www.goodreads.com/work/quotes/643924,Pride was the belt you used to hold your pants up when you had no pants.,,,
q00618,top2001:1543,643924,1,5,https://www.goodreads.com/work/quotes/643924,"But now the joy is gone and the sadness is back, the sadness feels like something deserved, the price of some not-quite-forgotten betrayal.",,,
q00619,top2001:1543,643924,1,6,https://www.goodreads.com/work/quotes/643924,Time slowed and reality bent; on and on the eggman went.,,,
q00620,top2001:1543,643924,1,8,https://www.goodreads.com/work/quotes/643924,"After that we're going to be heroes. Not because we want to, but because there are no other options.",,,
q00621,top2001:1543,643924,1,9,https://www.goodreads.com/work/quotes/643924,"Anyone who lives in Boston knows that it’s March that’s the cruelest, holding out a few days of false hope and then gleefully hitting you with the shit.",,,
q00622,top2001:1543,643924,1,10,https://www.goodreads.com/work/quotes/643924,"Keeping up the fiction. You have to keep it up, sometimes, no matter how you feel.",,,
q00623,top2001:1543,643924,1,11,https://www.goodreads.com/work/quotes/643924,Hearts were made to be broken and minds were made to be changed...,,,
q00624,top2001:1543,643924,1,13,https://www.goodreads.com/work/quotes/643924,"The body is either stupid or infinitely wise, but in either case it is spared the terrible witchery of thought; it only knows how to stand its ground and fight until it can fight no more.",,,
q00625,top2001:1543,643924,1,14,https://www.goodreads.com/work/quotes/643924,"Perhaps all the science-fiction stories he read about time travel when he was a teenager had it right: you can’t change the past, no matter how you try.",,,
q00626,top2001:1543,643924,1,16,https://www.goodreads.com/work/quotes/643924,"Henry did not want to be fixed, was somehow convinced that the fix would be a lie, something that would lessen him.",,,
q00627,top2001:1543,643924,1,17,https://www.goodreads.com/work/quotes/643924,"He will be with his friends, and that always feels like coming home.",,,
q00628,top2001:1543,643924,1,18,https://www.goodreads.com/work/quotes/643924,"When you thought about it, it was sort of a blue-eyed wonder that women could love the best of them, let alone the rest of them.",,,
q00629,top2001:1543,643924,1,20,https://www.goodreads.com/work/quotes/643924,"What really bugs Henry about Barry, he supposes, is Barry’s complacency. His inner assurance that there is no need to change his self-destructive behavior, let alone search for its roots.",,,
q00630,top2001:1543,643924,1,22,https://www.goodreads.com/work/quotes/643924,"It is the laugh of a man in the grip of fond recall- the sight of a sunset, the firm feel of a woman’s breast through a thin silk shirt (not that Barry has, in Henry’s estimation, ever felt such a thing), or the packed warmth of beach sand.",,,
q00631,top2001:1543,643924,1,23,https://www.goodreads.com/work/quotes/643924,"The sleep you didn't get one night sometimes came to you on the next, and then it came like a lover.",,,
q00632,top2001:1543,643924,1,24,https://www.goodreads.com/work/quotes/643924,"But that's enough. Fun is fun and done is done. Turn out their lights, beautiful.",,,
q00633,top2001:1543,643924,1,25,https://www.goodreads.com/work/quotes/643924,"Doctor,' he says, 'I just fucked up.'How did you do that, Henry?'I told a patient the truth.'If we know the truth, Henry, does it not set us free?'No', he replies to himself, looking up at the ceiling. 'Not in the slightest.",,,
q00634,top2001:1543,643924,1,26,https://www.goodreads.com/work/quotes/643924,"When you fall, Barry, it's going to be like the fall of Babel in the desert. The people who see you go down will talk about it for years. Man, you'll shake the dishes right off the shelves -",,,
q00635,top2001:1543,643924,1,27,https://www.goodreads.com/work/quotes/643924,"Change will come upon them sudden and unannounced, as it always does with children of this age; if change needed permission from junior-high-school students, it would cease to exist.",,,
q00636,top2001:1543,643924,1,28,https://www.goodreads.com/work/quotes/643924,"The guy was tall, and possessed one of those earnest faces Henry associated with middle management.",,,
q00637,top2001:1543,643924,1,29,https://www.goodreads.com/work/quotes/643924,"Henry tipped his head back, flared his nostrils, and sniffed gently — he had a memory, both clear and absurd, of being in Maurice's a month ago with his ex-wife, smelling the wine the sommelier had just poured, seeing Rhonda there across the table and thinking: 'We sniff the wine, dogs sniff each other's assholes, and it all comes to about the same.",,,
q00638,top2001:28,1711194,1,0,https://www.goodreads.com/work/quotes/1711194,"I remembered something my first partner had told me. Never wrestle with a pig, Lindsay. You both get dirty. The pig likes it.",,,
q00639,top2001:28,1711194,1,1,https://www.goodreads.com/work/quotes/1711194,You can't tell which way the train went by looking at the tracks.,,,
q00640,top2001:28,1711194,1,3,https://www.goodreads.com/work/quotes/1711194,"There comes a point in everybody’s life when you realize the stakes have suddenly changed. The carefree ride of your life slams into a stone wall; all those years of merely bouncing along, life taking you where you want to go, abruptly end.",,,
q00641,top2001:28,1711194,1,7,https://www.goodreads.com/work/quotes/1711194,"Time is but the stream I go a-fishing in. I drink at it, but while I drink, I see the sandy bottom and detect how shallow it is. Its current slides away, but eternity remains. I would drink deeper, fish in the sky, whose bottom is pebbly with stars.",,,
q00642,top2001:28,1711194,1,8,https://www.goodreads.com/work/quotes/1711194,"As I stare into the Border collie’s eyes, I think that maybe I should go inside and call the girls. Claire, Cindy, and Jill would be here almost before I hung up the phone. They would hold me, hug me, say all the right things. You’re special, Lindsay. Everybody loves you, Lindsay.",,,
q00643,top2001:28,1711194,1,10,https://www.goodreads.com/work/quotes/1711194,"short, dark hair and strong shoulders. He had a handsome, intelligent",,,
q00644,top2001:28,1711194,1,12,https://www.goodreads.com/work/quotes/1711194,"The twelve of us who covered homicide for the entire city shared a twenty-by-thirty squad room lit by harsh fluorescent lights. My desk was choice—by the window, “cheerily” overlooking the entrance ramp to the freeway.",,,
q00645,top2001:28,1711194,1,16,https://www.goodreads.com/work/quotes/1711194,"PHILLIP CAMPBELL had imagined this moment, this exquisite scene, so many times. He knew it would be the groom who opened the door. He stepped into the room.",,,
q00646,top2001:28,1711194,1,17,https://www.goodreads.com/work/quotes/1711194,"What I meant to say was, you just have to fight it. You fight it, and fight it, and fight it… and every time you feel it getting stronger, you fight it some more.",,,
q00647,top2001:28,1711194,1,18,https://www.goodreads.com/work/quotes/1711194,"The first thing you noticed about Claire was that she was carrying fifty pounds she didn’t need. “I’m in shape,” she always joked. “Round’s a shape.",,,
q00648,top2001:28,1711194,1,19,https://www.goodreads.com/work/quotes/1711194,"Tonight, my eyes were different, though. Scared. Everything seemed different. Surf the waves, I heard a voice inside me say. Stand tall. You always stand tall.",,,
q00649,top2001:28,1711194,1,20,https://www.goodreads.com/work/quotes/1711194,I just don’t want you thinking that ’cause a man keeps himself with a certain dignity there’s any dignity when it comes to that.,,,
q00650,top2001:28,1711194,1,21,https://www.goodreads.com/work/quotes/1711194,Even the still wind has a voice.,,,
q00651,top2001:28,1711194,1,23,https://www.goodreads.com/work/quotes/1711194,"If I were you,” Dr. Yatto said, “I’d bring to mind the one thing you might’ve thought you’d miss most, and go do that today.",,,
q00652,top2001:28,1711194,1,25,https://www.goodreads.com/work/quotes/1711194,My eyes burned on the grainy screen. I was also sure we were looking at,,,
q00653,top2001:28,1711194,1,28,https://www.goodreads.com/work/quotes/1711194,"Then trust goes two ways, doesn’t it, Inspector?” We sat there, baking in the hot Mazda littered with empty fast-food drink cups, sort of squaring",,,
q00654,top2001:28,1711194,1,29,https://www.goodreads.com/work/quotes/1711194,"You only have a few times in your life to really cut loose, so you might as well take them when they come.",,,
q00655,top2002:4599,22576,1,0,https://www.goodreads.com/work/quotes/22576,"Spend your money thoughtfully & secretly, you walk free. That was the way it was in america these days. Who knows? Maybe it had always been that way",,,
q00656,top2002:4599,22576,1,1,https://www.goodreads.com/work/quotes/22576,"To see the hand of God in any of this is obviously beyond our limited knowledge. I only offer what I know to be true. That this life, however short, and it’s almost always too short, is precious beyond measure.",,,
q00657,top2002:4599,22576,1,2,https://www.goodreads.com/work/quotes/22576,"AT WORK THAT WEEK, I kept my head down. Literally. I figured if no one saw it popping out of my office, no one would think to lop it off. I don’t recommend it as a long-term career strategy, but at that point I wasn’t thinking long-term about Nelson, Goodwin and Mickel, or anything else.",,,
q00658,top2002:4599,22576,1,3,https://www.goodreads.com/work/quotes/22576,"Now I appreciate that for those of you who have stayed with me this far, there's nothing too surprising about this romantic development. You probably saw it coming. But I didn't",,,
q00659,top2002:543,2307233,1,0,https://www.goodreads.com/work/quotes/2307233,"A person is, among all else, a material thing, easily torn and not easily mended.",,,
q00660,top2002:543,2307233,1,1,https://www.goodreads.com/work/quotes/2307233,"It wasn't only wickedness and scheming that made people unhappy, it was confusion and misunderstanding; above all, it was the failure to grasp the simple truth that other people are as real as you.",,,
q00661,top2002:543,2307233,1,2,https://www.goodreads.com/work/quotes/2307233,"The cost of oblivious daydreaming was always this moment of return, the realignment with what had been before and now seemed a little worse.",,,
q00662,top2002:543,2307233,1,3,https://www.goodreads.com/work/quotes/2307233,"Was everyone else really as alive as she was?... If the answer was yes, then the world, the social world, was unbearably complicated, with two billion voices, and everyone’s thoughts striving in equal importance and everyone’s claim on life as intense, and everyone thinking they were unique, when no one was. One could drown in irrelevance.",,,
q00663,top2002:543,2307233,1,4,https://www.goodreads.com/work/quotes/2307233,...falling in love could be achieved in a single word—a glance.,,,
q00664,top2002:543,2307233,1,5,https://www.goodreads.com/work/quotes/2307233,"Find you, love you, marry you, and live without shame.",,,
q00665,top2002:543,2307233,1,6,https://www.goodreads.com/work/quotes/2307233,"A story was a form of telepathy. By means of inking symbols onto a page, she was able to send thoughts and feelings from her mind to her reader's. It was a magical process, so commonplace that no one stopped to wonder at it.",,,
q00666,top2002:543,2307233,1,7,https://www.goodreads.com/work/quotes/2307233,"And though you think the world is at your feet, it can rise up and tread on you.",,,
q00667,top2002:543,2307233,1,8,https://www.goodreads.com/work/quotes/2307233,"Wasn't writing a kind of soaring, an achievable form of flight, of fancy, of the imagination?",,,
q00668,top2002:543,2307233,1,9,https://www.goodreads.com/work/quotes/2307233,I've never had a moment's doubt. I love you. I believe in you completely. You are my dearest one. My reason for life. Cee,,,
q00669,top2002:543,2307233,1,10,https://www.goodreads.com/work/quotes/2307233,"Finally he spoke the three simple words that no amount of bad art or bad faith can every quite cheapen. She repeated them, with exactly the same slight emphasis on the second word, as though she were the one to say them first. He had no religious belief, but it was impossible not to think of an invisible presence or witness in the room, and that these words spoken aloud were like signatures on an unseen contract.",,,
q00670,top2002:543,2307233,1,11,https://www.goodreads.com/work/quotes/2307233,She lay in the dark and knew everything.,,,
q00671,top2002:543,2307233,1,12,https://www.goodreads.com/work/quotes/2307233,"How can a novelist achieve atonement when, with her absolute power of deciding outcomes, she is also God? There is no one, no entity or higher form that she can appeal to, or be reconciled with, or that can forgive her. There is nothing outside her. In her imagination she has set the limits and the terms. No atonement for God, or novelists, even if they are atheists. It was always an impossible task, and that was precisely the point. The attempt was all.",,,
q00672,top2002:543,2307233,1,13,https://www.goodreads.com/work/quotes/2307233,"The anticipation and dread he felt at seeing her was also a kind of sensual pleasure, and surrounding it, like an embrace, was a general elation--it might hurt, it was horribly inconvenient, no good might come of it, but he had found out for himself what it was to be in love, and it thrilled him.",,,
q00673,top2002:543,2307233,1,14,https://www.goodreads.com/work/quotes/2307233,"Now and then, an inch below the water's surface, the muscles of his stomach tightened involuntarily as he recalled another detail. A drop of water on her upper arm. Wet. An embroidered flower, a simple daisy, sewn between the cups of her bra. Her breasts wide apart and small. On her back, a mole half covered by a strap. When she climbed out of the pond a glimpse of the triangular darkness her knickers were supposed to conceal. Wet. He saw it, he made himself see it again. The way her pelvic bones stretched the material clear of the skin, the deep curve of her waist, her startling whiteness. When she reached for her skirt, a carelessly raised foot revealed a patch of soil on each pad of her sweetly diminished toes. Another mole the size of a farthing on her thigh and something purplish on her calf--a strawberry mark, a scar. Not blemishes. Adornments.",,,
q00674,top2002:543,2307233,1,16,https://www.goodreads.com/work/quotes/2307233,It was not generally realized that what children mostly wanted was to be left alone.,,,
q00675,top2002:543,2307233,1,17,https://www.goodreads.com/work/quotes/2307233,"come back, come back to me",,,
q00676,top2002:543,2307233,1,18,https://www.goodreads.com/work/quotes/2307233,"In my dreams I kiss your cunt, your sweet wet cunt. In my thoughts I make love to you all day long.",,,
q00677,top2002:543,2307233,1,19,https://www.goodreads.com/work/quotes/2307233,"He knew these last lines by heart and mouthed them now in the darkness. My reason for life. Not living, but life. That was the touch. And she was his reason for life, and why he must survive.",,,
q00678,top2002:543,2307233,1,20,https://www.goodreads.com/work/quotes/2307233,"How guilt refined the methods of self-torture, threading the beads of detail into an eternal loop, a rosary to be fingered for a lifetime.",,,
q00679,top2002:543,2307233,1,21,https://www.goodreads.com/work/quotes/2307233,"Dearest Cecilia, You’d be forgiven for thinking me mad, the way I acted this afternoon. The truth is I feel rather light headed and foolish in your presence, Cee, and I don’t think I can blame the heat.",,,
q00680,top2002:543,2307233,1,22,https://www.goodreads.com/work/quotes/2307233,But what really happened? The answer is simple: the lovers survive and flourish.,,,
q00681,top2002:543,2307233,1,24,https://www.goodreads.com/work/quotes/2307233,That love which does not build a foundation on good sense is doomed.,,,
q00682,top2002:543,2307233,1,25,https://www.goodreads.com/work/quotes/2307233,"At that moment, the urge to be writing was stronger than any notion she had of what she might write.",,,
q00683,top2002:543,2307233,1,26,https://www.goodreads.com/work/quotes/2307233,"And now she was back in the world, not one she could make, but the one that had made her, and she felt herself shrinking under the early evening sky. She was weary of being outdoors, but she was not ready to go in. Was that really all there was in life, indoors or out? Wasn't there somewhere else for people to go?",,,
q00684,top2002:543,2307233,1,27,https://www.goodreads.com/work/quotes/2307233,"These were everyday sounds magnified by darkness. And darkness was nothing - it was not a substance, it was not a presence, it was no more than an absence of light.",,,
q00685,top2002:543,2307233,1,28,https://www.goodreads.com/work/quotes/2307233,"Nothing that can be, can come between me and the full prospect of my hopes.",,,
q00686,top2002:543,2307233,1,29,https://www.goodreads.com/work/quotes/2307233,"Not everything people did could be in a correct, logical order, especially when they were alone.",,,
q00687,top2002:543,2307233,2,0,https://www.goodreads.com/work/quotes/2307233?page=2,"I’ll wait for you. Come back.The words were not meaningless, but they didn’t touch him now.It was clear enough - one person waiting for another was like an arithmetical sum, and just as empty of emotion.Waiting.Simply one person doing nothing, over time, while another approached. Waiting was a heavy word.",,,
q00688,top2002:543,2307233,2,1,https://www.goodreads.com/work/quotes/2307233?page=2,"But how to do feelings? All very well to write ""She felt sad"", or describe what a sad person might do, but what of sadness itself, how was that put across so it could be felt in all its lowering immediacy? Even harder was the threat, or the confusion of feeling contradictory things.",,,
q00689,top2002:543,2307233,2,2,https://www.goodreads.com/work/quotes/2307233?page=2,"She wanted to leave, she wanted to lie alone face down on her bed and savor the vile piquancy of the moment, and go back down the lines of branching consequences to the point before the destruction began. She needed to contemplate with eyes closed the full richness of what she had lost, what she had given away, and to anticipate the new regime.",,,
q00690,top2002:543,2307233,2,3,https://www.goodreads.com/work/quotes/2307233?page=2,"He had never before felt so self-consciously young, nor experienced such appetite, such impatience for the story to begin.",,,
q00691,top2002:543,2307233,2,4,https://www.goodreads.com/work/quotes/2307233?page=2,"...beauty, she had discovered occupied a narrow band. Ugliness, on the hand, had infinite variation.",,,
q00692,top2002:543,2307233,2,5,https://www.goodreads.com/work/quotes/2307233?page=2,"The cost of oblivius daydreaming was always this moment of return, the realigment with what had been before and now seemed a little worse.Her reverie, once rich in plausible details, had become a passing silliness before the hard mass of the actual.It was difficult to come back.",,,
q00693,top2002:543,2307233,2,7,https://www.goodreads.com/work/quotes/2307233?page=2,Nothing was to be lost by beginning at the beginning...,,,
q00694,top2002:543,2307233,2,8,https://www.goodreads.com/work/quotes/2307233?page=2,"She raised one hand and flexed its fingers and wondered, as she had sometimes before, how this thing, this machine for gripping, this fleshy spider on the end of her arm, came to be hers, entirely at her command. Or did it have some little life of its own? She bent her finger and straightened it. The mystery was in the instant before it moved, the dividing moment between not moving and moving, when her intention took effect. It was like a wave breaking. If she could only find herself at the crest, she thought, she might find the secret of herself, that part of her that was really in charge.",,,
q00695,top2002:543,2307233,2,10,https://www.goodreads.com/work/quotes/2307233?page=2,"And she did not miss his presence so much as his voice on the phone. Even being lied to constantly, though hardly like love, was sustained attention; he must care about her to fabricate so elaborately and over such a long stretch of time. His deceit was a form of tribute to the importance of their marriage.",,,
q00696,top2002:543,2307233,2,13,https://www.goodreads.com/work/quotes/2307233?page=2,Is there any meaning in my life that the inevitable death awaiting me does not destory?,,,
q00697,top2002:543,2307233,2,14,https://www.goodreads.com/work/quotes/2307233?page=2,"Cecilia wondered, as she sometimes did when she met a man for the first time, if this was the one she was going to marry, and whether it was this particular moment she would remember for the rest of her life - with gratitude, or profound and particular regret.",,,
q00698,top2002:543,2307233,2,15,https://www.goodreads.com/work/quotes/2307233?page=2,We go on our hands and knees and crawl our way towards the truth,,,
q00699,top2002:543,2307233,2,16,https://www.goodreads.com/work/quotes/2307233?page=2,"They were beyond the present, outside time, with no memories and no future. There was nothing but obliterating sensation, thrilling and swelling, and the sound of fabric on fabric and skin on fabric as their limbs slid across each other in this restless, sensuous wrestling. ... They moved closer, deeper and then, for seconds on end, everything stopped. Instead of an ecstatic frenzy, there was stillness. They were stilled not by the astonishing fact of arrival, but by an awed sense of return - they were face to face in the gloom, staring into what little they could see of each other's eyes, and now it was the impersonal that dropped away.",,,
q00700,top2002:543,2307233,2,17,https://www.goodreads.com/work/quotes/2307233?page=2,"But this first clumsy attempt showed her that the imagination itself was a source of secrets: once she had begun a story, no one could be told. Pretending in words was too tentative, too vulnerable, too embarrassing to let anyone know. Even writing out the she saids, the and thens, made her wince, and she felt foolish, appearing to know about the emotions of an imaginary being. Self-exposure was inevitable the moment she described a character's weakness; the reader was bound to speculate that she was describing herself. What other authority could she have?",,,
q00701,top2002:543,2307233,2,18,https://www.goodreads.com/work/quotes/2307233?page=2,It is quite impossible these days to assume anything about people's educational level from the way they talk or dress or from their taste in music. Safest to treat everyone you meet as a distinguished intellectual.,,,
q00702,top2002:543,2307233,2,19,https://www.goodreads.com/work/quotes/2307233?page=2,"She returned his gaze, struck by the sense of her own transformation, and overwhelmed by the beauty which a lifetime havit had taught her to ignore.",,,
q00703,top2002:543,2307233,2,21,https://www.goodreads.com/work/quotes/2307233?page=2,"Let the guilty bury the innocent, and let no one change the evidence",,,
q00704,top2002:543,2307233,2,22,https://www.goodreads.com/work/quotes/2307233?page=2,"Let his name be cleared and everyone else adjust their thinking. He had put in time, now they must do the work. His business was simple. Find Cecilia and love her, marry her and live without shame.",,,
q00705,top2002:543,2307233,2,23,https://www.goodreads.com/work/quotes/2307233?page=2,"It was common enough, to see so much death and want a child. Common, therefore human, and he wanted it all the more. When the wounded were screaming, you dreamed of sharing a little house somewhere, of an ordinary life, a family line, connection.",,,
q00706,top2002:543,2307233,2,24,https://www.goodreads.com/work/quotes/2307233?page=2,"Above all, she wanted to look as though she had not given the matter a moment's thought, and that would take time.",,,
q00707,top2002:543,2307233,2,25,https://www.goodreads.com/work/quotes/2307233?page=2,"However, withered, I still feel myself to be exactly the same person I've always been. Hard to explain that to the young. we may look truly reptilian, but we're not a separate tribe.",,,
q00708,top2002:543,2307233,2,26,https://www.goodreads.com/work/quotes/2307233?page=2,"She would simply wait on the bridge, calm and obstinate, until events, real events, not her own fantasies, roe to her challenge, and dispelled her insignificance.",,,
q00709,top2002:543,2307233,2,28,https://www.goodreads.com/work/quotes/2307233?page=2,"It wasn't torpor that kept her - she was often restless to the point of irritability. She simply liked to feel that she was prevented from leaving, that she was needed.",,,
q00710,top2002:543,2307233,2,29,https://www.goodreads.com/work/quotes/2307233?page=2,"In that shrinking moment he discovered that he had never hated anyone until now. It was a feeling as pure as love, but dispassionate and icily rational.",,,
q00711,top2002:1911,1831604,1,0,https://www.goodreads.com/work/quotes/1831604,"Keep your small mind open,” said Nana, wagging a crooked pinkie finger at Jannie. “That’s if you ever want it to grow bigger and don’t want to remain a small person all your life.",,,
q00712,top2002:1911,1831604,1,1,https://www.goodreads.com/work/quotes/1831604,"The thing about kids for some people—for me anyway—is that they complete your life, make some kind of sense out of it, even if they do drive you crazy sometimes. The pain is worth the gain.",,,
q00713,top2002:1911,1831604,1,2,https://www.goodreads.com/work/quotes/1831604,You will never stumble while on your knees,,,
q00714,top2002:1911,1831604,1,3,https://www.goodreads.com/work/quotes/1831604,"He’d noticed that his grandson was working too hard, and he was the one who told him about the marbles. He told it this way. He said that the average life span for men was around seventy-five years. That meant thirty-nine hundred Saturdays—to play when you were a kid and to be with your family when you got older and wiser.” “I see,” I said. “Or to play once you got older. Or even to give lectures to anyone who’ll listen.” “Shush, Alex. Now, listen. So the grandfather figured out that his grandson, who was forty-three, had about sixteen hundred and sixty Saturdays left in his life. Statistically speaking. So what he did was he bought two large jars and filled them with beautiful cat’s-eye marbles. He gave them to his grandson. And he told him that every Saturday, he should take one marble out of the jar. Just one, and just as a reminder that he had only so many Saturdays left, and that they were precious",,,
q00715,top2002:1911,1831604,1,4,https://www.goodreads.com/work/quotes/1831604,Still on the right side of the grass.,,,
q00716,top2002:1911,1831604,1,6,https://www.goodreads.com/work/quotes/1831604,"It’s decaf. Just terrible. A memory of real coffee,",,,
q00717,top2002:2697,1392700,1,0,https://www.goodreads.com/work/quotes/1392700,"It is true that those we meet can change us, sometimes so profoundly that we are not the same afterwards, even unto our names.",,,
q00718,top2002:2697,1392700,1,1,https://www.goodreads.com/work/quotes/1392700,To choose doubt as a philosophy of life is akin to choosing immobility as a means of transportation.,,,
q00719,top2002:2697,1392700,1,2,https://www.goodreads.com/work/quotes/1392700,"I must say a word about fear. It is life's only true opponent. Only fear can defeat life. It is a clever, treacherous adversary, how well I know. It has no decency, respects no law or convention, shows no mercy. It goes for your weakest spot, which it finds with unnerving ease. It begins in your mind, always ... so you must fight hard to express it. You must fight hard to shine the light of words upon it. Because if you don't, if your fear becomes a wordless darkness that you avoid, perhaps even manage to forget, you open yourself to further attacks of fear because you never truly fought the opponent who defeated you.",,,
q00720,top2002:2697,1392700,1,3,https://www.goodreads.com/work/quotes/1392700,"Life is so beautiful that death has fallen in love with it, a jealous, possessive love that grabs at what it can. But life leaps over oblivion lightly, losing only a thing or two of no importance, and gloom is but the passing shadow of a cloud...",,,
q00721,top2002:2697,1392700,1,4,https://www.goodreads.com/work/quotes/1392700,"When you've suffered a great deal in life, each additional pain is both unbearable and trifling.",,,
q00722,top2002:2697,1392700,1,5,https://www.goodreads.com/work/quotes/1392700,"If we, citizens, do not support our artists, then we sacrifice our imagination on the altar of crude reality and we end up believing in nothing and having worthless dreams.",,,
q00723,top2002:2697,1392700,1,6,https://www.goodreads.com/work/quotes/1392700,"It's important in life to conclude things properly. Only then can you let go. Otherwise you are left with words you should have said but never did, and your heart is heavy with remorse.",,,
q00724,top2002:2697,1392700,1,7,https://www.goodreads.com/work/quotes/1392700,"I've never forgotten him. Dare I say I miss him? I do. I miss him. I still see him in my dreams. They are nightmares mostly, but nightmares tinged with love. Such is the strangeness of the human heart. I still cannot understand how he could abandon me so unceremoniously, without any sort of goodbye, without looking back even once. The pain is like an axe that chops my heart.",,,
q00725,top2002:2697,1392700,1,8,https://www.goodreads.com/work/quotes/1392700,"If you stumble about believability, what are you living for? Love is hard to believe, ask any lover. Life is hard to believe, ask any scientist. God is hard to believe, ask any believer. What is your problem with hard to believe?",,,
q00726,top2002:2697,1392700,1,9,https://www.goodreads.com/work/quotes/1392700,You must take life the way it comes at you and make the best of it.,,,
q00727,top2002:2697,1392700,1,10,https://www.goodreads.com/work/quotes/1392700,"To lose a brother is to lose someone with whom you can share the experience of growing old, who is supposed to bring you a sister-in-law and nieces and nephews, creatures who people the tree of your life and give it new branches. To lose your father is to lose the one whose guidance and help you seek, who supports you like a tree trunk supports its branches. To lose your mother, well, that is like losing the sun above you. It is like losing--I'm sorry, I would rather not go on.",,,
q00728,top2002:2697,1392700,1,12,https://www.goodreads.com/work/quotes/1392700,"I challenge anyone to understand Islam, its spirit, and not to love it. It is a beautiful religion of brotherhood and devotion.",,,
q00729,top2002:2697,1392700,1,13,https://www.goodreads.com/work/quotes/1392700,"The world isn't just the way it is. It is how we understand it, no? And in understanding something, we bring something to it, no?Doesn't that make life a story?",,,
q00730,top2002:2697,1392700,1,14,https://www.goodreads.com/work/quotes/1392700,You might think I lost all hope at that point. I did. And as a result I perked up and felt much better.,,,
q00731,top2002:2697,1392700,1,15,https://www.goodreads.com/work/quotes/1392700,"All living things contain a measure of madness that moves them in strange, sometimes inexplicable ways. This madness can be saving; it is part and parcel of the ability to adapt. Without it, no species would survive.",,,
q00732,top2002:2697,1392700,1,16,https://www.goodreads.com/work/quotes/1392700,"These people fail to realize that it is on the inside that God must be defended, not on the outside. They should direct their anger at themselves. For evil in the open is but evil from within that has been let out. The main battlefield for good is not the open ground of the public arena but the small clearing of each heart.",,,
q00733,top2002:2697,1392700,1,18,https://www.goodreads.com/work/quotes/1392700,"I suppose in the end, the whole of life becomes an act of letting go, but what always hurts the most is not taking a moment to say goodbye.",,,
q00734,top2002:2697,1392700,1,19,https://www.goodreads.com/work/quotes/1392700,"If there's only one nation in the sky, shouldn't all passports be valid for it?",,,
q00735,top2002:2697,1392700,1,21,https://www.goodreads.com/work/quotes/1392700,"Hindus, in their capacity for love, are indeed hairless Christians, just as Muslims, in the way they see God in everything, are bearded Hindus, and Christians, in their devotion to God, are hat wearing Muslims.",,,
q00736,top2002:2697,1392700,1,22,https://www.goodreads.com/work/quotes/1392700,Life will defend itself no matter how small it is.,,,
q00737,top2002:2697,1392700,1,25,https://www.goodreads.com/work/quotes/1392700,I know zoos are no longer in people's good graces. Religion faces the same problem. Certain illusions about freedom plague them both.,,,
q00738,top2002:2697,1392700,1,26,https://www.goodreads.com/work/quotes/1392700,"That's what fiction is about, isn't it, the selective transforming of reality? The twisting of it to bring out its essence?",,,
q00739,top2002:2697,1392700,1,27,https://www.goodreads.com/work/quotes/1392700,The presence of God is the finest of rewards.,,,
q00740,top2002:2697,1392700,1,28,https://www.goodreads.com/work/quotes/1392700,"Misery loves company, and madness calls it forth.",,,
q00741,top2002:2697,1392700,1,29,https://www.goodreads.com/work/quotes/1392700,"I was giving up. I would have given up - if a voice hadn't made itself heard in my heart. The voice said ""I will not die. I refuse it. I will make it through this nightmare. I will beat the odds, as great as they are. I have survived so far, miraculously. Now I will turn miracle into routine. The amazing will be seen everyday. I will put in all the hard work necessary. Yes, so long as God is with me, I will not die. Amen.",,,
q00742,top2002:2697,1392700,2,0,https://www.goodreads.com/work/quotes/1392700?page=2,"How bitterly glad I am to see you. You bring joy and pain in equal measure. Joy because you are with me, but pain because it won't be for long. What do you know about the sea? Nothing. What do I know about the sea? Nothing. Without a driver this bus is lost. Our lives are over. Come aboard if your destination is oblivion-- It should be our next stop. We can sit together. You can have the window seat, if you want. But it's a sad view. Oh enough of this disembling. Let me say plainly: I love you, I love you, I love you. I love you, I love you, I love you. Not the spiders, please.",,,
q00743,top2002:2697,1392700,2,3,https://www.goodreads.com/work/quotes/1392700?page=2,"I had to stop hoping so much that a ship would rescue me. I should not count on outside help. Survival had to start with me. In my experience, a castaway’s worst mistake is to hope too much and to do too little. Survival starts by paying attention to what is close at hand and immediate. To look out with idle hope is tantamount to dreaming one’s life away.",,,
q00744,top2002:2697,1392700,2,4,https://www.goodreads.com/work/quotes/1392700?page=2,You can get used to anything - haven't I already said that? Isn't that what all survivors say?,,,
q00745,top2002:2697,1392700,2,6,https://www.goodreads.com/work/quotes/1392700?page=2,"These people walk by a widow deformed by leprosy...walk by children dressed in rags living in the street, and they think, 'Business as usual.' But if they perceive a slight against God, it is a different story. Their faces go red, their chests heave mightily, they sputter angry words. The degree of their indignation is astonishing. Their resolve is frightening.",,,
q00746,top2002:2697,1392700,2,9,https://www.goodreads.com/work/quotes/1392700?page=2,Can there be any happiness greater than the happiness of salvation?,,,
q00747,top2002:2697,1392700,2,10,https://www.goodreads.com/work/quotes/1392700?page=2,"My greatest wish -- other than salvation -- was to have a book. A long book with a never-ending story. One I could read again and again, with new eyes and a fresh understanding each time.",,,
q00748,top2002:2697,1392700,2,11,https://www.goodreads.com/work/quotes/1392700?page=2,Why do people move? What makes them uproot and leave everything they've known for a great unknown beyond the horizon? ... The answer is the same the world over: people move in the hope of a better life.,,,
q00749,top2002:2697,1392700,2,12,https://www.goodreads.com/work/quotes/1392700?page=2,"I love Canada...It is a great country much too cold for good sense, inhabited by compassionate, intelligent people with bad hairdos.",,,
q00750,top2002:2697,1392700,2,13,https://www.goodreads.com/work/quotes/1392700?page=2,"Even when God seemed to have abandoned me, he was watching. Even when he seemed indifferent to my suffering, he was watching. And when I was beyond all hope of saving, he gave me rest. Then he gave me a sign to continue my journey.",,,
q00751,top2002:2697,1392700,2,14,https://www.goodreads.com/work/quotes/1392700?page=2,"Life is a peephole, a single tiny entry onto a vastness--how can I not dwell on this brief, cramped view of things? This peephole is all I've got!",,,
q00752,top2002:2697,1392700,2,16,https://www.goodreads.com/work/quotes/1392700?page=2,Why can't reason give greater answers? Why can we throw a question further than we can pull in an answer? Why such a vast net if there's so little fish to catch?,,,
q00753,top2002:2697,1392700,2,17,https://www.goodreads.com/work/quotes/1392700?page=2,"Scientists are a friendly, atheistic, hard-working, beer-drinking lot whose minds are preoccupied with sex, chess and baseball when they are not preoccupied with science.",,,
q00754,top2002:2697,1392700,2,18,https://www.goodreads.com/work/quotes/1392700?page=2,"I couldn't get Him out of my head. Still can't. I spent three solid days thinking about Him. The more He bothered me, the less I coul forget Him. And the more I learned about Him, the less I wanted to leave Him.",,,
q00755,top2002:2697,1392700,2,19,https://www.goodreads.com/work/quotes/1392700?page=2,"Faith in God is an opening up, a letting go, a deept trust, a free act of love- but sometimes it was so hard to love. Sometimes my heart was sinking so fast with anger, desolation and weariness, I was afraid it would sink to the very bottom of the Pacific and I would not be able to lift it back up.At such moments I tried to elevate myself. I would touch the turban I had made with the remnants of my shirt and I would say aloud, ""THIS IS GOD'S HAT!""I would pat my pants and say aloud, ""THIS IS GOD'S ATTIRE!""I would point to Richard Parker and say aloud, ""THIS IS GOD'S CAT!""I would point to the lifeboat and say aloud, ""THIS IS GOD'S ARK!""I would spread my hands wide and say aloud, ""THESE ARE GOD'S WIDE ACRES!""I would point at the sky and say aloud, ""THIS IS GOD'S EAR!""And in this way I would remind myself of creation and of my place in it.But God's hat was always unravelling. God's pants were falling apart. God's cat was a constant danger. God's ark was a jail. God's wide acres were slowly killing me. God's ear didn't seem to be listening.Despair was a heavy blackness that let no light in or out. It was a hell beyond expression. I thank God it always passed. A school of fish appeared around the net or a knot cried out to be reknotted. Or I thought of my family, of how they were spared this terrible agony. The blackness would stir and eventually go away, and God would remain, a shining point of light in my heart. I would go on loving.",,,
q00756,top2002:2697,1392700,2,20,https://www.goodreads.com/work/quotes/1392700?page=2,It is pointless to say that this or that night was the worst of my life. I have so many bad nights to choose from that I've made none the champion.,,,
q00757,top2002:2697,1392700,2,21,https://www.goodreads.com/work/quotes/1392700?page=2,We commonly say in the trade that the most dangerous animal in a zoo is Man.,,,
q00758,top2002:2697,1392700,2,22,https://www.goodreads.com/work/quotes/1392700?page=2,"Life on a lifeboat isn’t much of a life. It is like an end game in chess, a game with few pieces. The elements couldn’t be more simple, nor the stakes higher.",,,
q00759,top2002:2697,1392700,2,24,https://www.goodreads.com/work/quotes/1392700?page=2,My suffering left me sad and gloomy.,,,
q00760,top2002:2697,1392700,2,25,https://www.goodreads.com/work/quotes/1392700?page=2,"I know what you want. You want a story that won't surprise you. That will confirm what you already know. That won't make you see higher or further or differently. You want a flat story. An immobile story. You want dry, yeastless factuality.",,,
q00761,top2002:2697,1392700,2,26,https://www.goodreads.com/work/quotes/1392700?page=2,"It is simple and brutal: a person can get used to anything, even to killing.",,,
q00762,top2002:2697,1392700,2,27,https://www.goodreads.com/work/quotes/1392700?page=2,I thought they were helping me. I was so full of trust in them that I felt grateful as they carried me in the air. Only when they threw me overboard did I begin to have doubts.,,,
q00763,top2002:2697,1392700,3,0,https://www.goodreads.com/work/quotes/1392700?page=3,"My feelings can perhaps be imagined, but they can hardly be described.",,,
q00764,top2002:2697,1392700,3,1,https://www.goodreads.com/work/quotes/1392700?page=3,"Nature can put on a thrilling show. The stage is vast, the lighting is dramatic, the extras are innumerable, and the budget for special effects is absolutely unlimited.",,,
q00765,top2002:2697,1392700,3,2,https://www.goodreads.com/work/quotes/1392700?page=3,"I can well imagine an athiest's last words: ""White, white! L-L-Love! My God!"" - and the deathbed leap of faith. Whereas the agnostic, if he stays true to his reasonable self, if he stays beholden to dry, yeastless factuality, might try to explain the warm light bathing him by saying ""Possibly a f-f-failing oxygenation of the b-b-brain,"" and, to the very end, lack imagination and miss the better story.",,,
q00766,top2002:2697,1392700,3,3,https://www.goodreads.com/work/quotes/1392700?page=3,"When your own life is threatened, your sense of empathy is blunted by a terrible, selfish hunger for survival.",,,
q00767,top2002:2697,1392700,3,4,https://www.goodreads.com/work/quotes/1392700?page=3,"Just beyond the ticket booth Father had painted on a wall in bright red letters the question: DO YOU KNOW WHICH IS THE MOST DANGEROUS ANIMAL IN THE ZOO? An arrow pointed to a small curtain. There were so many eager, curious hands that pulled at the curtain that we had to replace it regularly. Behind it was a mirror.",,,
q00768,top2002:2697,1392700,3,5,https://www.goodreads.com/work/quotes/1392700?page=3,"The paths to liberation are numerous, but the bank along the way is always the same, the Bank of Karma, where the liberation account of each of us is credited or debited depending on our actions.",,,
q00769,top2002:2697,1392700,3,8,https://www.goodreads.com/work/quotes/1392700?page=3,"My face set to a grim and determined expression. I speak in all modesty as I say this, but I discovered at that moment that I have a fierce will to live. It's not something evident, in my experience. Some of us give up on life with only a resigned sigh. Others fight a little, then lose hope. Still others - and I am one of those - never give up. We fight and fight and fight. We fight no matter the cost of battle, the losses we take, the improbability of success. We fight to the every end. It's not a question of courage. It's something constitutional, an inability to let go. It may be nothing more than life-hungry stupidity.",,,
q00770,top2002:2697,1392700,3,9,https://www.goodreads.com/work/quotes/1392700?page=3,...for everything has a trace of the divine in it.,,,
q00771,top2002:2697,1392700,3,10,https://www.goodreads.com/work/quotes/1392700?page=3,"High calls low and low calls high. I tell you, if you were in such dire straits as I was, you too would elevate your thoughts. The lower you are, the higher your mind will want to soar.",,,
q00772,top2002:2697,1392700,3,14,https://www.goodreads.com/work/quotes/1392700?page=3,"And what a story. The first thing that drew me in was disbelief. What? Humanity sins but it's God's Son who pays the price? I tried to imagine Father saying to me, 'Piscine, a lion slipped into the llama pen today and killed two llamas. Yesterday another one killed a black buck. Last week two of them ate a camel. The situation has become intolerable. Something must be done. I have decided that the only way the lions can atone for their sins is if I feed them you.' ... 'Yes, Father, that would be the right and logical thing to do. Give me a moment to wash up'. What a downright weird story. What a peculiar psychology.",,,
q00773,top2002:2697,1392700,3,15,https://www.goodreads.com/work/quotes/1392700?page=3,"People move because of the wear and tear of anxiety. Because of the gnawing feeling that no matter how hard they work their efforts will yield nothing, that what they build up in one year will be torn down in one day by others. Because of the impression that the future is blocked up, that *they* might do all right but not their children. Because of the feeling that nothing will change, that happiness and prosperity are possible only somewhere else.",,,
q00774,top2002:2697,1392700,3,16,https://www.goodreads.com/work/quotes/1392700?page=3,"As for hearing, the sloth is not so much deaf as uninterested in sound.",,,
q00775,top2002:2697,1392700,3,17,https://www.goodreads.com/work/quotes/1392700?page=3,My gratitude to him is as boundless as the Pacific ocean.,,,
q00776,top2002:2697,1392700,3,18,https://www.goodreads.com/work/quotes/1392700?page=3,First wonder goes deepest; wonder after that fits in the impression made by the first.,,,
q00777,top2002:2697,1392700,3,19,https://www.goodreads.com/work/quotes/1392700?page=3,"Oncoming death is terrible enough, but worse still is oncoming death with time to spare, time in which all the happiness that was yours and all the happiness that might have been yours becomes clear to you. You see with utter lucidity all that you are losing.",,,
q00778,top2002:2697,1392700,3,21,https://www.goodreads.com/work/quotes/1392700?page=3,Gloom is but a shadow of a cloud passing by,,,
q00779,top2002:2697,1392700,3,25,https://www.goodreads.com/work/quotes/1392700?page=3,"I explore it now in the only place left for it, my memory.",,,
q00780,top2002:2697,1392700,3,26,https://www.goodreads.com/work/quotes/1392700?page=3,"I cannot think of a better way to spread the faith. No thundering from a pulpit, no condemnation from bad churches, no peer pressure, just a book of scripture quietly waiting to say hello, as gentle and powerful as a little girl's kiss on your cheek.",,,
q00781,top2002:2697,1392700,3,28,https://www.goodreads.com/work/quotes/1392700?page=3,A house is a compressed territory where our basic needs can be fulfilled close by and safely.,,,
q00782,top2002:2697,1392700,3,29,https://www.goodreads.com/work/quotes/1392700?page=3,"The individual soul touches upon the world soul like a well reaches for the water table. That which sustains the universe beyond thought and language, and that which is at the core of us and struggles for expression, is the same thing. The finite within the infinite, the infinite within the finite.",,,
q00783,top2002:2697,1392700,4,0,https://www.goodreads.com/work/quotes/1392700?page=4,"I wept like a child. It was not because I was overcome at having survived my ordeal, though I was. Nor was it the presence of my brothers and sisters, though that too was very moving. I was weeping because ....fill in the blank with whatever/whoever helped you survive... had left me so unceremoniously.",,,
q00784,top2002:2697,1392700,4,2,https://www.goodreads.com/work/quotes/1392700?page=4,"If you take two steps towards God,' he used to tell me, 'God runs to you!",,,
q00785,top2002:2697,1392700,4,3,https://www.goodreads.com/work/quotes/1392700?page=4,Blessed be shock. Blessed be the part of us that protects us from too much pain and sorrow. At the heart of life is a fusebox.,,,
q00786,top2002:2697,1392700,4,4,https://www.goodreads.com/work/quotes/1392700?page=4,It was as unbelievable as the moon catching fire.,,,
q00787,top2002:2697,1392700,4,5,https://www.goodreads.com/work/quotes/1392700?page=4,"I must say a word about fear. It is life's only true opponent. Only fear can defeat life. It is a clever, treacherous adversary, how well I know. It has no decency, respects no law or convention, shows no mercy. It goes for your weakest spot, which it finds with unerring ease. It begins in your mind, always. One moment you are feeling calm, self-possessed, happy. Then fear, disguised in the garb of mild-mannered doubt, slips into your mind like a spy. Doubt meets disbelief and disbelief tries to push it out. But disbelief is a poorly armed foot soldier. Doubt does away with it with little trouble. You become anxious. Reason comes to battle for you. You are reassured. Reason is fully equipped with the latest weapons technology. But, to your amazement, despite superior tactics and a number of undeniable victories, reason is laid low. You feel yourself weakening, wavering. Your anxiety becomes dread.",,,
q00788,top2002:2697,1392700,4,6,https://www.goodreads.com/work/quotes/1392700?page=4,"Bapu Gandhi said, ‘All religions are true.’ I just want to love God.",,,
q00789,top2002:2697,1392700,4,7,https://www.goodreads.com/work/quotes/1392700?page=4,science can only take you so far and then you have to leap,,,
q00790,top2002:2697,1392700,4,8,https://www.goodreads.com/work/quotes/1392700?page=4,"The moon was a sharply defined crescent and the sky was perfectly clear. The stars shone with such fierce, contained brilliance that it seemed absurd to call the night dark.",,,
q00791,top2002:2697,1392700,4,12,https://www.goodreads.com/work/quotes/1392700?page=4,The worst pair of opposites is boredom and terror. Sometimes your life is a pendulum swing from one to the other.,,,
q00792,top2002:2697,1392700,4,13,https://www.goodreads.com/work/quotes/1392700?page=4,"Progress is unstoppable. It is a drumbeat to which we must all march. Technology helps and good ideas spread – these are two lows of nature. If you don’t let technology help you, if you resist good ideas, you condemn yourself to dinosaurhood! I am utterly convinced of this.",,,
q00793,top2002:2697,1392700,4,15,https://www.goodreads.com/work/quotes/1392700?page=4,"Repetition is important in the training not only of animals but also of humans."" Yann Martel in Life of Pi, Page 25",,,
q00794,top2002:2697,1392700,4,16,https://www.goodreads.com/work/quotes/1392700?page=4,"If you took the city of Tokyo and turned it upside down and shook it you would be amazed at the animals that fall out: badgers, wolves, boa constrictors, crocodiles, ostriches, baboons, capybaras, wild boars, leopards, manatees, ruminants, in untold numbers. There is no doubt in my mind that that feral giraffes and feral hippos have been living in Tokyo for generations without seeing a soul.",,,
q00795,top2002:2697,1392700,4,17,https://www.goodreads.com/work/quotes/1392700?page=4,"For the first time I noticed - as I would notice repeatedly during my ordeal, between one throe of agony and the next - that my suffering was taking place in a grand setting. I saw my suffering for what it was, finite and insignificant, and I was still. My suffering did not fit anywhere, I realized. And I could accept this. It was all right.",,,
q00796,top2002:2697,1392700,4,18,https://www.goodreads.com/work/quotes/1392700?page=4,"Christianity is a religion in a rush. Look at the world created in seven days. Even on a symbolic level, that's creation in a frenzy. To one born in a religion where the battle for a single soul can be a relay race run over many centuries, with innumerable generations passing along the baton, the quick resolution of Christianity has a dizzying effect. If Hinduism flows placidly like the Ganges, then Christianity bustles like Toronto at rush hour. It is religion as swift as a swallow, as urgent as an ambulance. It turns on a dime, expresses itself in the instant. In a moment you are lost or saved. Christianity stretches back through the ages, but in essence it exists only at one time: right now.",,,
q00797,top2002:2697,1392700,4,19,https://www.goodreads.com/work/quotes/1392700?page=4,"Socially inferior animals are the ones that make the most strenuous, resourceful efforts to get to know their keepers. They prove to be the ones most faithful to them…it is a fact commonly known in the trade.",,,
q00798,top2002:2697,1392700,4,20,https://www.goodreads.com/work/quotes/1392700?page=4,"So you want another story?""Uhh... no. We would like to know what really happened.""Doesn't the telling of something always become a story?""Uhh... perhaps in English. In Japanese a story would have an element of invention in it. We don't want any invention. We want the 'straight facts,' as you say in English.""Isn't telling about something--using words, English or Japanese--already something of an invention? Isn't just looking upon this world already something of an invention?",,,
q00799,top2002:2697,1392700,4,21,https://www.goodreads.com/work/quotes/1392700?page=4,"I was not wounded in any part of my body, but I had never experienced such intense pain, such a ripping of the nerves, such an ache of the heart.",,,
q00800,top2002:2697,1392700,4,22,https://www.goodreads.com/work/quotes/1392700?page=4,"Time is an illusion that only makes us pant. I survived because I forgot even the very notion of time."" Page 212.",,,
q00801,top2002:2697,1392700,4,25,https://www.goodreads.com/work/quotes/1392700?page=4,"The main battlefield of good is not the open ground of the publis arena, but the small clearing of each heart.",,,
q00802,top2002:2697,1392700,4,26,https://www.goodreads.com/work/quotes/1392700?page=4,Religion is more than rite and ritual.,,,
q00803,top2002:1681,2330175,1,0,https://www.goodreads.com/work/quotes/2330175,Black as night and as beautiful as forever.,,,
q00804,top2002:1681,2330175,1,1,https://www.goodreads.com/work/quotes/2330175,"But in the wake of 'Bullet,' all the guys wanted to know was, 'How's it doing? How's it selling?' How to tell them I didn't give a flying fuck how it was doing in the marketplace, that what I cared about was how it was doing in the reader's heart?",,,
q00805,top2002:1681,2330175,1,2,https://www.goodreads.com/work/quotes/2330175,"This is nine! Nine! This is nine! Nine! This is ten! Ten! We have killed your friends! Every friend is now dead! This is six! Six!""[...]""Eighteen! This is now eighteen! Take cover when the siren sounds! This is four! Four!""[...]""Five! This is five! Ignore the siren! Even if you leave this room, you can never leave this room! Eight! This is eight!""[...]""Six!' the phone screamed. 'Six, this is six, this is goddam fucking SIX!",,,
q00806,top2002:1681,2330175,1,3,https://www.goodreads.com/work/quotes/2330175,Ka was a wheel; it was also a net from which none ever escaped.,,,
q00807,top2002:1681,2330175,1,4,https://www.goodreads.com/work/quotes/2330175,Writers are often the worst judges of what they have written.,,,
q00808,top2002:1681,2330175,1,5,https://www.goodreads.com/work/quotes/2330175,Luck was a joke. Even good luck was just bad luck with its hair combed.,,,
q00809,top2002:1681,2330175,1,6,https://www.goodreads.com/work/quotes/2330175,"A library card is good to have, you can never have too much ID.",,,
q00810,top2002:1681,2330175,1,7,https://www.goodreads.com/work/quotes/2330175,"A cat won't curry favor even if it's in their best interests to do so. A cat can't be a hypocrite. If more preachers were like cats, this would be a more religious country.",,,
q00811,top2002:1681,2330175,1,8,https://www.goodreads.com/work/quotes/2330175,"Stories are artifacts, not really made things which we create and can take credit for, but pre-existing objects which we dig up.",,,
q00812,top2002:1681,2330175,1,9,https://www.goodreads.com/work/quotes/2330175,"It might be that the biggest division in the world isn't men and women but folks who like cats and folks who like dogs"" - (L.T.'s Theory of Pets)",,,
q00813,top2002:1681,2330175,1,10,https://www.goodreads.com/work/quotes/2330175,"Roland of Gilead responded as he ever had and ever would when such useless, mystifying questions were raised: 'Ka.",,,
q00814,top2002:1681,2330175,1,11,https://www.goodreads.com/work/quotes/2330175,"When creative people do their best work, they're hardly ever in charge, they're just sort of rolling along with their eyes shut yelling wheee.",,,
q00815,top2002:1681,2330175,1,12,https://www.goodreads.com/work/quotes/2330175,"But who can foresee such things? None of us can predict the final outcomes of our actions, and few of us even try; most of us just do what we do to prolong a moment's pleasure or to stop the pain. And even when we act for the noblest reasons, the last link of the chain all too often drips with someone's blood.",,,
q00816,top2002:1681,2330175,1,13,https://www.goodreads.com/work/quotes/2330175,"Absence may or may not make the heart grow fonder, but it certainly freshens the eye.",,,
q00817,top2002:1681,2330175,1,14,https://www.goodreads.com/work/quotes/2330175,"If something got you to turn off T.V. , it's a total success",,,
q00818,top2002:1681,2330175,1,15,https://www.goodreads.com/work/quotes/2330175,A broken spoon may become a fork.,,,
q00819,top2002:1681,2330175,1,16,https://www.goodreads.com/work/quotes/2330175,"Say, darling, I'm giving you this wonderful present, it's a machine that eats at one end and shits out the other, it's going to run for fifteen years, give or take, merry fucking Christmas.",,,
q00820,top2002:1681,2330175,1,17,https://www.goodreads.com/work/quotes/2330175,"It’s not about making more money or even precisely about creating new markets; it’s about trying to see the act, art, and craft of writing in different ways, thereby refreshing the process and keeping the resulting artifacts—the stories, in other words—as bright as possible",,,
q00821,top2002:1681,2330175,1,18,https://www.goodreads.com/work/quotes/2330175,The snow that began at midafternoon had faded the sign’s virulent yellow to a kinder pastel shade as the light ran out of the January dusk.,,,
q00822,top2002:1681,2330175,1,20,https://www.goodreads.com/work/quotes/2330175,"Eventual, as Pug used to say. When he wanted to say something was really good, he's never say it was awesome, like most people do; he'd say it was eventual. How funny is that? The old Pugmeister. I wonder how he's doing.",,,
q00823,top2002:1681,2330175,1,21,https://www.goodreads.com/work/quotes/2330175,Any fool who can pucker is apt to whistle past the graveyard.,,,
q00824,top2002:1681,2330175,1,22,https://www.goodreads.com/work/quotes/2330175,"Tell you something, my friend — if I worked hard and really wanted it, there might be a real Rembrandt on my wall someday.Sure.In a job like this, there is nowhere to go but up.In a way, that’s the scary part...",,,
q00825,top2002:1681,2330175,1,23,https://www.goodreads.com/work/quotes/2330175,"That voice didn’t have logic on its side, but it didn’t need to. It had good lungs and just outscreamed logic.",,,
q00826,top2002:1681,2330175,1,24,https://www.goodreads.com/work/quotes/2330175,"On some level I believed him completely, as we always believe on some level, the worst thing our hearts can imagine",,,
q00827,top2002:1681,2330175,1,25,https://www.goodreads.com/work/quotes/2330175,"I never read the paper myself. Why bother? It's the same old shit day in and day out, dictators beating the ching-chong out of people weaker than they are, men in uniforms beating the ching-chong out of soccer balls or footballs, politicians kissing babies and kissing ass.",,,
q00828,top2002:1681,2330175,1,27,https://www.goodreads.com/work/quotes/2330175,"For people like us, little people who went scurrying through the world like mice in a cartoon, sometimes laughing at the assholes was the only revenge you could ever get.",,,
q00829,top2002:1681,2330175,1,28,https://www.goodreads.com/work/quotes/2330175,"In a marriage, words are like rain. And the land of a marriage is filled with dry washes and arroyos that can become raging rivers in almost the wink of an eye. The therapists believe in talk, but most of them are either divorced or queer. It's silence that is a marriage's best friend.",,,
q00830,top2002:1681,2330175,1,29,https://www.goodreads.com/work/quotes/2330175,"I opened the door of the Mercedes and got in. Man, that smell. It’s leather, but not just leather. You know how, in Monopoly, there’s a Get-Out-of-Jail-Free card? When you’re rich enough to afford a car that smells like Mr. Sharpton’s gray Mercedes, you must have a Get-Out-of-Everything-Free card.",,,
q00831,top2003:5341,810630,1,0,https://www.goodreads.com/work/quotes/810630,You always have a choice. It's just that some people make the wrong one.,,,
q00832,top2003:5341,810630,1,1,https://www.goodreads.com/work/quotes/810630,"You know me better than anyone, and you're my best friend. I don't think there's anything you could say to me that would lead me to believe that you're doing it just to hurt me. If there's one thing I've come to know about you, it's that you're not even capable of something like that. Why do you think I like spending time with you so much? Because you're a good guy. A nice guy.",,,
q00833,top2003:5341,810630,1,2,https://www.goodreads.com/work/quotes/810630,"That he'll never let you down. That boy's got a heart the size of Kentucky, and he loves you. That's important. Take it from someone who knows. My mom used to tell me that whatever you do, marry someone who loves you more than you love him. And I listened to her. Why do you think Henry and I get along so well? I'm not saying that I don't love him, because I do. But if I ever left Henry or something, God forbid, ever happened to me, I don't think he'll be able to go on. And that guy would risk his life for mine in a heartbeat.",,,
q00834,top2003:5341,810630,1,3,https://www.goodreads.com/work/quotes/810630,"But I'm different now than I was then. Just like I was different at the end of the trip than I'd been in the beginning. And I'll be different tomorrow than i am today. And what that means is that i can never replicate that trip. Even if I went to the same places and met the same people, it would'nt be the same. My experience would'nt be the same. To me, that's what traveling should be about. Meeting people, learning to not only appreciate a different culture, but really enjoy it like a local, following whatever impulse strikes you. So how could I recommend a trip to someone else, if I don't even know what to expect? My advice would be to make a list of places on some index cards, shuffle them, and pick any fice at random. Then just . . . go and see what happens. If you have the right mind-set, it does'nt matter where you end up or how much money you brought. It'll be something you'll remember forever.",,,
q00835,top2003:5341,810630,1,4,https://www.goodreads.com/work/quotes/810630,"It was what she'd most enjoyed about being married to Jim. It wasn't only the heady flush of emotions when they'd made love that enthralled her; more than that, it was the lazy mornings they'd spent reading the newspaper in bed while drinking coffee, or the cold December mornings they'd planted bulbs in the garden, or the hours they'd spent traipsing through various stores, picking out bedroom furniture, debating cherry or maple. Those were the moments she felt most content, when she finally allowed herself to believe in the impossible. Those were the moments when all seemed right in the world.",,,
q00836,top2003:5341,810630,1,5,https://www.goodreads.com/work/quotes/810630,"She'd always believed that people come in two varieties: those who look out the windshield and those who stare in the rearview mirror. She'd(Julie) always been the windshield type: gotta focus on the future, not the past, because that's the only part that's still up for grabs. Mom throws me out? Gotta get some food and find a place to live. Husband dies? Gotta keep working, or I'll end up going crazy. Got some guy stalking me? Gotta figure out a way to stop it.",,,
q00837,top2003:5341,810630,1,6,https://www.goodreads.com/work/quotes/810630,It was funny that you know someone for years but still discover something you never noticed before.,,,
q00838,top2003:5341,810630,1,7,https://www.goodreads.com/work/quotes/810630,The world is a better place when you smile,,,
q00839,top2003:5341,810630,1,8,https://www.goodreads.com/work/quotes/810630,"Mike, however, heard nothing at all. Lost in her breathlike touch, he knew only one thing for sure: In the instant their lips first met, there was a flicker of something almost electrical that made him believe the feeling would last forever.",,,
q00840,top2003:5341,810630,1,9,https://www.goodreads.com/work/quotes/810630,"There was no pretention here, no hidden meanings in the phrases they spoke, no elaborate plans designed to impress the other. Though it had always been easy to spend time with Mike, she suddenly realized that in the whirlwind of the past couple of weeks, she'd almost forgot how much she enjoyed it.",,,
q00841,top2003:5341,810630,1,10,https://www.goodreads.com/work/quotes/810630,"Richard...,"" Julie said, staring down at the open jewelry case in her hand. Inside was an ornate, heart-shaped locket supported by a gold chain. ""It's beautiful. But... why? I mean, what's the occasion?"" ""No occasion. I just saw it and, well... I liked it. Or rather, I thought of you and knew you should have it.",,,
q00842,top2003:5341,810630,1,11,https://www.goodreads.com/work/quotes/810630,"But like a gambler at a slot machine, hoping the next spin would change her life for the better, she closed in before she lost her nerve. Taking his hand, she pulled him toward her, near enough to feel his body against her. She looked up at him, tilting her head slightly as she leaned in. Mike, recognizing what was happening but still having trouble believing it, tilted his head and closed his eyes, their faces drawing near.",,,
q00843,top2003:5341,810630,1,14,https://www.goodreads.com/work/quotes/810630,"Henry nodded, thinking, 'If you were any more whipped, little brother, they'd serve you on ice cream.",,,
q00844,top2003:5341,810630,1,15,https://www.goodreads.com/work/quotes/810630,"everyone - you included - is on her best behavior in the beginning of a relationship. Sometimes little quirks turn out to be big ones, and the big advantage that women have - sometimes the only advantage - is their intuition.",,,
q00845,top2003:5341,810630,1,16,https://www.goodreads.com/work/quotes/810630,"Most people lived under the illusion that they were in control of their lives, but that wasn’t completely true. Yeah, you could decide what to have for breakfast and what to wear and all those little things, but as soon as you stepped out into the world, you were pretty much at the mercy of everyone else around you, and all you could do was hope that if they were having a bad day, they wouldn’t decide to take it out on you.",,,
q00846,top2003:5341,810630,1,19,https://www.goodreads.com/work/quotes/810630,"She’s a cautious one, he observed. Kiss her once, and she seemed to question it all. But allow her to lead, and the caution seemed to fade. He knew she was trying to figure him out, trying to match his story to the man she saw sitting across from her. But there was no mistaking the sympathy on her face the moment she realized how similar they were.",,,
q00847,top2003:5341,810630,1,21,https://www.goodreads.com/work/quotes/810630,"they often told others, they were too busy laughing together to have any time to argue.",,,
q00848,top2003:5341,810630,1,22,https://www.goodreads.com/work/quotes/810630,"She wasn’t a fantasy anymore, but something real, something he couldn’t imagine living without,",,,
q00849,top2003:5341,810630,1,23,https://www.goodreads.com/work/quotes/810630,"Daddy loved his son. Daddy believed his son walked on water. Daddy, Mike had long ago decided, was an idiot.",,,
q00850,top2003:5341,810630,1,24,https://www.goodreads.com/work/quotes/810630,"It wasn’t as if a light had suddenly blinked on; it was more like a sunrise, where the sky grows lighter and lighter, almost imperceptibly, before you realized it was morning.",,,
q00851,top2003:5341,810630,1,25,https://www.goodreads.com/work/quotes/810630,"The going was rough, and it was time to get going. There was no time like the present, because the early bird catches the worm.",,,
q00852,top2003:5341,810630,1,26,https://www.goodreads.com/work/quotes/810630,"Not that Singer’s behavior had ever been . . . well, ordinary. Except for the peeing thing, the dog had always acted as if he thought he were human. He refused to eat out of a dog bowl, he’d never needed a leash, and when Julie watched television, he would crawl up on the couch and stare at the screen. And when she talked to him—whenever anyone talked to him, for that matter—Singer would stare intently, his head tilted to the side, as if he were following the conversation. And half the time, it did seem as if he understood what she was telling him. No matter what she told him to do, no matter how ridiculous the command, Singer would carry it out. Could you go get my purse from the bedroom? Singer would come trot. ting out with it a moment later. Will you turn off the bedroom light? He’d balance on two legs and flick it with his nose. Put this can of soup in the pantry, okay? He’d carry it in his mouth and set it on the shelf. Sure, other dogs were well trained, but not like this. Besides, Singer hadn’t needed training. Not real training, anyway. All she’d had to do was show him something once and that was it. To others it seemed downright eerie, but since it made Julie feel like a modem day Dr. Dolittle, she kind of liked it",,,
q00853,top2003:5341,810630,1,27,https://www.goodreads.com/work/quotes/810630,"Her father, though proud she was “joining up with the good guys,” was aghast that she was doing it in North Carolina. “They all chew tobacco and eat grits and call every woman darlin’. How’s a nice Italian girl like you going to fit down there?”Only she had fit in, oddly enough. It was much better than she’d expected so far, especially the people, who—get this—were so friendly that they waved to strangers while driving.",,,
q00854,top2003:5341,810630,2,0,https://www.goodreads.com/work/quotes/810630?page=2,"As the night wore on, he couldn’t escape the conclusion that his chance with Julie was suddenly going the way of Atlantis.",,,
q00855,top2003:5341,810630,2,6,https://www.goodreads.com/work/quotes/810630?page=2,"nudging him playfully. Of course, playful was a relative term. The dog nearly sent Mike careening into the mailbox before he caught his balance. “I think you need to take your dog for a few more walks,” he said. “He’s all wound up.” “He’s just excited to see you. How are you? I haven’t seen too much of you lately.” “I’m good. Just busy, that’s all.” As he answered, he couldn’t help but notice that her eyes were very green today. Like jade.",,,
q00856,top2003:5341,810630,2,7,https://www.goodreads.com/work/quotes/810630?page=2,"he’d been watching her always, he was probably watching her now.",,,
q00857,top2003:5341,810630,2,11,https://www.goodreads.com/work/quotes/810630?page=2,"few people in the department. Like him, they recognized the name but couldn’t place it.",,,
q00858,top2003:5341,810630,2,12,https://www.goodreads.com/work/quotes/810630?page=2,"Tuesday morning, and with all the new security, I had to leave",,,
q00859,top2003:5341,810630,2,13,https://www.goodreads.com/work/quotes/810630?page=2,There was a languid feel to the night air the following evening. The breeze was,,,
q00860,top2003:5341,810630,2,14,https://www.goodreads.com/work/quotes/810630?page=2,"picked up on the first ring. “We’ve got information on a few Richard Franklins,” he said. “It’s not an unusual name, so more than one popped",,,
q00861,top2003:5341,810630,2,15,https://www.goodreads.com/work/quotes/810630?page=2,the chain as if it had scalded her fingers. The locket tumbled down her blouse,,,
q00862,top2003:5341,810630,2,17,https://www.goodreads.com/work/quotes/810630?page=2,"Not yet.” “Have you talked to Andrea’s neighbors to see if they’ve seen him around?” “No. We came here right after the salon.” Russell Morrison considered what he’d been told. “Just because he ran doesn’t mean he’s the one who assaulted Andrea. Neither does anything you’ve learned about him.” “But—” Morrison held up his hands to cut her off. “I’m not saying I think he’s innocent. Hell, he tried to kill an officer, and that doesn’t happen on my watch.” He glanced at Pete. “You sure you’re okay?” “Yeah. Pissed off, but I’m okay.” “Good. You’re the lead on this investigation, but I’m going to put everyone on it.” Pete nodded as they were interrupted by a shout from Fred Burris, one of the officers who’d been in the house. He was approaching them rapidly. “Captain?” he called out. Morrison turned toward him. “Yeah?” “I think we’ve got something,” he announced. “What is it?” “Blood,” he said simply. Henry’s beach house was on Topsail Island, a slit of land half a mile offshore, about forty minutes from Swansboro. Covered by rolling dunes speckled with sawgrass and white sand, the island was popular with families during the summer, though few people lived there year-round. During spring, visitors seemed to have the island all to themselves. Like all homes there, the main floor of the house had been",,,
q00863,top2003:6472,5054715,1,0,https://www.goodreads.com/work/quotes/5054715,Colleges typically did not tell you that ninety percent of your education came after you hung the parchment on the wall. People might ask for a rebate.,,,
q00864,top2003:6472,5054715,1,1,https://www.goodreads.com/work/quotes/5054715,If you want to kick the tiger in his ass you'd better have a plan for dealing with his teeth,,,
q00865,top2003:6472,5054715,1,2,https://www.goodreads.com/work/quotes/5054715,"Okay, here’s the first speech. You guys know what ‘black’ means, right? It means a program or project that is not acknowledged by the government. People pretend it doesn’t exist. The Campus takes that one step further: We really do not exist. There is not a single written document in the possession of any government employee that has a single word about us. From this moment on, you two young gentlemen do not exist.",,,
q00866,top2003:6472,5054715,1,3,https://www.goodreads.com/work/quotes/5054715,"How strange that the only lands where he could feel something close to safe were the Christian countries of Europe, which Muslims had struggled and failed to conquer on more than one occasion. Those nations had a nearly suicidal openness to strangers,",,,
q00867,top2003:6472,5054715,1,4,https://www.goodreads.com/work/quotes/5054715,"He’d just crossed a great river. His entire country had no permanent rivers, just wadis that flooded briefly with a rare passing shower and soon went dry again. America was such a rich country. That was probably the source of their arrogance, but his mission, and that of his three colleagues, was to take that arrogance down a few pegs. And that, Insh’Allah, they would do, in less than two more days.",,,
q00868,top2003:6472,5054715,1,5,https://www.goodreads.com/work/quotes/5054715,"These people were so self-destructively open, so afraid to offend those who would just as soon see them and their children dead and their entire cultures destroyed. It was a pleasing vision, Mohammed thought, but he didn’t live within dreams. Instead, he worked for them. This struggle would last longer than his lifetime.",,,
q00869,top2003:6472,5054715,1,6,https://www.goodreads.com/work/quotes/5054715,"Therefore, it is in our mutual interests to cause unrest and chaos within America. The new American president is a weak man.",,,
q00870,top2003:6472,5054715,1,7,https://www.goodreads.com/work/quotes/5054715,"If you want to soar with the eagles in the morning, buddy, you can’t wallow with the pigs at night. Be cool.",,,
q00871,top2003:6472,5054715,1,8,https://www.goodreads.com/work/quotes/5054715,"Used a Barrett .50 rifle, big mother, like an old BAR on steroids. Shoots the .50 round from the Ma Deuce machine gun. Accurate as hell, and it makes for a definitive hit, y’know? Kinda hard to walk away with a half-inch hole in you.",,,
q00872,top2003:6472,5054715,1,9,https://www.goodreads.com/work/quotes/5054715,"One other thing—two men are about four times as effective as one man. There’s actually a study about it. ‘Non-Linear Tactical Factors In Small-Unit Engagements,’ I think the title is. It’s part of the syllabus at Recon School.” “Marines really do know how to read, eh?",,,
q00873,top2003:6472,5054715,1,10,https://www.goodreads.com/work/quotes/5054715,"You know, we’re a victim of our own success,” the former senator said quietly. “We’ve managed to handle every nation-state that ever crossed us, but these invisible bastards who work for their vision of God are harder to identify and track.",,,
q00874,top2003:6472,5054715,1,11,https://www.goodreads.com/work/quotes/5054715,"Dominic took the bait: “If the President breaks the law, then the House of Representatives impeaches him and the Senate convicts him, and he’s out on the street,",,,
q00875,top2003:6472,5054715,1,13,https://www.goodreads.com/work/quotes/5054715,despite the green eyeshade and the garters on the sleeves.,,,
q00876,top2003:767,1454733,1,0,https://www.goodreads.com/work/quotes/1454733,nothing worse than someone who's stupid and arrogant and has power.,,,
q00877,top2003:767,1454733,1,1,https://www.goodreads.com/work/quotes/1454733,"*Gone are the days of Benton's childhood, when his sticky fingers dung through caramel-glazed popcorn and peanuts for treasure, such as a plastic whistle or BB game or, best of all, the magic decoding ring that little Benton wore on his index finger, pretending it empowered him to know wgat people thought, what they would do and which monster he would defeat on his next secret mission.*The toy surprises inside are games printed on folded white paper, cheap as hell, and require the IF of a pigeon.",,,
q00878,top2003:767,1454733,1,2,https://www.goodreads.com/work/quotes/1454733,"He believes that all kindnesses will be repaid. He also believes that evil will get its ugly reward,",,,
q00879,top2003:767,1454733,1,3,https://www.goodreads.com/work/quotes/1454733,"No one good or evil ceases to exist; life is energy and energy cannot be created or destroyed; it is recycled. Therefore, it is possible that the pure of heart and the purely evil have been here before and will be here again.",,,
q00880,top2003:767,1454733,1,4,https://www.goodreads.com/work/quotes/1454733,People who are unhappy in relationships carry about them a distinct air of discontent and isolation.,,,
q00881,top2003:767,1454733,1,5,https://www.goodreads.com/work/quotes/1454733,"when there’s lightning, don’t stand alone or think you’ll be protected by hiding in the trees. Find the nearest ditch and lie as low in it as you can.",,,
q00882,top2003:767,1454733,1,6,https://www.goodreads.com/work/quotes/1454733,Death and mental health are part of the same department,,,
q00883,top2003:767,1454733,1,9,https://www.goodreads.com/work/quotes/1454733,He and Trixie fight about everything because they fight about nothing.,,,
q00884,top2003:767,1454733,1,10,https://www.goodreads.com/work/quotes/1454733,Lucy’s new career has not abated. Hers is an unregimented,,,
q00885,top2003:767,1454733,1,13,https://www.goodreads.com/work/quotes/1454733,She can sense when people are smart. They don’t have to say one word,,,
q00886,top2003:767,1454733,1,14,https://www.goodreads.com/work/quotes/1454733,a gift that cannot be learned or taught. But people change. She is no longer entirely clinical. She has come to accept that the dead continue to exist and intervene in the lives of their earthbound loved ones and enemies. It is a conviction that she conceals,,,
q00887,top2003:767,1454733,1,15,https://www.goodreads.com/work/quotes/1454733,Lucy scanned the women’s dead eyes and decided the male attorneys’ eyes were dead,,,
q00888,top2003:767,1454733,1,16,https://www.goodreads.com/work/quotes/1454733,the only constant anymore is change.,,,
q00889,top2003:767,1454733,1,18,https://www.goodreads.com/work/quotes/1454733,Hate destroys the vessel that holds it. To hate is to lose clarity of mind and vision.,,,
q00890,top2003:767,1454733,1,19,https://www.goodreads.com/work/quotes/1454733,Two rude behaviors Marino simply can’t tolerate are public farts and the scratching sound of manicures accompanied by drifting nail dust.,,,
q00891,top2003:767,1454733,1,20,https://www.goodreads.com/work/quotes/1454733,"A foolish consistency is the hobgoblin of little minds,",,,
q00892,top2003:767,1454733,1,21,https://www.goodreads.com/work/quotes/1454733,"Their legal system is based on the Napoleonic Code.” Marino has no idea what he’s talking about. “What’s Napoleon got to do with anything!” “The French legal system,” Benton says. “The only state in America that has a legal system based on the French legal system instead of the English. Baton Rouge has more unsolved homicides of women per capita than any other city in America.",,,
q00893,top2003:767,1454733,1,22,https://www.goodreads.com/work/quotes/1454733,"The Philosophy of Animal Magnetism, published in 1837, for example, was written by “A Gentleman in Philadelphia,” who some suspect was Edgar Allan Poe. Such books ended up in universities and were eventually discarded by their libraries, allowing Jean-Baptiste to acquire a small but amazing collection for a pittance.",,,
q00894,top2003:767,1454733,1,23,https://www.goodreads.com/work/quotes/1454733,"They shall lie down alike in the dust, and the worms shall cover them. JOB 21:26",,,
q00895,top2003:767,1454733,1,24,https://www.goodreads.com/work/quotes/1454733,time? He touches an index finger to his deformed,,,
q00896,top2003:767,1454733,1,25,https://www.goodreads.com/work/quotes/1454733,"Names have only two purposes: use them to manipulate people into feeling that their lives have value, and refuse to use them, to cause people to feel that their lives have no value.",,,
q00897,top2003:767,1454733,1,26,https://www.goodreads.com/work/quotes/1454733,Are you so goddamn sure of yourself that you're stupid? How can anyone so smart be so stupid?,,,
q00898,top2003:767,1454733,1,27,https://www.goodreads.com/work/quotes/1454733,"image of the ultimate predator,"" Jay said. ""But we're complicated. A gator is always a gator. A snake's always a snake. A human can be a wolf or a lamb.",,,
q00899,top2003:767,1454733,1,28,https://www.goodreads.com/work/quotes/1454733,others are traitors and bend in the direction that power pulls.,,,
q00900,top2003:6664,1208014,1,0,https://www.goodreads.com/work/quotes/1208014,"Yes, I decided, a man can truly change. The events of the past year have taught me much about myself, and a few universal truths. I learned, for instance, that while wounds can be inflicted easily upon those we love, it's often much more difficult to heal them. Yet the process of healing those wounds provided the richest experience of my life, leading me to believe that while I've often overestimated what I could accomplish in a day, I had underestimated what I could do in a year. But most of all, I learned that it's possible for two people to fall in love all over again, even when there's been a lifetime of disappointment between them.",,,
q00901,top2003:6664,1208014,1,1,https://www.goodreads.com/work/quotes/1208014,"I guess what I'm trying to say is that you are there, in everything I am, in everything I've ever done, and looking back, I know that I should have told you know much you've always meant to me.",,,
q00902,top2003:6664,1208014,1,2,https://www.goodreads.com/work/quotes/1208014,What it's like to be a parent: It's one of the hardest things you'll ever do but in exchange it teaches you the meaning of unconditional love.,,,
q00903,top2003:6664,1208014,1,3,https://www.goodreads.com/work/quotes/1208014,"But love, I’ve come to understand, is more than three words mumbled before bedtime. Love is sustained by action, a pattern of devotion in the things we do for each other every day.",,,
q00904,top2003:6664,1208014,1,4,https://www.goodreads.com/work/quotes/1208014,"It's funny, but have you ever noticed that the more special something is, the more people seem to take it for granted? It's like they think it won't ever change. Just like this house here. All it ever needed was a little attention, and it would never have ended up like this in the first place.",,,
q00905,top2003:6664,1208014,1,5,https://www.goodreads.com/work/quotes/1208014,Experience had taught me that even the most precious memories fade with the passage of time.,,,
q00906,top2003:6664,1208014,1,6,https://www.goodreads.com/work/quotes/1208014,"Every time I read to her, it was like I was courting her, because sometimes, just sometimes, she would fall in love with me again, just like she had a long time ago. And that's the most wonderful feeling in the world. How many people are ever given that chance? To have someone you love fall in love with you over and over?",,,
q00907,top2003:6664,1208014,1,7,https://www.goodreads.com/work/quotes/1208014,"What are we, after all, without our memories … without our dreams?",,,
q00908,top2003:6664,1208014,1,8,https://www.goodreads.com/work/quotes/1208014,My first thoughts after waking are – and always have been – of you.,,,
q00909,top2003:6664,1208014,1,10,https://www.goodreads.com/work/quotes/1208014,Everything a baby does strikes a parent as the most magical thing he/she has ever seen.,,,
q00910,top2003:6664,1208014,1,11,https://www.goodreads.com/work/quotes/1208014,"You were honest and hardworking and kind. You were polite and patient and more mature than any guy I’d dated before. And when we were together, you listened in a way that made me feel like I was the only woman in the world. You made me feel complete and spending time with you just seemed right.",,,
q00911,top2003:6664,1208014,1,12,https://www.goodreads.com/work/quotes/1208014,"Marriage is about compromise; it's about doing something for the other person, even when you don't want to.",,,
q00912,top2003:6664,1208014,1,13,https://www.goodreads.com/work/quotes/1208014,"I came to the conclusion that unrealized hopes, even small ones, were always wrenching.",,,
q00913,top2003:6664,1208014,1,15,https://www.goodreads.com/work/quotes/1208014,Gifts of the heart can't be claimed by anyone except the giver.,,,
q00914,top2003:6664,1208014,1,16,https://www.goodreads.com/work/quotes/1208014,"Constellations shine with light that was emitted aeons ago, and I wait for something to come to me, words that a poet might use to illuminate life's mysteries. But there is nothing.",,,
q00915,top2003:6664,1208014,1,17,https://www.goodreads.com/work/quotes/1208014,"Yet I have come to believe that while the past is unchangeable, our perceptions of is are malleable...",,,
q00916,top2003:6664,1208014,1,18,https://www.goodreads.com/work/quotes/1208014,"in all the years we spend together, I never once regretted the fact that I had chosen her and that she had chosen me as well.",,,
q00917,top2003:6664,1208014,1,19,https://www.goodreads.com/work/quotes/1208014,"I do. Love you, I mean.",,,
q00918,top2003:6664,1208014,1,22,https://www.goodreads.com/work/quotes/1208014,"but it wasn't just about my feelings. The more I got to know you, the more I was certain that you'd do whatever it took to provide for your family. That was important to me. You have to understand that back then, a lot of people our age wanted to change the world. Even though it's a noble idea, I knew I wanted something more traditional. I wanted a family like my parents had, and I wanted to concentrate on my little corner of the world. I wanted someone who wanted to marry a wife and a mother, and someone who would respect my choice.",,,
q00919,top2003:6664,1208014,1,24,https://www.goodreads.com/work/quotes/1208014,"Is it possible, I wonder, for a man to truly change? Or do character and habit form the immovable boundaries of our lives?",,,
q00920,top2003:6664,1208014,1,25,https://www.goodreads.com/work/quotes/1208014,"She smiled. ""I need your opinion,"" she said. ""What do you think about something sleeveless for this weekend? With a cinched waist and a medium train?"" I brought my hand to my chin and considered this. ""Sounds okay,"" I said. ""But I think I'd look better in a tuxedo.",,,
q00921,top2003:6664,1208014,1,26,https://www.goodreads.com/work/quotes/1208014,"You weren't out there that long, were you? I can't bear to think that no one found you right away."" Noah shook his head. ""No more than a couple of hours, I'd guess."" ""A couple of hours!"" Jane and Kate exclaimed. They froze, exchanging horrified looks. ""Maybe a little longer. Hard to tell because the clouds were blocking the sun."" ""Longer?"" Jane asked. Her hands were clenched into fists. ""And I was wet, too. I guess it must have rained on me. Or maybe the sprinklers came on."" ""You could have died out there!"" Kate cried. ""Oh, it wasn't so bad. A little water never hurt anyone. The worst part was the raccoon when I finally came to. With the way he kept staring at me, I thought he might be rabid. Then he came at me."" ""You were attacked by a raccoon?"" Jane looked as though she might faint. ""Not really attacked. I fought him off before he could bite me."" ""It tried to bite you!"" Kate cried. ""Oh, it's no big deal. I've fought off raccoons before."" Kate and Jane stared at each other with shell-shocked expressions, then turned toward their siblings. Appalled silence reigned before Noah finally smiled. He pointed his finger at them and winked. ""Gotcha.",,,
q00922,top2003:6664,1208014,1,27,https://www.goodreads.com/work/quotes/1208014,"I understand women"" ... There's no man alive who can honestly say those words and mean them. It just isn't possible, so there's no use trying. But that doesn't mean you can't love them anyway. And it doesn't mean that you should ever stop doing your best to let them know how important they are to you!",,,
q00923,top2003:6664,1208014,1,28,https://www.goodreads.com/work/quotes/1208014,"It was one thing to divide the major assets, but how was it possible to divide the heart?",,,
q00924,top2003:6664,1208014,1,29,https://www.goodreads.com/work/quotes/1208014,"Allie would love what you've done,"" he remarked. ""She was always a softie when it came to things like this."" I folded my hands in my lap. ""I wish she could be there this weekend."" Noah glanced at the stack of letters. I knew he was imagining Allie, and for a brief moment, he looked strangely younger. ""So do I,"" he said.",,,
q00925,top2003:6664,1208014,2,0,https://www.goodreads.com/work/quotes/1208014?page=2,"How had I become middle-aged while the ravages of time ignored her? I didn't know and didn't care, and before I could stop them, the words were already out. ""You're beautiful,"" I murmured.",,,
q00926,top2003:6664,1208014,2,1,https://www.goodreads.com/work/quotes/1208014?page=2,"That she had somehow taken the initiative to learn my name should have struck me then, but it did not. Instead, as she stood on the street with the rain coming down and mascara running onto her cheeks, all I could think was that I'd never seen anyone more beautiful.",,,
q00927,top2003:6664,1208014,2,2,https://www.goodreads.com/work/quotes/1208014?page=2,"I held her against me, wishing with all my heart for time to stop, now and forever.",,,
q00928,top2003:6664,1208014,2,3,https://www.goodreads.com/work/quotes/1208014?page=2,"Absence might make the heart grow fonder,''I don't think that's possible ... You have no idea how much I love you.",,,
q00929,top2003:6664,1208014,2,5,https://www.goodreads.com/work/quotes/1208014?page=2,there are moments when I’m struck by a deep sense of wonder.,,,
q00930,top2003:6664,1208014,2,6,https://www.goodreads.com/work/quotes/1208014?page=2,"Though she didn’t say a word, the way she leaned further against me was all the response I needed.",,,
q00931,top2003:6664,1208014,2,7,https://www.goodreads.com/work/quotes/1208014?page=2,"I regard my Christian faith as the greatest gift I’ve ever been given, and I will dwell no more on this except to say that in retrospect, I think I always knew there was something missing in my life.",,,
q00932,top2003:6664,1208014,2,8,https://www.goodreads.com/work/quotes/1208014?page=2,"I can sometimes lose track of time when staring at a sky filled with wind-whipped clouds, and when I hear thunder rumbling, I always draw near the window to watch for lightning. When the next brilliant flash illuminates the sky, I often find myself filled with longing, though I’m at a loss to tell you what it is that I feel my life is missing.",,,
q00933,top2003:6664,1208014,2,11,https://www.goodreads.com/work/quotes/1208014?page=2,"Jane is outgoing and kind, with a natural empathy that endears her to others. She",,,
q00934,top2003:6664,1208014,2,16,https://www.goodreads.com/work/quotes/1208014?page=2,"Even when she wasn’t trying, she was one of the most sensual women I’ve ever seen.",,,
q00935,top2003:6664,1208014,2,17,https://www.goodreads.com/work/quotes/1208014?page=2,"Yet, looking back, I believe that if I’ve done one thing right, it has been to love my wife throughout our years together.",,,
q00936,top2003:6664,1208014,2,19,https://www.goodreads.com/work/quotes/1208014?page=2,"know I can’t change the past, but I can change the future. I can change, too. And I will.",,,
q00937,top2003:6664,1208014,2,20,https://www.goodreads.com/work/quotes/1208014?page=2,"She may have been a painter, but she was first and foremost a mother, and once the kids were gone, it was like she wasn’t exactly sure who she was anymore. At least for a while, anyway.",,,
q00938,top2003:1206,195579,1,0,https://www.goodreads.com/work/quotes/195579,"Sometimes, pain is all that lets you know you're alive.",,,
q00939,top2003:1206,195579,1,1,https://www.goodreads.com/work/quotes/195579,"If your enemy offers you two targets, strike at a third.",,,
q00940,top2003:1206,195579,1,2,https://www.goodreads.com/work/quotes/195579,"And it shall come to pass, in the days when the Dark Hunt rides, when the right hand falters and the left hand strays, that mankind shall come to the Crossroads of Twilight and all that is, all that was, and all that will be shall balance on the point of a sword, while the winds of the Shadow grow. -From The Prophecies of the Dragon translation believed done by Jain Charin, known as Jain Farstrider, sheortly before his disapperance",,,
q00941,top2003:1206,195579,1,3,https://www.goodreads.com/work/quotes/195579,"The innocent died along with the guilty. And if you did nothing, then only the innocent died.",,,
q00942,top2003:1206,195579,1,4,https://www.goodreads.com/work/quotes/195579,"When you knew you were going to hang, the only thing to do was grin at the noose.",,,
q00943,top2003:1206,195579,1,5,https://www.goodreads.com/work/quotes/195579,"Life is a dream, and everyone wakes eventually.",,,
q00944,top2003:1206,195579,1,6,https://www.goodreads.com/work/quotes/195579,"Always plan ahead, Lini used to say, but worry too hard over next year, and you can trip over tomorrow.",,,
q00945,top2003:1206,195579,1,7,https://www.goodreads.com/work/quotes/195579,"When you ask questions, Lini used to say, then you have to hear the answers whether you want to or not.",,,
q00946,top2003:1206,195579,1,8,https://www.goodreads.com/work/quotes/195579,"If you tried to solve every problem yourself, you ended by solving none.",,,
q00947,top2003:1206,195579,1,9,https://www.goodreads.com/work/quotes/195579,"Change came so slowly you never noticed it creeping up on you, or far too fast for comfort, but it came.",,,
q00948,top2003:1206,195579,1,10,https://www.goodreads.com/work/quotes/195579,A useful maxim: two rarities combined call for close attention.,,,
q00949,top2003:1206,195579,1,11,https://www.goodreads.com/work/quotes/195579,"Domon would learn; even when a woman needed help, if she did not want it, she made you pay for giving it.",,,
q00950,top2003:1206,195579,1,12,https://www.goodreads.com/work/quotes/195579,"When the fishmongers are all buying at the same price, you can bet they were all drinking at the same inn last night.",,,
q00951,top2003:1206,195579,1,13,https://www.goodreads.com/work/quotes/195579,"A wise man tried to avoid battles he would not only lose, but look foolish losing.",,,
q00952,top2003:1206,195579,1,14,https://www.goodreads.com/work/quotes/195579,Confidence was one key to victory. The other side believing you were confident was sometimes almost as good as actually being confident.,,,
q00953,top2003:1206,195579,1,15,https://www.goodreads.com/work/quotes/195579,"We rode on the winds of the rising storm, We ran to the sounds of the thunder. We danced among the lightning bolts, and tore the world asunder. —",,,
q00954,top2003:1206,195579,1,16,https://www.goodreads.com/work/quotes/195579,"Truth almost always did come out in the end, but by the end, truth was often so wrapped around with rumors and speculation and absolute lies that most people never did believe it.",,,
q00955,top2003:1206,195579,1,17,https://www.goodreads.com/work/quotes/195579,"The surface of the water may be still, but the fish never stop swimming.",,,
q00956,top2003:1206,195579,1,18,https://www.goodreads.com/work/quotes/195579,"People never really changed, yet the world did, with disturbing regularity. You just had to live with it, or at least live through it. Now and then, with luck, you could affect the direction of the changes, but even if you stopped one, you only set another in motion.",,,
q00957,top2003:1206,195579,1,19,https://www.goodreads.com/work/quotes/195579,"The Creator had made the world and then left humankind to make of it what they would, a heaven or the Pit of Doom by their choosing. The Creator had made many worlds, watched each flower or die, and gone on to make endless worlds beyond. A gardener did not weep for each blossom that fell.",,,
q00958,top2003:1206,195579,1,20,https://www.goodreads.com/work/quotes/195579,"Everyone knew that, and not many stopped to think that anything that “everyone knew” deserved close examination. Being",,,
q00959,top2003:1206,195579,1,21,https://www.goodreads.com/work/quotes/195579,"Some women,” Dyelin murmured into her wine, “can make a fish bite by crooking a finger, Lady Birgitte. Other women have to drag their bait all over the pond.",,,
q00960,top2003:1206,195579,1,22,https://www.goodreads.com/work/quotes/195579,Anger made for hasty decisions and rash words that sometimes were hard to take back.,,,
q00961,top2003:1206,195579,1,23,https://www.goodreads.com/work/quotes/195579,Sometimes you had to laugh if only to keep from crying.,,,
q00962,top2003:1206,195579,1,24,https://www.goodreads.com/work/quotes/195579,"I will help you as far as I can because it is not right for the Shaido to hold you. You do not follow ji’e’toh. I do. If I cast aside my honor and my obligations just because the Shaido have, then I allow them to decide how I will act. I will wear white for a year and a day and then they will release me, or I will walk away, but I will not throw away who I am.” Without",,,
q00963,top2003:1206,195579,1,25,https://www.goodreads.com/work/quotes/195579,"Light, how the horror of yesterday became merely the uneasiness of today, once you grew accustomed.",,,
q00964,top2003:1206,195579,1,26,https://www.goodreads.com/work/quotes/195579,memory expanded what it did not shrink.,,,
q00965,top2003:1206,195579,1,27,https://www.goodreads.com/work/quotes/195579,Impatience was a vice when beginning a journey of unknown length.,,,
q00966,top2003:1206,195579,2,2,https://www.goodreads.com/work/quotes/195579?page=2,Worry over being caught in a tangle of roses,,,
q00967,top2003:1206,195579,2,10,https://www.goodreads.com/work/quotes/195579?page=2,Çok şey bilmek istediği için çok kişi zirvelerden yuvarlanmıştır.,,,
q00968,top2003:1206,195579,2,17,https://www.goodreads.com/work/quotes/195579?page=2,"She smiled at him, and the dice in his head stopped dead.",,,
q00969,top2003:1206,195579,2,18,https://www.goodreads.com/work/quotes/195579?page=2,Luca’s wife trained bears. Mat thought the bears did their tricks for fear she might bite them.,,,
q00970,top2003:1206,195579,2,19,https://www.goodreads.com/work/quotes/195579?page=2,"I’ve been told you can hold out for days and still say next to nothing,” Perrin said. His voice sounded too loud in his ears. “I don’t have time for you to show how tough you are, or how brave. I know you’re brave and tough. But my wife’s been a prisoner too long. You’ll be separated and asked about some women. Whether you’ve seen them and where. That’s all I want to know. There’ll be no hot coals or anything else; just questions. But if anybody refuses to answer, or if your answers are too different, then everybody loses something.” He was surprised to find that he could lift the axe after all. The blade was smeared with red. “Two hands and two feet,” he said coldly. Light, he sounded like ice. He felt like ice to his bones. “That means you get four chances to answer the same. And if you all hold out, I still won’t kill you. I’ll find a village to leave you in, some place that will let you beg, somewhere the boys will toss a coin to the fierce Aielmen with no hands or feet. You think on it and decide whether it’s worth keeping my wife from me.",,,
q00971,top2003:1206,195579,2,20,https://www.goodreads.com/work/quotes/195579?page=2,"You Aes Sedai always think men are fools. Quite often, they are not. More often than you think, at least. Take a care with these Asha’man. Mazrim Taim is far from a fool, and I think he is a very dangerous man.",,,
q00972,top2003:1206,195579,2,24,https://www.goodreads.com/work/quotes/195579?page=2,"And how are you going to stop us?” The very quietness of Karldin’s words made them more dangerous. He met Sashalle’s gaze levelly, as if he had not a worry in the world. Oh, yes; very much a wolf, not a fox.",,,
q00973,top2003:1206,195579,2,26,https://www.goodreads.com/work/quotes/195579?page=2,"Remember, you can find a way out of any difficulty if you keep your eyes and wits sharp, but if you don’t, you’ll trip over your own feet.",,,
q00974,top2003:1206,195579,2,27,https://www.goodreads.com/work/quotes/195579?page=2,Hot water might have been the greatest single gift of civilization.,,,
q00975,top2004:664,98,1,0,https://www.goodreads.com/work/quotes/98,You know you've checked into Heartbreak Hotel for real when you feel less desirable than uncooked fish.,,,
q00976,top2004:664,98,1,1,https://www.goodreads.com/work/quotes/98,"Uh-oh! BEWARE!!!"" said Fensler. ""Never, ever marry the best sex of your life. It only happens with someone who is very dangerous for you. It's passionate, exciting, but it generally indicates that you are pushing each other's dysfunctional buttons. Be very wary of men you are crazily sexually attracted to-they're the dangerous ones for you. That's what all analysis says in one form or another.",,,
q00977,top2004:664,98,1,2,https://www.goodreads.com/work/quotes/98,"If you only get hypoglycemia around one person, the chances are actually much greater that you might be falling in love than that you have suddenly contracted a nasty sugar condition.",,,
q00978,top2004:664,98,1,3,https://www.goodreads.com/work/quotes/98,"I always say, waste not, want not, which is a terrible cliche the British invented during the war to get kids to eat their whole-wheat bread, but when I say it I mean, waste not money on boring old rent when it can be un-wasted on Chloe jeans.",,,
q00979,top2004:664,98,1,4,https://www.goodreads.com/work/quotes/98,Paying attention to personal grooming while you are recovering from a one-night stand can improve things immensely.,,,
q00980,top2004:664,98,1,5,https://www.goodreads.com/work/quotes/98,you have to have unhappiness to know what happiness is.,,,
q00981,top2004:4310,1749610,1,0,https://www.goodreads.com/work/quotes/1749610,Do you know what we call opinion in the absence of evidence? We call it prejudice.,,,
q00982,top2004:4310,1749610,1,1,https://www.goodreads.com/work/quotes/1749610,"Nobody dares to solve the problems-because the solution might contradict your philosophy, and for most people clinging to beliefs is more important than succeeding in the world.",,,
q00983,top2004:4310,1749610,1,2,https://www.goodreads.com/work/quotes/1749610,"False fears are a plague, a modern plague!",,,
q00984,top2004:4310,1749610,1,3,https://www.goodreads.com/work/quotes/1749610,"Right now, scientists are in exactly the same position as Renaissance painters, commissioned to make the portrait the patron wants done, And if they are smart, they'll make sure their work subtly flatters the patron. Not overtly. Subtly.",,,
q00985,top2004:4310,1749610,1,4,https://www.goodreads.com/work/quotes/1749610,"When you have a strongly held belief, don't you think it's important to express that belief accurately?",,,
q00986,top2004:4310,1749610,1,5,https://www.goodreads.com/work/quotes/1749610,"Extrapolating from the statistical growth of the legal profession, by the year 2035 every single person in the United States will be a lawyer, including newborn infants.",,,
q00987,top2004:4310,1749610,1,6,https://www.goodreads.com/work/quotes/1749610,"Even if you don’t believe in any God, you still have to believe in something that gives meaning to your life, and shapes your sense of the world. Such a belief is religious.",,,
q00988,top2004:4310,1749610,1,7,https://www.goodreads.com/work/quotes/1749610,Expectation works in mysterious ways---and totally unconsciously.,,,
q00989,top2004:4310,1749610,1,8,https://www.goodreads.com/work/quotes/1749610,Nothing is so firmly believed as that which is least known.,,,
q00990,top2004:4310,1749610,1,9,https://www.goodreads.com/work/quotes/1749610,The nasty little apes that call themselves human beings can do nothing except run and hide.,,,
q00991,top2004:4310,1749610,1,10,https://www.goodreads.com/work/quotes/1749610,I have more respect for people who change their views after acquiring new information than for those who cling to views they held thirty years ago. The world changes. Ideologues and zealots don’t.,,,
q00992,top2004:4310,1749610,1,11,https://www.goodreads.com/work/quotes/1749610,"Like all trial attorneys, he knew the importance of not dressing too well.",,,
q00993,top2004:4310,1749610,1,12,https://www.goodreads.com/work/quotes/1749610,Sometimes I think everyone's an attorney.,,,
q00994,top2004:4310,1749610,1,13,https://www.goodreads.com/work/quotes/1749610,You can't get decent Mexican food in DC.,,,
q00995,top2004:4310,1749610,1,14,https://www.goodreads.com/work/quotes/1749610,The world was not how you wanted it to be. The world was how it was.,,,
q00996,top2004:4310,1749610,1,16,https://www.goodreads.com/work/quotes/1749610,"But as Alston Chase put it, “when the search for truth is confused with political advocacy, the pursuit of knowledge is reduced to the quest for power.",,,
q00997,top2004:4310,1749610,1,17,https://www.goodreads.com/work/quotes/1749610,The biggest cause of environmental destruction is poverty. Starving people can’t worry about pollution. They worry about food. Half,,,
q00998,top2004:4310,1749610,1,18,https://www.goodreads.com/work/quotes/1749610,"If there’s anything worse than a limousine liberal,” Morton said, “it’s a Gulfstream environmentalist.",,,
q00999,top2004:4310,1749610,1,19,https://www.goodreads.com/work/quotes/1749610,"Eugenics research was funded by the Carnegie Foundation, and later by the Rockefeller Foundation. The",,,
q01000,top2004:4310,1749610,1,20,https://www.goodreads.com/work/quotes/1749610,"Once again, claims of moral superiority are used to justify extreme actions. Once again, the fact that some people are hurt is shrugged off because an abstract cause is said to be greater than any human consequences. Once",,,
q01001,top2004:4310,1749610,1,21,https://www.goodreads.com/work/quotes/1749610,"Once again, vague terminology helped conceal what was really going on.",,,
q01002,top2004:4310,1749610,1,22,https://www.goodreads.com/work/quotes/1749610,"I have great respect for the corrosive influence of bias, systematic distortions of thought, the power of rationalization, the guises of self-interest, and the inevitability of unintended consequences.",,,
q01003,top2004:4310,1749610,1,24,https://www.goodreads.com/work/quotes/1749610,"G.K. Chesterton said (in a somewhat different context), “If you believe in nothing, you’ll believe in anything.” That",,,
q01004,top2004:4310,1749610,1,26,https://www.goodreads.com/work/quotes/1749610,"based on UN statistics, is that before the DDT ban, malaria had become almost a minor illness. Fifty thousand deaths a year worldwide. A few years later, it was once again a global scourge. Fifty million people have died since the ban,",,,
q01005,top2004:4310,1749610,1,28,https://www.goodreads.com/work/quotes/1749610,"the work of science has nothing whatever to do with consensus. Consensus is the business of politics. Science, on the contrary, requires only one investigator who happens to be right, which means that he or she has results that are verifiable by reference to the real world. In science, consensus is irrelevant. What is relevant is reproducible results. The greatest scientists in history are great precisely because they broke with the consensus.",,,
q01006,top2004:4310,1749610,1,29,https://www.goodreads.com/work/quotes/1749610,I call these the “wet streets cause rain” stories. Paper’s full of them.,,,
q01007,top2004:4310,1749610,2,0,https://www.goodreads.com/work/quotes/1749610?page=2,"I want to pause here and talk about this notion of consensus, and the rise of what has been called consensus science. I regard consensus science as an extremely pernicious development that ought to be stopped cold in its tracks. Historically, the claim of consensus has been the first refuge of scoundrels; it is a way to avoid debate by claiming that the matter is already settled. Whenever you hear the consensus of scientists agrees on something or other, reach for your wallet, because you’re being had.",,,
q01008,top2004:4310,1749610,2,1,https://www.goodreads.com/work/quotes/1749610?page=2,"One of the first things you learned in law school was that the law was not about truth. It was about dispute resolution. In the course of resolving a dispute, the truth might or might not emerge.",,,
q01009,top2004:4310,1749610,2,2,https://www.goodreads.com/work/quotes/1749610?page=2,Consensus is invoked only in situations where the science is not solid enough.,,,
q01010,top2004:4310,1749610,2,4,https://www.goodreads.com/work/quotes/1749610?page=2,"In New Guinea, they had a disease called kuru, transmitted by eating the brains of their enemies.” “That’s not true.” “Gajdusek won a Nobel Prize for it. They were eating brains, all right.",,,
q01011,top2004:4310,1749610,2,5,https://www.goodreads.com/work/quotes/1749610?page=2,"for the last fifteen years we have been under the control of an entirely new complex, far more powerful and far more pervasive. I call it the politico-legal-media complex. The PLM. And",,,
q01012,top2004:4310,1749610,2,6,https://www.goodreads.com/work/quotes/1749610?page=2,And of course we know that social control is best managed through fear.,,,
q01013,top2004:4310,1749610,2,7,https://www.goodreads.com/work/quotes/1749610?page=2,"if you don’t understand something, you can’t approximate it. You’re really just guessing.",,,
q01014,top2004:4310,1749610,2,8,https://www.goodreads.com/work/quotes/1749610?page=2,There is something fascinating about science. One gets such wholesale returns of conjecture out of such a trifling investment of fact. —MARK TWAIN,,,
q01015,top2004:4310,1749610,2,10,https://www.goodreads.com/work/quotes/1749610?page=2,"Save the Earth” and beneath that, “There’s Nowhere Else to Go.",,,
q01016,top2004:4310,1749610,2,11,https://www.goodreads.com/work/quotes/1749610?page=2,But your theory of radical feminization and authoritarian revolt in the work of Jane Austen—with reference to your own childhood feelings—is untouchable.,,,
q01017,top2004:4310,1749610,2,12,https://www.goodreads.com/work/quotes/1749610?page=2,"Politicians need fears to control the population. Lawyers need dangers to litigate, and make money. The media need scare stories to capture an audience. Together, these three estates are so compelling that they can go about their business even if the scare is totally groundless. If it has no basis in fact at all. For instance, consider silicon breast implants.",,,
q01018,top2004:4310,1749610,2,13,https://www.goodreads.com/work/quotes/1749610?page=2,call it the politico-legal-media complex. The PLM. And it is dedicated to promoting fear in the population—under the guise of promoting safety.,,,
q01019,top2004:4310,1749610,2,14,https://www.goodreads.com/work/quotes/1749610?page=2,"My point is, there is always a cause for fear. The cause may change over time, but the fear is always with us. Before terrorism we feared the toxic environment. Before that we had the Communist menace. The point is, although the specific cause of our fear may change, we are never without the fear itself. Fear pervades society in all its aspects. Perpetually.",,,
q01020,top2004:4310,1749610,2,16,https://www.goodreads.com/work/quotes/1749610?page=2,"If someone tried to kill you, you did not have the option of averting your eyes or changing the subject. You were forced to deal with that person’s behavior. The experience was, in the end, a loss of certain illusions.",,,
q01021,top2004:4310,1749610,2,18,https://www.goodreads.com/work/quotes/1749610?page=2,"I study the ecology of thought,” Hoffman said. “And how it has led to a State of Fear.",,,
q01022,top2004:4310,1749610,2,19,https://www.goodreads.com/work/quotes/1749610?page=2,"So what you need,” Henley said, “is to structure the information so that whatever kind of weather occurs, it always confirms your message. That’s the virtue of shifting the focus to abrupt climate change. It enables you to use everything that happens. There will always be floods, and freezing storms, and cyclones, and hurricanes. These events will always get headlines and airtime. And in every instance, you can claim it is an example of abrupt climate change caused by global warming. So the message gets reinforced. The urgency is increased.",,,
q01023,top2004:4310,1749610,2,20,https://www.goodreads.com/work/quotes/1749610?page=2,"Now we have radical fundamentalism and post-9/11 terrorism to make us afraid, and those are certainly real reasons for fear, but that is not my point. ... The point is, although the specific cause of our fear may change, we are never without the fear itself. Fear pervades society in all its aspects.",,,
q01024,top2004:4310,1749610,2,21,https://www.goodreads.com/work/quotes/1749610?page=2,"If I'm going to die, I'll die in daylight.",,,
q01025,top2004:4310,1749610,2,23,https://www.goodreads.com/work/quotes/1749610?page=2,"you. Behaviors that are unacceptable. Can’t smoke, can’t swear, can’t screw, can’t think. These institutions have been stood on their heads in a generation.",,,
q01026,top2004:4310,1749610,2,25,https://www.goodreads.com/work/quotes/1749610?page=2,"Danish statistician, Bjorn Lomborg, who wrote a book called The Skeptical Environmentalist.",,,
q01027,top2004:4310,1749610,2,26,https://www.goodreads.com/work/quotes/1749610?page=2,"the PLM is powerful and stable, precisely because it unites so many institutions of society.",,,
q01028,top2004:4310,1749610,2,29,https://www.goodreads.com/work/quotes/1749610?page=2,"Expertise is no shield against failure to see ahead. Paul Erlich, a brilliant academic who has devoted his entire life to ecological issues, has been wrong in nearly all his major predictions. He was wrong about diminishing resources, he was wrong about the population explosion, and he was wrong that we would lose 50% of all species by the year 2000. His lifelong study of these issues did not prevent him from being wrong.",,,
q01029,top2004:4310,1749610,3,0,https://www.goodreads.com/work/quotes/1749610?page=3,"Even though speculation is correct only by chance, which means it is wrong at least 50% of the time, nobody remembers and therefore nobody cares. People do not remember yesterday, let alone last week, or last month. Media exists in the eternal now, this minute, this crisis, this talking head, this column, this speculation.",,,
q01030,top2004:4310,1749610,3,2,https://www.goodreads.com/work/quotes/1749610?page=3,"Then there is the speculative work of anthropologists like Helen Fisher, who claim to tell us about the origins of love or of infidelity or cooperation by reference to other societies, animal behavior, and the fossil record. How can she be wrong? These are untestable, unprovable stories.",,,
q01031,top2004:4310,1749610,3,3,https://www.goodreads.com/work/quotes/1749610?page=3,"Like a bearded nut in robes on the sidewalk proclaiming the end of the world is near, the media is just doing what makes it feel good, not reporting hard facts. We need to start seeing the media as a bearded nut on the sidewalk, shouting out false fears. It’s not sensible to listen to it.",,,
q01032,top2004:4310,1749610,3,5,https://www.goodreads.com/work/quotes/1749610?page=3,"With so many past failures, you might think that environmental predictions would become more cautious. But not if it’s a religion. Remember, the nut on the sidewalk carrying the placard that predicts the end of the world doesn’t quit when the world doesn’t end on the day he expects. He just changes his placard, sets a new doomsday date, and goes back to walking the streets. One of the defining features of religion is that your beliefs are not troubled by facts, because they have nothing to do with facts.",,,
q01033,top2004:4310,1749610,3,6,https://www.goodreads.com/work/quotes/1749610?page=3,"But I did not expect science merely to extend lifespan, feed the hungry, cure disease, and shrink the world with jets and cell phones. I also expected science to banish the evils of human thought—prejudice and superstition, irrational beliefs and false fears. I expected science to be, in Carl Sagan’s memorable phrase, “a candle in a demon-haunted world.” And here, I am not so pleased with the impact of science. Rather than serving as a cleansing force, science has in some instances been seduced by the more ancient lures of politics and publicity. Some of the demons that haunt our world in recent years are invented by scientists. The world has not benefited from permitting these demons to escape.",,,
q01034,top2004:4310,1749610,3,8,https://www.goodreads.com/work/quotes/1749610?page=3,"There is a peculiar neo-Stalinist mode of thought that is required to support all this, and it can thrive only in a restrictive setting, behind closed doors, without due process. In our society, only universities have created that—so far. The notion that these institutions are liberal is a cruel joke. They are fascist to the core, I’m telling you.",,,
q01035,top2004:4310,1749610,3,9,https://www.goodreads.com/work/quotes/1749610?page=3,All that matters is not remote from where the Buddha sits.,,,
q01036,top2004:4310,1749610,3,10,https://www.goodreads.com/work/quotes/1749610?page=3,"In fact, it is not.” Balder’s tone was crisp, authoritative. “Global warming is the theory—” “—hardly a theory, anymore—” “No, it is a theory,” Balder said. “Believe me, I wish it were otherwise. But in fact, global warming is the theory that increased levels of carbon dioxide and certain other gases are causing an increase in the average temperature of the earth’s atmosphere because of the so-called ‘greenhouse effect.",,,
q01037,top2004:4310,1749610,3,11,https://www.goodreads.com/work/quotes/1749610?page=3,The theory of eugenics postulated a crisis of the gene pool leading to the deterioration of the human race. The,,,
q01038,top2004:4310,1749610,3,13,https://www.goodreads.com/work/quotes/1749610?page=3,"Atmospheric carbon dioxide is increasing, and human activity is the probable cause.",,,
q01039,top2004:4310,1749610,3,14,https://www.goodreads.com/work/quotes/1749610?page=3,"your final job will be to disband it, before it becomes another tired old environmental organization spouting outmoded wisdom, wasting resources, and doing more harm than good.",,,
q01040,top2004:4310,1749610,3,16,https://www.goodreads.com/work/quotes/1749610?page=3,"You got cell phones, you got computers, you got antibiotics, medicines, hospitals. And you say the old ways are better?",,,
q01041,top2004:4310,1749610,3,17,https://www.goodreads.com/work/quotes/1749610?page=3,"Look at those beautiful villages, in the heart of nature.” Evans was staring out the window but saw only poverty. The",,,
q01042,top2004:4310,1749610,3,18,https://www.goodreads.com/work/quotes/1749610?page=3,"You don’t seriously believe everybody on the planet should do whatever they want, do you? That would be terrible. These people need help and guidance.",,,
q01043,top2004:4310,1749610,3,19,https://www.goodreads.com/work/quotes/1749610?page=3,"Well, frankly, if you must know, yes. I do know better. I have the benefit of education and broader experience. And I know firsthand the dangers of industrial society and how it is making the whole world sick. So, yes, I think I do know what is best for them. Certainly",,,
q01044,top2004:4310,1749610,3,20,https://www.goodreads.com/work/quotes/1749610?page=3,"Ted, have you ever stayed in a Third-World village? Even for one night?",,,
q01045,top2004:4310,1749610,3,21,https://www.goodreads.com/work/quotes/1749610?page=3,"The world is alive, Ted. Things are constantly in flux. Species are winning, losing, rising, falling, taking over, being pushed back. Merely setting aside wilderness doesn’t freeze it in its present state, any",,,
q01046,top2004:4310,1749610,3,22,https://www.goodreads.com/work/quotes/1749610?page=3,"This disaster was caused by environmentalists charged with protecting the wilderness, who made one dreadful mistake after another—and, along the way, proved how little they understood the environment they intended to protect.",,,
q01047,top2004:4310,1749610,3,23,https://www.goodreads.com/work/quotes/1749610?page=3,"So what you have,” Kenner said, “is a history of ignorant, incompetent, and disastrously intrusive intervention, followed by attempts to repair the intervention, followed by attempts to repair the damage caused by the repairs, as",,,
q01048,top2004:4310,1749610,3,24,https://www.goodreads.com/work/quotes/1749610?page=3,The exploitations he had found so profitable he now attacked with the money he had made from them. He,,,
q01049,top2004:4310,1749610,3,27,https://www.goodreads.com/work/quotes/1749610?page=3,Endless presentation of conflict may interfere with genuine issue resolution.,,,
q01050,top2004:4310,1749610,3,28,https://www.goodreads.com/work/quotes/1749610?page=3,"In court, there is the legal doctrine of falsus in uno, falsus in omnibus, which means untruthful in one part, untruthful in all.",,,
q01051,top2004:5499,3498000,1,0,https://www.goodreads.com/work/quotes/3498000,Arriving late was a way of saying that your own time was more valuable than the time of the person who waited for you.,,,
q01052,top2004:5499,3498000,1,1,https://www.goodreads.com/work/quotes/3498000,I once broke up with a boy because he wrote me an awful poem.,,,
q01053,top2004:5499,3498000,1,2,https://www.goodreads.com/work/quotes/3498000,"Allegra's Austen wrote about the impact of financial need on the intimate lives of women. If she'd worked in a bookstore, Allegra would have shelved Austen in the horror section.",,,
q01054,top2004:5499,3498000,1,3,https://www.goodreads.com/work/quotes/3498000,"You've done so many things and read so many books. Do you still believe in happy endings?"" ""Oh my Lord, yes."" Bernadette's hands were pressed against each other like a book, like a prayer. ""I guess I would. I've had about a hundred of them.",,,
q01055,top2004:5499,3498000,1,4,https://www.goodreads.com/work/quotes/3498000,It was the marriage that was important; Jane Austen rarely even bothered to write about the wedding.,,,
q01056,top2004:5499,3498000,1,5,https://www.goodreads.com/work/quotes/3498000,"You know, I don't think there's anything truly unforgivable. Not where there's love.",,,
q01057,top2004:5499,3498000,1,6,https://www.goodreads.com/work/quotes/3498000,"What should we read next?” Bernadette asked. “Pride and Prejudice is my favorite.So let’s do that,” Sylvia said.Are you sure, dear?” Jocelyn asked,I am. It’s time. Anyway, Persuasion has the dead mother. I don’t want to subject Prudie to that now. The mother in Pride and Prejudice on the other hand…”Don’t give anything away,” Grigg said. “I haven’t read it yet.”Grigg had never read Pride and Prejudice.Grigg had never read Pride and Prejudice.Grigg had read The Mysteries of Udolpho and God knows how much science fiction – there were books all over the cottage – but he’d never found the time or inclination to read Pride and Prejudice. We really didn’t know what to say.",,,
q01058,top2004:5499,3498000,1,7,https://www.goodreads.com/work/quotes/3498000,"Marriage seemed like such a small space whenever I was in it. I liked the getting married. Courtship has a plotline. But there's no plot to being married. Just the same things over and over again. Same fights, same friends, same things you do on a Saturday. The repetition would start to get to me.",,,
q01059,top2004:5499,3498000,1,9,https://www.goodreads.com/work/quotes/3498000,"We all have a sense of level. It may not be based on class exactly anymore, but we still have a sense of what we're entitled to. People pick partners who are nearly their equal in looks. The pretty marry the pretty, the ugly the ugly. To the detriment of the breed.",,,
q01060,top2004:5499,3498000,1,10,https://www.goodreads.com/work/quotes/3498000,"In the feudal fiefdom of school, rank was determined early. You could change your hair and clothes. You could, having learned your lesson, not write a paper on Julius Caesar entirely in iambic pentameter or you could not tell anyone if you did. You could switch to contact lenses, compensate for your braininess by not doing your homework. Every boy in school could grow twelve inches. The sun could go fucking nova. And you'd still be the same grotesque you'd always been.",,,
q01061,top2004:5499,3498000,1,11,https://www.goodreads.com/work/quotes/3498000,"Dean coughed helpfully. Somewhere in the cough was the word “persuasion.” He was throwing Mo a lifeline.Mo preferred to go down. “I haven’t actually read any Austen. I’m more into mysteries, crime fiction, courtroom stuff.” This was disappointing, but not damning. On the other hand it was a failing; on the other, manfully owned up to. If only Mo had stopped there.“I don’t read much women’s stuff. I like a good plot,” he said.Prudie finished her drink and set her glass down so hard you could hear it hit. “Austen can plot like a son of a bitch,” she said. “Bernadette, I believe you were telling us about your first husband.”“I could start with my second. Or the one after that,” Bernadette offered. Down with plot! Down with Mo!",,,
q01062,top2004:5499,3498000,1,12,https://www.goodreads.com/work/quotes/3498000,"There was something appealing in thinking of a character with a secret life that her author knew nothing about. Slipping off while the author’s back was turned, to find love in her own way. Showing up just in time to deliver the next bit of dialogue with an innocent face.",,,
q01063,top2004:5499,3498000,1,13,https://www.goodreads.com/work/quotes/3498000,"I couldn't fit my whole self into a marriage, no matter who my husband was. There were parts of me that John liked, and different parts for the others, but no one could deal with all of me, So I'd lop some part off, but then I'd start missing it, wanting it back.",,,
q01064,top2004:5499,3498000,1,14,https://www.goodreads.com/work/quotes/3498000,"The next day I lay out on the grass in our backyard and I looked straight into the sun, the way my mother had told me never to do because it would damage my eyes. I thought that I would grow up to be a famous artist and everything and everyone I saw, everything and everyone I painted, would be blinding to look at.",,,
q01065,top2004:5499,3498000,1,15,https://www.goodreads.com/work/quotes/3498000,"Poor Elinor! Willoughby on one side, Brandon on the other. She is quite entre deux feux.” Prudie had a bit of lipstick on her teeth, or else it was wine. Jocelyn wanted to lean across and wipe it off with a napkin, the way she did when Sahara needed tidying. But she restrained herself; Prudie didn’t belong to her. The fire sculpted Prudie’s face, left the hollows of her cheeks hollow, brightened her deep-set eyes. She wasn’t pretty like Allegra, but she was attractive in an interesting way. She drew your eye. She would probably age well, like Angelica Houston. If only she would stop speaking French. Or go to France, where it would be less noticeable.",,,
q01066,top2004:5499,3498000,1,16,https://www.goodreads.com/work/quotes/3498000,A night that began with mind-reading a grateful crustacean and ended with drunken elves would be a night to remember.,,,
q01067,top2004:5499,3498000,1,17,https://www.goodreads.com/work/quotes/3498000,"It was long past time to change the subject. “The boy playing the bagpipes is really good,” Prudie said.If only she’d said it in French! Trey made a delighted noise. “Nessa Trussler. A girl. Or something.”Prudie looked at Nessa again. There was, she could see now, a certain plump ambiguity. Maybe Trey wouldn’t tell anyone what she’d said. Maybe Nessa was perfectly comfortable with who she was. Maybe she was admired throughout the school for her musical ability. Maybe pigs could jig.",,,
q01068,top2004:5499,3498000,1,18,https://www.goodreads.com/work/quotes/3498000,No one with real integrity tries to sell their integrity to you. People with real integrity hardly notice they have it.,,,
q01069,top2004:5499,3498000,1,19,https://www.goodreads.com/work/quotes/3498000,"What did it mean, all this personal looking backward? What were people hoping to find? What bearing, really, did their ancestry have on who they were now?",,,
q01070,top2004:5499,3498000,1,20,https://www.goodreads.com/work/quotes/3498000,"I made tiny newspapers of ant events, stamp-sized papers at first, then a bit bigger, too big for ants, it distressed me, but I couldn’t fit the stories otherwise and I wanted real stories, not just lines of something that looked like writing. Anyway, imagine how small an ant paper would really be. Even a stamp would have looked like a basketball court.I imagine political upheavals, plots and coups d e’tat, and I reported on them. I think I may have been reading a biography of Mary Queen of Scots at the time….Anyway, there was this short news day for the ants. I’d run out of political plots, or I was bored with them. So I got a glass of water and I created a flood. The ants scrambled for safety, swimming for their lives. I was kind of ashamed, but it made for good copy. I told myself I was bringing excitement into their usual humdrum. The next day, I dropped a rock on them. It was a meteorite from outer space. They gathered around it and ran up and over it; obviously they didn’t know what to do. It prompted three letters to the editor.",,,
q01071,top2004:5499,3498000,1,21,https://www.goodreads.com/work/quotes/3498000,People earn the way they are missed.,,,
q01072,top2004:5499,3498000,1,22,https://www.goodreads.com/work/quotes/3498000,"You might change and your reading might change as a result, but the book remained whatever it had always been",,,
q01073,top2004:5499,3498000,1,23,https://www.goodreads.com/work/quotes/3498000,"Sylvia’s first impression of Allegra was that no one had ever before had such a beautiful baby.Jocelyn’s first impression of Grigg was that he had nice eyelashes and a funny name, and didn’t interest her in the slightest.Prudie’s first impression of Bernadette was that she was startling to look at and dull if you listened, which you hardly ever had to do.Bernadette’s first impression of Prudie was that, in all her long years, she had rarely seen such a frightened young woman.Grigg’s first impression of Jocelyn was that she appeared to think sharing an elevator with him for a few floors was some sort of punishment.Allegra’s first impression of Sylvia was blurred with her first impression of the larger world. For me? she’d asked herself back when she had no words and no way to even know she was asking. And then, when Sylvia, and then, when Daniel had first looked into her eyes — More for me?",,,
q01074,top2004:5499,3498000,1,24,https://www.goodreads.com/work/quotes/3498000,"Yes, it is. I’m leaving the marriage, I’m not leaving you. As long as you’re in the house, I’ll take care of the house.” “Fuck off,” said Sylvia.",,,
q01075,top2004:5499,3498000,1,26,https://www.goodreads.com/work/quotes/3498000,What if you had a happy ending and didn’t notice? Sylvia made a mental note. Don’t miss the happy ending.,,,
q01076,top2004:5499,3498000,1,27,https://www.goodreads.com/work/quotes/3498000,"We should get you Linux, too. Nobody uses Windows anymore.",,,
q01077,top2004:5499,3498000,1,28,https://www.goodreads.com/work/quotes/3498000,"If she was exposing more skin than usual, that was because it was going to be a hundred-fucking-six degrees. Was she supposed to wear a suit?",,,
q01078,top2004:5499,3498000,1,29,https://www.goodreads.com/work/quotes/3498000,Jocelyn was dumbstruck. She couldn’t think of a single thingshe’d done that might give that impression. “I don’t.,,,
q01079,top2004:1998,577477,1,0,https://www.goodreads.com/work/quotes/577477,Rayford realized that Jesus was whom his soul had been seeking since he was old enough to think and reason. Jesus was the source and the point of all life.,,,
q01080,top2004:1998,577477,1,1,https://www.goodreads.com/work/quotes/577477,"He is at my right hand, that I may not be shaken.",,,
q01081,top2004:1998,577477,1,2,https://www.goodreads.com/work/quotes/577477,"Oh, clap your hands, all you peoples! Shout to God with the voice of triumph! For the Lord Most High is awesome; He is a great King over all the earth. He has subdued the peoples under us, and the nations under our feet. . . . God reigns over the nations; God sits on His holy throne.",,,
q01082,top2004:1998,577477,1,3,https://www.goodreads.com/work/quotes/577477,"The heavens declare the glory of God, and the firmament showeth His handiwork.",,,
q01083,top2004:1998,577477,1,4,https://www.goodreads.com/work/quotes/577477,"Let not your heart be troubled; you believe in God, believe also in Me. In My Father’s house are many mansions; if it were not so, I would have told you. I go to prepare a place for you. And if I go and prepare a place for you, I will come again and receive you to Myself; that where I am, there you may be also. And where I go you know, and the way you know.’ “‘Thomas said to Him, “Lord, we do not know where You are going, and how can we know the way?” “‘Jesus said to him, “I am the way, the truth, and the life. No one comes to the Father except through Me.",,,
q01084,top2004:1998,577477,1,5,https://www.goodreads.com/work/quotes/577477,"Heaven opened and there, on a white horse, sat Jesus, the Christ, the Son of the living God.",,,
q01085,top2004:3908,3164888,1,0,https://www.goodreads.com/work/quotes/3164888,What are we but our stories?,,,
q01086,top2004:3908,3164888,1,1,https://www.goodreads.com/work/quotes/3164888,"The act of laughing releases some nice chemical into your brain, you feel good and it's free.",,,
q01087,top2004:3908,3164888,1,2,https://www.goodreads.com/work/quotes/3164888,"Then I went to bed and cried into my pillow. I wasn't sad, not at all. It was just so beautiful to have an intense feeling and the right words at the same time.What are we but our stories?",,,
q01088,top2004:3908,3164888,1,3,https://www.goodreads.com/work/quotes/3164888,Life is a great big canvas. Throw all the paint you can at it.,,,
q01089,top2004:3908,3164888,1,4,https://www.goodreads.com/work/quotes/3164888,"living life was like puttingthe beach into a jar. The point wasn’t to fit everything in;it was to attend to the most important things first—thebig, beautiful rocks—the most valuable people andexperiences—and fit the lesser things in around them.Otherwise, the best things might get left out",,,
q01090,top2004:3908,3164888,1,5,https://www.goodreads.com/work/quotes/3164888,"For a long time it had seemed to me that life was about to begin -- real life. But there was always some obstacle in the way, something to be gotten through first, some unfinished business, time still to be served, a debt to be paid. Then life would begin. At last it dawned on me that these obstacles were my life.",,,
q01091,top2004:3908,3164888,1,8,https://www.goodreads.com/work/quotes/3164888,How many of us share the stories of our lives with our own children? What a loss to the children if we don’t.,,,
q01092,top2004:3908,3164888,1,9,https://www.goodreads.com/work/quotes/3164888,I put flower buds in a lot of little bottles around the house so I can see the blossoms open everywhere.,,,
q01093,top2004:3908,3164888,1,11,https://www.goodreads.com/work/quotes/3164888,"If you're going to look back on something and laugh about it, you might as well laugh about it now. Things are almost never as bad as they first seem",,,
q01094,top2004:3908,3164888,1,12,https://www.goodreads.com/work/quotes/3164888,"I wanted an endless summer with you. But then darkness always comes doesn't it? Just a fact of life, i guess",,,
q01095,top2004:3908,3164888,1,13,https://www.goodreads.com/work/quotes/3164888,"Between Mark Twain, Oscar Wilde, and Dorothy Parker, everything worth saying has already been said, and said better than i could ever say it",,,
q01096,top2004:3908,3164888,1,14,https://www.goodreads.com/work/quotes/3164888,"I loved laughing with him, loved that he could make me laugh.",,,
q01097,top2004:3908,3164888,1,15,https://www.goodreads.com/work/quotes/3164888,"Whether it is as fleeting as the sun-kissed days of summer or lasts nearly a lifetime, love is always worth it.",,,
q01098,top2004:3908,3164888,1,16,https://www.goodreads.com/work/quotes/3164888,"The point wasn’t to fit everything in; it was to attend to the most important things first—the big, beautiful rocks—the most valuable people and experiences—and fit the lesser things in around them. Otherwise,",,,
q01099,top2004:3908,3164888,1,18,https://www.goodreads.com/work/quotes/3164888,"Every day from the crack of dawn,"" he said- and i completed the rest, ""until we can't keep our eyes open one second longer",,,
q01100,top2004:3908,3164888,1,23,https://www.goodreads.com/work/quotes/3164888,Suddenly the moment was there. All I had to do was grab it. What I'd dreamed about but hadn't dared believe could happen.,,,
q01101,top2005:4729,3204998,1,0,https://www.goodreads.com/work/quotes/3204998,"The president had shifted to the 'we' mode now, something he invariably did when a potentially unpopular decision was at hand. For the easy ones, it was always 'I.' When he needed a crutch, and especially when he would need someone to blame, he opened up the decisionmaking process and included Critz.",,,
q01102,top2005:4729,3204998,1,1,https://www.goodreads.com/work/quotes/3204998,"He tried to smile at President Morgan, but he wanted to say something like: You are without a doubt the most limited politician I have ever encountered. Only in America could a moron like you make it to the top.",,,
q01103,top2005:4729,3204998,1,2,https://www.goodreads.com/work/quotes/3204998,"He put her on secret probation. She had seven days to become nice,",,,
q01104,top2005:4729,3204998,1,3,https://www.goodreads.com/work/quotes/3204998,"saw his hotel, he also saw Luigi pacing nervously along the sidewalk,",,,
q01105,top2005:4206,845295,1,1,https://www.goodreads.com/work/quotes/845295,"Not everyone is born a witch or a saint. Not everyone is born talented, or crooked, or blessed; some are born definite in no particular at all. We are a fountain of shimmering contradictions, most of us. Beautiful in the concept, if we're lucky, but frequently tedious or regrettable as we flesh ourselves out.",,,
q01106,top2005:4206,845295,1,2,https://www.goodreads.com/work/quotes/845295,"Memory is a part of the present. It builds us up inside; it knits our bones to our muscles and keeps our hearts pumping. It is memory that reminds our bodies to work, and memory that reminds our spirits to work to: it keeps us who we are.~Candle",,,
q01107,top2005:4206,845295,1,3,https://www.goodreads.com/work/quotes/845295,"It's the only condition I know. Bitter Love, Loneliness, contempt for corruption, blind hope. It's where I live. A permanent state of bereavement. This is nothing new.",,,
q01108,top2005:4206,845295,1,4,https://www.goodreads.com/work/quotes/845295,I learned failure early and mastered it.,,,
q01109,top2005:4206,845295,1,5,https://www.goodreads.com/work/quotes/845295,"It isn't whether you do it well or ill, it's that you do it all.",,,
q01110,top2005:4206,845295,1,6,https://www.goodreads.com/work/quotes/845295,Wisdom is not the understanding of mystery. Wisdom is accepting that mystery is beyond understanding. That's what makes it mystery.,,,
q01111,top2005:4206,845295,1,7,https://www.goodreads.com/work/quotes/845295,"I hate to be obvious,"" added the Scarecrow, ""but you'd have saved yourself a heap of trouble if you weren't too cheap to invest in a leash, Dorothy.",,,
q01112,top2005:4206,845295,1,9,https://www.goodreads.com/work/quotes/845295,"Everyone dies. It's a question of where and how, that's all.",,,
q01113,top2005:4206,845295,1,10,https://www.goodreads.com/work/quotes/845295,"Forget us, forget us all, it makes no difference now, but don't forget we loved it when we were alive.",,,
q01114,top2005:4206,845295,1,12,https://www.goodreads.com/work/quotes/845295,at least i'm talkng to myself. instead of giving myself the cold shoulder,,,
q01115,top2005:4206,845295,1,13,https://www.goodreads.com/work/quotes/845295,"Before you save anyone else, you have to save yourself. otherwise, you'rejust a bundle of tics, a stringed puppet manipulated by the chance and the insensible wind.",,,
q01116,top2005:4206,845295,1,15,https://www.goodreads.com/work/quotes/845295,"I learned to fly on a broom,"" he said, rolling up his sleeves. ""I can learn to milk a goat, I bet."" Though flying on a broom proved to be the easier task, he found.",,,
q01117,top2005:4206,845295,1,16,https://www.goodreads.com/work/quotes/845295,"We are loping sequences of chemical conversions, acting ourselves converted. We are twists of genes acting ourselves twisted; we are wicks of burning neuroses acting ourselves wicked. And nothing to be done about it. And nothing to be done about it.",,,
q01118,top2005:4206,845295,1,17,https://www.goodreads.com/work/quotes/845295,"A capacity for inferiority in the growing adult is threatened by the temptation by squander that capacity ruthlessly, to revel in hallowness. The syndrom especially plaques anyone who lives behind a mask. An elephant in her disquise as a human princess, a scarecrow with painted features, a glittering tiara under which to glow and glide in anonymous glamour. A witch's hat, a wizards stole, a scholars gown, a soldiers dress sartorials. A hundred ways to duck the question: how will I live with myself now that I nkow what I know.",,,
q01119,top2005:4206,845295,1,18,https://www.goodreads.com/work/quotes/845295,"Glinda waved dismissively. Then she tucked her hand against her mouth and bit her knuckles. It was hard to tell if her pretty ways were studied or innate. ""Oh, oh,"" she managed, ""I don't know that I'll see you again- and you remind me so of her.",,,
q01120,top2005:4206,845295,1,19,https://www.goodreads.com/work/quotes/845295,"Under every roof, a story, just as behind every brow, a history",,,
q01121,top2005:4206,845295,1,20,https://www.goodreads.com/work/quotes/845295,"A notion of character, not so much discredited as simply forgotten, once held that people only came into themselves partway through their lives. They woke up, were they lucky enough to have consciousness, in the act of doing something they already knew how to do…",,,
q01122,top2005:4206,845295,1,22,https://www.goodreads.com/work/quotes/845295,"If the unlettered farmers of Munchkinland and the factory workers of Gillikin believe that their fate is being determined by how the Time Dragon dreams them up, they don't need to bother to take responsibility for their actions or for changing their class and station in life.",,,
q01123,top2005:4206,845295,1,23,https://www.goodreads.com/work/quotes/845295,"The colossal might of wickedness, he thought: how we love to locate it massively elsewhere. But so much of it comes down to what each one of us does between breakfast and bedtime.",,,
q01124,top2005:4206,845295,1,24,https://www.goodreads.com/work/quotes/845295,"It's the work that's important, not the individual who does it.",,,
q01125,top2005:4206,845295,1,25,https://www.goodreads.com/work/quotes/845295,"In the end, all disguises must drop.",,,
q01126,top2005:4206,845295,1,26,https://www.goodreads.com/work/quotes/845295,"Sometimes thought Liir-his first thought in weeks and weeks-sometimes I hate this marvelous land of ours. It's so much like home, and then it holds out on you.",,,
q01127,top2005:4206,845295,1,27,https://www.goodreads.com/work/quotes/845295,"Liir didn’t know what to say to that; he wasn’t sure what husbandry was.“Animal husbandry,” Trism explained, though in the noise of the bar, Liir couldn’t tell if he said Animal or animal, the sentient or the nonsentient creature.“Training for military uses,” said Trism at last. “Are you slow, or are you falling in love with me?""",,,
q01128,top2005:4206,845295,1,28,https://www.goodreads.com/work/quotes/845295,"Yes, I'm nervous. You'll find in time most people are. They simply learn better how to disguise it, and sometimes, if they're wise, how to use their anxiety to serve the public good. Perhaps being jittery helps me pay closer attention.",,,
q01129,top2005:4206,845295,1,29,https://www.goodreads.com/work/quotes/845295,"We are the next thing the Time Dragon is dreaming, and nothing to be done about it.",,,
q01130,top2005:3593,947822,1,0,https://www.goodreads.com/work/quotes/947822,he who survives writes the rules.,,,
q01131,top2005:3593,947822,1,1,https://www.goodreads.com/work/quotes/947822,You can master your weather. You can make it what you want. You can have storms or sunshine. You can duck and hide or walk out in the open.,,,
q01132,top2005:3593,947822,1,2,https://www.goodreads.com/work/quotes/947822,"He who drinks well sleeps well, and he who sleeps well thinks no evil, does no evil and goes to heaven,",,,
q01133,top2005:3593,947822,1,3,https://www.goodreads.com/work/quotes/947822,"She should be anxious. She’s not delusional. They can get hold of pretty much anything they want—and are. Even if it requires a court order, what do you suppose happens in reality if the FBI wants a court order from a judge who just so happens to have been appointed by the current administration? A judge who worries about the consequences if he doesn’t cooperate? Do I need to paint about fifty possible scenarios for you?” “America used to be a nice place to live.",,,
q01134,top2005:3593,947822,1,4,https://www.goodreads.com/work/quotes/947822,"She didn’t want a record. Nothing’s private anymore, not since the Patriot Act.” “Well, I can’t argue with that.” “You have to assume your medical records, prescription drugs, bank accounts, shopping habits, everything private about your life might be looked at by the Feds, all in the name of stopping terrorists.",,,
q01135,top2005:3593,947822,1,5,https://www.goodreads.com/work/quotes/947822,"It’s the rule, the old adage. Never let the sun go down on your wrath, never get into a car or a plane or walk out of the house when you’re angry. If anybody knows how quickly and randomly tragedy can strike,",,,
q01136,top2005:3593,947822,1,6,https://www.goodreads.com/work/quotes/947822,"difference. We take risks. We’re honest. We try, we really try.",,,
q01137,top2005:3593,947822,1,7,https://www.goodreads.com/work/quotes/947822,"You want to be depressed, take an antidepressant that ruins sex.",,,
q01138,top2005:3593,947822,1,8,https://www.goodreads.com/work/quotes/947822,"Fear,” Dr. Self begins her summary. “An existential fear of not counting, of not mattering, of being left utterly alone. When the day ends, when the storm ends. When things end. It’s scary when things end, isn’t it? Money ends. Health ends. Youthfulness ends. Love ends.",,,
q01139,top2005:3593,947822,1,9,https://www.goodreads.com/work/quotes/947822,"Profanity is acting out. I want you to tell me about your feelings, not act them out.",,,
q01140,top2005:3593,947822,1,10,https://www.goodreads.com/work/quotes/947822,"Ironically, he is a contractor and developer, one of the very sorts of people responsible for causing his mother’s mounting property taxes.",,,
q01141,top2005:3593,947822,1,11,https://www.goodreads.com/work/quotes/947822,"Probably a lot of the people who live in this neighborhood are elderly and have been here a long time and can no longer afford the property taxes. It angers him to think of living in the same place for twenty or thirty years, to have your house finally paid for, only to discover you can’t pay the taxes because of rich people who want places on the water.",,,
q01142,top2005:3593,947822,1,15,https://www.goodreads.com/work/quotes/947822,Massachusetts and talks like it. There isn’t a single R in his vocabulary.,,,
q01143,top2005:3593,947822,1,17,https://www.goodreads.com/work/quotes/947822,"Therefore unto them, as to children without the use of reason, thou dids’t send a judgment to mock them.",,,
q01144,top2005:3593,947822,1,18,https://www.goodreads.com/work/quotes/947822,"One of life’s fables is that dead bodies can’t be sexy. Naked is naked if the person looks good and hasn’t been dead long. To say a man has never had a thought about a beautiful woman who happens to be dead is a joke. Cops pin photographs on their cork-boards, pictures of female victims who are exceptionally fine. Male medical examiners give lectures to cops and show them certain pictures, deliberately pick the ones they’ll like. Joe has seen it. He knows what guys do.",,,
q01145,top2005:3593,947822,1,20,https://www.goodreads.com/work/quotes/947822,"He holds in the clutch and gives the bike some gas, the ThunderHead pipes making plenty of noise as lightning flashes in the distance and a dark army of retweeting clouds wastes its artillery over the sea.",,,
q01146,top2005:3593,947822,1,21,https://www.goodreads.com/work/quotes/947822,"In the animal kingdom, lions, tigers and bears—the predators—have closely spaced eyes. Giraffes, rabbits, doves—the preyed upon—have eyes more widely spaced and oriented toward the sides of their heads, because they need their peripheral vision to survive.",,,
q01147,top2005:4751,2571396,1,0,https://www.goodreads.com/work/quotes/2571396,Why can't people just sit and read books and be nice to each other?,,,
q01148,top2005:4751,2571396,1,1,https://www.goodreads.com/work/quotes/2571396,"Alex said, ""Okay, I need to know something. Why the Camel Club?""Stone answered, ""Because camels have great stamina. They never give up.""""That's what Oliver says, but the real reason is this,"" Reuben countered. ""In the 1920s there was another Camel Club. And at each meeting of that club they would all raise their glasses and take a vow to oppose Prohibition to the last drop of whiskey. Now, that's my kind of club.",,,
q01149,top2005:4751,2571396,1,3,https://www.goodreads.com/work/quotes/2571396,"I’ve fought for and against pretty much every cause there is. There will always be war of some kind. At first it was over fertile soil and good water, then precious metal and then the most popular version of human disagreement, ‘My God is better than your God.’ Whether you draw your faith from Jeremiah and Jesus, Allah and Muhammad or Brahma and Buddha, it doesn’t matter. Someone will tell you you’re wrong, and he’ll fight you over it. Me, I believe in aliens, and to hell with all earthly gods. In the grand scheme of a trillion planets in the universe we’re just not that damn important anyway. And humans are rotten to the core.",,,
q01150,top2005:4751,2571396,1,4,https://www.goodreads.com/work/quotes/2571396,"If it comes to it, don’t miss, guys, he said under his breath. When the president appeared, he was boxed in on all sides by the A-team protection detail that formed a wall of Kevlar and flesh around him. Alex knew these agents; they were a rock-solid crew. The president stepped onto the stage and shook some important hands while his wife, the governor, the chief of staff and Gray took their seats behind the podium. Brennan joined them",,,
q01151,top2005:4751,2571396,1,7,https://www.goodreads.com/work/quotes/2571396,"Not particularly. You know, I hate spooks, I really do. I don’t give a crap if you call them the National Intelligence Center, the Central Intelligence Agency, or the Defense Intelligence Agency, they wouldn’t tell you the truth if their mother’s life depended on it.” “No, they wouldn’t,” Stone said under his breath.",,,
q01152,top2005:4751,2571396,1,8,https://www.goodreads.com/work/quotes/2571396,"When you knew the director’s eyes were going to be running over your feeble attempt at logical composition, it tended to make the neck hairs stand up and start twitching.",,,
q01153,top2005:4751,2571396,1,10,https://www.goodreads.com/work/quotes/2571396,"It was a fundamental question of ignorance and intolerance. Hemingway had always considered ignorance and intolerance to be like commas, because you often found them in pairs, and",,,
q01154,top2005:4751,2571396,1,11,https://www.goodreads.com/work/quotes/2571396,"a spy, and spies always held things back; it was apparently in their genes never to be entirely forthcoming. It was as though, if they did reveal all, they’d disappear.",,,
q01155,top2005:4751,2571396,1,12,https://www.goodreads.com/work/quotes/2571396,Brennan was far too wily a politician to accept that statement at face value. It was a Washington tradition that intelligence chiefs kept things from their president. Yet Brennan had every incentive to allow the very popular Gray free rein to do his job. And Carter Gray was,,,
q01156,top2005:4751,2571396,1,13,https://www.goodreads.com/work/quotes/2571396,"Presidents weren’t indispensable, the NIC chief knew, they only thought they were.",,,
q01157,top2005:4751,2571396,1,14,https://www.goodreads.com/work/quotes/2571396,"All presidents could claim it was about doing good, about furthering the right agendas, about leading their political party, but in Gray’s experience it really all came down to the throne of the Oval Office. Power was the greatest high in the world, and the presidency of the United States represented the greatest power there was; its potency made heroin seem like a placebo.",,,
q01158,top2005:4751,2571396,1,16,https://www.goodreads.com/work/quotes/2571396,"He had loved and respected his father, learning civility and compassion by the man’s example.",,,
q01159,top2005:4751,2571396,1,20,https://www.goodreads.com/work/quotes/2571396,"heard stories from family who’d undertaken this most significant event in a Muslim’s life. She envisioned standing in a circle around the Great Mosque, or Al-Masjid al-Haram, in Mecca, performing her prayers. The pilgrimage continued in Muzdalifa, where the Night Prayer was observed and twenty-one pebbles were picked up for symbolic stoning of Satan at Mina. Two or three days were spent in Mina for various ceremonies before the return to Mecca. Families who made the pilgrimage were allowed to add the term “hajj” to their name. As a little girl Djamila had been especially drawn with anticipated delight to stories of the four-day celebration afterward, the ‘id al-adha, the Festival of Sacrifice, also known as the Major Festival. She had also looked forward to painting",,,
q01160,top2005:4751,2571396,1,22,https://www.goodreads.com/work/quotes/2571396,"Dostoyevsky wrote that ‘while nothing is easier than to denounce the evildoer, nothing is more difficult than to understand him.",,,
q01161,top2005:4751,2571396,1,23,https://www.goodreads.com/work/quotes/2571396,The Iraqi army and the security forces are simply not ready.,,,
q01162,top2005:4751,2571396,1,25,https://www.goodreads.com/work/quotes/2571396,withdraw. That moment is almost upon us.,,,
q01163,top2005:4751,2571396,1,28,https://www.goodreads.com/work/quotes/2571396,"His features were Middle Eastern, his eyes haunted but also defiant. They were all defiant, Gray had found. When he looked at someone like al-Omari, Gray couldn’t help but think of a Dostoyevsky creation, the displaced outsider, brooding, plotting and methodically stroking a weapon of anarchy. It was the face of a fanatic, of one possessed by a deranged evil. It was the same type of person who’d taken away forever the two people Gray had loved most in the world. Though al-Omari was thousands of miles away in a facility only a very few people even knew existed, the picture and sound were crystal clear thanks to the satellite downlink. Through his headset he asked al-Omari a question in English. The man promptly answered in Arabic and then smiled triumphantly. In flawless Arabic Gray said, “Mr. al-Omari, I am fluent in Arabic and can actually speak it better than you. I know that you lived in England for years and that you speak English better than you do Arabic. I strongly suggest that we communicate in that language so there is absolutely no misunderstanding between us.” Al-Omari’s smile faded, and he sat straighter in his chair. Gray explained his proposal. Al-Omari was to become a spy for the United States, infiltrating one of the deadliest terrorist organizations operating in the Middle East. The man promptly refused. Gray persisted and al-Omari refused yet again, adding that “I have no idea what you’re talking about.” “There are currently ninety-three terrorist organizations in the world as recognized by the U.S. State Department, most of them originating in the Middle East,” Gray responded. “You have confirmed membership in at least three of them. In addition, you were found with forged passports, structural plans to the Woodrow Wilson Bridge and bomb-making material. Now you’re going to work for us, or it will become distinctly unpleasant.” Al-Omari smiled and leaned toward the camera. “I was interrogated years ago in Jordan by your CIA and your military and your FBI, your so-called Tiger Teams. They sent females in wearing only their underwear. They wiped their menstrual blood on me, or at least what they called their menstrual blood, so I was unclean and could not perform my prayers. They rubbed their bodies against me, offered me sex if I talk. I say no to them and I am beaten afterward.” He sat back. “I have been threatened with rape, and they say I will get AIDS from it and die. I do not care. True followers of Muhammad do not fear death as you Christians do. It is your greatest weakness and will lead to your total destruction. Islam will triumph. It is written in the Qur’an. Islam will rule the world.",,,
q01164,top2005:1045,2926176,1,0,https://www.goodreads.com/work/quotes/2926176,I wasn't sent here to find angels! I wasn't sent here to dream of them. I wasn't sent here to hear them sing! I was sent here to be alive. To breathe and sweat and thirst and sometimes cry.,,,
q01165,top2005:1045,2926176,1,1,https://www.goodreads.com/work/quotes/2926176,"You are the son of the Lord God! She said. That’s why you can kill and bring back to life, that’s why you can heal a blind man as Joseph saw you do, that’s why you can pray for snow and there will be snow, that’s why you can dispute with your uncle Cleopas when he forgets you’re a boy, that’s why you make sparrows from clay and bring them to life. Keep your power inside you. Guard it until your Father in Heaven shows you the time to use it. If he’s made you a child, then he’s made you a child to grow in wisdom as well as in everything else.",,,
q01166,top2005:1045,2926176,1,2,https://www.goodreads.com/work/quotes/2926176,"As Christians, I feel those of us in the creative community must seek to be more than scribes. If Diarmaid MacColloch is right in his immense history, The Reformation, we had plenty of Christian scribes on the eve of that enormous and painful upheaval. But it was the printing press that enabled the great thinkers of that time, both Reformer and Catholic, to transform our “assumptions about knowledge and originality of thought.” I suggest now that we must seize the revolutionary media of our age in the way that those earlier Christians and Catholics seized the printed book. We must truly use the realistic novel, the television drama, and the motion picture to tell the Christian story anew. It is our obligation to tell that story over and over and to use the best means that we have. In that spirit this novel was written—with the hope of exploring and celebrating the mystery of the Hypostatic Union as well as the mystery of the Incarnation—in a wholly fresh way.",,,
q01167,top2005:1045,2926176,1,3,https://www.goodreads.com/work/quotes/2926176,"I was sent here to be alive. To breathe and sweat and thirst and sometimes cry. And everything that happened to me, everything both great and small, was something I had to learn! There was room for it in the infinite mind of the Lord and I had to seek the lesson in it, no matter how hard it was to find. I almost laughed. It was so simple, so beautiful. If only I could keep it in my mind, this understanding, this moment—never forget it as one day followed another, never forget it no matter what happened, never forget it no matter what came to pass. Oh, yes, I would grow up, and there would come a time when I would leave Nazareth, surely. I would go out into the world and do what it was I was meant to do. Yes. But for now? All was clear. My fear was gone. It seemed the whole world was holding me. Why had I ever thought I was alone? I was in the embrace of the earth, of those who loved me no matter what they thought or understood, of the very stars. “Father,” I said. “I am your child.",,,
q01168,top2005:1045,2926176,1,4,https://www.goodreads.com/work/quotes/2926176,"We will eat the figs of our own tree, and the grapes of our own garden.",,,
q01169,top2006:7186,3441236,1,0,https://www.goodreads.com/work/quotes/3441236,"When two people are meant to be together, they will be together. It's fate.",,,
q01170,top2006:7186,3441236,1,1,https://www.goodreads.com/work/quotes/3441236,"With a secret like that, at some point the secret itself becomes irrelevant. The fact that you kept it does not.",,,
q01171,top2006:7186,3441236,1,2,https://www.goodreads.com/work/quotes/3441236,"I want her to melt into me, like butter on toast. I want to absorb her and walk around for the rest of my days with her encased in my skin.I want.",,,
q01172,top2006:7186,3441236,1,3,https://www.goodreads.com/work/quotes/3441236,"When you are five, you know your age down to the month. Even in your twenties, you know how old you are. I'm twenty-three you say, or maybe twenty-seven. But then in your thirties, something strange starts to happen. It is a mere hiccup at first, an instant of hesitation. How old are you? Oh, I'm--you start confidently, but then you stop. You were going to say thirty-three, but you are not. You're thirty-five. And then you're bothered, because you wonder if this is the beginning of the end. It is, of course, but it's decades before you admit it.",,,
q01173,top2006:7186,3441236,1,4,https://www.goodreads.com/work/quotes/3441236,"Keeping up the appearance of having all your marbles is hard work, but important.",,,
q01174,top2006:7186,3441236,1,5,https://www.goodreads.com/work/quotes/3441236,Life is the most spectacular show on earth ♥,,,
q01175,top2006:7186,3441236,1,6,https://www.goodreads.com/work/quotes/3441236,When will people learn that just because you can make something doesn’t mean you should?,,,
q01176,top2006:7186,3441236,1,7,https://www.goodreads.com/work/quotes/3441236,"The more distressing the memory, the more persistent it's presence.",,,
q01177,top2006:7186,3441236,1,8,https://www.goodreads.com/work/quotes/3441236,"Age is a terrible thief. Just when you're getting the hang of life, it knocks your legs out from under you and stoops your back. It makes you ache and muddies your head and silently spreads cancer throughout your spouse.",,,
q01178,top2006:7186,3441236,1,9,https://www.goodreads.com/work/quotes/3441236,"Even as your body betrays you, your mind denies it.",,,
q01179,top2006:7186,3441236,1,10,https://www.goodreads.com/work/quotes/3441236,"Dear God. Not only am I unemployed and homeless, but I also have a pregnant woman, bereaved dog, elephant, and eleven horses to take care of.",,,
q01180,top2006:7186,3441236,1,11,https://www.goodreads.com/work/quotes/3441236,Is where you're from the place you're leaving or where you have roots?,,,
q01181,top2006:7186,3441236,1,12,https://www.goodreads.com/work/quotes/3441236,"...if you expect people to try to do things your way, you're going to have to give some hints as to what that way is.",,,
q01182,top2006:7186,3441236,1,14,https://www.goodreads.com/work/quotes/3441236,"Although there are times I'd give anything to have her back, I'm glad she went first. Losing her was like being cleft down the middle. It was the moment it all ended for me, and I wouldn't have wanted her to go through that.",,,
q01183,top2006:7186,3441236,1,15,https://www.goodreads.com/work/quotes/3441236,Why the hell shouldn't I run away with the circus?,,,
q01184,top2006:7186,3441236,1,18,https://www.goodreads.com/work/quotes/3441236,"i meant what i said, and i said what i meant.",,,
q01185,top2006:7186,3441236,1,19,https://www.goodreads.com/work/quotes/3441236,"Sometimes I think if I had to choose between an ear of corn or making love to a woman, I'd choose the corn.",,,
q01186,top2006:7186,3441236,1,20,https://www.goodreads.com/work/quotes/3441236,"The whole thing's illusion, [Jacob], and there's nothing wrong with that. It's what people want from us. It's what they expect.",,,
q01187,top2006:7186,3441236,1,22,https://www.goodreads.com/work/quotes/3441236,"Afterward, I curl around her. We lie in silence until darkness falls, and then, haltingly, she begins to talk...She speaks without need or even room for response, so I simply hold her and stroke her hair. She talks of the pain, grief, and horror of the past four years; of learning to cope with being the wife of a man so violent and unpredictable his touch made her skin crawl and of thinking, until quite recently, that she'd finally managed to do that. And then, finally, of how my appearance had forced her to realize she hadn't learned to cope at all.",,,
q01188,top2006:7186,3441236,1,23,https://www.goodreads.com/work/quotes/3441236,"I open the orangutan's door and set a pan of fruits, vegetables, and nuts on the floor. As I close it, her long arm reaches through the bars. She points at an orange in another pan. 'That? You want that?' She continues to point, blinking at me with close-set eyes. Her features are concave, her face a wide platter fringed with red hair. She's the most outrageous and beautiful thing I've ever seen. 'Here,' I say, handing her the orange. 'You can have it.' She takes it and sets it on the floor. Then she reaches out again. After several seconds of serious misgivings, I hold out my hand. She wraps her long fingers around it, then lets go. She sits on her haunches and peels her orange. I stare in amazement. She was thanking me.",,,
q01189,top2006:7186,3441236,1,24,https://www.goodreads.com/work/quotes/3441236,I stare at her for a long moment. I want to kiss her. I want to kiss her more than I've ever wanted anything in my life.,,,
q01190,top2006:7186,3441236,1,25,https://www.goodreads.com/work/quotes/3441236,"I roll onto my side and stare out the venetian blinds at the blue sky beyond. After a few minutes I'm lulled into a sort of peace. The sky, the sky--same as it always was.",,,
q01191,top2006:7186,3441236,1,26,https://www.goodreads.com/work/quotes/3441236,"What else do I have to offer? Nothing happens to me anymore. That’s the reality of getting old, and I guess that’s really the crux of the matter. I’m not ready to be old yet.",,,
q01192,top2006:7186,3441236,1,27,https://www.goodreads.com/work/quotes/3441236,"Sometimes when you get older — and I’m not talking about you, I’m talking generally, because everyone ages differently — things you think on and wish on start to seem real. And then you believe them, and before you know it they’re part of your history, and if someone challenges you on them and says they’re not true — why, then you get offended because you can’t remember the first part. All you know is that you’ve been called a liar.",,,
q01193,top2006:7186,3441236,1,28,https://www.goodreads.com/work/quotes/3441236,"I look after those who look after me."" He smacks his lips, stares at me, and adds, ""I also look after those who don't."" - Sara Gruen (Water for Elephants)",,,
q01194,top2006:1357,3222389,1,0,https://www.goodreads.com/work/quotes/3222389,"I finally understood what true love meant...love meant that you care for another person's happiness more than your own, no matter how painful the choices you face might be.",,,
q01195,top2006:1357,3222389,1,1,https://www.goodreads.com/work/quotes/3222389,"When you're struggling with something, look at all the people around you and realize that every single person you see is struggling with something, and to them, it's just as hard as what you're going through.",,,
q01196,top2006:1357,3222389,1,2,https://www.goodreads.com/work/quotes/3222389,"And when her lips met mine, I knew that I could live to be a hundred and visit every country in the world, but nothing would ever compare to that single moment when I first kissed the girl of my dreams and knew that my love would last forever.",,,
q01197,top2006:1357,3222389,1,3,https://www.goodreads.com/work/quotes/3222389,"Our story has three parts: a beginning, a middle, and an end. And although this is the way all stories unfold, I still can't believe that ours didn't go on forever.",,,
q01198,top2006:1357,3222389,1,4,https://www.goodreads.com/work/quotes/3222389,"It's possible to go on, no matter how impossible it seems, and that in time, the grief . . . lessens. It may not go away completely, but after a while it's not so overwhelming.",,,
q01199,top2006:1357,3222389,1,5,https://www.goodreads.com/work/quotes/3222389,"The saddest people I've ever met in life are the ones who don't care deeply about anything at all. Passion and satisfaction go hand in hand, and without them, any happiness is only temporary, because there's nothing to make it last.",,,
q01200,top2006:1357,3222389,1,6,https://www.goodreads.com/work/quotes/3222389,"I fell in love with her when we were together, then fell deeper in love with her in the years we were apart.",,,
q01201,top2006:1357,3222389,1,7,https://www.goodreads.com/work/quotes/3222389,"I love you, not just for now, but for always, and I dream of the day that you’ll take me in your arms again.",,,
q01202,top2006:1357,3222389,1,8,https://www.goodreads.com/work/quotes/3222389,"When I look in the mirror, I know I’m looking at someone who isn’t sure she deserves to be loved at all.",,,
q01203,top2006:1357,3222389,1,9,https://www.goodreads.com/work/quotes/3222389,"Passion is passion. It's the excitement between the tedious spaces, and it doesn't matter where it's directed...It can be coins or sports or politics or horses or music or faith...the saddest people I've ever met in life are the ones who don't care deeply about anything at all.",,,
q01204,top2006:1357,3222389,1,10,https://www.goodreads.com/work/quotes/3222389,"In our time together, you claimed a special place in my heart, one I'll carry with me forever and that no one can ever replace.",,,
q01205,top2006:1357,3222389,1,11,https://www.goodreads.com/work/quotes/3222389,I'd learned that some things are best kept secret.,,,
q01206,top2006:1357,3222389,1,12,https://www.goodreads.com/work/quotes/3222389,"And for the briefest instant, it almost feels like we're together again.",,,
q01207,top2006:1357,3222389,1,13,https://www.goodreads.com/work/quotes/3222389,"I'm going to marry you one day, you know."" ""Is that a promise?"" ""If you want it to be.",,,
q01208,top2006:1357,3222389,1,15,https://www.goodreads.com/work/quotes/3222389,"There are moments when i wish i could roll back the clock and take all the sadness away, but i have a feeling that if i did, the joy would be gone as well. So i take the memories as they come, accepting them all, letting them guide me whenever i can.",,,
q01209,top2006:1357,3222389,1,16,https://www.goodreads.com/work/quotes/3222389,"Love should bring joy, it should grant a person peace, but here and not, it was bringing only pain.",,,
q01210,top2006:1357,3222389,1,17,https://www.goodreads.com/work/quotes/3222389,"I love you, Savannah, and I always will,"" I breathed. ""You're the best thing that's ever happened to me. You were my best friend and my lover, and I dont regret a single moment of it. You made me feel alive again, and most of all, you gave me my father. I'll never forget you for that. You're always going to be the very best part of me. I'm sorry it has to be this way, but I have to leave, and you have to see your husband."" As I spoke, I could feel her shaking with sobs, and I continued to hold her for a long time afterward. When we finally seperated, I knew that it would be the last time I ever held her. I backed away, my eyes holding Savannah's. ""I love you, too, John,"" she said. ""Good-bye."" I raised a hand.",,,
q01211,top2006:1357,3222389,1,18,https://www.goodreads.com/work/quotes/3222389,"But...as bad as it was, I learned something about myself. That I could go through something like that and survive. I mean, I know it could have been worse--a lot worse-- but for me, it was all I could have handled at the time. And I learned from it.",,,
q01212,top2006:1357,3222389,1,19,https://www.goodreads.com/work/quotes/3222389,"We’d met at a carefree time, a moment full of promise, in its place now were the harsh lessons of the real world.",,,
q01213,top2006:1357,3222389,1,20,https://www.goodreads.com/work/quotes/3222389,"You have no idea how much the last few days have meant to me,"" I began. ""Meeting you has been the best thing that's ever happened to me."" I hesitated, know that if I stopped now, I'd never be able to say it to anyone. ""I love you,"" I whispered. ""Did you ever imagine something like this?"" she wondered aloud. ""You and me , I mean?"" ""No,"" I said. ""It scares me a little."" My stomach flipped, and all at once, I was sure she didnt feel the same way. ""You dont have to say it back to me,"" I began. ""That's not why I said it--"" ""I know,"" she interrupted. ""You don't understand. I wasnt scared because you told me. I got scared because I wanted to say it, too: I love you, John.",,,
q01214,top2006:1357,3222389,1,21,https://www.goodreads.com/work/quotes/3222389,love means to see the one you love happy,,,
q01215,top2006:1357,3222389,1,23,https://www.goodreads.com/work/quotes/3222389,"Part of me aches at the thought of her being so close yet so untouchable, but her story and mine are different now. It wasn't easy for me to accept this simple truth, because there was a time when our stories were the same, but that was six years and two lifetimes ago.",,,
q01216,top2006:1357,3222389,1,24,https://www.goodreads.com/work/quotes/3222389,"You're a hero and a gentleman, you're kind and honest, but more than that, you're the first man I ever truly loved. And no matter what the future brings, you always will be, and I know that my life is better for it.",,,
q01217,top2006:1357,3222389,1,25,https://www.goodreads.com/work/quotes/3222389,"Being in love, I find myself smiling for no reason at all...",,,
q01218,top2006:1357,3222389,1,26,https://www.goodreads.com/work/quotes/3222389,No matter where it is in the sky... No matter where you are in the world... the moon is never bigger than your thumb. -John,,,
q01219,top2006:1357,3222389,1,28,https://www.goodreads.com/work/quotes/3222389,"I've been burdened by questions I've asked myself a thousand times since the last time we were together. Why did I do it? And would I do it again?It was I, you see, who ended it.",,,
q01220,top2006:1357,3222389,1,29,https://www.goodreads.com/work/quotes/3222389,"Regrets about the journey, maybe, but not the destination.",,,
q01221,top2006:1357,3222389,2,0,https://www.goodreads.com/work/quotes/3222389?page=2,"Believe me, I'm no romantic, and while I've heard all about love at first sight, I've never believed in it, and I still don't. But even so, there was something there, something recognizably real, and I couldn't look away.",,,
q01222,top2006:1357,3222389,2,1,https://www.goodreads.com/work/quotes/3222389?page=2,"They inspire you, they entertain you, and you end up learning a ton even when you don't know it",,,
q01223,top2006:1357,3222389,2,2,https://www.goodreads.com/work/quotes/3222389?page=2,I steeled myself to focus only on the present yet remain alert to what might come next.,,,
q01224,top2006:1357,3222389,2,3,https://www.goodreads.com/work/quotes/3222389?page=2,"If you come back; I'll marry you. If you break your promise, you'll break my heart",,,
q01225,top2006:1357,3222389,2,4,https://www.goodreads.com/work/quotes/3222389?page=2,"That's the big mistake a lot of people make when they wonder how soldiers can put their lives on the line day after day or how they can fight for something they may not believe in. Not everyone does. I've worked with soldiers on all sides of the political spectrum; I've met some who hated the army and others who wanted to make it a career. I've met geniuses and idiots, but when all is said and done,we do what we do for one another. For friendship. Not for country, not for patriotism, not because we're programmed killing machines, but because of the guy next to you. You fight for your friend, to keep him alive, and he fights for you, and everything about the army is built on this simple premise.",,,
q01226,top2006:1357,3222389,2,5,https://www.goodreads.com/work/quotes/3222389?page=2,Everything around me makes me miss you.,,,
q01227,top2006:1357,3222389,2,8,https://www.goodreads.com/work/quotes/3222389?page=2,"Dear John, tell me everything. Write it all down, that way, we’ll be with each other all the time, even if we’re not with each other at all.",,,
q01228,top2006:1357,3222389,2,9,https://www.goodreads.com/work/quotes/3222389?page=2,"I'm sorry, I guess my company leaves a lot to be desired.",,,
q01229,top2006:1357,3222389,2,10,https://www.goodreads.com/work/quotes/3222389?page=2,"It'll be hard, but life moves fast-we'll see each other again. I know that. I can feel that. Just like I can feel how much you care for me and how much I love you",,,
q01230,top2006:1357,3222389,2,13,https://www.goodreads.com/work/quotes/3222389?page=2,"She squeezed my hand, and I drew a shaky breath, marveling at the fact that while on an ordinary leave in an ordinary place, I'd somehow fallen in love with an extraordinary girl named Savannaah Lynn Curtis.",,,
q01231,top2006:1357,3222389,2,14,https://www.goodreads.com/work/quotes/3222389?page=2,"I'll think about you everyday. Part of me is scared that there'll come a time when you don't feel the same way, that you'll somehow forget about what we shared, so this is what I want to do forever.",,,
q01232,top2006:1357,3222389,2,17,https://www.goodreads.com/work/quotes/3222389?page=2,and all I could think was that I would like to spend every morning for the rest of my life waking up beside her,,,
q01233,top2006:1357,3222389,2,18,https://www.goodreads.com/work/quotes/3222389?page=2,"On the drive we talked easily, but we did make a small detour. After pulling into a rest stop, we made out like teenagers.",,,
q01234,top2006:1357,3222389,2,19,https://www.goodreads.com/work/quotes/3222389?page=2,"What mattered most was knowing that love was mine to give, without strings or expectations.",,,
q01235,top2006:1357,3222389,2,20,https://www.goodreads.com/work/quotes/3222389?page=2,"It's a full moon here tonight, which makes me think of you. Because, I know that no matter what I am doing or where I am, this moon will always be the same size as yours, half a world away.",,,
q01236,top2006:1357,3222389,2,21,https://www.goodreads.com/work/quotes/3222389?page=2,"I suddenly understood that even love and caring weren't always enough. They were the concrete bricks of our relationship, but unstable without the mortar of time spent together, time without the threat of imminent separation hanging over us.",,,
q01237,top2006:1357,3222389,2,22,https://www.goodreads.com/work/quotes/3222389?page=2,The key to happiness was achievable dreams.,,,
q01238,top2006:1357,3222389,2,23,https://www.goodreads.com/work/quotes/3222389?page=2,"She leaned into me, and when I closed my eyes, I knew I wanted nothing more than to hold her this way forever.",,,
q01239,top2006:1357,3222389,2,24,https://www.goodreads.com/work/quotes/3222389?page=2,"There are memories for both of us, of course, but I've learned that memories can have a physical, almost living presence, and in this, Savannah and I are different as well.If hers are stars in the nighttime sky, mine are the haunted empty spaces in beetween...",,,
q01240,top2006:1357,3222389,2,25,https://www.goodreads.com/work/quotes/3222389?page=2,It's your eyes. They're ... more serious than they used to be. Like they've seen things they shouldn't have.,,,
q01241,top2006:1357,3222389,2,26,https://www.goodreads.com/work/quotes/3222389?page=2,"A person with autism lives in his own world, while a person with Asperger's lives in our world, in a way of his own choosing",,,
q01242,top2006:1357,3222389,2,28,https://www.goodreads.com/work/quotes/3222389?page=2,"It doesn't sound so far-fetched, right? When two people love each other? While a part of me still wants to believe it's possible, I know it's not going to happen",,,
q01243,top2006:1357,3222389,3,0,https://www.goodreads.com/work/quotes/3222389?page=3,"Do not judge the way i show my feelings. It's weird, it's different, but it's true.",,,
q01244,top2006:1357,3222389,3,1,https://www.goodreads.com/work/quotes/3222389?page=3,"The problem with time, I've learned, whether it's those first two weeks I got to spend with you, or the final two months I got to spend with him, eventually time always runs out. I have no idea where you are out there in the world, John. But I understand that I lost the right to know these things long ago. No matter how many years go by, I know one thing to be as true as ever was - I'll see you soon then.",,,
q01245,top2006:1357,3222389,3,2,https://www.goodreads.com/work/quotes/3222389?page=3,"I think my dad was happy. I phrase it like this because he seldom showed much emotion. Hugs and kisses wwere a rarity for me growing up, and when they did happen, they often struck me as lifeless, something he did because he felt he was supposed to, not because he wanted to.",,,
q01246,top2006:1357,3222389,3,3,https://www.goodreads.com/work/quotes/3222389?page=3,"When a person sets a thing in motion, there's a feeling of unease, almost regret, until you learn the truth.",,,
q01247,top2006:1357,3222389,3,8,https://www.goodreads.com/work/quotes/3222389?page=3,"I'm not perfect, either. In the end, it's only God's judgement that matters, and I've learned enough to know that no one can presume to know the will of God.",,,
q01248,top2006:1357,3222389,3,9,https://www.goodreads.com/work/quotes/3222389?page=3,"Spending time with Savannah made me wonder whether it was possible to defy the norm. I wanted more of her, and no matter what happened between us, I already knew I'd never forget anything about her. As crazy as it sounded, she was becoming part of me, and I was already dreading the fact that we wouldn't be able to spend the day together tomorrow. Or the day after, or the day after that. Maybe, I told myself, we could beat the odds.' - John",,,
q01249,top2006:1357,3222389,3,10,https://www.goodreads.com/work/quotes/3222389?page=3,"Two weeks together, that’s all it took, two weeks for me to fall in love with you. ♥",,,
q01250,top2006:1357,3222389,3,12,https://www.goodreads.com/work/quotes/3222389?page=3,"That's how I always want to remember my time with you. Like a pure white light, breathtaking to behold.",,,
q01251,top2006:1357,3222389,3,13,https://www.goodreads.com/work/quotes/3222389?page=3,"Do you ever get scared?Yeah. Sometimes. It's not like you're walking around terrified all the time, even when things are going to hell around you. It's just you're....reacting, trying to stay alive. Things are happening so fast that you don't have time to think much of anything except doing your job and trying not to die.It usally affects you afterward, once you're clear. That's when you realize how close you came and sometimes you get the shakes or puke or whatever.",,,
q01252,top2006:1357,3222389,3,14,https://www.goodreads.com/work/quotes/3222389?page=3,"I saw the way she was looking at you, and I knew that she still loved you. More than that, I know she always will. It breaks my heart, but you know what? I'm still in love with her, and to me that means that I want nothing more than for her to be happy in life. I want that more than anything. It's all I've ever wanted for her.",,,
q01253,top2006:1357,3222389,3,15,https://www.goodreads.com/work/quotes/3222389?page=3,"You want to know what I was thinking?...I was thinking that I wished you'd been with me the last couple of days. I mean, I enjoyed getting to know everyone better. We ate lunch together, and the dinner last night was a lot of fun, but it just felt like something was wrong, like I was missing something. It wasn't until I saw you walking up the beach that I realized it was you.",,,
q01254,top2006:1357,3222389,3,16,https://www.goodreads.com/work/quotes/3222389?page=3,"Spending time with you just feels...right,somehow. Easy, like the way it's supposed to be. Like it is with my parents. They're just comfortable together, and I remember growing up thinking that one day I wanted to have that, too.",,,
q01255,top2006:1357,3222389,3,17,https://www.goodreads.com/work/quotes/3222389?page=3,"That's what I don't like about college, by the way. It's like a lot of people don't believe these years really count, so you're allowed to experiment with... whatever. There's such a casual view about things like sex and drinking and even drugs. I know that sounds really old-fashioned, but I just don't get it...to be honest, I'm kind of disappointed in those two people I heard about, and I don't want to sit there trying to pretend that I'm not. I know I shouldn't judge,...but still, what was the point? Shouldn't you save things like that for someone you love? So that it really means something?"" - Savannah",,,
q01256,top2006:1357,3222389,3,19,https://www.goodreads.com/work/quotes/3222389?page=3,"Watching you walk out of my life does not make me bitter or cynical about love. But rather makes me realize that if I wanted so much to be with the wrong person, how beautiful it will be when the right person comes along.",,,
q01257,top2006:1357,3222389,3,22,https://www.goodreads.com/work/quotes/3222389?page=3,"And when her eyes met mine, I felt something click, like a key turning in a lock.",,,
q01258,top2006:1357,3222389,3,23,https://www.goodreads.com/work/quotes/3222389?page=3,"Throughout it all, I loved her as much as I always had, and I found myself aching for those simpler times of the past. I knew what was happening, of course. As we were drifting apart, I was becoming more desperate to save what we once had shared; like a vicious circle, however, my desperation made us drift apart even further.",,,
q01259,top2006:1357,3222389,3,24,https://www.goodreads.com/work/quotes/3222389?page=3,"Savannah sometimes sounded a lot like the little voice that had taken up residence in my head but never bothered paying rent, and right now it whispered that if I felt guilty, maybe I was doing something wrong.",,,
q01260,top2006:1357,3222389,3,25,https://www.goodreads.com/work/quotes/3222389?page=3,"And for an instant, I fantasized about wrapping my arms around her right then and there.",,,
q01261,top2006:1357,3222389,3,28,https://www.goodreads.com/work/quotes/3222389?page=3,"She laughed, and the sound was so melodic that I knew I wanted to hear it again.",,,
q01262,top2006:1357,3222389,4,4,https://www.goodreads.com/work/quotes/3222389?page=4,"For desert, maybe we can split a couple of crumbs.",,,
q01263,top2006:1357,3222389,4,7,https://www.goodreads.com/work/quotes/3222389?page=4,"I can honestly say I could go two or three days without wondering what Savannah was doing or even thinking about her. Did this make my love less real? I asked myself that question dozens of times during that trip, but I always decided it didn't, for the simple reason that her image would ambush me when I least expected it, overwhelming me with the same ache I had the day I'd left. Anything might set it off: a friend talking about his wife, the sight of a couple holding hands, or even the way some of the villagers would smile as we passed.",,,
q01264,top2006:1357,3222389,4,10,https://www.goodreads.com/work/quotes/3222389?page=4,"Outside the hospital, I squinted in the harsh morning sunlight. I could hear birds chirping in the tree, but even though I searched for them, they remained hidden from me.",,,
q01265,top2006:1357,3222389,4,11,https://www.goodreads.com/work/quotes/3222389?page=4,"i didn't plan on falling in love with you, and i doubt you planned on falling in love with me. But once we met, it was clear that neither of us could control what was happening to us. we fell in love, despite our differences, and once we did, something rare and beautiful was created.",,,
q01266,top2006:1357,3222389,4,12,https://www.goodreads.com/work/quotes/3222389?page=4,"She paused, as if trying to organize her chaotic thoughts. “I didn’t want to fall in love with anyone,” she said. “I wasn’t ready for that. I’ve been through that once, and afterwards I was a mess. I know it’s different, but you’ll be leaving in just a few days and all this will be over… and I’ll be a mess again.",,,
q01267,top2006:1357,3222389,4,14,https://www.goodreads.com/work/quotes/3222389?page=4,There are too many fault lines to count now.,,,
q01268,top2006:1357,3222389,4,18,https://www.goodreads.com/work/quotes/3222389?page=4,"In the days that followed, it was as if all personal differences and political affiliations of any kind melted away. For a short period of time, we were all simply Americans.",,,
q01269,top2006:1357,3222389,4,20,https://www.goodreads.com/work/quotes/3222389?page=4,"My dad, unlike most of humanity, had no secrets at all. He had no hidden vices, no diaries, no embarrassing interests, no box of private things he kept all to himself. I found nothing that further enlightened me about his inner life, nothing that might help me understand him after he was gone. My dad, I knew then, was just as he'd always seemed to be, and I suddenly realised how much I admired him for that.",,,
q01270,top2006:1357,3222389,4,21,https://www.goodreads.com/work/quotes/3222389?page=4,"I knew that my dad was a good man, a kind man, and though he’d led a wounded life, he’d done the best he could in raising me. Never once had he raised his hand in anger,",,,
q01271,top2006:1357,3222389,4,23,https://www.goodreads.com/work/quotes/3222389?page=4,"I'm sorry,"" was all I could muster.""You dont have to be sorry.You didn't do it""""I know.But I dont know what else to say.Unless...""I could see the tears running down her cheeks, and the fact that she'd been crying so silently made me ache. ""Unless what?""""Unless you want me to... I dont know.Beat the crap out of him?""She gave me a sad little laugh.""You have no idea how many times I've wanted to do just that""""I will,""I said.""Just give me a name, but I promise to leave you out of it.I'll do the rest""She squeezed my hand. ""I know you would.""""I'm serious,""I said.She gave me wan smile.""That's why I won""'t tell you.But believe me, I'm touched.That's sweet of you.",,,
q01272,top2006:1357,3222389,4,25,https://www.goodreads.com/work/quotes/3222389?page=4,He was the kind of driver who stopped the car even when the light was yellow and he could have sailed through.,,,
q01273,top2006:1357,3222389,4,27,https://www.goodreads.com/work/quotes/3222389?page=4,"On the trees surrounding me, the leaves are just beginning their slow turn toward the colour of fire..",,,
q01274,top2006:1357,3222389,4,28,https://www.goodreads.com/work/quotes/3222389?page=4,"What is true love?. To love means to care more for the happiness of another person for your own, regardless of the painful choices you have to make to achieve it",,,
q01275,top2006:4505,3132603,1,0,https://www.goodreads.com/work/quotes/3132603,"Yuki-eh, you must learn to be a lady.I don't think I ever quite learned to do that. I liked my music loud. My skirts short - I know, Mommy, even this one is too short! She wanted me to marry a lawyer - instead, I became one.",,,
q01276,top2006:4505,3132603,1,1,https://www.goodreads.com/work/quotes/3132603,"But even when patients die under totally hinky circumstances, people think doctors are so Godlike, they just accept whatever they’re told.",,,
q01277,top2006:4505,3132603,1,2,https://www.goodreads.com/work/quotes/3132603,"Itsumademo ai shiteru, Yuki. I love you forever, my daughter.",,,
q01278,top2006:4505,3132603,1,6,https://www.goodreads.com/work/quotes/3132603,"She braked at Washington, watched the",,,
q01279,top2006:4505,3132603,1,7,https://www.goodreads.com/work/quotes/3132603,Jacobi called Lindsay on his Nextel.,,,
q01280,top2006:2519,2513160,1,1,https://www.goodreads.com/work/quotes/2513160,Jersey the “armpit of the universe.,,,
q01281,top2006:2519,2513160,1,3,https://www.goodreads.com/work/quotes/2513160,all tunnels and bridges out of Manhattan,,,
q01282,top2006:7008,3095104,1,0,https://www.goodreads.com/work/quotes/3095104,I need to look like an idiot at least twice a day to keep myself humble.,,,
q01283,top2006:7008,3095104,1,1,https://www.goodreads.com/work/quotes/3095104,"One of us should stop her,"" Ranger said to Morelli, his eyes fixed on me.""Not going to be me,"" Morelli said. ""Have you ever tried to stop her from doing something she wanted to do?""""Haven't had much success at it,"" Ranger said.Morelli rocked on his heels. ""One thing I've learned about Stephanie over the years, she's not good at taking orders.""""Has authority issues,"" Ranger said.""And if you piss her off, she'll get even. She ran me over with her father's Buick once and broke my leg.""That got a small smile out of Ranger.""Nice to see you boys bonding,"" I said.",,,
q01284,top2006:7008,3095104,1,2,https://www.goodreads.com/work/quotes/3095104,"I see you looking at my cookies,' my father said to Morelli. 'Don't even think about it. Go get your own cookies.",,,
q01285,top2006:7008,3095104,1,3,https://www.goodreads.com/work/quotes/3095104,"Oh, for God's sake,"" I said. ""Just give me the stupid thing."" I took the panic button and stuck it into my Super Sexy Miracle Bra. ""GPS,"" Ranger said to Morelli. ""Probably I can find her breast without it,"" Morelli said. ""But it's good to know there's a navigational system on board if I need it.",,,
q01286,top2006:7008,3095104,1,5,https://www.goodreads.com/work/quotes/3095104,"Okay, take a deep breath, I told myself. Don't go all hormonal. Get the facts straight. Have a mental doughnut.",,,
q01287,top2006:7008,3095104,1,6,https://www.goodreads.com/work/quotes/3095104,"Omigod,' I said on a sudden flash of sleep-deprived insight. 'You're the big bad wolf.'There are some similarities.",,,
q01288,top2006:7008,3095104,1,7,https://www.goodreads.com/work/quotes/3095104,"Arson is a respected profession among certain subcultures in Jersey, and the good ones don't get caught. The good ones channel lightning and mysterious acts of spontaneous combustion.",,,
q01289,top2006:7008,3095104,1,8,https://www.goodreads.com/work/quotes/3095104,"That was close,""he said, helping himself to coffee.Yeah, you almost opened the door to Morelli.""I wasn't talking about Morelli. I was talking about us.""That too,"" I said.Ranger sliced a bagel and looked for the toaster.It's broken,""I told him.He truned the boiler on and slid the bagel into the oven.That's surprisingly domestic for a man of mystery,"" I said to him.He looked at me over the rim of his coffee mug. ""I like things hot.",,,
q01290,top2006:7008,3095104,1,9,https://www.goodreads.com/work/quotes/3095104,"they have enough testosterone between them, if testosterone were electricity they could light up New York City for the month of August",,,
q01291,top2006:7008,3095104,1,11,https://www.goodreads.com/work/quotes/3095104,"I'm underrealized,"" Lula said. ""I gotta lot of untapped potential. Yesterday my horoscope said I gotta expand my horizons."" ""You expand any more in that dress, and you'll get yourself arrested,"" Connie said. -- Twelve Sharp",,,
q01292,top2006:7008,3095104,1,13,https://www.goodreads.com/work/quotes/3095104,"I always listen,” Ranger said. “I don’t always agree. I have a problem right now that I can’t seem to solve by myself. I need you to help me find my daughter. And there’s an even bigger problem involved. I feel a financial and moral obligation to my daughter. I send child support, I send birthday and Christmas presents, I visit when I’m invited. But I’ve kept myself emotionally distanced. I’m not emotionally distanced from you. I couldn’t live with myself if something happened to you because I was using you to find someone . . . even if that someone was my daughter. So I have to make every effort to keep you safe.” “You’re a little smothering.",,,
q01293,top2006:7008,3095104,1,14,https://www.goodreads.com/work/quotes/3095104,"I woke up wrapped in Ranger’s arms, our legs entwined, my face snuggled into his neck. He smelled nice, and he felt even better . . . warm and friendly. I enjoyed it for a moment before reality took hold.",,,
q01294,top2006:7008,3095104,1,15,https://www.goodreads.com/work/quotes/3095104,"This thing’s giving me an eye twitch,” Ranger said. “Can you get the sound off?” I started pressing buttons and the screen went blank. “How’s that?” I asked. “Babe, you shut the system down.” “Yes, but the sound is off.” “Reprogram it.” “No need to get testy,” I told him. “I don’t know where I’m going.” “I have a map. You just get on I-95 south and take the Springfield exit.” “And then what?” “Then you’ll have to pull over and reprogram the GPS.” Ranger cut his eyes to me and there was the tiniest of smiles on his mouth.",,,
q01295,top2006:7008,3095104,1,16,https://www.goodreads.com/work/quotes/3095104,"I sensed a familiar presence behind me. A hand brushed my hair back, and Ranger leaned in to me and kissed me on the nape of my neck.",,,
q01296,top2006:7008,3095104,1,17,https://www.goodreads.com/work/quotes/3095104,"Ranger was definitely wow. He stood half a head taller than me. He was perfectly toned muscle, and he had classic Latino good looks. He always smelled great. He dressed only in black. His eyes were dark. His hair was dark. His life was dark. Ranger had lots of secrets.",,,
q01297,top2006:7008,3095104,1,18,https://www.goodreads.com/work/quotes/3095104,"Holy cow!” I said. “You can’t go to the door like that!” “My gun’s in the kitchen.” “Yes, but your underwear’s on the floor in my bedroom!” And that wasn’t the biggest problem.",,,
q01298,top2006:7008,3095104,1,20,https://www.goodreads.com/work/quotes/3095104,"Ranger pulled onto the shoulder and reprogrammed the GPS system. “Lucky for you, you look good in a T-shirt,” Ranger said. “Lucky for you I don’t have a gun on me.” Ranger turned to me. His voice was low and even, but there was a whisper of incredulous disbelief. “You’re not carrying a gun?” “Didn’t seem necessary for us both to have one.",,,
q01299,top2006:7008,3095104,1,21,https://www.goodreads.com/work/quotes/3095104,"You can’t be mad at me,” Ranger said. “I’m cute. I might even be adorable.",,,
q01300,top2006:7008,3095104,1,22,https://www.goodreads.com/work/quotes/3095104,"Ranger hung my bag on my shoulder and looked at me. “Are you okay with all this?” “Actually, I feel like throwing up a lot.” “It’s the doughnuts.” “It’s my life.",,,
q01301,top2006:7008,3095104,1,23,https://www.goodreads.com/work/quotes/3095104,How can you completely appreciate the Jersey shore if the air is safe to breathe in the interior parts of the state?,,,
q01302,top2006:7008,3095104,1,24,https://www.goodreads.com/work/quotes/3095104,This here’s the twenty-first century. Just ’cause we’re women don’t mean we can’t be sick as men.,,,
q01303,top2006:7008,3095104,1,25,https://www.goodreads.com/work/quotes/3095104,The downside is my picture’s been all over the media and now my movement is limited. So I could use some help.” “Why don’t you just go blond?” “I’ve been blond. When I go blond I look like I should be singing with the Village People.,,,
q01304,top2006:7008,3095104,1,26,https://www.goodreads.com/work/quotes/3095104,"I’m going out for muffins.” “Give me five minutes to get my shoes on.” “I don’t have five minutes,” I said. “I have things to do. I’ve got the panic button. I’ll be fine. I’ll bring a muffin back for you. What do you want, zucchini, no fat, no sugar, extra bran?” I turned to go and Ranger scooped me up and carried me into the bedroom and tossed me onto the bed. “Five minutes,” he said, lacing his shoes. I lay there spread-eagle, waiting for him. “Very macho,” I said. He grabbed my hand and yanked me to my feet. “Sometimes you try my patience.",,,
q01305,top2006:7008,3095104,1,27,https://www.goodreads.com/work/quotes/3095104,"He wrapped his hand around my wrist, pulled me to him, and kissed me. The kiss was warm and short.",,,
q01306,top2006:7008,3095104,1,28,https://www.goodreads.com/work/quotes/3095104,"Ranger was probably riding the wind, looking for the guy. And any well-adjusted person would walk away and let Ranger do his thing. Unfortunately, I wasn’t that well adjusted.",,,
q01307,top2006:7008,3095104,1,29,https://www.goodreads.com/work/quotes/3095104,"I was in no rush to get back to the funeral parlor, so I called Ranger again. “Hi,” I said to his answering service. “It’s me. Things are looking up. Your wife is tailing me, but she hasn’t shot at me yet today, so that’s a good thing, right? And you need to answer your damn phone calls.",,,
q01308,top2007:4821,5725966,1,0,https://www.goodreads.com/work/quotes/5725966,A man that flies from his fear may find that he has only taken a short cut to meet it.,,,
q01309,top2007:4821,5725966,1,2,https://www.goodreads.com/work/quotes/5725966,I will not walk backward in life.,,,
q01310,top2007:4821,5725966,1,3,https://www.goodreads.com/work/quotes/5725966,Let the unseen days be. Today is more than enough.,,,
q01311,top2007:4821,5725966,1,4,https://www.goodreads.com/work/quotes/5725966,"For victory is victory, however small, nor is its worth only from what follows from it.",,,
q01312,top2007:4821,5725966,1,5,https://www.goodreads.com/work/quotes/5725966,"The doom lies in yourself, not in your name.",,,
q01313,top2007:4821,5725966,1,7,https://www.goodreads.com/work/quotes/5725966,"On their deathbed men will speak true, they say.",,,
q01314,top2007:4821,5725966,1,8,https://www.goodreads.com/work/quotes/5725966,"But whenever I say that I will do this or that, it looks very different when the time comes.",,,
q01315,top2007:4821,5725966,1,9,https://www.goodreads.com/work/quotes/5725966,"Then Morgoth stretching out his long arm towards Dor-lomin cursed Hurin and Morwen and their offspring, saying: 'Behold! The shadow of my thought shall lie upon them wherever they go, and my hate shall pursue them to the ends of the world.",,,
q01316,top2007:4821,5725966,1,11,https://www.goodreads.com/work/quotes/5725966,Perhaps it is better not to tell what you wish. if you cannot have it.,,,
q01317,top2007:4821,5725966,1,12,https://www.goodreads.com/work/quotes/5725966,Grief is a hone to a hard mind.,,,
q01318,top2007:4821,5725966,1,14,https://www.goodreads.com/work/quotes/5725966,"Give with a free hand, but give of your own.",,,
q01319,top2007:4821,5725966,1,15,https://www.goodreads.com/work/quotes/5725966,"If I stayed beside you, love would lead me, not wisdom",,,
q01320,top2007:4821,5725966,1,16,https://www.goodreads.com/work/quotes/5725966,"He says that we have learned nearly all that we know from them, and have been made a nobler people; and he says that the Men that have lately come over the Mountains are hardly better than Orcs.'That is true', answered Sador; 'true at least of some of us. But the up-climbing is painful, and from high places it is easy to fall low.",,,
q01321,top2007:4821,5725966,1,17,https://www.goodreads.com/work/quotes/5725966,"Many a man of arms misreads patience and quiet. She did much good among us at much cost. Her heart was not faint, and patience will break at the last.",,,
q01322,top2007:4821,5725966,1,18,https://www.goodreads.com/work/quotes/5725966,"Master of the Dark Shadow. For I also, Niniel, had my darkness, in which dear things were lost; but now I have overcome it, I deem.",,,
q01323,top2007:4821,5725966,1,19,https://www.goodreads.com/work/quotes/5725966,This was the first of the sorrows of Turin.,,,
q01324,top2007:4821,5725966,1,20,https://www.goodreads.com/work/quotes/5725966,"He was dark-haired as his mother, and promised to be like her in mood also; for he was not merry, and spoke little, though he learned to speak early and ever seemed older than his years. Túrin was slow to forget injustice or mockery; but the fire of his father was also in him, and he could be sudden and fierce. Yet he was quick to pity, and the hurts or sadness of living things might move him to tears.",,,
q01325,top2007:4821,5725966,1,21,https://www.goodreads.com/work/quotes/5725966,"But to this Orc-work such a life as we lead has brought us. Lawless and fruitless all our deeds have been, serving only ourselves, and feeding hate in our hearts.",,,
q01326,top2007:4821,5725966,1,22,https://www.goodreads.com/work/quotes/5725966,"For a man may love war, and yet dread many things.",,,
q01327,top2007:4821,5725966,1,23,https://www.goodreads.com/work/quotes/5725966,"Not fitting is it that the Elder Children of Ilúvatar should wed the Younger; nor is it wise, for they are brief, and soon pass, to leave us in widowhood while the world lasts. Neither will fate suffer it, unless it be once or twice only, for some high cause of doom that we do not perceive. But this man is not Beren, even if he be both as fair and as brave. A doom lies on him; a dark doom. Enter not into it! And if you will, your love shall betray you to bitterness and death.",,,
q01328,top2007:4821,5725966,1,26,https://www.goodreads.com/work/quotes/5725966,"You speak as a friend of Túrin son of Húrin?’ said Thingol. ‘I was, but I have loved truth more and longer,’ Mablung answered.",,,
q01329,top2007:4821,5725966,1,27,https://www.goodreads.com/work/quotes/5725966,"Marrer of Middle-earth, would that I might see you face to face, and mar you as my lord Fingolfin did!",,,
q01330,top2007:4821,5725966,1,28,https://www.goodreads.com/work/quotes/5725966,"Ever will some new evil be hatched in Angband beyond the guess of Elves and Men,",,,
q01331,top2007:4821,5725966,1,29,https://www.goodreads.com/work/quotes/5725966,"...fear both the heat and the cold of your heart, and strive for patience, if you can.",,,
q01332,top2007:4821,5725966,2,1,https://www.goodreads.com/work/quotes/5725966?page=2,"As to the fate of Men,' said Sador, 'you must ask those that are wiser than Labadal. But as all can see, we weary soon and die; and by mischance many meet death even sooner.",,,
q01333,top2007:4821,5725966,2,2,https://www.goodreads.com/work/quotes/5725966?page=2,"Great heart!' said Turambar. 'Happy was the choice that took you for a helper!' But even as he spoke, a great stone hurtled from above and smote Hunthor on the head, and he fell into the water, and so ended: not the least valiant of the House of Haleth. Then Turambar cried: Alas! It is ill to walk in my shadow! Why did I seek aid? For now you are alone, O Master of Doom, as you should have known it must be. Now conquer alone!",,,
q01334,top2007:4821,5725966,2,4,https://www.goodreads.com/work/quotes/5725966?page=2,"she was afraid, as much of the great pillared hall and the roof of stone as of the company of many eyes that watched her. And when Thingol bade her speak, she said: ‘Lord, I was sitting in a tree’; but then she faltered in awe of the King, and could say no more. At that the King smiled, and said: ‘Others have done this also, but have felt no need to tell me of it.",,,
q01335,top2007:4821,5725966,2,6,https://www.goodreads.com/work/quotes/5725966?page=2,"A darkness lies behind us; and we have turned our backs on it, and we do not desire to return thither even in thought. Westwards our hearts have been turned, and we believe that there we shall find Light.",,,
q01336,top2007:4821,5725966,2,8,https://www.goodreads.com/work/quotes/5725966?page=2,"There they came near to death, for winter came cold from the North; but not so light was Túrin’s doom. Even as they lay in despair they heard a horn sounded. Beleg the Strong-bow was hunting in that region, for he dwelt ever on the marches of Doriath, and he was the greatest woodsman of those days. He heard their cries and came to them, and when he had given them food and drink he learned their names and whence they came, and he was filled with wonder and pity. And he looked with liking upon Túrin, for he had the beauty of his mother and the eyes of his father, and he was sturdy and strong.",,,
q01337,top2007:4821,5725966,2,10,https://www.goodreads.com/work/quotes/5725966?page=2,"Then Mablung said to his company: ‘Truly, it is by lack of counsel not of courage that Húrin’s kin bring woe to others!",,,
q01338,top2007:4821,5725966,2,12,https://www.goodreads.com/work/quotes/5725966?page=2,"yet, and Mîm added to what they had. Three great cooking-pots",,,
q01339,top2007:4821,5725966,2,13,https://www.goodreads.com/work/quotes/5725966?page=2,"Now that he had his way, and all went well, and he had work to do after his heart, and had honour in it, he was courteous to all, and less grim than of old, so that well nigh all hearts were turned to him; and many called him Adanedhel, the Elf-man.",,,
q01340,top2007:4821,5725966,2,14,https://www.goodreads.com/work/quotes/5725966?page=2,"This book is thus primarily addressed to such readers as may perhaps recall that the hide of Shelob was so horrendously hard that it ‘could not be pierced by any strength of men, not though Elf or Dwarf should forge the steel or the the children of húrin hand of Beren or of Túrin wield it’, or that Elrond named Túrin to Frodo at Rivendell as one of ‘the mighty Elf-friends of old’; but know no more of him.",,,
q01341,top2007:4821,5725966,2,15,https://www.goodreads.com/work/quotes/5725966?page=2,"When my father was a young man, during the years of the First World War and long before there was any inkling of the tales that were to form the narrative of The Hobbit or The Lord of the Rings, he began the writing of a collection of stories that he called The Book of Lost Tales. That was his first work of imaginative literature, and a substantial one, for though it was left unfinished there are fourteen completed tales. It was in The Book of Lost Tales that there first appeared in narrative the Gods, or Valar; Elves and Men as the Children of Ilúvatar (the Creator); Melkor-Morgoth the great Enemy; Balrogs and Orcs; and the lands in which the Tales are set, Valinor ‘land of the Gods’ beyond the western ocean, and the ‘Great Lands’ (afterwards called ‘Middle-earth’, between the seas of east and west).",,,
q01342,top2007:4821,5725966,2,18,https://www.goodreads.com/work/quotes/5725966?page=2,"Melian was a Maia, a spirit of great power who took human form and dwelt in the forests of Beleriand with King Thingol: she was the mother of Lúthien, and the foremother of Elrond.",,,
q01343,top2007:4821,5725966,2,19,https://www.goodreads.com/work/quotes/5725966?page=2,Malice that wakes in the morning is the mirth of Morgoth ere night.,,,
q01344,top2007:4821,5725966,2,22,https://www.goodreads.com/work/quotes/5725966?page=2,"Then Morwen bade farewell to Húrin without tears; and she said: ‘I will guard what you leave in my keeping, both what is and what shall be.",,,
q01345,top2007:4821,5725966,2,23,https://www.goodreads.com/work/quotes/5725966?page=2,"We spend our waning strength to no avail. For till we be sure where the Dragon will pass, it is vain to climb.’ ‘But",,,
q01346,top2007:4821,5725966,2,24,https://www.goodreads.com/work/quotes/5725966?page=2,I have some counsel for hardy hearts.’ The,,,
q01347,top2007:4821,5725966,2,27,https://www.goodreads.com/work/quotes/5725966?page=2,If in days to come you remember the words of Melian,,,
q01348,top2007:4821,5725966,2,28,https://www.goodreads.com/work/quotes/5725966?page=2,"And now you shall know him: a stabber in the dark, treacherous to foes, faithless to friends, and a curse unto his kin, Turin sone of Hurin! But the worst of all his deeds you shall feel in yourself.",,,
q01349,top2007:4821,5725966,2,29,https://www.goodreads.com/work/quotes/5725966?page=2,"I also have been meshed in the doom of the Children of Hurin, and thus with words have slain one that I loved.",,,
q01350,top2007:1506,3357637,1,0,https://www.goodreads.com/work/quotes/3357637,Adolescents were the most wretched humans of all.,,,
q01351,top2007:1506,3357637,1,1,https://www.goodreads.com/work/quotes/3357637,"Mirror, mirror on the wall, I am my mother after all.",,,
q01352,top2007:1506,3357637,1,2,https://www.goodreads.com/work/quotes/3357637,Anyone who says they know what I’ll do next is full of shit ’cause even I don’t know what I’ll do next.,,,
q01353,top2007:1506,3357637,1,3,https://www.goodreads.com/work/quotes/3357637,Death is more universal than life; everyone dies but not everyone lives.”—A. Sachs,,,
q01354,top2007:1506,3357637,1,5,https://www.goodreads.com/work/quotes/3357637,would have done it. He had his chance in the alleyway.,,,
q01355,top2007:1506,3357637,1,6,https://www.goodreads.com/work/quotes/3357637,"The taxi was a V-6. Good, I’d probably need all of that. I clicked off the radio and AC to funnel extra power.",,,
q01356,top2007:1506,3357637,1,7,https://www.goodreads.com/work/quotes/3357637,to tell about that for sure yet.,,,
q01357,top2007:4327,614327,1,0,https://www.goodreads.com/work/quotes/614327,"Find something to believe in, Carter, other than your work. Because when you leave this life, you leave work behind. If that’s all you have, then you have nothing. And eternity is a long time for nothing.",,,
q01358,top2007:4327,614327,1,1,https://www.goodreads.com/work/quotes/614327,"chauffeur of three, including a precocious, independent-minded teenage boy.",,,
q01359,top2007:4327,614327,1,2,https://www.goodreads.com/work/quotes/614327,that are not owned by the publisher.,,,
q01360,top2007:4327,614327,1,3,https://www.goodreads.com/work/quotes/614327,"the others Caleb said, “Oliver, you’re not",,,
q01361,top2007:4327,614327,1,4,https://www.goodreads.com/work/quotes/614327,"There were sixteen hundred officers on the Capitol police force to guard roughly one square mile of land. It was a ratio any other city would have killed for. Congress liked to feel safe, and it did control the purse strings. And",,,
q01362,top2007:4327,614327,1,5,https://www.goodreads.com/work/quotes/614327,"Then the man himself appeared. Carter Gray was looking chunkier than usual. From his sniper’s post Stone instantly discerned why: body armor. That didn’t bother Stone in the slightest since, as he’d told Finn, he always aimed for the head. People couldn’t survive without a brain. Although it did seem that more than a few people in Washington managed to do so quite nicely.",,,
q01363,top2007:4327,614327,1,6,https://www.goodreads.com/work/quotes/614327,"Life is what it is, Alex. You just have to accept it, because you have no other choice.",,,
q01364,top2007:6087,1872234,1,0,https://www.goodreads.com/work/quotes/1872234,we’d become so adept at meeting our individual needs and wants that we’d forgotten the point: that we were supposed to be putting each other first.,,,
q01365,top2007:4316,1384747,1,0,https://www.goodreads.com/work/quotes/1384747,"When it rains cats, it pours kittens too,",,,
q01366,top2007:4316,1384747,1,1,https://www.goodreads.com/work/quotes/1384747,Don't you just hate it when you go to a friend's funeral and you get kidnapped?,,,
q01367,top2007:4316,1384747,1,2,https://www.goodreads.com/work/quotes/1384747,"whenever Maeve would mention another foster case or needy child she’d heard about and say, “What’s another pound on an elephant?",,,
q01368,top2007:4316,1384747,1,3,https://www.goodreads.com/work/quotes/1384747,That’s when I realized she hadn’t really left for good. She’d just gone on ahead a little.,,,
q01369,top2007:4316,1384747,1,4,https://www.goodreads.com/work/quotes/1384747,"I won’t lie to you. I can’t say why God would take her now. But if the fact that she was sent here among us doesn’t point toward a loving God, then I can’t help you.",,,
q01370,top2007:4316,1384747,1,5,https://www.goodreads.com/work/quotes/1384747,"We Irish don’t always succeed, but we’re pretty decent at grinding it out.",,,
q01371,top2007:4316,1384747,1,6,https://www.goodreads.com/work/quotes/1384747,One thing Eileen had taught me by her example was that you get up and put your clothes on and do what you can do until the day you don’t get up.,,,
q01372,top2007:4316,1384747,1,7,https://www.goodreads.com/work/quotes/1384747,"Trent and Shawna are African American; Ricky and Julia, Hispanic; and Jane is Korean.",,,
q01373,top2007:4316,1384747,1,8,https://www.goodreads.com/work/quotes/1384747,"Bennett clan—Chrissy, three; Shawna, four; Trent, five; twins Fiona and Bridget, seven; Eddie, eight; Ricky, nine; Jane, ten; Brian, eleven; and Juliana, twelve—all dressed in their Sunday best and walking in size order behind me, could do the trick.",,,
q01374,top2007:4316,1384747,1,13,https://www.goodreads.com/work/quotes/1384747,"Elisabeth Kübler-Ross’s famous book On Death and Dying. It described the stages in the death process: denial, anger, bargaining, depression, acceptance.",,,
q01375,top2007:4316,1384747,1,18,https://www.goodreads.com/work/quotes/1384747,"Remember when you changed me forever,” I whispered in Maeve’s ear.",,,
q01376,top2007:4316,1384747,1,19,https://www.goodreads.com/work/quotes/1384747,"Remember when that huge, homeless, toothless man you brought in hugged you?” Maeve said with a hard laugh. “What did he say? ‘You ain’t like those other jive turkeys, man. You care.’” “No,” I said, laughing with her now. “He said, ‘Man, you’re the nicest damn honky I ever met.",,,
q01377,top2007:4316,1384747,1,20,https://www.goodreads.com/work/quotes/1384747,"ESU lieutenant Steve Reno has the tactical lead. Commander Will Matthews, our team commander, has the final word.",,,
q01378,top2007:4316,1384747,1,21,https://www.goodreads.com/work/quotes/1384747,Paul Martelli. Crisis Negotiation Unit. The special agent in charge sent us up from Twenty-six Fed to give you guys a hand if we can.,,,
q01379,top2007:4316,1384747,1,22,https://www.goodreads.com/work/quotes/1384747,"It’s done, Julio,” he said. “She’s dead. Now get the hell out of there. You killed Caroline Hopkins. Congratulations.",,,
q01380,top2008:2818,1470370,1,0,https://www.goodreads.com/work/quotes/1470370,"Maybe that's what it all comes down to. Love, not as a surge of passion, but as a choice to commit to something, someone, no matter what obstacles or temptations stand in the way. And maybe making that choice, again and again, day in and day out, year after year, says more about love than never having a choice to make at all.",,,
q01381,top2008:2818,1470370,1,1,https://www.goodreads.com/work/quotes/1470370,"...love is the sum of our choices, the strength of our commitments, the ties that bind us together.",,,
q01382,top2008:2818,1470370,1,2,https://www.goodreads.com/work/quotes/1470370,Change can be good but its always tough to let go of the past,,,
q01383,top2008:2818,1470370,1,3,https://www.goodreads.com/work/quotes/1470370,"He nods, as if to acknowledge that endings are almost always a little sad, even when there is something to look forward to on the other side.",,,
q01384,top2008:2818,1470370,1,4,https://www.goodreads.com/work/quotes/1470370,True love is supposed to make you into a better person-uplift you.,,,
q01385,top2008:2818,1470370,1,6,https://www.goodreads.com/work/quotes/1470370,"I miss us, too. I always have, and probably always will",,,
q01386,top2008:2818,1470370,1,7,https://www.goodreads.com/work/quotes/1470370,"A son is a son 'til he gets a wife, but a daughter is a daughter all her life.",,,
q01387,top2008:2818,1470370,1,8,https://www.goodreads.com/work/quotes/1470370,"I think of how life takes unexpected twists and turns, sometimes through sheer happenstance, sometimes through calculated decisions. In the end, it can all be called fate, but to me, it is more a matter of faith.",,,
q01388,top2008:2818,1470370,1,10,https://www.goodreads.com/work/quotes/1470370,Love as a verb. Love as a commitment.,,,
q01389,top2008:2818,1470370,1,11,https://www.goodreads.com/work/quotes/1470370,"How different this moment feels, for so many reasons. I tell myself that no two loves are identical - but that I don't have to compare anymore.",,,
q01390,top2008:2818,1470370,1,13,https://www.goodreads.com/work/quotes/1470370,"i wish i could freeze this moment, somehow delay my final decision, and just hang here in the balance between two places, two worlds, two loves.",,,
q01391,top2008:2818,1470370,1,14,https://www.goodreads.com/work/quotes/1470370,Did she ever regret her choices? Were her decisions more clear-cut than mine - or are there always shades of gray whe it comes to matters of the heart?,,,
q01392,top2008:2818,1470370,1,15,https://www.goodreads.com/work/quotes/1470370,What appeals to you the most is the very thing that will drive you crazy,,,
q01393,top2008:2818,1470370,1,16,https://www.goodreads.com/work/quotes/1470370,"My head spins as I glance away, refusing to get sucked back into his gaze when so much is at risk.",,,
q01394,top2008:2818,1470370,1,18,https://www.goodreads.com/work/quotes/1470370,"He threw in the towel before we were tested. Maybe because he didn't want to be tested. Maybe because he assumed we would fail. Maybe because, at the time, he just didn't love me enough.",,,
q01395,top2008:2818,1470370,1,19,https://www.goodreads.com/work/quotes/1470370,"After all, I think, isn't it always about a boy?",,,
q01396,top2008:2818,1470370,1,20,https://www.goodreads.com/work/quotes/1470370,"Despite the fact that I have no regrets about how things turned out in my life, I still can't help wanting to understand my intense relationship with Leo, as well as that turbulent time between adolescence and adulthood when everything feels raw and invigorating and scary-and why those feelings are all coming back to me now.",,,
q01397,top2008:2818,1470370,1,21,https://www.goodreads.com/work/quotes/1470370,"The mind-blowing, ridiculous sex which was the stuff of both poetry and porn - so unlike anything else I had ever experienced before.",,,
q01398,top2008:2818,1470370,1,22,https://www.goodreads.com/work/quotes/1470370,"And although one broken heart doesn't make me an expert in the subject, I believe you need both things - time and an emotional replacement - to fully mend one.",,,
q01399,top2008:2818,1470370,1,23,https://www.goodreads.com/work/quotes/1470370,"[The] maid of honor - the unambiguous, grown-up equivalent of wearing best friend necklaces.",,,
q01400,top2008:2818,1470370,1,24,https://www.goodreads.com/work/quotes/1470370,"There are two kinds of sorry. There is the sorry imbued with regret. And a pure sorry. The kind that is merely asking for forgiveness, nothing more.",,,
q01401,top2008:2818,1470370,1,25,https://www.goodreads.com/work/quotes/1470370,"It's simply human nature to have an occasional, fleeting interest in someone whom you once loved.",,,
q01402,top2008:2818,1470370,1,26,https://www.goodreads.com/work/quotes/1470370,You don't have to talk to someone to think about them and check up on them now and again.,,,
q01403,top2008:2818,1470370,1,27,https://www.goodreads.com/work/quotes/1470370,"It was the same night I gave myself to him completely, knowing that I would belong to him for as long as he wanted to keep me. And, as it turned out, even longer than that.",,,
q01404,top2008:2818,1470370,1,28,https://www.goodreads.com/work/quotes/1470370,"Instead of relief or gratitude, more guilt washes over me. Andy's certainly not faultless - no one ever is in a marriage",,,
q01405,top2008:2818,1470370,1,29,https://www.goodreads.com/work/quotes/1470370,"Sweetened ice tea is one of the things I love about the South, right up there with homemade biscuits and cheese grits.",,,
q01406,top2008:4835,3132696,1,0,https://www.goodreads.com/work/quotes/3132696,Sometimes the hardest part of the journey is believing you're worthy of the trip.,,,
q01407,top2008:4835,3132696,1,1,https://www.goodreads.com/work/quotes/3132696,Most times we're so focused on what we think we want that we can't appreciate how happy we already are. It's only when we forget about our problems and help others forget theirs that we realize how good we really have it.,,,
q01408,top2008:4835,3132696,1,2,https://www.goodreads.com/work/quotes/3132696,"When you choose the path, you choose the destination.",,,
q01409,top2008:4835,3132696,1,3,https://www.goodreads.com/work/quotes/3132696,"Everyone wants to feel loved, but when all you feel is alone it's tough to accomplish anything else.",,,
q01410,top2008:4835,3132696,1,4,https://www.goodreads.com/work/quotes/3132696,Sometimes our strengths are also our weaknesses. Sometimes to be strong you have to first be weak. You have to share your burdens; you have to lean on other people while you face your problems and yourself.,,,
q01411,top2008:4835,3132696,1,5,https://www.goodreads.com/work/quotes/3132696,Everyone needs a place where they can go to just ponder for a while. Silence is important; it's the only time you can hear the whispering of truth.,,,
q01412,top2008:4835,3132696,1,6,https://www.goodreads.com/work/quotes/3132696,"You can either complain about how hard your life is, or you can realize that only you are responsible for it.",,,
q01413,top2008:4835,3132696,1,7,https://www.goodreads.com/work/quotes/3132696,"God thank you for everything you've given us. For the time we have together. And for the miracle of Christmas. Thank you for the Atonement, the chance to start all over again. Help us to always remember who we are and to trust that we are worthy to make it through our storms. Amen>",,,
q01414,top2008:4835,3132696,1,8,https://www.goodreads.com/work/quotes/3132696,"I collapsed to my knees and looked up at the predawn sky. ""I hate you,"" I said softly.""I love you,"" the voice whispered back.",,,
q01415,top2008:4835,3132696,1,9,https://www.goodreads.com/work/quotes/3132696,"I considered him and felt the now familiar crush of emotions weighing on me, begging me to cave in and fall into his strong arms.I pushed back with every ounce of energy I had left. Every time I trusted someone, I got hurt. Every time I let go, I was let down. Not again. I would drive them away before the left.",,,
q01416,top2008:4835,3132696,1,10,https://www.goodreads.com/work/quotes/3132696,"If you treat an animal right, they don't run away. They're not like us. They run away from people they don't trust; most times we run away from ourselves.",,,
q01417,top2008:4835,3132696,1,11,https://www.goodreads.com/work/quotes/3132696,"I wonder sometimes how many of us don't face ourselves because we are convinced that we're only worthy of only a certain level of happiness. We are limited by our imaginations and thoughts of worthiness and joy. We become comfortable in our misery because it is all we know. Or maybe it's just that we don't look for the ""real"" us because we are afraid that there isn't any real us to find.",,,
q01418,top2008:4835,3132696,1,12,https://www.goodreads.com/work/quotes/3132696,"The government,"" he told me one night, ""is there to act as a safety net, not a candy machine.",,,
q01419,top2008:4835,3132696,1,13,https://www.goodreads.com/work/quotes/3132696,"People probably ask you all the time what you want to be when you grow up, but that's the wrong question, isn't it? That is like saying this horse is a workhorse, instead of saying what she really is: good, gentle and faithful. See the difference? The 'what' doesn't matter. The question people should really ask is, WHO do you want to be when you grown up?",,,
q01420,top2008:4835,3132696,1,14,https://www.goodreads.com/work/quotes/3132696,"I said, “Mom…” “Yes?” “Thank you for all you do for me. For how much you work and change your schedule to be with me.” “How did you know I did that?” “I just don’t say thank you enough.” She looked at me and her eyes filled. “Do you know why I do it, Eddie?” “Why?” “Because you’re my greatest joy, Eddie. You’re my joy.",,,
q01421,top2008:4835,3132696,1,16,https://www.goodreads.com/work/quotes/3132696,"You don't have to move past it, but you do have to move through it.",,,
q01422,top2008:4835,3132696,1,17,https://www.goodreads.com/work/quotes/3132696,"The world isn't against you, Eddie,"" he continued. ""You are against you. You have to realize that no one is meant to carry the load alone. We're all in this together. Once you realize that you can ask for help, your whole world will change.",,,
q01423,top2008:5420,3811636,1,0,https://www.goodreads.com/work/quotes/3811636,"Look, don't just stare at the pages,"" I used to tell my students. ""Become the characters. Live inside the book.",,,
q01424,top2008:5420,3811636,1,1,https://www.goodreads.com/work/quotes/3811636,"The seeker embarks on a journey to find what he wants and discovers, along the way, what he needs.",,,
q01425,top2008:5420,3811636,1,2,https://www.goodreads.com/work/quotes/3811636,A woman who surrenders her freedom need not surrender her dignity.,,,
q01426,top2008:5420,3811636,1,3,https://www.goodreads.com/work/quotes/3811636,"I don't know. Maybe we're all chaos theorists. Lovers of pattern and predictability, we're scared shitless of explosive change. But we're fascinated by it, too. Drawn to it. Travelers tap their brakes to ogle the mutilation and mangled metal on the side of the interstate, and the traffic backs up for miles. Hijacked planes crash into skyscrapers, breached levees drown a city, and CNN and the networks rush to the scene so that we can all sit in front of our TVs and feast on the footage. Stare, stunned, at the pandemonium--the devils let loose from their cages.",,,
q01427,top2008:5420,3811636,1,4,https://www.goodreads.com/work/quotes/3811636,"that's the funny thing about mazes: what's baffling on the ground begins to makes sense when you can begin to rise above it, the better to understand your history and fix yourself"". (p. 717)",,,
q01428,top2008:5420,3811636,1,5,https://www.goodreads.com/work/quotes/3811636,"Most helpful, Mr. Caelum,"" she said. ""Very, very useful information. And now, shall we hear from Saint Augustine?""I shrugged. ""Why not?"" I saidDr. P read from a blood-red leather book. ""My soul was a burden, bruised and bleeding. It was tired of the man who carried it, but I found no place to set it down to rest. Neither the charm of the countryside nor the sweet scents of a garden could soothe it. It found no peace in song or laughter, none in the company of friends at table or in the pleasures of love, none even in books or poetry.... Where could my heart find refuge from itself? Where could I go, yet leave myself behind?""She closed the book, then reached across the table and took Maureen's hand in hers. ""Does that passage speak to you?"" she asked. Mo nodded and began to cry. ""And so, Mr. Caelum, good-bye.""Because the passage had spoken to me, too, it took me a few seconds to react. ""Oh,"" I said. ""You want me to leave?""""I do. Yes, yes.",,,
q01429,top2008:5420,3811636,1,6,https://www.goodreads.com/work/quotes/3811636,So many bad things have happened to them that they can't trust the good things. They have to shove them away before someone can get it back.,,,
q01430,top2008:5420,3811636,1,7,https://www.goodreads.com/work/quotes/3811636,"sometimes when you go looking for what you want, you run right into what you need.",,,
q01431,top2008:5420,3811636,1,8,https://www.goodreads.com/work/quotes/3811636,"It's like there's this wave coming toward me, but there's nothing I can do about it. And then it reaches me, crashes over me and...and I'm done for another day. I just give up. Give in to it. Because how do you stop a wave?You don't. And you're wise to recognize your powerlessness to do so. But what you can do is learn how to negotiate this wave. Work within the context of its inevitability.",,,
q01432,top2008:5420,3811636,1,9,https://www.goodreads.com/work/quotes/3811636,Sarcasm is a suit of armor.,,,
q01433,top2008:5420,3811636,1,10,https://www.goodreads.com/work/quotes/3811636,I wasn't a cynic; I was a banged-up realist.,,,
q01434,top2008:5420,3811636,1,11,https://www.goodreads.com/work/quotes/3811636,"...""I love you"" was just three meaningless words without the actions that went with them",,,
q01435,top2008:5420,3811636,1,13,https://www.goodreads.com/work/quotes/3811636,"It just wasn't for me, and anyway, those people were a lot more far gone than I was. More in my father's league than mine. I just cut back a little. Less beer and liquor, more jogging. I was fine.",,,
q01436,top2008:5420,3811636,1,14,https://www.goodreads.com/work/quotes/3811636,"I do believe that there's life after love, and also that there is love, still, after a life is over.",,,
q01437,top2008:5420,3811636,1,15,https://www.goodreads.com/work/quotes/3811636,"...there was no shorthand for ""I'm sorry."" You were obliged to speak those two words.",,,
q01438,top2008:5420,3811636,1,16,https://www.goodreads.com/work/quotes/3811636,"Zinnia always wants to hug me and pat me because she has a boy my same age named Melvin. I said maybe some day Melvin could come play at our farm, and I could bring him to the maze and show him the shortcuts. Zinnia started crying. That’s when I seen that she has freckles.",,,
q01439,top2008:5420,3811636,1,17,https://www.goodreads.com/work/quotes/3811636,"The non-jocks, the readers, the gay kids, the ones starting to stew about social injustice: for these kids, ""letting your freak flag fly"" is both self discovery and self defense. You cry for this bunch at the mandatory pep assemblies. Huddled together, miserably, in the upper reaches of the bleachers, wearing their oversized raincoats and their secondhand Salvation Army clothes, they stare down at the school-sanctioned celebration of the A list students. They know bullying, these kids--especially the ones who frefuse to exist under the radar. They're tripped in the hallway, shoved against lockers, pelted with Skittles in the lunchroom. For the most part, their tormentors are stealth artists.The freaks know where there's refuge: I the library, the theater program, art class, creative writing.",,,
q01440,top2008:5420,3811636,1,18,https://www.goodreads.com/work/quotes/3811636,"God, that’s always the thing you have to decide with high school kids: what to make an issue of, what to let go.",,,
q01441,top2008:5420,3811636,1,19,https://www.goodreads.com/work/quotes/3811636,"We lived, lulled, on the fault line of chaos. Change could come explosively, and out of nowhere.",,,
q01442,top2008:5420,3811636,1,20,https://www.goodreads.com/work/quotes/3811636,Vicarious traumatization. It can happen to those who bear secondary witness to the traumas of others.,,,
q01443,top2008:5420,3811636,1,21,https://www.goodreads.com/work/quotes/3811636,"Our ancestors move along with us, in underground rivers and springs too deep for chaos to reach.",,,
q01444,top2008:5420,3811636,1,22,https://www.goodreads.com/work/quotes/3811636,For all I know God may be nothing more or nothing less than the sound of the moving water outside your window.,,,
q01445,top2008:5420,3811636,1,23,https://www.goodreads.com/work/quotes/3811636,"What if, that afternoon in my office, I had stood and risked fatherhood? Offered him a pair of sheltering arms? Would it have been enough to keep him from going down there and doing what he did? What if? What if? What if? ...",,,
q01446,top2008:5420,3811636,1,24,https://www.goodreads.com/work/quotes/3811636,"... you know what was really messing me up when I got down there to Pittsburgh? Was how young he seemed. He kept asking me things like what did I think of Kanye West's music, and did I think he should hold on to Kevin Garnett in this fantasy basketball league he was in or trade him. And how he wasn't just in this league; he was commissioner of it. Like that was some big mark of distinction: commissioner of make-believe. And I wanted to slam him, one-handed, against the wall, the way he used to do to me, and scream in his face, 'Stop it! Act your age!' ... I didn't do it, though. I wanted to, but I couldn't. 'Honor thy father,' you know what I'm saying? So instead, I grabbed my car keys, got out of there, and took off. It was messing with my head, you know? You get out of there alive, more or less, wait for your father to come see you at the hospital you're stuck at, and when you finally go to see him, he's younger than you are.",,,
q01447,top2008:5420,3811636,1,25,https://www.goodreads.com/work/quotes/3811636,"What fools men are, and what an evil thing is war.",,,
q01448,top2008:5420,3811636,1,26,https://www.goodreads.com/work/quotes/3811636,"Explosive bifurcation is the sudden transition that wrenches the system out of one order, and into another.",,,
q01449,top2008:5420,3811636,1,27,https://www.goodreads.com/work/quotes/3811636,"He who goes questing for what he wants may discover, along the way, what he needs.",,,
q01450,top2008:5420,3811636,1,28,https://www.goodreads.com/work/quotes/3811636,"neurology, and endocrinology of rage—about how, as I reached for that wrench, my hypothalamus was instant-messaging my adrenal glands to secrete cortisol and adrenaline. How stored fat was dumping into my bloodstream for an energy turbocharge. How my heart was pumping overtime, sending a surge of blood to my muscles and lungs in preparation for what that instructional video called “the evolutionary miracle of fight-or-flight.” That morning, I saw Hay and took the former option.",,,
q01451,top2008:1198,6634474,1,0,https://www.goodreads.com/work/quotes/6634474,Who but the devil lives like a king in the middle of hell,,,
q01452,top2008:1198,6634474,1,1,https://www.goodreads.com/work/quotes/6634474,"The hardest mysteries to solve are the ones you come to near the end, because there isn't enough evidence, not enough to unravel, unless somehow you can go all the way back to the beginning - rewind and replay everything.",,,
q01466,top2009:4576,3656764,1,0,https://www.goodreads.com/work/quotes/3656764,"You’re not ready. You’re not ready, because you’re not angry, Baxter. You must reach a point where you’re angry at your old self, your old life, your addictions. You have to hate the way you were, and when this hatred and anger consumes you, then you’ll have the determination not to go back there.",,,
q01467,top2009:4576,3656764,1,1,https://www.goodreads.com/work/quotes/3656764,"I needed forgiveness, because there were lots of sins in my past. I needed peace, because I’d been at war my entire life. I needed love, because I hated everybody. I needed strength, because deep inside I knew how weak I was. I needed happiness, because I’d been miserable for so long.",,,
q01468,top2009:4576,3656764,1,3,https://www.goodreads.com/work/quotes/3656764,and told his father he would arrive in York late,,,
q01475,top2009:2091,3764682,1,0,https://www.goodreads.com/work/quotes/3764682,"It was one thing to make a mistake; it was another thing to keep making it. I knew what happened when you let yourself get close to someone, when you started to believe they loved you: you'd be disappointed. Depend on someone, and you might as well admit you're going to be crushed, because when you really needed them, they wouldn't be there. Either that, or you'd confide in them and you added to their problems. All you ever really had was yourself, and that sort of sucked if you were less than reliable.",,,
q01476,top2009:2091,3764682,1,1,https://www.goodreads.com/work/quotes/3764682,"When you love someone, you say their name different. Like it's safe inside your mouth.",,,
q01477,top2009:2091,3764682,1,2,https://www.goodreads.com/work/quotes/3764682,"I always hated when my scars started to fade, because as long as I could still see them, I knew why I was hurting.",,,
q01478,top2009:2091,3764682,1,3,https://www.goodreads.com/work/quotes/3764682,"People always say that, when you love someone, nothing in the world matters. But that's not true, is it? You know, and I know, that when you love someone, everything in the world matters a little bit more.",,,
q01479,top2009:2091,3764682,1,4,https://www.goodreads.com/work/quotes/3764682,"I think you can love a person too much.You put someone up on a pedestal, and all of a sudden, from that perspective, you notice what's wrong - a hair out of place, a run in a stocking, a broken bone. You spend all your time and energy making it right, and all the while, you are falling apart yourself. You don't even realize what you look like, how far you've deteriorated, because you only have eyes for someone else.",,,
q01480,top2009:2091,3764682,1,5,https://www.goodreads.com/work/quotes/3764682,"All any of us wanted, really, was to know that we counted. That someone else's life would not have been as rich without us here.",,,
q01481,top2009:2091,3764682,1,6,https://www.goodreads.com/work/quotes/3764682,Maybe you had to leave in order to really miss a place; maybe you had to travel to figure out how beloved your starting point was.,,,
q01482,top2009:2091,3764682,1,7,https://www.goodreads.com/work/quotes/3764682,"People ask all the time how I'm doing, but the truth is, they don't really want to know.",,,
q01483,top2009:2091,3764682,1,8,https://www.goodreads.com/work/quotes/3764682,"That's what happens to dreams, life gets in the way.",,,
q01484,top2009:2091,3764682,1,9,https://www.goodreads.com/work/quotes/3764682,"People always want to know what it feels like, so I’ll tell you: there’s a sting when you first slice, and then your heart speeds up when you see the blood, because you know you’ve done something you shouldn’t have, and yet you’ve gotten away with it. Then you sort of go into a trance, because it’s truly dazzling—that bright red line, like a highway route on a map that you want to follow to see where it leads. And—God—the sweet release, that’s the best way I can describe it, kind of like a balloon that’s tied to a little kid’s hand, which somehow breaks free and floats into the sky. You just know that balloon is thinking, Ha, I don’t belong to you after all; and at the same time, Do they have any idea how beautiful the view is from up here? And then the balloon remembers, after the fact, that it has a wicked fear of heights.When reality kicks in, you grab some toilet paper or a paper towel (better than a washcloth, because the stains don’t ever come out 100 percent) and you press hard against the cut. You can feel your embarrassment; it’s a backbeat underneath your pulse. Whatever relief there was a minute ago congeals, like cold gravy, into a fist in the pit of your stomach. You literally make yourself sick, because you promised yourself last time would be the last time, and once again, you’ve let yourself down. So you hide the evidence of your weakness under layers of clothes long enough to cover the cuts, even if it’s summertime and no one is wearing jeans or long sleeves. You throw the bloody tissues into the toilet and watch the water go pink before you flush them into oblivion, and you wish it were really that easy.",,,
q01485,top2009:2091,3764682,1,10,https://www.goodreads.com/work/quotes/3764682,"Things that break - be they bones, hearts, or promises - can be put back together but will never really be whole.",,,
q01486,top2009:2091,3764682,1,11,https://www.goodreads.com/work/quotes/3764682,"You know how sometimes, your life is so perfect you’re afraid for the next moment, because it couldn’t possibly be quite as good? That’s what it felt like.",,,
q01487,top2009:2091,3764682,1,12,https://www.goodreads.com/work/quotes/3764682,"What we all want, really, is to be loved. That craving drives our worst behavior.",,,
q01488,top2009:2091,3764682,1,13,https://www.goodreads.com/work/quotes/3764682,"What was wrong with me? I had a decent life. I was healthy. I wasn't starving or maimed by a land mine or orphaned. Yet somehow, it wasn't enough. I had a hole in me, and everything I took for granted slipped through it like sand.I felt like I had swallowed yeast, like whatever evil was festering inside me had doubled in size.",,,
q01489,top2009:2091,3764682,1,14,https://www.goodreads.com/work/quotes/3764682,"Was it the act of giving birth that made you a mother? Did you lose that label when you relinquished your child? If people were measured by their deeds, on the one hand, I had a woman who had chosen to give me up; on the other, I had a woman who'd sat up with me at night when I was sick as a child, who'd cried with me over boyfriends, who'd clapped fiercely at my law school graduation. Which acts made you more of a mother?Both, I realized. Being a parent wasn't just about bearing a child. It was about bearing witness to its life.",,,
q01490,top2009:2091,3764682,1,15,https://www.goodreads.com/work/quotes/3764682,"You can tell yourself that you would be willing to lose everything you have in order to get something you want. But it's a catch-22: all of those things you're willing to lose are what make you recognizable. Lose them, and you've lost yourself.",,,
q01491,top2009:2091,3764682,1,16,https://www.goodreads.com/work/quotes/3764682,"I told myself that if I didn't care, this wouldn't have hurt so much - surely that proved I was alive and human and all those touchy-feely things, for once and for all. But that wasn't a relief, not when I felt like a skyscraper with dynamite on every floor.",,,
q01492,top2009:2091,3764682,1,17,https://www.goodreads.com/work/quotes/3764682,"Here's a news flash for the ladies: for every one of you who thinks we all want a girl like Angelina Jolie, all skinny elbows and angles, the truth is, we'd rather curl up with someone like Charlotte - a woman who's soft when a guy wraps his arms around her; a woman who might have a smear of flour on her shirt the whole day and not notice or care, not even when she goes out to meet with the PTA; a woman who doesn't feel like an exotic vacation but is the home we can't wait to come back to.",,,
q01493,top2009:2091,3764682,1,18,https://www.goodreads.com/work/quotes/3764682,Doing the right thing for someone else occasionally means doing something that feels wrong to you.,,,
q01494,top2009:2091,3764682,1,19,https://www.goodreads.com/work/quotes/3764682,"Maybe you expected marriage to be perfect - I guess that's where you and I are different. See, I thought it would be all about making mistakes, but doing it with someone who's there to remind you what you learned along the way.",,,
q01495,top2009:2091,3764682,1,21,https://www.goodreads.com/work/quotes/3764682,People changed. Even the people you thought you knew as well as you knew yourself.,,,
q01496,top2009:2091,3764682,1,22,https://www.goodreads.com/work/quotes/3764682,"There were lies we told to save ourselves, and then there were lies we told to rescue others. What counted more, the mistruth, or the greater good?",,,
q01497,top2009:2091,3764682,1,23,https://www.goodreads.com/work/quotes/3764682,"When it comes to memories, the good and the bad never balance.",,,
q01498,top2009:2091,3764682,1,25,https://www.goodreads.com/work/quotes/3764682,"Things break all the time. Glass and dishes and fingernails. Cars and contracts and potato chips. You can break a record, a horse, a dollar. You can break the ice. There are coffee breaks and lunch breaks and prison breaks. Day breaks, waves break, voices break. Chains can be broken. So can silence, and fever... promises break. Hearts break.",,,
q01499,top2009:2091,3764682,1,26,https://www.goodreads.com/work/quotes/3764682,"I wanted him to feel what I felt when I was with him: that incredible combination of comfort, decadence, and wonder; the knowledge that, with just a single taste of him, I was addicted.",,,
q01500,top2009:2091,3764682,1,27,https://www.goodreads.com/work/quotes/3764682,What looks like garbage from one angle might be art from another. Maybe it did take a crisis to get to know yourself; maybe you needed to get whacked hard by life before you understood what you wanted out of it.,,,
q01501,top2009:2091,3764682,1,28,https://www.goodreads.com/work/quotes/3764682,"I know what it's like to start something and have it suddenly grow out of control. And you want to get rid of it, because it's hurting you and everyone else around you, but every time you try to do that, it consumes you again.",,,
q01502,top2009:2091,3764682,1,29,https://www.goodreads.com/work/quotes/3764682,Just because you didn't put a name to something did not mean it wasn't there.,,,
q01503,top2009:2091,3764682,2,0,https://www.goodreads.com/work/quotes/3764682?page=2,"Sometimes I think there's a beast that lives inside me, in the cavern that's where my heart should be, and every now and then it fills every last inch of my skin, so that I can't help but do something inappropriate. Its breath is full of lies; it smells of spite.",,,
q01504,top2009:2091,3764682,2,1,https://www.goodreads.com/work/quotes/3764682?page=2,I wondered why the head could move so swiftly while the heart dragged its feet.,,,
q01505,top2009:2091,3764682,2,2,https://www.goodreads.com/work/quotes/3764682?page=2,"I wondered about the explorers who'd sailed their ships to the end of the world. How terrified they must have been when they risked falling over the edge; how amazed to discover, instead, places they had seen only in their dreams.",,,
q01506,top2009:2091,3764682,2,3,https://www.goodreads.com/work/quotes/3764682?page=2,What you didn't tell someone was just as debilitating as what you did.,,,
q01507,top2009:2091,3764682,2,4,https://www.goodreads.com/work/quotes/3764682?page=2,"Once upon a time there were two sisters. One of them was really, really strong, and one of them wasn't.' You looked at me. 'Your turn.'I rolled my eyes. 'The strong sister went outside into the rain and realized the reason she was strong was because she was made out of iron, but it was raining and she rusted. The end.'No, because the sister who wasn't strong went outside into the rain when it was raining, and hugged her really tight until the sun came out again.",,,
q01508,top2009:2091,3764682,2,5,https://www.goodreads.com/work/quotes/3764682?page=2,"Parents aren't the people you come from. They're the people you want to be, when you grow up.",,,
q01509,top2009:2091,3764682,2,6,https://www.goodreads.com/work/quotes/3764682?page=2,I don't understand why it's a sin if you love something and want to keep it from having to suffer.,,,
q01510,top2009:2091,3764682,2,8,https://www.goodreads.com/work/quotes/3764682?page=2,"there was not much distinction between losing a friend and a lover: it was all about intimacy. One moment, you had someone to share your biggest triumph, and fatal flaws with; the next minute, you had to keep them bottled inside.",,,
q01511,top2009:2091,3764682,2,9,https://www.goodreads.com/work/quotes/3764682?page=2,"It felt like I'd been living underground, and for a moment, I'd been given this glimpse of the sky. Once you've seen that, how can you go back where you came from?",,,
q01512,top2009:2091,3764682,2,11,https://www.goodreads.com/work/quotes/3764682?page=2,Just because you had every right to feel sorry for yourself didn't mean you ever took the opportunity to do so.,,,
q01513,top2009:2091,3764682,2,12,https://www.goodreads.com/work/quotes/3764682?page=2,"Sometimes, mothers say and do things that seem like they don't want their kids... but when you look more closely, you realize that they're doing those kids a favor. They're just trying to give them a better life.",,,
q01514,top2009:2091,3764682,2,13,https://www.goodreads.com/work/quotes/3764682?page=2,"Even though it hurt, there are kinds of pain you couldn't speak out loud.",,,
q01515,top2009:2091,3764682,2,14,https://www.goodreads.com/work/quotes/3764682?page=2,"Families were never what you wanted them to be. We all wanted what we couldn't have: the perfect child, the doting husband, the mother who wouldn't let go. We live in our grown-up dollhouses completely unaware that, at any moment, a hand might come in and change around everything we'd become accustomed to.",,,
q01516,top2009:2091,3764682,2,15,https://www.goodreads.com/work/quotes/3764682?page=2,You can miss a person you've never known.,,,
q01517,top2009:2091,3764682,2,16,https://www.goodreads.com/work/quotes/3764682?page=2,There are kinds of pain that you can't speak out loud.,,,
q01518,top2009:2091,3764682,2,17,https://www.goodreads.com/work/quotes/3764682?page=2,Was there a language of loss? Did everyone who suffered speak a different dialect?,,,
q01519,top2009:2091,3764682,2,18,https://www.goodreads.com/work/quotes/3764682?page=2,"Maybe I was naïve to think that silence was implicit complacence, instead of a festering question. Maybe I was silly to believe that friends owed each other anything.",,,
q01520,top2009:2091,3764682,2,19,https://www.goodreads.com/work/quotes/3764682?page=2,"Most people who offer their help do it to make themselves feel better, not us. To be honest, I don't blame them. It's superstition: If you give assistance to the family in need... if you throw salt over your shoulder... if you don't step on the cracks, then maybe you'll be immune. Maybe you'll be able to convince yourself that this could never happen to you.",,,
q01521,top2009:2091,3764682,2,20,https://www.goodreads.com/work/quotes/3764682?page=2,"When you showed someone how you felt, it was fesh and honest. Whe you told someone how you felt, there might be nothing behind the words but habit or expectation.",,,
q01522,top2009:2091,3764682,2,21,https://www.goodreads.com/work/quotes/3764682?page=2,A dutiful mother is someone who follows every step her child makes...And a good mother is someone whose child wants to follow her.,,,
q01523,top2009:2091,3764682,2,22,https://www.goodreads.com/work/quotes/3764682?page=2,"Choices are funny things-ask a native tribe that's eaten grubs and roots forever if they're unhappy, and they'll shrug. But give them filet mignon and truffle sauce and then ask them to go back to living off the land, and they will always be thinking of that gourmet meal. If you don't know there's an alternative, you can't miss it.",,,
q01524,top2009:2091,3764682,2,23,https://www.goodreads.com/work/quotes/3764682?page=2,"I think there are two different oceans - the one that plays with you in the summer, and the one that gets so mad in the winter.",,,
q01525,top2009:2091,3764682,2,24,https://www.goodreads.com/work/quotes/3764682?page=2,"I felt a splinter of guilt wedge into my heart. Charlotte had hurt me; in return, I'd hurt Rob. Maybe that's what we do to the people we love: take shots in the dark and realize too late we've wounded the people we're trying to protect.",,,
q01526,top2009:2091,3764682,2,25,https://www.goodreads.com/work/quotes/3764682?page=2,"It was always easier for me to show love than to say it. The word reminded me of pralines: small, precious, almost unbearable sweet. I would light up in his presence; I felt like a sun in the constellation of his embrace. But trying to put what I felt for him into words diminished it somehow, like pinning a butterfly under glass, or videotaping a comet.",,,
q01527,top2009:2091,3764682,2,26,https://www.goodreads.com/work/quotes/3764682?page=2,"I shouldn't have eavesdropped, but sometimes, that's the only way to find out the truth.",,,
q01528,top2009:2091,3764682,2,28,https://www.goodreads.com/work/quotes/3764682?page=2,"Words got in the way. The things we felt the hardest--like what it was like to have a boy touch you as if you were made of light, or what it meant to be the only person in the room who wasn't noticed--weren't sentences; they were knots in the wood of our bodies, places where our blood flowed backward. If you asked me, not that anyone ever did, the only words worth saying were I'm sorry.",,,
q01529,top2009:2091,3764682,2,29,https://www.goodreads.com/work/quotes/3764682?page=2,Memory is like plaster: peel it back and you just might find a completely different picture.,,,
q01530,top2009:2091,3764682,3,0,https://www.goodreads.com/work/quotes/3764682?page=3,"I had always been suspicious of women who described the dissolution of their marriages as something that happened overnight. How could you not know? I'd thought. How could you miss all those signs? Well, let me tell you how: you were so busy putting out a fire directly in front of you that you were completely oblivious to the inferno raging at your back.",,,
q01531,top2009:2091,3764682,3,1,https://www.goodreads.com/work/quotes/3764682?page=3,"Annie turned away, her eyes glittering. 'Here's what no one tells you,' she said. 'When you deliver a fetus, you get a death certificate, but not a birth certificate. And afterward, your milk comes in, and there's nothing you can do to stop it.' She looked up at me. 'You can't win. Either you have the baby and wear your pain on the outside, or you don't have the baby, and you keep that ache in you forever. I know I didn't do the wrong thing. But I don't feel like I did the right thing, either.",,,
q01532,top2009:2091,3764682,3,2,https://www.goodreads.com/work/quotes/3764682?page=3,"Other people look at me and think: That poor woman; she has a child with a disability. But all I see when I look at you is that girl who had memorized all the words to Queen's 'Bohemian Rhapsody' by the time she was three, the girl who crawls into bed with me whenever there's a thunderstorm - not because you're afraid but because I am, the girl whose laugh has always vibrated inside my own body like a tuning fork. I would never have wished for an able-bodied child, because that child would have been someone who wasn't you.",,,
q01533,top2009:2091,3764682,3,3,https://www.goodreads.com/work/quotes/3764682?page=3,"By definition, love made you better than good enough; it redefined perfection to include your traits, instead of excluding them.",,,
q01534,top2009:2091,3764682,3,4,https://www.goodreads.com/work/quotes/3764682?page=3,"I don't know whether you can look at your past and find, woven like the hidden symbols on a treasure map, the path that will point to your final destination.",,,
q01535,top2009:2091,3764682,3,5,https://www.goodreads.com/work/quotes/3764682?page=3,"Since I was five, I've known that I was adopted, which is a politically correct term for being clueless about one's own origins.",,,
q01536,top2009:2091,3764682,3,9,https://www.goodreads.com/work/quotes/3764682?page=3,"When you love someone - when you create a child with him - you don't just suddenly lose that bond. Like any other energy, it can't be destroyed, just channeled into something else.",,,
q01537,top2009:2091,3764682,3,10,https://www.goodreads.com/work/quotes/3764682?page=3,Identification is not the same as knowing someone through and through.,,,
q01538,top2009:2091,3764682,3,13,https://www.goodreads.com/work/quotes/3764682?page=3,It never failed to amaze me how the most ordinary day could be catapulted into the extraordinary in the blink of an eye.,,,
q01539,top2009:2091,3764682,3,15,https://www.goodreads.com/work/quotes/3764682?page=3,"God, what had we done? It didn't really matter. Piper had been the kind of friend with whom I didn't have to fill in the spaces with random conversation. It was okay to just be with her. She knew that sometimes I needed that - to not have to take care of anyone or anything, to simply exist in my own space, adjacent to hers.",,,
q01540,top2009:2091,3764682,3,16,https://www.goodreads.com/work/quotes/3764682?page=3,I truly believed that the cost of success for us shouldn't be the cost of failure for a good friend.,,,
q01541,top2009:2091,3764682,3,17,https://www.goodreads.com/work/quotes/3764682?page=3,"Although you hadn't asked why, it had less to do with you not noticing than with you not wanting to hear the answer.",,,
q01542,top2009:2091,3764682,3,18,https://www.goodreads.com/work/quotes/3764682?page=3,"[I] don't think I was trying to kill myself. I just wanted to hurt, and understand exactly whay I was hurting. This made sense: you cut, you felt pain, period.",,,
q01543,top2009:2091,3764682,3,19,https://www.goodreads.com/work/quotes/3764682?page=3,"I could not remember my first kiss, but I could have told you Charlotte would be my last.",,,
q01544,top2009:2091,3764682,3,20,https://www.goodreads.com/work/quotes/3764682?page=3,"I wondered how long it took for a baby to become yours, for familiarity to set in. Maybe as long as it took a new car to lose that scent, or a brand-new house to gather dust. Maybe that was the process more commonly described as bonding: the act of learning your child as well as you know yourself.",,,
q01545,top2009:2091,3764682,3,21,https://www.goodreads.com/work/quotes/3764682?page=3,Houses are cellular walls; they keep our problems from bleeding into everyone else's.,,,
q01546,top2009:2091,3764682,3,22,https://www.goodreads.com/work/quotes/3764682?page=3,Maybe a mother wasn't what she seemed to be on the surface.,,,
q01547,top2009:2091,3764682,3,23,https://www.goodreads.com/work/quotes/3764682?page=3,"There are legions of us, I realized. The mothers who have broken babies, and spend the rest of our lives wondering if we should have spared them. And the mothers who have let their broken babies go, who look at our children and see instead the faces of the ones they never met.",,,
q01548,top2009:2091,3764682,3,25,https://www.goodreads.com/work/quotes/3764682?page=3,There is no cosmic scale on which you can weigh your actions; you learn too late what choices ruin the fragile balance.,,,
q01549,top2009:2091,3764682,3,27,https://www.goodreads.com/work/quotes/3764682?page=3,"Here's what I hadn't realized: the mother you haven't seen for almost thirty-six years isn't your mother, she's a stranger. Sharing DNA doesn't make you fast friends. This wasn't a joyous reunion. It was just awkward.",,,
q01550,top2009:2091,3764682,3,28,https://www.goodreads.com/work/quotes/3764682?page=3,"Polar north can't get away from a magnet; the magnet finds it, no matter what.",,,
q01551,top2009:2091,3764682,3,29,https://www.goodreads.com/work/quotes/3764682?page=3,"Or in other words, it's the substance you've got when you start that determines the outcome.",,,
q01552,top2009:2091,3764682,4,0,https://www.goodreads.com/work/quotes/3764682?page=4,"When you think you're right, you're most likely wrong.",,,
q01553,top2009:2091,3764682,4,1,https://www.goodreads.com/work/quotes/3764682?page=4,"Things that look impossible suddenly seem a lot better, once you get God on board.",,,
q01554,top2009:2091,3764682,4,4,https://www.goodreads.com/work/quotes/3764682?page=4,"Witness testimony is always flawed. It's better than circumstantial evidence, sure, but people aren't camcorders; they don't record every action and reaction, and the very act of remembering involves chosing words, actions and images. In other words, any witness who was supposed to be giving a court facts is really just giving them a version of fiction.",,,
q01555,top2009:2091,3764682,4,5,https://www.goodreads.com/work/quotes/3764682?page=4,I would prove to you that being different isn't a death sentence but a call to arms.,,,
q01556,top2009:2091,3764682,4,6,https://www.goodreads.com/work/quotes/3764682?page=4,"It was one thing to sacrifice your own life for someone else's. It was another thing entirely to bring into the mix a third party - a third party who knew you, who trusted you implicitly.",,,
q01557,top2009:2091,3764682,4,7,https://www.goodreads.com/work/quotes/3764682?page=4,"I drew it over my skin like a violins bow, No one would ever hear the song of my shame.",,,
q01558,top2009:2091,3764682,4,8,https://www.goodreads.com/work/quotes/3764682?page=4,"It was a strange thing, to still be in love with your wife and to not know if you liked her. What would happen when this was all over? Could you forgive someone if she hurt you and the people you love, if she truly believed she was only trying to help?I had filed for divorce, but that wasn't what I really wanted. What I really wanted was for all of us to go back two years, and start over. Had I ever really told her that?",,,
q01559,top2009:2091,3764682,4,9,https://www.goodreads.com/work/quotes/3764682?page=4,"When we sat down on the couch again, you curled up against my side, like you used to when you were a toddler. What I wanted to say to you, but didn't, was this: Don't use me as your model. I'm the last person you should look up to.",,,
q01560,top2009:2091,3764682,4,11,https://www.goodreads.com/work/quotes/3764682?page=4,"Anger, though, is too fierce a flame to last for long, and when it burned out, I was left numb and wondering.",,,
q01561,top2009:2091,3764682,4,12,https://www.goodreads.com/work/quotes/3764682?page=4,The cost of growth is always a small act of violence.,,,
q01562,top2009:2091,3764682,4,13,https://www.goodreads.com/work/quotes/3764682?page=4,Embarrassment isn't a just cause of action.,,,
q01563,top2009:2091,3764682,4,14,https://www.goodreads.com/work/quotes/3764682?page=4,"I learned a long time ago with you that folks who were trying to be kind would rather do it with a macaroni-and-cheese bake than any personal involvement. You hand off a serving dish and you've done your job - no need to get personally involved, and your conscience is clean. Food is the currency of aid.",,,
q01564,top2009:2091,3764682,4,17,https://www.goodreads.com/work/quotes/3764682?page=4,"It made me think of my mother, when she made her pie crusts. She'd prick little holes all over the place. So it can breath, she said. I was just breathing. I closed my eyes, anticipating each cut, feeling that wash of relief when it was done.",,,
q01565,top2009:2091,3764682,4,19,https://www.goodreads.com/work/quotes/3764682?page=4,"Being a good mother, it seemed to me, meant you ran the risk of losing your child.",,,
q01566,top2009:2091,3764682,4,20,https://www.goodreads.com/work/quotes/3764682?page=4,Maybe mothers - consciously or subconsciously - repelled their daughters in different ways.,,,
q01567,top2009:2091,3764682,4,22,https://www.goodreads.com/work/quotes/3764682?page=4,"I closed my eyes and curled my fists around the things I knew for sure:That a scallop has thirty-five eyes, all blue.That a tuna will suffocate if it ever stops swimming.That I was loved.That this time, it was not me who broke",,,
q01568,top2009:2091,3764682,4,24,https://www.goodreads.com/work/quotes/3764682?page=4,"Lawyers were notorious for finding cases in the most unlikely places, especially ones with huge potential damagers awards.",,,
q01569,top2009:2091,3764682,4,26,https://www.goodreads.com/work/quotes/3764682?page=4,"I do not have the money anymore. It was all yours, after all. I slipped the check into the silk lining of the coffin when I kissed you good-bye for the last time.",,,
q01570,top2009:2091,3764682,4,27,https://www.goodreads.com/work/quotes/3764682?page=4,"She'd been in labor for nineteen hours; I completely understood why she wanted to pass the buck. 'You are so beautiful,' her husband crooned, holding up her shoulders.'You are so full of shit,' Lila snarled, but as a contraction settled over her like a net, she bore down and pushed.",,,
q01571,top2009:2091,3764682,4,29,https://www.goodreads.com/work/quotes/3764682?page=4,So much of marriage was implicit and nonverbal. Had I gotten so complacent I'd forgotten to communicate?,,,
q01572,top2009:3665,6525245,1,0,https://www.goodreads.com/work/quotes/6525245,"Have you ever heard the phrase, it is better to keep your mouth closed and have people wonder if you are stupid than open it and remove all doubt? (Hakim al Harbi)",,,
q01573,top2009:3665,6525245,1,1,https://www.goodreads.com/work/quotes/6525245,"Martyr complex? Always thinks he’s getting screwed by someone and needs to let everyone know it?” “Very common. When he comes across someone like Mitch, for instance,” Lewis gestured to Rapp, “someone who is strong-minded, independent, results-oriented, not prone to handing out compliments, someone who is acknowledged as being at the top of their game. When that happens,” Lewis winced, “he feels that person is the enemy and has to be knocked down to size. It is not uncommon for people with this disorder to become lawyers. It makes them feel smarter than most other people, and they can use their knowledge of the law to bully those who do not validate their imagined genius.",,,
q01574,top2009:3665,6525245,1,2,https://www.goodreads.com/work/quotes/6525245,"As long as you came out one top, all pain was manageable. pg.231",,,
q01575,top2009:3665,6525245,1,3,https://www.goodreads.com/work/quotes/6525245,Everyone made mistakes. It was how you handled them that counted.,,,
q01576,top2009:3665,6525245,1,4,https://www.goodreads.com/work/quotes/6525245,"As long as you came out on top, all pain was manageable."" Pg. 251",,,
q01577,top2009:3665,6525245,1,6,https://www.goodreads.com/work/quotes/6525245,to back us a bit more.,,,
q01578,top2009:4045,5991850,1,0,https://www.goodreads.com/work/quotes/5991850,"May and I are sisters. We'll always fight, but we'll always make up as well. That's what sisters do: we argue, we point out each other's frailties, mistakes, and bad judgment, we flash the insecurities we've had since childhood, and then we come back together. Until the next time.",,,
q01579,top2009:4045,5991850,1,1,https://www.goodreads.com/work/quotes/5991850,"We hug, but there are no tears. For every awful thing that's been said and done, she is my sister. Parents die, daughters grow up and marry out, but sisters are for life. She is the only person left in the world who shares my memories of our childhood, our parents, our Shanghai, our struggles, our sorrows, and, yes, even our moments of happiness and triumph. My sister is the one person who truly knows me, as I know her. The last thing May says to me is 'When our hair is white, we'll still have our sister love.",,,
q01580,top2009:4045,5991850,1,2,https://www.goodreads.com/work/quotes/5991850,Maybe we're all like that with our mothers. They seem ordinary until one day they're extraordinary.,,,
q01581,top2009:4045,5991850,1,3,https://www.goodreads.com/work/quotes/5991850,"We're told that men are strong & brave, but I think women know how to endure, accept defeat & bear physical & mental agony much better than men.",,,
q01582,top2009:4045,5991850,1,4,https://www.goodreads.com/work/quotes/5991850,"So often, we're told that women's stories are unimportant. After all, what does it matter what happens in the main room, in the kitchen, or in the bedroom? Who cares about the relationships between mother, daughter, and sister? A baby's illness, the sorrows and pains of childbirth, keeping the family together during war, poverty, or even in the best of days are considered small and insignificant compared with the stories of men, who fight against nature to grow their crops, who wage battles to secure their homelands, who struggle to look inward in search of the perfect man. We're told that men are strong and brave, but I think women know how to endure, accept defeat, and bear physical and mental agony much better than men. The men in my life—my father, Z.G., my husband, my father-in-law, my brother-in-law, and my son—faced, to one degree or another, those great male battles, but their hearts—so fragile—wilted, buckled, crippled, corrupted, broke, or shattered when confronted with the losses women face every day...Our men try to act strong, but it is May, Yen-yen, Joy, and I who must steady them and help them bear their pain, anguish, and shame.",,,
q01583,top2009:4045,5991850,1,5,https://www.goodreads.com/work/quotes/5991850,Having a baby is painful in order to show how serious a thing life is.,,,
q01584,top2009:4045,5991850,1,6,https://www.goodreads.com/work/quotes/5991850,"I wonder if there was anything I would have done differently. I hope I would have done everything differently, except I know everything would have turned out the same. That's the meaning of fate.",,,
q01585,top2009:4045,5991850,1,7,https://www.goodreads.com/work/quotes/5991850,"When you don’t have much, having less isn’t so bad.",,,
q01586,top2009:4045,5991850,1,8,https://www.goodreads.com/work/quotes/5991850,"What stays with me most is a general sense of loss, unease, and longing for the past that cannot be relieved.",,,
q01587,top2009:4045,5991850,1,9,https://www.goodreads.com/work/quotes/5991850,i would rather be married to broken jade than flawless clay,,,
q01588,top2009:4045,5991850,1,10,https://www.goodreads.com/work/quotes/5991850,"When the sun is shining, think of the time it won't be, because even when you're sitting in your house with the doors shut, misfortune can fall from above.",,,
q01589,top2009:4045,5991850,1,12,https://www.goodreads.com/work/quotes/5991850,"People say you need to be strong, smart, and lucky to survive hard times, war, a natural disaster, or physical torture. But I say emotional abuse—anxiety, fear, guilt, and degradation—is far worse and much harder to survive.",,,
q01590,top2009:4045,5991850,1,13,https://www.goodreads.com/work/quotes/5991850,Her heart was like a great road with room for everyone.,,,
q01591,top2009:4045,5991850,1,14,https://www.goodreads.com/work/quotes/5991850,"When you're held underwater, you think only of air.",,,
q01592,top2009:4045,5991850,1,16,https://www.goodreads.com/work/quotes/5991850,Don't ever feel that you have to hide who you are. Nothing good ever comes from keeping secrets like that.,,,
q01593,top2009:4045,5991850,1,17,https://www.goodreads.com/work/quotes/5991850,"A dragon doesn't surrender. A dragon fights fate. This is not some loud, roaring feeling. It feels more like someone blew on an ember and found a slight orange glow.",,,
q01594,top2009:4045,5991850,1,18,https://www.goodreads.com/work/quotes/5991850,"It's funny how in that moment I see things clearly. Am I beaten down? Yes. Have I allowed myself to become a victim? Somewhat. Am I afraid? Always. Does some part of me still long to fly away from this place? Absolutely. But I can't leave. Sam and I have built a life for Joy. It isn't perfect, but it's a life. My family's happiness means more to me that starting over again.",,,
q01595,top2009:4045,5991850,1,19,https://www.goodreads.com/work/quotes/5991850,"As I speak, I’m reminded of the old saying that diseases go in through the mouth, disasters come out of the mouth, meaning that words can be like bombs themselves.",,,
q01596,top2009:4045,5991850,1,20,https://www.goodreads.com/work/quotes/5991850,"I focus my eyes on my jade bracelet. All these years and for all the years after I die, it will remain unchanged. It will always be hard and cold- just a piece of stone. Yet for me it is an object that ties me to the past, to people and places that are gone forever. Its continued perfection serves as a physical reminder to keep living, to look to the future, to cherish what I have. It reminds me to endure. I'll live one morning after another.",,,
q01597,top2009:4045,5991850,1,21,https://www.goodreads.com/work/quotes/5991850,"We view the world very much as peasants in the countryside have for millennia. they've alsways said that the mountains are high and the emperor is far away, meaning palace intrigues and imperial threats have no impact on their lives.",,,
q01598,top2009:4045,5991850,1,22,https://www.goodreads.com/work/quotes/5991850,"But then this is how it is for women everywhere. You experience one lapse in conscience, in how low you think you'll go, in what you'll accept, and pretty soon you're at the bottom",,,
q01599,top2009:4045,5991850,1,23,https://www.goodreads.com/work/quotes/5991850,"We may look and act modern in many ways, but we can’t escape what we are... obedient chinese daughters.",,,
q01600,top2009:4045,5991850,1,24,https://www.goodreads.com/work/quotes/5991850,Everything always returns to the beginning.,,,
q01601,top2009:4045,5991850,1,25,https://www.goodreads.com/work/quotes/5991850,"It has been said that marriages are arranged by Heaven, that destiny will bring even the most distantly separated people together, that all is settled before birth, and no matter how much we wander from our paths, no matter how our fortunes change—for good or bad—all we can do is accomplish the decree of fate. This, in the end, is our blessing and our heartbreak.",,,
q01602,top2009:4045,5991850,1,26,https://www.goodreads.com/work/quotes/5991850,"I don't want her to either, which is exactly what I've been saying. Still, there's a part of me that hates that our family businesses- the very things that have kept Joy fed, clothed, and housed- are so embarrassing to her...We raised our children to be Americans, but what we wanted were proper Chinese sons and daughters.",,,
q01603,top2009:4045,5991850,1,27,https://www.goodreads.com/work/quotes/5991850,"Because inside we still carry the dreams of what could have been, of what should have been, of what we wish could still be. This doesn't mean we aren't content. We are content, but the romantic longings of our girlhood have never entirely left us. It's like Yen-Yen said all those years ago: 'I look in the mirror and I'm surprised by what I see.' I look in the mirror and still expect to see my Shanghai-girl self- not the wife and mother I've become.",,,
q01604,top2009:4045,5991850,1,28,https://www.goodreads.com/work/quotes/5991850,"There was a typhoon the day you were born... It is said that a Dragon born in a storm will have a particularly tempestuous fate. You always believe you are right, and this makes you do things you shouldn't... You're a Dragon, and of all the signs only a Dragon can tame the fates. Only a Dragon can wear all the horns of destiny, duty, and power. Your sister is merely a Sheep...",,,
q01605,top2009:4045,5991850,1,29,https://www.goodreads.com/work/quotes/5991850,"Mama used to tell us a story about a cicada sitting high in a tree. It chirps and drinks in dew, oblivious to the praying mantis behind it. The mantis arches up its front leg to stab the cicada, but it doesn't know an oriole perches behind it. The bird stretches out its neck to snap up the mantis for a midday meal, but its unaware of the boy who's come into the garden with a net. Three creatures—the cicada, the mantis and the oriole—all coveted gains without being aware of the greater and inescapable danger that was coming.",,,
q01606,top2009:4045,5991850,2,0,https://www.goodreads.com/work/quotes/5991850?page=2,"In my life, no three miles have been flat and no three days have had sun. I've been brave in the past, but now I'm beyond devastated. My grief is like dense clouds that cannot be dispersed. I can't think beyond the blackness of my clothes and heart.",,,
q01607,top2009:4045,5991850,2,3,https://www.goodreads.com/work/quotes/5991850?page=2,What's your first impression of a new place? Is it the first meal you eat? Your first ice cream cone? The first person you meet? The first night you spend in your new bed in your new home? The first broken promise?,,,
q01608,top2009:4045,5991850,2,4,https://www.goodreads.com/work/quotes/5991850?page=2,People keep asking me why I don’t return to China. I tell them I can’t return to a place I’ve never been. In,,,
q01609,top2009:4045,5991850,2,6,https://www.goodreads.com/work/quotes/5991850?page=2,"That lazy servant next door was sloppy with the Tso family’s nightstool and stunk up the street with their nightsoil,” Mama says. “And Cook!” She allows herself a low hiss of disapproval. “Cook has served us shrimp so old that the smell has made me lose my appetite.”We don’t contradict her, but the odor suffocating us comes not from spilled nightsoil or day-old shrimp but from her. Since we don’t have our servants to keep the air moving in the room, the smell that rises from the blood and pus that seep through the bandages holding Mama’s feet in their tiny shape clings to the back of my throat.",,,
q01610,top2009:4045,5991850,2,7,https://www.goodreads.com/work/quotes/5991850?page=2,We talk about what happened to the Chinese in the past and what’s continuing to happen to black people. Just last weekend we picketed Montgomery Ward because they won’t hire blacks. Joe says that minorities need to stick together. Joe and I have been getting people to sign petitions. It’s nice to think about other people’s problems for a change.,,,
q01611,top2009:4045,5991850,2,8,https://www.goodreads.com/work/quotes/5991850?page=2,"God loves everyone,” I often remind my daughter. “He wants you to make a good living and have a happy life. This is true about America too. You can do anything in the U.S. You can’t say that about China.",,,
q01612,top2009:4045,5991850,2,9,https://www.goodreads.com/work/quotes/5991850?page=2,He always said that true conversion was inevitable. Now it has come at last. I begin to pray—not for Father Louie,,,
q01613,top2009:4045,5991850,2,11,https://www.goodreads.com/work/quotes/5991850?page=2,Here everyone is separated from everyone else—Japanese,,,
q01614,top2009:4045,5991850,2,12,https://www.goodreads.com/work/quotes/5991850?page=2,can take advantage of our husbands’ fake status to come here as paper wives.,,,
q01615,top2009:4045,5991850,2,13,https://www.goodreads.com/work/quotes/5991850?page=2,I’m listening carefully for the loopholes,,,
q01616,top2009:4045,5991850,2,15,https://www.goodreads.com/work/quotes/5991850?page=2,I have a flash of irritation. This woman—poor,,,
q01617,top2009:4045,5991850,2,17,https://www.goodreads.com/work/quotes/5991850?page=2,You should marry the man. He sounds like a good match,,,
q01618,top2009:4045,5991850,2,20,https://www.goodreads.com/work/quotes/5991850?page=2,"We're told that men are strong and brave, but I think women know how to endure, accept defect, and bear physical and mental agony much better than men. Their hearts - so fragile, wilted, buckled, crippled, corrupted, broke or shattered when confronted with the losses women face everyday. As men, they have to put a brave face on tragedy and obstacles, but they are as easily bruised as flower petals.",,,
q01619,top2009:4045,5991850,2,22,https://www.goodreads.com/work/quotes/5991850?page=2,Even the best of moons will be tinged with sadness.,,,
q01620,top2009:4045,5991850,2,23,https://www.goodreads.com/work/quotes/5991850?page=2,"Fifteen buckets drawing water from the well, seven moving up and eight going down, meaning I’m filled with anxiety, doubts, and an absolute inability to fall asleep, where my dreams will haunt me.",,,
q01621,top2009:4045,5991850,2,26,https://www.goodreads.com/work/quotes/5991850?page=2,"Joy doesn’t smart-tongue him. It’s not because he tries to control her as a proper Chinese father should or that she’s an obedient Chinese daughter. Instead, she’s like a pearl in his palm - forever precious; to Joy, he’s the solid ground on which she walks - forever steady and reliable.",,,
q01622,top2009:4045,5991850,2,27,https://www.goodreads.com/work/quotes/5991850?page=2,"What can we do? We're only women,"" she says. But it's because I'm a woman, that I dare to go.",,,
q01623,top2010:1728,8842841,1,0,https://www.goodreads.com/work/quotes/8842841,"A baby was like a revolution, Grigori thought: you could start one, but you could not control how it would turn out.",,,
q01624,top2010:1728,8842841,1,1,https://www.goodreads.com/work/quotes/8842841,"President Wilson says a leader must treat public opinion the way a sailor deals with the wind, using it to blow the ship in one direction or another, but never trying to go directly against it.",,,
q01625,top2010:1728,8842841,1,2,https://www.goodreads.com/work/quotes/8842841,The ability to listen to smart people who disagree with you is a rare talent,,,
q01626,top2010:1728,8842841,1,4,https://www.goodreads.com/work/quotes/8842841,You never get cheered for telling people the situation is not as simple as they think.,,,
q01627,top2010:1728,8842841,1,5,https://www.goodreads.com/work/quotes/8842841,"There’s a saying: ‘If you owe a hundred dollars, the bank has you in its power; but if you owe a million dollars, you have the bank in your power.",,,
q01628,top2010:1728,8842841,1,6,https://www.goodreads.com/work/quotes/8842841,I could fall for you in a heartbeat,,,
q01629,top2010:1728,8842841,1,7,https://www.goodreads.com/work/quotes/8842841,I think more people should shoot newspaper editors...it might improve the press,,,
q01630,top2010:1728,8842841,1,8,https://www.goodreads.com/work/quotes/8842841,"Men were the only animals that slaughtered their own kind by the million, and turned the landscape into a waste of shell craters and barbed wire. Perhaps the human race would wipe itself out completely, and leave the world to the birds and trees, Walter thought apocalyptically. Perhaps that would be for the best.",,,
q01631,top2010:1728,8842841,1,9,https://www.goodreads.com/work/quotes/8842841,"In every country, those who were against war had been overruled. The Austrians had attacked Serbia when they might have held back; the Russians had mobilized instead of negotiating; the Germans had refused to attend an international conference to settle the issue; the French had been offered the chance to remain neutral and had spurned it; and now the British were about to join in when they might easily have remained on the sidelines.",,,
q01632,top2010:1728,8842841,1,10,https://www.goodreads.com/work/quotes/8842841,"His talent was to express his readers’ most stupid and ignorant prejudices as if they made sense, so that the shameful seemed respectable. That was why they bought the paper.",,,
q01633,top2010:1728,8842841,1,11,https://www.goodreads.com/work/quotes/8842841,Moderates always seem to deal in hopes rather than in facts.,,,
q01634,top2010:1728,8842841,1,12,https://www.goodreads.com/work/quotes/8842841,"A waiter appeared, and Gus said: “Bring coffee for my guests, please, and a plate of ham sandwiches.” He deliberately did not ask them what they wanted. He had seen Woodrow Wilson act like this with people he wanted to intimidate.",,,
q01635,top2010:1728,8842841,1,13,https://www.goodreads.com/work/quotes/8842841,"Marvelous, isn’t it, how these Germans can shoot back at us even when they’re fucking dead.",,,
q01636,top2010:1728,8842841,1,14,https://www.goodreads.com/work/quotes/8842841,"If you want to change the world, then foreign relations is the field in which you can do the most good—or evil.",,,
q01637,top2010:1728,8842841,1,15,https://www.goodreads.com/work/quotes/8842841,"You're the one who doesn't understand,"" Lev said. ""In America, I have my own car. There's more food than you can eat, all the booze I want, all the cigarettes I can smoke. I have five suits!""""What's the point in having five suits?"" Grigori said in frustration. ""It's like having five beds. You can only use one at a time!",,,
q01638,top2010:1728,8842841,1,17,https://www.goodreads.com/work/quotes/8842841,"But her angry feminism had set as hard as concrete during years of living alongside the tough, hardworking, dirt-poor women of London’s East End. Men often told a fairy tale in which there was a division of labor in families, the man going out to earn money, the woman looking after home and children. Reality was different. Most of the women Ethel knew worked twelve hours a day and looked after home and children as well. Underfed, overworked, living in hovels, and dressed in rags, they could still sing songs and laugh and love their children. In Ethel’s view one of those women had more right to vote than any ten men.",,,
q01639,top2010:1728,8842841,1,18,https://www.goodreads.com/work/quotes/8842841,"A German attack on Russia’s ally France would, in reality, be defensive—but the English talked as if Germany was trying to dominate Europe.",,,
q01640,top2010:1728,8842841,1,19,https://www.goodreads.com/work/quotes/8842841,"Mam kissed Ethel and said: “I'm glad to see you settled at last, anyway,” That word ANYWAY carried a lot of baggage, Ethel thought. It meant: “Congratulations, even though you're a fallen woman, and you've got an illegitmate child whose father no one knows, and you're marrying a Jew, and living in London, which is the same as Sodom and Gomorrah.” But Ethel accepted Mam's qualified blessing and vowed never to say such things to her own child.",,,
q01641,top2010:1728,8842841,1,20,https://www.goodreads.com/work/quotes/8842841,"It was unladylike even to know the name of your lawyer, let alone to understand your rights under the law. No wonder women were mercilessly exploited.",,,
q01642,top2010:1728,8842841,1,21,https://www.goodreads.com/work/quotes/8842841,"Fitz did not censor her mail but, as the head of the family, he had the right to read any letter addressed to a female relative living in his house. No respectable woman would object.",,,
q01643,top2010:1728,8842841,1,24,https://www.goodreads.com/work/quotes/8842841,The truth is not arrived at by majority vote.,,,
q01644,top2010:1728,8842841,1,26,https://www.goodreads.com/work/quotes/8842841,"I went to the doctor,"" said the woman next to Ethel. ""I said to him, 'I've got an itchy twat.'""[...] She went on: ""The doctor says to me, he goes, 'You shouldn't say that, it's a rude word.'""[...]""I says to him, 'What should I say, then, doctor?' He says to me, 'Say you've got an itchy finger.'""[...]""He says to me, 'Do your finger itch you all the time, Mrs. Perkins, or just now and again?'""Mildred paused, and the women were silent, waiting for the punch line.""I says, 'No, doctor, only when I piss through it.",,,
q01645,top2010:1728,8842841,1,27,https://www.goodreads.com/work/quotes/8842841,"If it be a sin to covet honour, I am the most offending soul alive.",,,
q01646,top2010:1728,8842841,1,29,https://www.goodreads.com/work/quotes/8842841,"The degradation to which you subject others comes back, sooner or later, to haunt you,",,,
q01647,top2010:4272,10995406,1,0,https://www.goodreads.com/work/quotes/10995406,"When her muzzle grew more white than brown, the chipmunk forgot that she and the squirrel had had nothing to talk about. She forgot the definition of ""jazz"" as well and came to think of it as every beautiful thing she had ever failed to appreciate: the taste of warm rain; the smell of a baby; the din of a swollen river, rushing past her tree and onward to infinity.",,,
q01648,top2010:4272,10995406,1,1,https://www.goodreads.com/work/quotes/10995406,"but all of a sudden they’re poets, right, like that’s all it takes — being in love.",,,
q01649,top2010:4272,10995406,1,2,https://www.goodreads.com/work/quotes/10995406,"Plenty of animals had pets, but few were more devoted than the mouse, who owned a baby corn snake—“A rescue snake, she’d be quick to inform you. This made it sound like he’d been snatched from the jaws of a raccoon, but what she’d really rescued him from was a life without her love. And what sort of a life would that have been?",,,
q01650,top2010:4272,10995406,1,3,https://www.goodreads.com/work/quotes/10995406,Leeches are singing in my asshole.,,,
q01651,top2010:4272,10995406,1,4,https://www.goodreads.com/work/quotes/10995406,"Story-telling is pivotal to our well-being, as are nonethnic jokes and riddles.",,,
q01652,top2010:4272,10995406,1,6,https://www.goodreads.com/work/quotes/10995406,Nothing irritated her more than these high-and-mighty vegetarians who ate meat sometimes and then decided that it didn’t really count.,,,
q01653,top2010:4272,10995406,1,7,https://www.goodreads.com/work/quotes/10995406,"between the disfigurement and the muzzle, it's nearly impossible to catch what she's saying. Always, though, while tripping and stumbling to the music, she looks out into her audience and tells the story about her mother. Most people laugh and yell for her to lift her skirts, but every so often she'll spot someone weeping and swear they can understand her every word.",,,
q01654,top2010:4272,10995406,1,8,https://www.goodreads.com/work/quotes/10995406,"Back off, world. It’s time for me to be good to me.",,,
q01655,top2010:4272,10995406,1,9,https://www.goodreads.com/work/quotes/10995406,"It was the stupidest thing the cat had ever heard of, an AA program in prison.",,,
q01656,top2010:4272,10995406,1,10,https://www.goodreads.com/work/quotes/10995406,"But songbirds are trash,"" the chicken said, and the guinea hen laughed, saying, ""Well, then, I guess we could all use a little more trash in our lives.",,,
q01657,top2010:4272,10995406,1,11,https://www.goodreads.com/work/quotes/10995406,"The hippo did, and I heard what sounded at first like a rabble, many voices talking over one another. Then I realized that they weren’t talking.“Let me get this straight,” the hippo said when I explained what was going on. “Leeches are singing inside my asshole.",,,
q01658,top2010:4272,10995406,1,12,https://www.goodreads.com/work/quotes/10995406,You know how mice are—anything for a little affection.,,,
q01659,top2010:4272,10995406,1,13,https://www.goodreads.com/work/quotes/10995406,"then I must have dropped off. It wasn’t much later that I awoke—the story of my life since my mate passed away. I get tired, wiped out, even, but can’t seem to sleep more than a few hours at a stretch. It’s such a weird time to be awake—noon. Spooky, really. There have been a few occasions when, tired of just standing there and hoping to fall back to sleep, I got up and flew around. The dining options were definitely interesting—lapdogs, ducklings, I even saw an iguana sunning himself on top of a Styrofoam cooler. But there was also a lot of traffic and noise. I never liked the world I saw during the day. Then I started hating the one I saw at night and wondered, What’s left? What changed things, albeit slowly, was learning. It’s like there’s a hole where my life used to be, and I’m filling it with information—about potatoes. About hot water heaters. Anything will do. These leeches, though. For the first time in memory, I was unable to sleep not because I was anxious but because I was excited. To live in a damp crowded asshole and sing—if these guys don’t know the secret to living, I don’t know who does.",,,
q01660,top2010:4272,10995406,1,14,https://www.goodreads.com/work/quotes/10995406,"I attribute my wife's language to the fact that she's one-quarter spaniel. She says she's only an eighth, but, come on, the ears say it all. That and her mouth. (The Faithful Setter)",,,
q01661,top2010:4272,10995406,1,15,https://www.goodreads.com/work/quotes/10995406,"The child opened her beak even wider, and the stork let out a moan. “It really wouldn’t hurt you to take an interest in others,” she said. “I tell you I’m depressed, I tell you I feel cornered and lonely, and your response is ‘Fine. Now feed me,’ which is actually very insensitive of you. All mothers feel unconditional love for their children, but there’s a timer on it, all right. It doesn’t last forever, especially when you’re selfish.”The child closed her beak.",,,
q01662,top2010:4272,10995406,1,16,https://www.goodreads.com/work/quotes/10995406,"Broke a nail clean off, and when it grew back it looked like a Brazil nut.",,,
q01663,top2010:4272,10995406,1,17,https://www.goodreads.com/work/quotes/10995406,"It maybe wasn't the best story in the world, but, as the mouse had told him on more than one occasion, it wasn't the worst either.",,,
q01664,top2010:4272,10995406,1,18,https://www.goodreads.com/work/quotes/10995406,"As for the ewe, she was still in meditation, her eyes clamped shut, repeating the code of thieves and charlatans and those who are good to themselves the world over. ""I have to do what I have to do"", she said. ""I have to do what I have to do"".",,,
q01665,top2010:4272,10995406,1,19,https://www.goodreads.com/work/quotes/10995406,"Don't get me wrong, I wish them the best. I just don't feel the need to see them again.",,,
q01666,top2010:4272,10995406,1,20,https://www.goodreads.com/work/quotes/10995406,"Yeah, and piss is just like honey if you’re hungry enough.",,,
q01667,top2010:4272,10995406,1,22,https://www.goodreads.com/work/quotes/10995406,The squirrel and the chipmunk had been dating for two weeks when they ran out of things to talk about.,,,
q01668,top2010:1335,12502746,1,0,https://www.goodreads.com/work/quotes/12502746,An overnight success is ten years in the making.,,,
q01669,top2010:1335,12502746,1,1,https://www.goodreads.com/work/quotes/12502746,"Shortly before seven, he made Katie her sourdough toast and coffee, and woke her up with breakfast in bed. The tire shop he managed was closed on Sunday, so this was the only day he could relieve his wife of what would otherwise be a seven-day-a-week job. Taking care of the kids so she could sleep in an hour was, she frequently assured him, so romantic, and so sexy—and on most Sunday nights after the kids went to bed, she showed him exactly how much she appreciated the gesture. But",,,
q01670,top2010:1335,12502746,1,2,https://www.goodreads.com/work/quotes/12502746,"That’s all it might take. It wasn’t death he feared—none of them feared that—but rather failure. But were not the Holy Warriors of Allah those who did the hardest things, and would not his blessings be in proportion to his merit? To be remembered. To be respected by his compatriots. To strike a blow for the cause—even if he managed to do that without recognition, he would go to Allah with peace in his heart.",,,
q01671,top2010:1335,12502746,1,3,https://www.goodreads.com/work/quotes/12502746,"Ladies and gentlemen, it is not the job of government to be the national nanny. The average citizen can look after his or her own needs without assistance from somebody who works here in Washington.",,,
q01672,top2010:1335,12502746,1,4,https://www.goodreads.com/work/quotes/12502746,"That’s up to you, Jack, but part of doing this kind of work is the willingness to put on blinders. Deal with what’s in front of you. Every terrorist has a mother and father. Maybe kids, maybe people that love him. Hell, six days out of seven he might be a decent citizen, but on that one day he decides to pick up a gun or plant a bomb, he’s a threat. And if you’re the guy standing between him and innocent lives, the threat is all you can afford to worry about. You get what I’m saying?",,,
q01673,top2010:1335,12502746,1,5,https://www.goodreads.com/work/quotes/12502746,"These kinder and gentler people never really cared much for individuals. They were too interested in the big-picture issues of the day, forcing square reality pegs into the round theoretical holes of how the world was supposed",,,
q01674,top2010:1335,12502746,1,6,https://www.goodreads.com/work/quotes/12502746,All that is required for the triumph of evil is for good men to do nothing.’,,,
q01675,top2010:1335,12502746,1,7,https://www.goodreads.com/work/quotes/12502746,"together unless they’re waiting for a bus or they’re bums.” Jack joined them under the tree and they stood in a semicircle. “Okay, we’re business schmucks,” Clark said, “standing around talking",,,
q01676,top2010:1335,12502746,1,8,https://www.goodreads.com/work/quotes/12502746,"There was reality, and then there was perception, and rarely the two shall meet.",,,
q01677,top2010:1335,12502746,1,9,https://www.goodreads.com/work/quotes/12502746,"it’s about doing the job you’ve trained your ass off to be good at, taking care of the guys to your left and right, and coming out the other side with all your fingers and toes.",,,
q01678,top2010:1335,12502746,1,13,https://www.goodreads.com/work/quotes/12502746,question that remained now was whether he would be alive to perform the day’s final salaat. That was in Allah’s,,,
q01679,top2010:1199,9629311,1,0,https://www.goodreads.com/work/quotes/9629311,"This was the weird, scary stuff Denny and Mitch lived for. Every afternoon, they would gather up their papers to sell and hoof it over to the library to check the District Department of Transportation (DDOT) website for wherever rush-hour traffic was at its worst. Logjams were their meat.",,,
q01680,top2010:1199,9629311,1,1,https://www.goodreads.com/work/quotes/9629311,it was news to almost everyone else on the call.,,,
q01681,top2010:1199,9629311,1,2,https://www.goodreads.com/work/quotes/9629311,The Basilica of the National Shrine of the Immaculate Conception,,,
q01682,top2010:1199,9629311,1,3,https://www.goodreads.com/work/quotes/9629311,"The right inspiration, [...]. That's the beauty of creation and imagination. Remaining open to what comes. The more seasoned the artist, the more capable he is of responding in the moment.",,,
q01683,top2010:1199,9629311,1,4,https://www.goodreads.com/work/quotes/9629311,"right through those pretentious horn-rims of his. He never even got to reach for the door. It was over in a matter of seconds—the two most satisfying shots Denny had ever taken. Except, of course, not Denny. Not anymore. That was a pretty good feeling, too. To leave this all far behind. No time for celebrations, though. The car had barely gone quiet before he was out on the sidewalk and back to doing what he’d always done best. He kept moving. Chapter 100 THE TWENTY-FOUR HOURS following the hits at the Harman were a full-court press like I’d rarely seen in Washington. Our Command Information Center had traffic checks going on all night; Major Case Squad put both units on the street; and NSID was told to drop all nonessential business, and that was just inside the MPD. Details were operating out of Capitol Police, ATF, and even the Secret Service. By morning, the hunt for Steven Hennessey had gone from regional to national to international. The Bureau was fully activated and looking for him everywhere it was possible for the Bureau to look. The CIA was involved, too. The significance of these murders had really started to sink in. Justices Summers and Ponti had been the unofficial left wing of the Supreme Court, beloved by half the country and foxes in the henhouse, basically, to the other half. At MPD, our late-afternoon briefing was like a march of the zombies. Nobody had gotten much sleep overnight, and there was a palpable kind of tension in the air. Chief Perkins presided. There were no introductory remarks. “What are we looking at?” he asked straight-out. Most of the department’s command staff were there, too. Every",,,
q01684,top2010:1199,9629311,1,5,https://www.goodreads.com/work/quotes/9629311,"I don’t need to spend the next few months thinking about what color the invitations are going to be or who’s going to sit next to who,” she said. “That’s someone else’s wedding, not mine. Not ours. I just want to be married to you. Like now.” “Now?” I said. “Like—now?” She laughed and reached up to kiss me.",,,
q01685,top2010:1330,6902804,1,0,https://www.goodreads.com/work/quotes/6902804,I hurt with you. I bled with you - not only because we're bonded but because of the love I have for you. -- Eric Northman,,,
q01686,top2010:1330,6902804,1,2,https://www.goodreads.com/work/quotes/6902804,"The note, which had been written on one of the pads I kept around for grocery lists, said, ""My lover, I came in too close to dawn to wake you, though I was tempted. Your house is full of strange men. A fairy upstairs and a little child downstairs- but as long as there's not one in my lady's chamber, I can stand it"".",,,
q01687,top2010:1330,6902804,1,3,https://www.goodreads.com/work/quotes/6902804,"Fangtasia, where all your bloody dreams come true,' said a bored female voice.'Pam. Listen.''The phone is pressed to my ear. Speak.''Appius Livius Ocella just dropped in.''Fuck a zombie!",,,
q01688,top2010:1330,6902804,1,4,https://www.goodreads.com/work/quotes/6902804,"Can I help you up?”""No,” she said bitterly. “I prefer to drag myself along the hardwood floor.”""Bitch,” I said, squatting to help her up.",,,
q01689,top2010:1330,6902804,1,6,https://www.goodreads.com/work/quotes/6902804,"Are you a prude?' He seemed genuinely curious.'No!' But after a second, I said, 'But may be compared to you, yes! I like my privacy. I get to decide who sees me naked. Do you get my point?''Yes. Objectively speaking, you have beautiful points.'I thought the top of my head would pop off...(Sookie Stackhouse & Claude, Dead in the Family)",,,
q01690,top2010:1330,6902804,1,7,https://www.goodreads.com/work/quotes/6902804,"This letter is written on the skin of one of the water sprites who drowned your parents.''Ick!' I cried, and dropped the letter on the kitchen table.",,,
q01691,top2010:1330,6902804,1,8,https://www.goodreads.com/work/quotes/6902804,"This isn't what I expected when I found out you were sleeping in the house.""""What did you expect?""""I expected you'd come over here because you couldn't wait an extra minute to have fabulous, mind-blowing sex with me.",,,
q01692,top2010:1330,6902804,1,9,https://www.goodreads.com/work/quotes/6902804,"I didn't know what to think about first: me seeing Claude naked, Claude seeing me naked, or the whole fact that we were related and naked in the same room.(Sookie Stackhouse, Dead in the Family)",,,
q01693,top2010:1330,6902804,1,10,https://www.goodreads.com/work/quotes/6902804,"How is Eric?''Very tightly wound. Plus, a lot of stuff happened that he'll tell you about.''Thanks for the warning. I'll go to the house now. You're my favorite breather.''Oh. Well ... great.'She hung up.",,,
q01694,top2010:1330,6902804,1,11,https://www.goodreads.com/work/quotes/6902804,"I'm supposed to be a christian, but most days I don't feel like I can even presume to say that about myself any longer. I have a lot of mad left over. When I can't sleep, I think about the other people who didn't care how much pain and trouble they caused me. And I think about how good I'd feel if they died.",,,
q01695,top2010:1330,6902804,1,12,https://www.goodreads.com/work/quotes/6902804,"A year ago,' I said, 'you wouldn’t have asked this of me.''A year ago,' he answered, 'you wouldn’t have hesitated to drink.' I crossed to the desk and tossed it down.",,,
q01696,top2010:1330,6902804,1,13,https://www.goodreads.com/work/quotes/6902804,"We want to climb in with you,' Dermot said. 'We'll all sleep better.'That seemed incredibly weird and creepy to me - or maybe I only thought it should have. I was simply too tired to argue. I climbed in the bed. Claude got in on one side of me, Dermot on the other. Just when I was thinking, I would never be able to sleep, that this situation was too odd and too wrong, I felt a kind of blissful relaxation roll through my body, a kind of unfamiliar comfort. I was with family. I was with blood.And I slept.",,,
q01697,top2010:1330,6902804,1,14,https://www.goodreads.com/work/quotes/6902804,"If Hunter hadn't been there, I would've picked up the phone to call Eric. I would've asked him to bring a shovel and come to help me dig a body up. That was what a boyfriend should do, right? But I couldn't leave Hunter alone in the house, and I would've felt terrible if I'd ask Eric to go out in the woods by himself, even though I knew he wouldn't think anything about it. In fact, probably he'd have sent Pam.",,,
q01698,top2010:1330,6902804,1,15,https://www.goodreads.com/work/quotes/6902804,"Look, how come he showed up now? When you have other fairies in the woods? And does that sound crazy when you say it out loud, or what?",,,
q01699,top2010:1330,6902804,1,16,https://www.goodreads.com/work/quotes/6902804,"Who wants a bag of bones?” he said, with absolute sincerity. “I don’t want to hurt myself on the sharp edges of the woman I’m bedding.",,,
q01700,top2010:1330,6902804,1,19,https://www.goodreads.com/work/quotes/6902804,"No matter how we suffer, we have an obligation to others. We have to be unselfish enough to try to live in the right way, so others can get through their own lives without us fouling them up.",,,
q01701,top2010:1330,6902804,1,22,https://www.goodreads.com/work/quotes/6902804,"I would feel the urge to attack people, to bite them; they'd all be walking McBloodburgers to me.",,,
q01702,top2010:1330,6902804,1,23,https://www.goodreads.com/work/quotes/6902804,"Kennedy's issue didn't seem to be that she had been in jail, but that she had put on weight in jail. The food had been crappy, she'd told me, and it has been high on the carbohydrate count. ""But I'm an emotional eater,"" she'd said, as if that were a terrible thing. ""And I was real emotional in jail.",,,
q01703,top2010:1330,6902804,1,25,https://www.goodreads.com/work/quotes/6902804,"Better to reign in hell than serve in heaven,",,,
q01704,top2010:1330,6902804,1,27,https://www.goodreads.com/work/quotes/6902804,"Al parecer, era la época de ""abrazar a Sookie"" y nadie me había avisado.",,,
q01705,top2010:1330,6902804,1,29,https://www.goodreads.com/work/quotes/6902804,"It’s not that I approve of murder—but some people just beg to be killed, don’t they?",,,
q01706,top2011:4311,14893776,1,0,https://www.goodreads.com/work/quotes/14893776,Never be so focused on what you're looking for that you overlook the thing you actually find.,,,
q01707,top2011:4311,14893776,1,1,https://www.goodreads.com/work/quotes/14893776,"Hope is a horrible thing, you know. I don't know who decided to package hope as a virtue because it's not. It's a plague. Hope is like walking around with a fishhook in your mouth and somebody just keeps pulling it and pulling it.",,,
q01708,top2011:4311,14893776,1,2,https://www.goodreads.com/work/quotes/14893776,In this life we love who we love. There were some stories in which facts were very nearly irrelevant.,,,
q01709,top2011:4311,14893776,1,3,https://www.goodreads.com/work/quotes/14893776,There was no one clear point of loss. It happened over and over again in a thousand small ways and the only truth there was to learn was that there was no getting used to it.,,,
q01710,top2011:4311,14893776,1,5,https://www.goodreads.com/work/quotes/14893776,He used to say we all had a compass inside of us and what we needed to do was to find it and to follow it.,,,
q01711,top2011:4311,14893776,1,6,https://www.goodreads.com/work/quotes/14893776,"No one tells the truth to people they don't actually know, and if they do it is a horrible trait. Everyone wants something smaller, something neater than the truth.",,,
q01712,top2011:4311,14893776,1,7,https://www.goodreads.com/work/quotes/14893776,"It is said the sesta is one of the only gifts the Europeans brought to South America, but I imagine the Brazilians could have figured out how to sleep in the afternoon without having to endure centuries of murder and enslavement.",,,
q01713,top2011:4311,14893776,1,8,https://www.goodreads.com/work/quotes/14893776,"Society was nothing but a long, dull dinner party conversation in which one was forced to speak to one's partner on both the left and the right.",,,
q01714,top2011:4311,14893776,1,9,https://www.goodreads.com/work/quotes/14893776,But we cannot unbraid the story of another person’s life and take out all the parts that don’t suit our purposes and put forth only the ones that do.,,,
q01715,top2011:4311,14893776,1,10,https://www.goodreads.com/work/quotes/14893776,She understood in life that a person was only allowed one trip down to hell.,,,
q01716,top2011:4311,14893776,1,12,https://www.goodreads.com/work/quotes/14893776,You throw a person in the river and then make a spectacle of jumping in to save them.,,,
q01717,top2011:4311,14893776,1,13,https://www.goodreads.com/work/quotes/14893776,One must not be shy where language is concerned.,,,
q01718,top2011:4311,14893776,1,15,https://www.goodreads.com/work/quotes/14893776,"Like her mother and all her mother's people before her, those inexhaustible blondes who staked their claims in verdant prairies, Marina was cut from Minnesota, the soil and the starry night. Instead of growing up inquisitive and restless, she had developed a profound desire to stay, as if her center of gravity was so low it connected her directly to this particular patch of earth.",,,
q01719,top2011:4311,14893776,1,16,https://www.goodreads.com/work/quotes/14893776,"Every drop of rain hit the ground with such force it bounced back up again, giving the earth the appearance of something boiling.",,,
q01720,top2011:4311,14893776,1,17,https://www.goodreads.com/work/quotes/14893776,"...And there it went, the burden of her lifetime, taken.",,,
q01721,top2011:4311,14893776,1,18,https://www.goodreads.com/work/quotes/14893776,Minnesota! It smelled like raspberries and sunlight and tender grass. It was summer and everything was more beautiful than any picture she had carried with her....There had never been a place in the world as beautiful as Minnesota.,,,
q01722,top2011:4311,14893776,1,19,https://www.goodreads.com/work/quotes/14893776,"Questions are for the benefit of every student, not just the one raising his hand. If you don't have the starch to stand up in class and admit what you don't understand, then I don't have the time to explain it to you. If you don't have a policy against nonsense you can wind up with a dozen timid little rabbits lined up in the hall outside your office, all waiting to whisper the same imbecilic question in your ear.",,,
q01723,top2011:4311,14893776,1,20,https://www.goodreads.com/work/quotes/14893776,"The question is whether or not you choose to disturb the world around you, or if you choose to let it go on as if you had never arrived. That is how one respects indigenous people. If you pay any attention at all you’ll realize that you could never convert them to your way of life anyway. They are an intractable race. Any progress you advance to them will be undone before your back is turned. You might as well come down here to unbend the river. The point, then, is to observe the life they themselves have put in place and learn from it.",,,
q01724,top2011:4311,14893776,1,21,https://www.goodreads.com/work/quotes/14893776,"The part when they are together for a while, the two of them, before things go wrong. The way things ended always obliterated the genuine happiness that had come before and that shouldn't be the case.",,,
q01725,top2011:4311,14893776,1,22,https://www.goodreads.com/work/quotes/14893776,"This was her moment, the perfect now.",,,
q01726,top2011:4311,14893776,1,23,https://www.goodreads.com/work/quotes/14893776,"I saw it myself. An endless succession of mongrels and malingerers, the laziest dropouts who fancied themselves explorers. He made his policy clear: he was not responsible for their food, their shelter, their safety, or their health. He didn't waste his time discouraging them because frankly there was no discouragement they could not withstand. All of the energy they could have put into their intelligence they had used to develop their tenacity. But what I quickly learned was that their tenacity was for going, not for staying. Once they were out on the trail they fell like flies. Some took a day, two days, others were gone in a matter of hours, and Dr. Rapp never stopped for them. He remained beautifully consistent: he was to work and he would continue to work. He would not ferry back the weak and the lame. They had chosen to get themselves in and they would simply have to figure the means to get themselves out. People were quick to accept these terms until they themselves were weak. Then they changed their tune entirely, then they said Dr. Rapp was heartless. They couldn't slander him as a scientist but they said no end of scurrilous things about him as a man. He hadn't rescued them! He hadn't been their father and mother! I will tell you, none of that troubled his sleep. If he had made them his responsibility, either by dissuading them from their ambitions or by bailing them out of their folly, the greatest botanist of our time would have been reduced to a babysitter. It would have been an incalculable blow to science, all in the name of saving the stupid.",,,
q01727,top2011:4311,14893776,1,25,https://www.goodreads.com/work/quotes/14893776,The root system changes the acidity level in the soil so that nothing much will grow here except for the trees and a little bit of grass. In a sense you could say the tree poisons the area it inhabits to make sure that nothing else will survive in its space and take the nutrients out of the soil or grow taller and block out the sunlight.,,,
q01728,top2011:4311,14893776,1,26,https://www.goodreads.com/work/quotes/14893776,"Maybe he was concerned, or bored, or inappropriately friendly, or midwestern friendly.",,,
q01729,top2011:4311,14893776,1,27,https://www.goodreads.com/work/quotes/14893776,"Far outside the city the tree frogs were calling her, and the deep, rhythmic pulse of their voices set the blood flow to her heart.",,,
q01730,top2011:4311,14893776,1,28,https://www.goodreads.com/work/quotes/14893776,"Marina brushed her hand across the back of her neck and dislodged something with a hard shell.She had learned in time to brush instead of slap as slapping only served to pump the entire contents of the insect, which was doubtlessly already burrowed into the skin with some entomological protuberance, straight into the bloodstream.",,,
q01731,top2011:4311,14893776,1,29,https://www.goodreads.com/work/quotes/14893776,"What is it you said to me just now? There was a time? Maybe there was a time. To tell you the truth I can’t remember. From where I sit I would tell you that having a child is akin to plotting your own death, but I delivered thousands and thousands of babies in my day and it seemed at least in that moment many of the mothers were happy. I know it wasn’t like this for the young.”Dr. Swenson closed her eyes and though her head stayed balanced and upright she seemed to be asleep.",,,
q01732,top2011:1365,17822238,1,0,https://www.goodreads.com/work/quotes/17822238,"We have all sinned, Mr. Darcy, and we cannot look for mercy without showing it in our lives.",,,
q01733,top2011:1365,17822238,1,1,https://www.goodreads.com/work/quotes/17822238,"If this were fiction, could even the most brilliant novelist contrive to make credible so short a period in which pride had been subdued and prejudice overcome?",,,
q01734,top2011:1365,17822238,1,2,https://www.goodreads.com/work/quotes/17822238,"We are neither of us the people we were then. Let us look on the past only as it gives us pleasure, and to the future with confidence and hope.",,,
q01735,top2011:1365,17822238,1,3,https://www.goodreads.com/work/quotes/17822238,"The library at Pemberley was as freely open to her as it was to Darcy, and with his tactful and loving encouragement she had read more widely and with greater enjoyment and comprehension in the last six years than in all the past fifteen, augmenting an education which, she now understood, had never been other than rudimentary.",,,
q01736,top2011:1365,17822238,1,4,https://www.goodreads.com/work/quotes/17822238,People should make up their minds whether to live or to die and do one or the other with the least inconvenience to others.,,,
q01737,top2011:1365,17822238,1,5,https://www.goodreads.com/work/quotes/17822238,It is never so difficult to congratulate a friend on her good fortune than when that fortune appears undeserved.,,,
q01738,top2011:1365,17822238,1,6,https://www.goodreads.com/work/quotes/17822238,"It is doubtful whether Mrs Bennet missed the company of her second daughter, but her husband certainly did. Elizabeth had always been his favourite child.",,,
q01739,top2011:1365,17822238,1,7,https://www.goodreads.com/work/quotes/17822238,"I was like a little boy showing off my toys, desperate to win approval.",,,
q01740,top2011:1365,17822238,1,8,https://www.goodreads.com/work/quotes/17822238,"They also accused her of being sardonic, and although there was uncertainty about the meaning of the word, they knew that it was not a desirable quality in a woman, being one which gentlemen particularly disliked.",,,
q01741,top2011:1365,17822238,1,9,https://www.goodreads.com/work/quotes/17822238,"guilt is more commonly felt by the innocent than by the culpable,",,,
q01742,top2011:1365,17822238,1,10,https://www.goodreads.com/work/quotes/17822238,"The New World is not a refuge for the indolent, the criminal, the undesirable of the old, but a young man who has been clearly acquitted of a capital crime, has shown fortitude during his ordeal and has shown outstanding bravery in the field of battle appears to have the qualifications which will ensure his welcome.",,,
q01743,top2011:1365,17822238,1,11,https://www.goodreads.com/work/quotes/17822238,"One of her parlour borders, Miss Harriet Smith, married a local farmer, Robert Martin, and is very happily settled. They have three daughters and a son, but the doctor has told her it is unlikely that further children can be expected and she and her husband are anxious to have another son as playmate to their own. Mr and Mrs Knightley of Donwell Abbey are the most important couple in Highbury, and Mrs Knightley is a friend of Mrs Martin and has always taken a keen interest in her children.",,,
q01744,top2011:1365,17822238,1,12,https://www.goodreads.com/work/quotes/17822238,"[Mr. Collins] began by stating that he could find no words to express his shock and abhorrence, and then proceeded to find a great number, few of them appropriate and none of them helpful.",,,
q01745,top2011:1365,17822238,1,13,https://www.goodreads.com/work/quotes/17822238,There are few activities so agreeable as spending a friend's money to your own satisfaction and his benefit.,,,
q01746,top2011:1365,17822238,1,14,https://www.goodreads.com/work/quotes/17822238,And would she herself have married Darcy had he been a penniless curate or a struggling attorney? ...Elizabeth knew that she was not formed for the sad contrivances of poverty.,,,
q01747,top2011:1365,17822238,1,15,https://www.goodreads.com/work/quotes/17822238,"By 1803, therefore, Mrs Bennet could be regarded as a happy woman so far as her nature allowed and had even been known to sit through a four-course dinner in the presence of Sir William and Lady Lucas without once referring to the iniquity of the entail.",,,
q01748,top2011:1365,17822238,1,16,https://www.goodreads.com/work/quotes/17822238,"She was wearing a hat heavily trimmed with crisp pink ribbons which looked new, bought no doubt as tribute to the importance of the occasion. It would have been more impressive had it not sat atop a bush of bright yellow hair and from time to time she touched it as if unsure whether it was still on her head.",,,
q01749,top2011:1365,17822238,1,17,https://www.goodreads.com/work/quotes/17822238,"Neither man spoke of the past. Darcy could not rid himself of its power but Wickham lived for the moment, was sanguine about the future and reinvented the past to suit his audience, and Darcy could almost believe that, for the present, he had put the worst of it completely out of his mind. p.172",,,
q01750,top2011:1365,17822238,1,18,https://www.goodreads.com/work/quotes/17822238,"It was a fashionable and expensive academy but there was no loving care, and it inculcated pride and the values of the fashionable world, not sound learning and good sense.",,,
q01751,top2011:1365,17822238,1,19,https://www.goodreads.com/work/quotes/17822238,Neighbors whose jealousy of such a triumph exceeded any satisfaction in the prospect of the union were able to console themselves by averring that Mr Darcy's pride and his wife's caustic wit would ensure that they lived together in the utmost misery for which even Pemberley and ten thousand a year could offer no consolation.,,,
q01752,top2011:1365,17822238,1,20,https://www.goodreads.com/work/quotes/17822238,"He and Darcy rapidly came to the conclusion that they liked each other and thereafter, as is common with friends, accepted their different quirks of character as evidence of the other’s superior intellect.",,,
q01753,top2011:1365,17822238,1,22,https://www.goodreads.com/work/quotes/17822238,"my love, as his example. He would then have said less, and that more to the point.” Mr. Collins’s mind was not subtle enough to detect the irony or suspect the stratagem.",,,
q01754,top2011:1365,17822238,1,24,https://www.goodreads.com/work/quotes/17822238,"Charlotte had not been the eldest of a large family without acquiring some skill in the management of male delinquencies and her method with her husband was ingenious. She consistently congratulated him on qualities that he did not possess in the hope that, flattered by her praise and approval, he would acquire them.",,,
q01755,top2011:1365,17822238,1,25,https://www.goodreads.com/work/quotes/17822238,"...Miss Bingley was particularly anxious at the time not to leave the capital. Her pursuit of a widowed peer of great wealth was entering a most hopeful phase. Admittedly without his peerage and his money he would have been regarded as the most boring man in London, but one cannot expect to be called ""your grace"" without some inconvenience.",,,
q01756,top2011:1365,17822238,1,26,https://www.goodreads.com/work/quotes/17822238,"It is generally accepted that divine service affords a legitimate opportunity for the congregation to assess not only the appearance, deportment, elegance and possible wealth of new arrivals to the parish, but the demeanour of any of their neighbours known to be in an interesting situation, ranging from pregnancy to bankruptcy.",,,
q01757,top2011:1365,17822238,1,28,https://www.goodreads.com/work/quotes/17822238,"Darcy took the view that if family amity required him to meet people with whom he had little in common, it were best done at their expense not his.",,,
q01758,top2011:1365,17822238,1,29,https://www.goodreads.com/work/quotes/17822238,animosity between the two houses were bequeathed,,,
q01759,top2011:1365,17822238,2,0,https://www.goodreads.com/work/quotes/17822238?page=2,The truth is that I was so filled with self-disgust that I was no longer fit for human society.,,,
q01760,top2011:5571,13167950,1,0,https://www.goodreads.com/work/quotes/13167950,"There was a silence when Ayla finished. Zelandoni who was First broke the silence. “In our Histories and Legends, the Great Earth Mother gave birth to all life, and then to those like us who would remember Her. Who is to say how Doni formed us? What child remembers its life in the womb? Before it is born, a baby breathes water and struggles to breathe when first born. You have all seen and examined human life before it was fully formed, when it was expelled early. In the first stages, it does resemble a fish, and then animals. It may be she is remembering her own life in the womb, before she was born. Ayla’s interpretation of her early experience with the ones she calls the Clan does not deny the Legends or the Mother’s Song. It adds to them, explains them. But I am overwhelmed that those we have called animals for so long would have such great knowledge of the Mother, and having such knowledge in their ‘memories,’ how they could not recognize Her.” The zelandonia were relieved. The First had managed to take what at first seemed like a basic conflict of beliefs, told by Ayla with such credible conviction that it could almost create a schism, and instead blend them together. Her interpretation added strength to their beliefs rather than tearing them apart. They could, perhaps, accept that the ones they called Flatheads were intelligent in their own way, but the zelandonia had to maintain that the beliefs of those people were still inferior to their own. The Flatheads had not recognized the Great Earth Mother.",,,
q01761,top2011:5571,13167950,1,1,https://www.goodreads.com/work/quotes/13167950,"cold soup waiting for him, and a bone with",,,
q01762,top2011:5571,13167950,1,2,https://www.goodreads.com/work/quotes/13167950,"as dangerous as they are, I always hate to kill a cave lion if I don’t have to. They are so beautiful, so lithe and graceful in the way they move. Cave lions don’t have much to be afraid of. Their strength gives them confidence.",,,
q01763,top2011:5571,13167950,1,3,https://www.goodreads.com/work/quotes/13167950,"Once I got over feeling sick in the morning, I’ve been feeling good,” Levela said. “Vigorous and strong. Although, lately, I get tired easily. I want to sleep late and take naps in the day, and sometimes if I stand for a long time, my back hurts.” “Sounds about right, wouldn’t you say,” Velima said, smiling at her daughter. “Just the way you are supposed to feel.",,,
q01764,top2011:5571,13167950,1,4,https://www.goodreads.com/work/quotes/13167950,"It was the first time he had spoken. What Gift could Ayla give in return to the Mother that would be of equal value?” There was silence as everyone looked at Ayla. “I gave Her my baby,” she said, knowing in her heart that the child she had lost was one started by Jondalar, that it was her and Jondalar’s child. Will I ever have another baby that will be Jondalar’s, too? she wondered. “The Mother was honored deeply when that baby was started. It was a baby I wanted, wanted more than I can tell you. Even now, my arms ache with the emptiness of that loss. I may have another child someday, but I will never have that child.",,,
q01765,top2011:5571,13167950,1,6,https://www.goodreads.com/work/quotes/13167950,"Begouen in the Volp Valley—l’Enlene, Trois-Freres, and Tuc-",,,
q01766,top2011:5571,13167950,1,9,https://www.goodreads.com/work/quotes/13167950,"It was obvious that Balderan was seething with rage. He particularly hated the foreign man and woman who could control horses and a wolf, and could therefore control him. For the first time in his life he was afraid, and what he feared most was Wolf. He wanted to kill the animal, but not any more than Wolf wanted to kill him. The four-legged hunter knew in the way that animals with senses more developed than those of humans know that this man was not like other men. He was born with too much or not enough of something that made him different, and Wolf innately knew that this man would not hesitate to harm the ones Wolf loved.",,,
q01767,top2011:5571,13167950,1,10,https://www.goodreads.com/work/quotes/13167950,"But she was beginning to learn that no one knew what everything in the painted caves meant. It was likely that no one actually knew what anything meant, except the person who put it there, and perhaps not even then. If something painted on the walls of a cave made you feel something, then whatever you felt was what it meant. It might depend on your state of mind, which could be altered, or how receptive you were. Ayla thought about what the Seventh said when she asked him about the rows of large dots. He put it in very personal terms and told her what the dots meant to him. The caves were Sacred Sites, but she was beginning to think it was a personal, individual sacredness. Maybe that’s what she was supposed to be learning on this trip.",,,
q01768,top2011:5571,13167950,1,12,https://www.goodreads.com/work/quotes/13167950,"was more than she could ever have hoped for. He not only said he loved her, he treated her with love. He was kind, he was generous, he adored her daughter. If it weren’t for him, she would not have been able to be an acolyte, to be a part of the zelandonia. He supported her, took care of Jonayla when",,,
q01769,top2011:1336,12401364,1,0,https://www.goodreads.com/work/quotes/12401364,"When I thought of Eric with someone else, I wanted to rip out all his beautiful blonde hair. By the roots. In clumps.",,,
q01770,top2011:1336,12401364,1,1,https://www.goodreads.com/work/quotes/12401364,"We might be on the same page, but I wasn't happy about reading it.",,,
q01771,top2011:1336,12401364,1,2,https://www.goodreads.com/work/quotes/12401364,"One of the most wonderful, and the most appalling, things about Eric loving me was that he didn't give a shit about anyone else.",,,
q01772,top2011:1336,12401364,1,3,https://www.goodreads.com/work/quotes/12401364,"I'd have to say no, people don't change, but they can learn to behave differently.",,,
q01773,top2011:1336,12401364,1,4,https://www.goodreads.com/work/quotes/12401364,"I love you,” Bill said helplessly, as if he wished those magic words would heal me. But he knew they wouldn’t.“That’s what you all keep saying,” I answered. “But it doesn’t seem to get me any happier.",,,
q01774,top2011:1336,12401364,1,5,https://www.goodreads.com/work/quotes/12401364,"No, I like you alive and warm and wiggling.",,,
q01775,top2011:1336,12401364,1,6,https://www.goodreads.com/work/quotes/12401364,"Men! Dead or alive, they could be exactly the same.",,,
q01776,top2011:1336,12401364,1,7,https://www.goodreads.com/work/quotes/12401364,"So, what, you just decided to sack out here and seduce me when I walked in the door? Home from spending the night at my boyfriend's? After having sex with him that could go in the Guinness Book of Records?",,,
q01777,top2011:1336,12401364,1,8,https://www.goodreads.com/work/quotes/12401364,"Oh. No wonder I'd been sick. I hadn't eaten anything since then. I'm a girl who likes her meals, so it hadn't been a weight-loss tactic. I'd just been too busy bumping from crisis to crisis. Go on the Sookie Stackhouse Narrow Avoidance of Death Diet! Run for your life, and miss meals, too! Exercise plus starvation.",,,
q01778,top2011:1336,12401364,1,9,https://www.goodreads.com/work/quotes/12401364,"Most humans were on one big island, to the fairies, and that island was adrift on a sea called I Totally Don’t Care.",,,
q01779,top2011:1336,12401364,1,10,https://www.goodreads.com/work/quotes/12401364,"Oklahoma is very beautiful, and Eric loves beauty, but he already has that in you.",,,
q01780,top2011:1336,12401364,1,11,https://www.goodreads.com/work/quotes/12401364,There was nothing civilized about sex with Eric.,,,
q01781,top2011:1336,12401364,1,12,https://www.goodreads.com/work/quotes/12401364,Something always turns up. It always seems darkest before the dawn. When God closes a door he opens a window. All things happen for a reason. Into every life a little rain must fall. What doesn't kill us makes us stronger.,,,
q01782,top2011:1336,12401364,1,13,https://www.goodreads.com/work/quotes/12401364,"Okay I've been stupid in the past. Not consistently stupid, but occasionally stupid. And I've made mistakes. You bet, I've made mistakes.",,,
q01783,top2011:1336,12401364,1,14,https://www.goodreads.com/work/quotes/12401364,"I met Elvis in your woods one night,” Terry said. One of the EMTs had given him a shot, and I thought it was beginning to work. “I knew I was nuts then. He was telling me how much he liked cats. I told him I was a dog person, myself.",,,
q01784,top2011:1336,12401364,1,15,https://www.goodreads.com/work/quotes/12401364,"I was so sleepy (and sore) that another bout of sex was out of the question, unless Eric had suddenly developed an interest in necrophilia.",,,
q01785,top2011:1336,12401364,1,16,https://www.goodreads.com/work/quotes/12401364,"We followed the bondage Bobbsey Twins across the crowded dance floor. Those leather shorts were an adventure from behind, let me tell you.And the pictures of Elvis decorating the walls were an education, too. It wasn’t often you ran into a bondage/Elvis/ whorehouse-themed vampireclub.",,,
q01786,top2011:1336,12401364,1,18,https://www.goodreads.com/work/quotes/12401364,"But in my book, it was basically bad taste to stare at someone's assets, no matter how much on display they were.",,,
q01787,top2011:1336,12401364,1,20,https://www.goodreads.com/work/quotes/12401364,"That's just not right,"" Sam muttered. ""Claude needs to keep his pants on.",,,
q01788,top2011:1336,12401364,1,21,https://www.goodreads.com/work/quotes/12401364,"Lily might be icy on the outside, but inside she was Vesuvius.",,,
q01789,top2011:1336,12401364,1,22,https://www.goodreads.com/work/quotes/12401364,"It's not enough that we have to handle our own race's problems,"" Claude said. ""Now we're sucked into the fucking vampire struggles, too.""""No,"" I said, feeling I was walking uphill in this conversation. ""You as a group weren't sucked into the vampire struggles. One of you was taken for a specific purpose. Different scenario.",,,
q01790,top2011:1336,12401364,1,24,https://www.goodreads.com/work/quotes/12401364,"how shall we go about this?"" Dermot asked. He was blond and Claude was dark; the looked like gorgeous bookends.",,,
q01791,top2011:1336,12401364,1,25,https://www.goodreads.com/work/quotes/12401364,"Would Eric enjoy being a Sooner? As I navigated through Shreveport, I wondered if Oklahoma vampires wore cowboy boots and knew all the songs from the musical.",,,
q01792,top2011:1336,12401364,1,26,https://www.goodreads.com/work/quotes/12401364,"Humans who are born with the essential spark are born to experience or perform something wonderful, something amazing.",,,
q01793,top2011:1336,12401364,1,27,https://www.goodreads.com/work/quotes/12401364,"Though the happy and free-spending crowd out on the floor didn’t know it, tonight the king of rock ’n’ roll would sing again for the Regent of Louisiana. Who could turn down an invitation to such an event?",,,
q01794,top2011:1336,12401364,1,28,https://www.goodreads.com/work/quotes/12401364,"I felt more confident when I saw the tiny ancient Greek vampire. Thalia had been turned so long ago that no trace of humanity remained. She was simply a cold killing machine. She’d reluctantly joined the vampires that came out, but she despised humans with a thoroughness and ferocity that had made her a sort of cult figure. One website had offered five thousand dollars to the man or woman who could get a picture of Thalia smiling. No one had ever collected, but they could have tonight. She was smiling now. It was creepy as hell.",,,
q01795,top2011:1336,12401364,1,29,https://www.goodreads.com/work/quotes/12401364,"Dark-skinned vampires undergo an interesting change a few decades after they’re turned. If they were a very dark shade in life, they become a light brown, sort of a milk chocolate. Those who were lighter skinned become a sort of creamy",,,
q01796,top2011:2552,15246115,1,0,https://www.goodreads.com/work/quotes/15246115,I’d learned a long time ago that it’s better to ask forgiveness than permission.,,,
q01797,top2011:2552,15246115,1,1,https://www.goodreads.com/work/quotes/15246115,even lying to myself. Maybe there was nothing I could do on this that the Bureau or Secret Service wasn’t already covering.,,,
q01798,top2012:7323,18116611,1,0,https://www.goodreads.com/work/quotes/18116611,Why do you have to be the same as the others? ...Most of them are stupid.,,,
q01799,top2012:7323,18116611,1,1,https://www.goodreads.com/work/quotes/18116611,"Why was it, Lloyd wondered, that the people who wanted to destroy everything good about their country were the quickest to wave the national flag?",,,
q01800,top2012:7323,18116611,1,2,https://www.goodreads.com/work/quotes/18116611,"And here's my advice to you. If you get the chance of the mad kind of love, grab it with both hands, and to hell with the consequences.",,,
q01801,top2012:7323,18116611,1,3,https://www.goodreads.com/work/quotes/18116611,"The Führer's judgement will be proved right - again.''Of course it will, Erik.''He has never yet been wrong!''A man thought he could fly, so he jumped off the top of a ten-storey building, and as he fell past the fifth floor, flapping his arms uselessly in the air, he was heard to say: So far, so good!",,,
q01802,top2012:7323,18116611,1,4,https://www.goodreads.com/work/quotes/18116611,Most rich people have a gangster in their ancestry somewhere.,,,
q01803,top2012:7323,18116611,1,5,https://www.goodreads.com/work/quotes/18116611,"Ethel said: ""Lloyd, there's someone here you may remember-"" Daisy could not restrain herself. She ran to Lloyd and threw herself into his arms. She hugged him. She looked into his green eyes, then kissed his brown cheeks and his broken nose and then his mouth. ""I love you, Lloyd,"" she sad madly. ""I love you, I love you, I love you.""""I love you, too, Daisy,"" he said.Behind her, Daisy heard Ethel's wry voice. ""You do remember, I see.",,,
q01804,top2012:7323,18116611,1,6,https://www.goodreads.com/work/quotes/18116611,Why is it that those who want to destroy everything good about their country are the quickest to waive the national flag?,,,
q01805,top2012:7323,18116611,1,7,https://www.goodreads.com/work/quotes/18116611,"You’re a queer?”“That’s exactly what I am. I didn’t choose to be.”After a while Woody put his arm around Chuck’s shoulders.“Well, what the hell,” he said. “At least you’re not a Republican.",,,
q01806,top2012:7323,18116611,1,8,https://www.goodreads.com/work/quotes/18116611,Americans talked about voters the same way Russians talked about Stalin. They had to be obeyed.,,,
q01807,top2012:7323,18116611,1,9,https://www.goodreads.com/work/quotes/18116611,"This is amazing,” Volodya said. “He’s the President, yet he has to make excuses all the time for what he does!”“Something like that,” Woody said. “We call it democracy.",,,
q01808,top2012:7323,18116611,1,10,https://www.goodreads.com/work/quotes/18116611,"You don’t give up on democracy every time you lose a vote”, Ethel said crisply.",,,
q01809,top2012:7323,18116611,1,11,https://www.goodreads.com/work/quotes/18116611,"If I’ve learned one thing in Spain, it’s that we have to fight the Communists just as hard as the Fascists. They’re both evil.",,,
q01810,top2012:7323,18116611,1,12,https://www.goodreads.com/work/quotes/18116611,"If you don’t take an interest, then what happens is your fault.",,,
q01811,top2012:7323,18116611,1,13,https://www.goodreads.com/work/quotes/18116611,"This was not a political party. It was an army. The purpose of the display, Lloyd figured, was to give them false authority. They wanted to look as if they had the right to close meetings and empty buildings, to burst into homes and offices and arrest people, to drag them to jails and camps and beat them up, interrogate and torture them, as the Brownshirts did in Germany under the Nazi regime so admired by Mosley and the Daily Mail’s proprietor,",,,
q01812,top2012:7323,18116611,1,14,https://www.goodreads.com/work/quotes/18116611,"After the Battle of Midway it was clear that the Pacific war would be won by planes launched from ships. Both Japan and the United States began crash programs to build aircraft carriers as fast as possible. During 1943 and 1944, Japan produced seven of these huge, costly vessels. In the same period, the United States produced ninety.",,,
q01813,top2012:7323,18116611,1,15,https://www.goodreads.com/work/quotes/18116611,"He was looking forward to letting Joanne know, in a casual way, that he had read these books.",,,
q01814,top2012:7323,18116611,1,16,https://www.goodreads.com/work/quotes/18116611,"Erik said: “But the Aryan race must be superior—we rule the world!” “Your Nazi friends don’t know any history,” Father said. “The Ancient Egyptians built the pyramids when Germans were living in caves. Arabs ruled the world in the Middle Ages—the Muslims were doing algebra when German princes could not write their own names. It’s nothing to do with race.",,,
q01815,top2012:7323,18116611,1,17,https://www.goodreads.com/work/quotes/18116611,"She had believed that love was something she could bestow upon whomever she liked, and that her main responsibility was to choose cleverly.",,,
q01816,top2012:7323,18116611,1,18,https://www.goodreads.com/work/quotes/18116611,"Everything is ultimately the Prime Minister's fault', said Lloyd. 'That's what it means to be the leader",,,
q01817,top2012:7323,18116611,1,19,https://www.goodreads.com/work/quotes/18116611,"Erik was one of those inadequate people who were so scared by life that they preferred to live under harsh authority, to be told what to do and what to think by a government that allowed no dissent. They were foolish and dangerous, but there were an awful lot of them.",,,
q01818,top2012:7323,18116611,1,20,https://www.goodreads.com/work/quotes/18116611,"At last it faded away, and the mushroom cloud began to disperse. Greg heard Frank Oppenheimer say: “It worked.” Oppie said: “Yes, it worked.” The two brothers shook hands. And the world is still here, Greg thought. But it has been forever changed.",,,
q01819,top2012:7323,18116611,1,22,https://www.goodreads.com/work/quotes/18116611,"You’d be surprised. Look, most Republicans are decent men who simply have a view of the world that is different from ours. But there is a hard core of fucking nutcases.",,,
q01820,top2012:7323,18116611,1,23,https://www.goodreads.com/work/quotes/18116611,"politicians often had the knack of seeming to know everyone intimately. Either they had remarkable memories, or their secretaries reminded them efficiently.",,,
q01821,top2012:7323,18116611,1,25,https://www.goodreads.com/work/quotes/18116611,Desperate men are dangerous. And I do know that the United States is not ready to go to war against Japan. Our navy isn’t ready and our air force isn’t ready.,,,
q01822,top2012:7323,18116611,1,28,https://www.goodreads.com/work/quotes/18116611,No candidate is perfect' said Lloyd. 'It's how you deal with your weaknesses that matters,,,
q01823,top2012:7323,18116611,1,29,https://www.goodreads.com/work/quotes/18116611,"He had quoted Lenin: 'He who controls Berlin, controls Germany; and who controls Germany, controls Europe.",,,
q01824,top2012:7323,18116611,2,0,https://www.goodreads.com/work/quotes/18116611?page=2,"In the dynamics of the main family of the story, a rising socialist in England's postwar government expects his grandparents to be pleased that the local aristocrat's garden is commandeered to allow the people to get coal underneath. Instead, the grandparents grieve because the garden represents something more than a resource to be divided. It is a symbol of community and beauty.",,,
q01825,top2012:7323,18116611,2,1,https://www.goodreads.com/work/quotes/18116611?page=2,"Carla had never before realized how much she had been protected by politicians, newspapermen, and lawyers. Without them, she saw now, the government could do anything it liked, even kill people.",,,
q01826,top2012:7323,18116611,2,5,https://www.goodreads.com/work/quotes/18116611?page=2,"Why do the Fascists want violence?” Ethel asked rhetorically. “Those out there in Hills Road may be mere hooligans, but someone is directing them, and their tactics have a purpose. When there is fighting in the streets, they can claim that public order has broken down, and drastic measures are needed to restore the rule of law. Those emergency measures will include banning democratic political parties such as Labour, prohibiting trade union action, and jailing people without trial—people such as us, peaceful men and women whose only crime is to disagree with the government. Does this sound fantastic to you, unlikely, something that could never happen? Well, they used exactly those tactics in Germany—and it worked.” She went on to talk about how Fascism",,,
q01827,top2012:7323,18116611,2,6,https://www.goodreads.com/work/quotes/18116611?page=2,"Fascism is on the march,” Lloyd began. “And it is dangerously attractive. It gives false hope to the unemployed. It wears a spurious patriotism, as the Fascists themselves wear imitation military uniforms.",,,
q01828,top2012:7323,18116611,2,9,https://www.goodreads.com/work/quotes/18116611?page=2,"We move by inches, not miles,’ said Gus Dewar with a smile. ‘That’s politics.",,,
q01829,top2012:7323,18116611,2,10,https://www.goodreads.com/work/quotes/18116611?page=2,No storm can shake my inmost calm While to that rock I’m clinging Since Love is Lord of heaven and earth How can I keep from singing?,,,
q01830,top2012:7323,18116611,2,11,https://www.goodreads.com/work/quotes/18116611?page=2,She had always liked what Scarlett O'Hara said in Gone with the Wind: I'll think about it tomorrow. Not anymore.,,,
q01831,top2012:7323,18116611,2,12,https://www.goodreads.com/work/quotes/18116611?page=2,This was the kind of thing Oswald Mosley and his British Fascists wanted—a country in which the rule of law was replaced by bullying and beating.,,,
q01832,top2012:7323,18116611,2,13,https://www.goodreads.com/work/quotes/18116611?page=2,"In 1872 the anarchist leader Mikhail Bakunin warned Karl Marx that Communists in power would be as oppressive as the aristocracy they replaced. After what has happened in Russia, can you honestly say Bakunin was wrong?",,,
q01833,top2012:7323,18116611,2,14,https://www.goodreads.com/work/quotes/18116611?page=2,"Fascism offered false solutions, simplistically blaming groups such as Jews and Communists for complex problems such as unemployment and crime. She made merciless fun of the concept of the triumph of the will, likening the Führer and the Duce to playground bullies. They claimed popular support, but banned all opposition.",,,
q01834,top2012:7323,18116611,2,19,https://www.goodreads.com/work/quotes/18116611?page=2,"Flares and small incendiary bombs began to fall as the car approached Kreuzberg. The neighborhood was a typical target for the RAF’s current strategy of killing as many civilian factory workers as possible. With staggering hypocrisy Churchill and Attlee were claiming they attacked only military targets, and civilian casualties were a regrettable side effect. Berliners knew better.",,,
q01835,top2012:7323,18116611,2,20,https://www.goodreads.com/work/quotes/18116611?page=2,"Because all this stuff about military targets is absolute rubbish. There’s no point in bombing German factories, because they just rebuild them. So we’re targeting large areas of dense working-class housing. They can’t replace the workers so fast.",,,
q01836,top2012:7323,18116611,2,21,https://www.goodreads.com/work/quotes/18116611?page=2,"This guy was high on Greg’s suspect list. He was German, though he had left in the mid-1930s and gone to London. He was an anti-Nazi but not a Communist: his politics were Social Democrat. He was married to an American girl, an artist. Talking to him over lunch, Greg found no reason for suspicion: he seemed to love living in America and to be interested in little but his work. But with foreigners you could never be quite sure where their ultimate loyalty lay.",,,
q01837,top2012:7323,18116611,2,22,https://www.goodreads.com/work/quotes/18116611?page=2,"The scientists there included Leo Szilard, the man who first conceived of the nuclear chain reaction. Szilard was a Hungarian Jew who had studied at the University of Berlin—until the fatal year of 1933. The research team in Chicago was led by Enrico Fermi, the Italian physicist. Fermi, whose wife was Jewish, had left Italy when Mussolini published his Manifesto of Race. Greg wondered whether the Fascists realized that their racism had brought such a windfall of brilliant scientists to their enemies.",,,
q01838,top2012:7323,18116611,2,23,https://www.goodreads.com/work/quotes/18116611?page=2,"German women have to make hard choices. We’re paying for the easy choices German men made fifteen years ago. Men such as my father, who thought Hitler would be good for business, and Heinrich’s father, who voted for the Enabling Act. The sins of the fathers are visited on the daughters.",,,
q01839,top2012:7323,18116611,2,24,https://www.goodreads.com/work/quotes/18116611?page=2,if you deny the truth about yourself you lose your soul?,,,
q01840,top2012:7323,18116611,2,26,https://www.goodreads.com/work/quotes/18116611?page=2,"For reasons no one understood, musicians were good at decoding.",,,
q01841,top2012:7323,18116611,2,28,https://www.goodreads.com/work/quotes/18116611?page=2,I could weep for all the innocent women and children who were burned and maimed in London—and it doesn’t help at all to know that German women and children are suffering the same.,,,
q01842,top2012:7323,18116611,2,29,https://www.goodreads.com/work/quotes/18116611?page=2,"Communism was a work in progress, with mistakes being made on the road to a fair society. The NKVD with its torture chambers was an aberration, a cancer in the body of Communism. One day it would be surgically removed. But probably not in wartime.",,,
q01843,top2012:5475,17594837,1,0,https://www.goodreads.com/work/quotes/17594837,"There's always more to life than money, Will. Money is just a means to an end. It shouldn't be the goal. Annnie Lambert",,,
q01844,top2012:5475,17594837,1,1,https://www.goodreads.com/work/quotes/17594837,Lots of people don’t talk about their military service.” “I bet heroes do.” “No. A pretty accurate rule of thumb is the people who did the most talk about it the least. The blowhards are the ones who did squat.,,,
q01845,top2012:5475,17594837,1,2,https://www.goodreads.com/work/quotes/17594837,"Robie took a deep, cleansing breath. He had never played well with others. For the last dozen years he had worked in almost total isolation. He preferred it that way. He was better alone than with a team. That’s just how he was built.",,,
q01846,top2012:5475,17594837,1,4,https://www.goodreads.com/work/quotes/17594837,"You had to take life as it came. It gave no quarter, spared no feelings. Limited no pain. Put no ceiling on happiness.",,,
q01847,top2012:5475,17594837,1,5,https://www.goodreads.com/work/quotes/17594837,"Life is what it is, Will. You take it as it comes.",,,
q01848,top2012:5475,17594837,1,6,https://www.goodreads.com/work/quotes/17594837,"That’s what civilization sometimes did to threats, real or perceived. They walled them off. Us against them. Survival of the fittest. You die so I can live.",,,
q01849,top2012:5475,17594837,1,7,https://www.goodreads.com/work/quotes/17594837,"Young people made easy targets for predators. Young people were glued to their phone screens, thumbs ramming keys, firing off messages of importance, like Facebook status, the color of their underwear that day, girl problems, hair problems, sport stats, where the next party was. They also always had earbuds in. With the music roaring, they could hear nothing until the lion struck. Then it was too late. Easy prey. And they didn’t even know it.",,,
q01850,top2012:5475,17594837,1,9,https://www.goodreads.com/work/quotes/17594837,For the first time she sounded interested in what he had to say.,,,
q01851,top2012:5475,17594837,1,11,https://www.goodreads.com/work/quotes/17594837,"a Marine buzz cut. His facial features were sharply defined,",,,
q01852,top2012:5475,17594837,1,13,https://www.goodreads.com/work/quotes/17594837,"Five hundred and thirty-five members of Congress plied their trade near here in various buildings named after long-dead politicians. They, in turn, were surrounded by an army of lobbyists flush with cash who worked relentlessly to convince the elected officials of the unassailable righteousness of their causes. Such was democracy.",,,
q01853,top2012:5475,17594837,1,15,https://www.goodreads.com/work/quotes/17594837,Knowing your pain tolerance is important. Pills and needles mask it. Not good. I could be slipping and I'd never know it.,,,
q01854,top2012:5475,17594837,1,16,https://www.goodreads.com/work/quotes/17594837,It quickly aged all the occupants.,,,
q01855,top2012:5475,17594837,1,17,https://www.goodreads.com/work/quotes/17594837,"Maybe that was the real reason why the place was called the White House, thought Robie.",,,
q01856,top2012:5475,17594837,1,18,https://www.goodreads.com/work/quotes/17594837,photo of the three of them that was,,,
q01857,top2012:5475,17594837,1,23,https://www.goodreads.com/work/quotes/17594837,"The spokeswoman said, “The victims, a mother and her young son, have been identified, but we’re withholding their",,,
q01858,top2012:5475,17594837,1,24,https://www.goodreads.com/work/quotes/17594837,"There were five, not counting the guide. The man and",,,
q01859,top2012:6166,19195697,1,0,https://www.goodreads.com/work/quotes/19195697,"Now that I knew fear, I also knew it was not permanent. As powerful as it was, its grip on me would loosen. It would pass.",,,
q01860,top2012:6166,19195697,1,1,https://www.goodreads.com/work/quotes/19195697,"I stood there in the shadowed doorway thinking with my tears. Yes, tears can be thoughts, why not?",,,
q01861,top2012:6166,19195697,1,2,https://www.goodreads.com/work/quotes/19195697,"We are never so poor that we cannot bless another human being, are we? So it is that every evil, whether moral or material, results in good. You'll see.",,,
q01862,top2012:6166,19195697,1,3,https://www.goodreads.com/work/quotes/19195697,"Women don't realize how much store men set on the regularity of their habits. We absorb their comings and goings into our bodies, their rhythms into our bones.",,,
q01863,top2012:6166,19195697,1,4,https://www.goodreads.com/work/quotes/19195697,We passed over in a sweep of sorrow that would persist into our small forever. We just keep going.,,,
q01864,top2012:6166,19195697,1,5,https://www.goodreads.com/work/quotes/19195697,"The only answer to this, and it isn't an entire answer, said Father Travis, is that God made human beings free agents. We are able to choose good over evil, but the opposite too. And in order to protect our human freedom, God doesn't often, very often at least, intervene. God can't do that without taking away our moral freedom. Do you see?No. But yeah.The only thing that God can do, and does all of the time, is to draw good from any evil situation.",,,
q01865,top2012:6166,19195697,1,6,https://www.goodreads.com/work/quotes/19195697,"In order to purify yourself, you have to understand yourself, Father Trais went on. Everything out in the world is also in you. Good, bad, evil, perfection, death, everything. So we study our souls.",,,
q01866,top2012:6166,19195697,1,7,https://www.goodreads.com/work/quotes/19195697,"Of course, English is a very powerful language, a colonizer's language and a gift to a writer. English has destroyed and sucked up the languages of other cultures - its cruelty is its vitality.",,,
q01867,top2012:6166,19195697,1,8,https://www.goodreads.com/work/quotes/19195697,"Very little is needed to make a happy life, he said.",,,
q01868,top2012:6166,19195697,1,9,https://www.goodreads.com/work/quotes/19195697,A smile of remembrance of lost times.,,,
q01869,top2012:6166,19195697,1,10,https://www.goodreads.com/work/quotes/19195697,"This so gnawed at him on some nights that he lay awake wondering just how many unknown and similarly inconsequential accidents and bits of happenstance were at this moment occurring or failing to occur in order to ensure he took his next breath, and the next.",,,
q01870,top2012:6166,19195697,1,11,https://www.goodreads.com/work/quotes/19195697,"The Larks were bumbling entrepreneurs and petty thieves, but they were also self-deceived. While their moral standards for the rest of the world were rigid, they were always able to find excuses for their own shortcomings. It is these people really, said my father, small-time hypocrites, who may in special cases be capable of monstrous acts if given the chance.",,,
q01871,top2012:6166,19195697,1,12,https://www.goodreads.com/work/quotes/19195697,"And how funny, strange, that a thing can grow so powerful even when planted in the wrong place. Ideas too, I muttered. Ideas.",,,
q01872,top2012:6166,19195697,1,14,https://www.goodreads.com/work/quotes/19195697,The Creator made us for each other. Me here. Zelia there. Space was put between us by human error. But our hearts listened to divine will.,,,
q01873,top2012:6166,19195697,1,16,https://www.goodreads.com/work/quotes/19195697,"She told him that he had survived by doing the opposite of all the others. Where they abandoned, he saved. Where they were cruel, he was kind. Where they betrayed, he was faithful.",,,
q01874,top2012:6166,19195697,1,17,https://www.goodreads.com/work/quotes/19195697,"I was the sort of kid who spent a Sunday afternoon prying little trees out of the foundation of his parents’ house. I should have given in to the inevitable truth that this was the sort of person I would become, in the end, but I kept fighting it.",,,
q01875,top2012:6166,19195697,1,18,https://www.goodreads.com/work/quotes/19195697,"Father Travis leaned back. I glanced up at him. He was watching us from under his brow, his hands folded in his lap. His eyes had taken on that cyborg gleam. His cheekbones looked like they were going to break right through his skin. Not only did he own a copy of Alien, not only did he have an amazing and terrible wound, but he had called us humiliating names without actually resorting to the usual swear words. Besides that there was the deft speed with which he’d caught Angus, the free weights beside the television, the fancy Michelob. It was almost enough to make a boy want to be a Catholic.",,,
q01876,top2012:6166,19195697,1,19,https://www.goodreads.com/work/quotes/19195697,"Now you listen to me, Joe. You will not badger or harrass me. You will leave me to think the way I want to think, here. I have to heal any way I can. You will stop asking questions and you will not give me any worry. You will not go after him. You will not terrify me, Joe. I've had enough fear for my whole life. You will not add to my fear. You will not add to my sorrows. You will not be part of this.",,,
q01877,top2012:6166,19195697,1,20,https://www.goodreads.com/work/quotes/19195697,"He said that while Clemence adored the sacrament, he meditated on how it could be possible that humans had evolved out of apes only to sit gaping at a round white cracker.",,,
q01878,top2012:6166,19195697,1,21,https://www.goodreads.com/work/quotes/19195697,"Add there was that moment when my mother and father walked in the door disguised as old people. I thought the miles in the car had bent them, dulled their eyes, even grayed and whitened their hair and caused their hands and voices to tremble. At the same time, I found, as I rose form the chair, I'd gotten old along with them.",,,
q01879,top2012:6166,19195697,1,23,https://www.goodreads.com/work/quotes/19195697,"What I am doing now is for the future, though it may seem small, or trivial, or boring, to you.",,,
q01880,top2012:6166,19195697,1,24,https://www.goodreads.com/work/quotes/19195697,"I already knew, too, that these questions would not change the facts. But they would inevitably change the way we sought justice.",,,
q01881,top2012:6166,19195697,1,25,https://www.goodreads.com/work/quotes/19195697,"Even the most traditional Indians, the ones who'd kept the old ceremonies alive in secret, either had Catholicism beaten into them in boarding school...or they had decided to hedge their bets by adding the saints to their love of the sacred pipe.",,,
q01882,top2012:6166,19195697,1,26,https://www.goodreads.com/work/quotes/19195697,"They’d built that place to keep their people together and to ask for mercy from the Creator, since justice was so sketchily applied on earth. Hinsdale",,,
q01883,top2012:6166,19195697,1,27,https://www.goodreads.com/work/quotes/19195697,"This was our ritual. Our breaking break, our communion. and it all began with that trusting moment where my father walked up behind my mother and she smiled at his approach without turning. By now they stood staring at each other helplessly over the broken dish.",,,
q01884,top2012:6166,19195697,1,28,https://www.goodreads.com/work/quotes/19195697,"She smelled of Marlboros, Aviance Night Musk, and her first drink of the late afternoon.",,,
q01885,top2012:6166,19195697,1,29,https://www.goodreads.com/work/quotes/19195697,"And here was the thing I didn’t understand then but do now—the loneliness. I was right, in that there was just the three of us. Or the two of us. Nobody else, not Clemence, not even my mother herself, cared as much as we did about my mother. Nobody else thought night and day of her. Nobody else knew what was happening to her. Nobody else was as desperate as the two of us, my father and I, to get our life back. To return to the Before.",,,
q01886,top2012:6166,19195697,2,0,https://www.goodreads.com/work/quotes/19195697?page=2,"My father could out-weather anybody. Like people anywhere, there were times when it was the only topic where people here felt comfortably expressive, and my father could go on earnestly, seemingly forever. When the current weather was exhausted, there was all the weather that had occurred in recorded history, weather lived through or witnessed by a relative, or even heard about on the news. Catastrophic weather of all types. And when that was done, there was all the weather that might possibly occur in the future. I'd even heard him speculate about weather in the afterlife.",,,
q01887,top2012:6166,19195697,2,2,https://www.goodreads.com/work/quotes/19195697?page=2,"And it occurred to me how even pulling trees that day, just months ago, I was in heaven. Unaware. I had known nothing even as the evil was occurring, I hadn't been touched yet.",,,
q01888,top2012:6166,19195697,2,3,https://www.goodreads.com/work/quotes/19195697?page=2,"They lived and died too quickly in those years that surrounded the making of the reservation, died before they could be recorded and in such painful numbers that it was hard to remember them all without uttering, as my father did sometimes as he read local history, and the white man appeared and drove them down into the earth, which sounded like an Old Testament prophecy but was just an observation of the truth.",,,
q01889,top2012:6166,19195697,2,5,https://www.goodreads.com/work/quotes/19195697?page=2,"I am the second Antone Bazil Coutts, but I’d fight anyone who put a junior in back of my name. Or a number. Or called me Bazil. I’d decided I was Joe when I was six. When I was eight, I realized that I’d chosen the name of my great-grandfather, Joseph. I knew him mainly as the author of inscriptions in books with amber pages and dry leather bindings. He’d passed down several shelves of these antiquities. I resented the fact that I didn’t have a brand-new name to distinguish me from the tedious Coutts line—responsible, upright, even offhandedly heroic men who drank quietly, smoked an occasional cigar, drove a sensible car, and only showed their mettle by marrying smarter women. I saw myself as different, though I didn’t know how yet.",,,
q01890,top2012:6166,19195697,2,6,https://www.goodreads.com/work/quotes/19195697?page=2,"I had three friends. I still keep up with two of them. The other is a white cross on the Montana Hi-Line. His physical departure is marked there, I mean. As for his spirit, I carry that around with me in the form of a round black stone. He gave it to me when he found out what had happened to my mother. Virgil Lafournais was his name, or Cappy. He told me that the stone was one of those found at the base of a lightning-struck tree, that it was sacred. A thunderbird egg, he called it. He gave it to me the day I went back to school. Every time I got a pitying or curious look from another kid or a teacher that day, I touched the stone Cappy gave me",,,
q01891,top2012:6166,19195697,2,7,https://www.goodreads.com/work/quotes/19195697?page=2,"Please, no, please, no. I thought I heard those words, but I could have said them. Lark was trying to get up again. He pedaled one foot in the air, rolled over, onto his knees, and rose in a crouch. He locked eyes with me. Their blackness knocked me backward. The rifle was lifted from my arms. Cappy stepped forward beside me. I didn’t hear the shot. All sound, all motion, had stalled in the sullen air. My brain was ringing. Cappy picked up the ejected casings from around my feet and put them in the pockets of his jeans",,,
q01892,top2012:6166,19195697,2,8,https://www.goodreads.com/work/quotes/19195697?page=2,An individual who drinks himself into a state of stuporous sickness runs the risk of succumbing to accidental death.,,,
q01893,top2012:6166,19195697,2,9,https://www.goodreads.com/work/quotes/19195697?page=2,"So along with the whiskey and perfume and smoke, she often exuded faint undertones of hay, dust, and the fragrance of horse, which once you smell it you always miss it. Humans were meant to live with the horse.",,,
q01894,top2012:6166,19195697,2,10,https://www.goodreads.com/work/quotes/19195697?page=2,"When overcome with laughter, they lost all dignity, however, and choked, snorted, burped, wheezed, even farted, which made them ever more hysterical.",,,
q01895,top2012:6166,19195697,2,11,https://www.goodreads.com/work/quotes/19195697?page=2,"The rain was that endless, gray, pounding kind of rain that makes your house feel cold and sad even if your mother's spirit isn't dying upstairs.",,,
q01896,top2012:6166,19195697,2,13,https://www.goodreads.com/work/quotes/19195697?page=2,"One generation passeth away, and another generation cometh, but the earth abideth forever.",,,
q01897,top2012:6166,19195697,2,14,https://www.goodreads.com/work/quotes/19195697?page=2,"I nodded and drank the tea. It had the sharp taste of bark. With Clemence gone, we could get down to business. I needed to find out about the ghost, first of all. Then I needed luck. I asked Mooshum about the ghost and described it. I told him that the same ghost had come to Randall.It’s not a ghost, then, Mooshum said.What is it, then?Someone’s throwing their spirit at you. Somebody that you’ll see.Could it be the man?What man?I took a breath. Who hurt my mother.Mooshum nodded and sat motionless, frowning.No, probably not, he said at last. When somebody throws their spirit at you they don’t even know it, but they mean to help. For weeks mon père dreamed that horse trampled him. Twice, I saw the angel that came to take my Junesse. Be careful.",,,
q01898,top2012:6166,19195697,2,16,https://www.goodreads.com/work/quotes/19195697?page=2,"I bounced around on top naturally. But that belly, yai! It grew big as a hill and I couldn’t see over it. I’d call out, Are you still back there? Holler to me! Like most fat Indians he did have a skinny butt. Man, those muscles in his back cheeks were powerful, too. He swung me around like a circus act. So I enjoyed him real well, those times were good. Awee, said Mooshum. His voice was wistful.",,,
q01899,top2012:6166,19195697,2,17,https://www.goodreads.com/work/quotes/19195697?page=2,"And so to be afraid of entering the cemetery by night was to fear not the loving ancestors who lay buried, but the gut kick of our history, which I was bracing to absorb. The old cemetery was filled with its complications.",,,
q01900,top2012:6166,19195697,2,19,https://www.goodreads.com/work/quotes/19195697?page=2,"It was the kind of moment, I see now, that could have gone several ways. She could have laughed, she could have cried, she could have reached for him. Or he could have got down on his knees and pretended to have the heart attack that later killed him. She would have been jolted from her shock. Helped him. We would have cleared up the mess, made sandwiches for ourselves, and things would have gone on. If we’d sat down together that night, I do believe things would have gone on.",,,
q01901,top2012:6166,19195697,2,21,https://www.goodreads.com/work/quotes/19195697?page=2,"We stayed away from the fact of Lark's existence, or anything to do with our actual thoughts.",,,
q01902,top2012:6166,19195697,2,22,https://www.goodreads.com/work/quotes/19195697?page=2,It had excited him enormously to be on fire.,,,
q01903,top2012:6166,19195697,2,23,https://www.goodreads.com/work/quotes/19195697?page=2,1 in 3 Native women will be raped in her lifetime (and that figure is certainly higher as Native women often do not report rape); 86 percent of rapes and sexual assaults upon Native women are perpetrated by non-Native men; few are prosecuted.,,,
q01904,top2012:6166,19195697,2,24,https://www.goodreads.com/work/quotes/19195697?page=2,"Any judge knows there are many kinds of justice—for instance, ideal justice as opposed to the best-we-can-do justice, which is what we end up with in making so many of our decisions.",,,
q01905,top2012:6166,19195697,2,25,https://www.goodreads.com/work/quotes/19195697?page=2,"We try to press against the boundaries of what we are allowed, walk a step past the edge. Our records will be scrutinized by Congress one day and decisions on whether to enlarge our jurisdiction will be made.",,,
q01906,top2012:6166,19195697,2,26,https://www.goodreads.com/work/quotes/19195697?page=2,"These are the decisions that I and many other tribal judges try to make. Solid decisions with no scattershot opinions attached. Everything we do, no matter how trivial, must be crafted keenly. We are trying to build a solid base here for our sovereignty.",,,
q01907,top2012:6166,19195697,2,27,https://www.goodreads.com/work/quotes/19195697?page=2,"the language he used survives in the law, that we were savages living off the forest, and to leave our land to us was to leave it useless wilderness, that our character and religion is of so inferior a stamp that the superior genius of Europe must certainly claim ascendancy and on and on. I",,,
q01908,top2012:6166,19195697,2,28,https://www.goodreads.com/work/quotes/19195697?page=2,"Marshall vested absolute title to the land in the government and gave Indians nothing more than the right of occupancy, a right that could be taken away at any time.",,,
q01909,top2012:6166,19195697,2,29,https://www.goodreads.com/work/quotes/19195697?page=2,"Temptation is a slower process and you’ll feel it more in the morning just after waking and in the evening, when you are at loose ends, tired, and yet not ready to fall asleep.",,,
q01910,top2012:6166,19195697,3,0,https://www.goodreads.com/work/quotes/19195697?page=3,"The Larks are the sort of people who trot out their relationships with “good Indians,” whom they secretly despise and openly patronize, in order to prove their general love for Indians, whom they are engaged in cheating.",,,
q01911,top2012:6166,19195697,3,1,https://www.goodreads.com/work/quotes/19195697?page=3,"I've read that certain memories put down in agitation at a vulnerable age do not extinguish with time, but engrave ever deeper as they return and return.",,,
q01912,top2012:6166,19195697,3,2,https://www.goodreads.com/work/quotes/19195697?page=3,"And so, you see, her absence stopped time. What",,,
q01913,top2012:6166,19195697,3,3,https://www.goodreads.com/work/quotes/19195697?page=3,"There are Indian grandmas who get too much church and Indian grandmas where the church doesn't take, and who are let loose in their old age to shock the young. Zack had one of those last sort.",,,
q01914,top2012:6166,19195697,3,5,https://www.goodreads.com/work/quotes/19195697?page=3,"My father had bought an ugly new clock, and it was ticking again in the quiet kitchen.",,,
q01915,top2012:6166,19195697,3,12,https://www.goodreads.com/work/quotes/19195697?page=3,"At any time, I could have found out the address of my birth parents. I could have called them up, or hey, I could have gotten drunk and stood in their yard raving! But I didn't want to know anything about them. Why would I? Everything I did know hurt and I have always avoided pain-which is maybe why I've never married or had children. I don't mind being alone, except for, well...That night, after I'd hung up the phone, I made a cup of tea and busied myself with solving word puzzles. One stumped me. The clue was a double-goer, twelve spaces, and it took me the longest time and a dictionary to come up with the word doppelgänger.",,,
q01916,top2012:6166,19195697,3,15,https://www.goodreads.com/work/quotes/19195697?page=3,I don’t remember that they even looked at me or I at them after the shock of that first moment when we all realized we were old.,,,
q01917,top2012:6166,19195697,3,16,https://www.goodreads.com/work/quotes/19195697?page=3,The sentence was to endure. Nobody shed tears and there was no anger.,,,
q01918,top2012:6166,19195697,3,19,https://www.goodreads.com/work/quotes/19195697?page=3,I was building lie upon lie and it all came naturally to me as honesty once had.,,,
q01919,top2012:6166,19195697,3,20,https://www.goodreads.com/work/quotes/19195697?page=3,"Even if they are so poor they have nothing, they give the last of their nothing to another human.",,,
q01920,top2012:6166,19195697,3,21,https://www.goodreads.com/work/quotes/19195697?page=3,"Some people in these hungry times became possessed. A wiindigoo could cast its spirit inside of a person. That person would become an animal, and see fellow humans as prey meat.",,,
q01921,top2012:6166,19195697,3,23,https://www.goodreads.com/work/quotes/19195697?page=3,I put my back against a tree and leaned there—not slumping. I was filled with that odd energy. I was allowing the tree to help me think.,,,
q01922,top2012:6166,19195697,3,24,https://www.goodreads.com/work/quotes/19195697?page=3,"I’m gonna pray for your family. That’s cool, I said, though it made me uncomfortable. I didn’t like being prayed for. As I turned away I felt the prayers creeping up my spine.",,,
q01923,top2012:6166,19195697,3,25,https://www.goodreads.com/work/quotes/19195697?page=3,"He had a profile that would look Indian on a movie poster, Roman on a coin. There was a classic stoicism in his heavy beak and jaw.",,,
q01924,top2012:1202,21421904,1,0,https://www.goodreads.com/work/quotes/21421904,"Somehow the pain, the losses, the hurt, the bad, Godis able to transform these into something they could have neverbeen, icons and monuments of grace and love. It is the deepmystery how wounds and scars can become precious, or aravaging and terrifying cross the essential symbol of relentlessaffection.”“Is it worth it?” whispered Tony.“Wrong question, son. There is no ‘it.’ The question is andhas always been, ‘Are you worth it?’ and the answer is andalways, ‘Yes!’",,,
q01925,top2012:1202,21421904,1,1,https://www.goodreads.com/work/quotes/21421904,"There is always risk in relationships, but bottom line? The world has no meaning apart from relationships. Some are just messier than others, some are seasonal, others are difficult, and a few are easy, but every one of them is important.",,,
q01926,top2012:1202,21421904,1,2,https://www.goodreads.com/work/quotes/21421904,"Transformationwithout work and pain, without suffering, without a sense of lossis just an illusion of true change.",,,
q01927,top2012:1202,21421904,1,3,https://www.goodreads.com/work/quotes/21421904,"you are a beautiful mess, youare the melody…",,,
q01928,top2012:1202,21421904,1,4,https://www.goodreads.com/work/quotes/21421904,"You need boundaries...even in our material creations, boundaries mark the most beautiful of places, between the ocean and the shore, between the mountains and the plains, where the canyon meets the river.",,,
q01929,top2012:1202,21421904,1,5,https://www.goodreads.com/work/quotes/21421904,"Love will never condemn you for being lost, but love will not let you stay there alone, even though it will never force you to come out of your hiding places.",,,
q01930,top2012:1202,21421904,1,6,https://www.goodreads.com/work/quotes/21421904,"I’ve never met anyone that was all bad.Mostly bad, yes, but never all bad. Everyone was once a child,and that gives me hope for people. They just end up bringing tothe table what they have and they do what they do for a reason,even if they don’t know themselves what it is. Takes time to findit sometimes, but there is always a reason.",,,
q01931,top2012:1202,21421904,1,7,https://www.goodreads.com/work/quotes/21421904,"Because you continue to inhabit andbelieve your metaphors, you cannot see what is true.",,,
q01932,top2012:1202,21421904,1,8,https://www.goodreads.com/work/quotes/21421904,Image and appearance tell you little. The inside is bigger than the outside when you have the eyes to see.,,,
q01933,top2012:1202,21421904,1,9,https://www.goodreads.com/work/quotes/21421904,The arrival of the unforeseen reveals the depths of one’s heart.,,,
q01934,top2012:1202,21421904,1,10,https://www.goodreads.com/work/quotes/21421904,"The old must be torn down for the new to be raised; to have a resurrection you must have a crucifixion, but God wastes nothing, not even the wrong we have imagined into existence. In every building torn down there is much that remains that was once true and right and good, and that gets woven into the new; in fact, the new could not be what it is without the old. It is the refurbishing of the soul.",,,
q01935,top2012:1202,21421904,1,11,https://www.goodreads.com/work/quotes/21421904,"One never knows if anything's a good idea. You just make a choice and go with the flow and see what happens. You only get one day's worth of grace, so why not spend it extravagantly.",,,
q01936,top2012:1202,21421904,1,12,https://www.goodreads.com/work/quotes/21421904,The inside house of the soul is magnificent but fragile; any betrayals and lies embedded in its walls and foundation shift its construction in directions unimagined.,,,
q01937,top2012:1202,21421904,1,13,https://www.goodreads.com/work/quotes/21421904,"Transformation without work and pain, without suffering, without a sense of loss is just an illusion of true change.",,,
q01938,top2012:1202,21421904,1,14,https://www.goodreads.com/work/quotes/21421904,A world doesn't make sense if there are no mutual relationships.,,,
q01939,top2012:1202,21421904,1,15,https://www.goodreads.com/work/quotes/21421904,"You are the root, and only God knows that the flower will be.",,,
q01940,top2012:1202,21421904,1,16,https://www.goodreads.com/work/quotes/21421904,"Every human being is a universe within themselves. Your mother and father participated with God to create a soul who would never cease to exist. Your parents, as cocreators, supplied the stuff, genetics and more, uniquely combined to form a masterpiece, not flawless but still astounding; and we took from their hands what they brought to us, submitting to their timing and history and added what only we could bring to them- life. You were conceived, a living wonder who exploded into being.",,,
q01941,top2012:1202,21421904,1,17,https://www.goodreads.com/work/quotes/21421904,"Tony stood up and began pacing the room. “Jack,” heconfessed, “my life that I defined as a success is actually a totalshambles, and yet you’re suggesting that underneath it all, thereis an unimaginable beauty? Are you telling me that I matter?That even though I am this ugly, ordinary-looking root, that I wasdesigned and intended to express a unique and extraordinaryflower? That’s what you are telling me… right?”Jack nodded, again removing his pipe for a puff.“And I assume,” Tony continued, “this is true about everyhuman being, each person born—”“Conceived!” interrupted Jack.“Each person ‘conceived’ on the planet, each one living inlife-before, each one is a root in which a flower is waiting?Right?”Again Jack nodded",,,
q01942,top2012:1202,21421904,1,18,https://www.goodreads.com/work/quotes/21421904,"You want to know why I live here, in this ‘hovel’; I think thatis the word you used, based on your civilized and educatedperception?”There was no use denying it. “Yes, I was wondering. Sowhy?”“It was the best you could give me.” She didn’t turn from herwork.“Excuse me? The best ‘I’ could give you? I had nothing to dowith this. I could build you something much better, but not this.How could you think…?”“It’s all right, Anthony! I have no expectations. I am grateful tohave found even this small place in your heart. I travel light”—she smiled as if at some secret thought—“and I make my homeinside the simplest gifts. There is nothing to feel bad or ashamedabout. I am thoroughly grateful, and being here is a joy!”“So… because this is me, my world somehow, I have onlymade this small place for you?",,,
q01943,top2012:1202,21421904,1,19,https://www.goodreads.com/work/quotes/21421904,"This, Tony, is a living land, not a construction site. This isreal and breathing, not a fabrication that can be bullied intobeing. When you choose technique over relationship andprocess, when you try and shortcut the speed of growingawareness and force understanding and maturity before its time,this”—he pointed down and over the length",,,
q01944,top2012:1202,21421904,1,20,https://www.goodreads.com/work/quotes/21421904,"Perhaps true change increased the space in one's heart, creating openness that allowed for authentic community.",,,
q01945,top2012:1202,21421904,1,21,https://www.goodreads.com/work/quotes/21421904,Cabby was saying“someday”… someday Tony would love him. He hoped it mightbe true. Perhaps Cabby knew things that he didn’t,,,
q01946,top2012:1202,21421904,1,22,https://www.goodreads.com/work/quotes/21421904,You need boundaries. But not the walls. The walls separate people and the boundaries do them honor.,,,
q01947,top2012:1202,21421904,1,24,https://www.goodreads.com/work/quotes/21421904,"Somehow the pain, the losses, the hurt, the bad, God is able to transform these into something they could have never been, icons and monuments of grace and love. It is the deep mystery how wounds and scars can become precious, or a ravaging and terrifying cross the essential symbol of relentless affection.",,,
q01948,top2012:1202,21421904,1,25,https://www.goodreads.com/work/quotes/21421904,"You heard and felt the harmonies of light, at leastthe surface of them, but you didn’t notice, did you, that themelody was missing?”It was true, Tony had not heard a melody, just a symphony ofharmonies.“I don’t understand. What’s the missing melody?” he asked.“You, Anthony! You are the melody! You are the reason forthe existence of what you witnessed and consider soimmeasurably awe inspiring. Without you, what you perceivedwould have no meaning and no shape. Without you, it wouldhave simply… fallen apart.",,,
q01949,top2012:1202,21421904,1,26,https://www.goodreads.com/work/quotes/21421904,"Your empty imaginations that raise themselves up against the knowing of the character of God. Fight them.” “How?” “Get angry and tell the truth!” “I thought anger was wrong.” “Wrong? I get angry all the time, at everything that is wrong.” “Who are you?” he finally asked. “I am the one who relentlessly loves you,” she said, beaming, and stepped back. “Mr. Tony, when you find yourself in the darkness, don’t light your own fires, don’t circle yourself with a blaze you have set. Darkness cannot change the character of God.” “I thought Grandmother left me… right in the middle of the battle.” “Never left. Your imagination hid her from view. You were lighting your own fires.” “I don’t know how not to do that,” confessed Tony.",,,
q01950,top2012:1202,21421904,1,27,https://www.goodreads.com/work/quotes/21421904,"All our life we search for words, which bond that for what we desire, but we only succeed getting a glimpse through blurred glass.",,,
q01951,top2012:1202,21421904,1,28,https://www.goodreads.com/work/quotes/21421904,"It would be better off for you to remove dead words from your tongues and pay attention to living words such as mercy, goodness, forgiveness and decency.",,,
q01952,top2012:1202,21421904,1,29,https://www.goodreads.com/work/quotes/21421904,"When insecurity prevails over routine, a man starts to think about his life as a whole, of what was important to him and why.",,,
q01953,top2012:1202,21421904,2,0,https://www.goodreads.com/work/quotes/21421904?page=2,"A soul is marvelous from the inside, but fragile construct. Every treason and lie that happens inside those walls can change it's construction in unseen extents.",,,
q01954,top2012:1202,21421904,2,1,https://www.goodreads.com/work/quotes/21421904?page=2,What one regards as interruptions are precisely one’s life. —C. S. Lewis,,,
q01955,top2012:1202,21421904,2,3,https://www.goodreads.com/work/quotes/21421904?page=2,You need boundaries but not walls. Walls divide while boundaries honor.,,,
q01956,top2012:1202,21421904,2,5,https://www.goodreads.com/work/quotes/21421904?page=2,"The dark wave had receded, but he knew it wasn’t gone, just a monster in waiting, lurking for another opportunity. For the moment it was tamed by the presence of this woman. This was no longer only a game or lighthearted adventure. This was war, and it seemed that the battlefield was in his own heart and mind; something old and hurt was in conflict with something that was beginning to emerge.",,,
q01957,top2012:2555,15729967,1,0,https://www.goodreads.com/work/quotes/15729967,"[He] had seen firsthand the horrific results of appeasement. It was a path chosen by feebleminded people who were morally incapable of confronting evil. He saw many parallels between the Nazis, the communists, and these jihadists. They were all sociopaths at heart--obsessed with their own tribal desires and utterly incapable of conferring justice or compassion on those outside the tribe. If you were not one of them, you were a lesser human, and thus deserved to be treated in any way they saw fit. And if that meant blowing up airliners and buses full of innocent civilians, then so be it.",,,
q01958,top2012:2555,15729967,1,1,https://www.goodreads.com/work/quotes/15729967,"He paid his people for their intellect and their opinions, not to play it safe until the answer was obvious.",,,
q01959,top2012:2555,15729967,1,3,https://www.goodreads.com/work/quotes/15729967,"Greta’s car was three blocks away, and up ahead there looked to be a crowd of people gathering. They had probably come outside to see what the commotion was. Rapp stopped running. There was no quicker way to attract attention than running in street clothes at night when gunshots had been fired. The sirens were much closer now. At the next intersection a police car came skidding around the corner. Rapp’s training kicked in. He stopped and stared directly at the two policemen in the front seat. That’s what innocent people did. Guilty people looked away, hid their faces, and even ran.",,,
q01960,top2012:2555,15729967,1,4,https://www.goodreads.com/work/quotes/15729967,"Justice is blind, and if you train a man to become judge, jury, and executioner . . . well, then you shouldn’t be surprised if he someday fails to see the distinction between a terrorist and a corrupt, self-",,,
q01961,top2012:2555,15729967,1,5,https://www.goodreads.com/work/quotes/15729967,Killing these assholes was the most therapeutic thing he’d ever done in his life. It was more effective than a decade of psychotherapy.,,,
q01962,top2012:2555,15729967,1,6,https://www.goodreads.com/work/quotes/15729967,So intense was Kennedy’s concentration that she hadn’t,,,
q01963,top2012:2555,15729967,1,7,https://www.goodreads.com/work/quotes/15729967,the pitfalls of paralysis by analysis. Rapp,,,
q01964,top2012:2555,15729967,1,10,https://www.goodreads.com/work/quotes/15729967,"Simon pictured Michael Mutz, the newly appointed prefecture of police. He had a high, sloping forehead, a hook nose, and an ample body that was soft in all the wrong places. “And",,,
q01965,top2012:2555,15729967,1,11,https://www.goodreads.com/work/quotes/15729967,"Not only was Prefect Mutz waiting for them, but his boss, Director General Jacques Gisquet, and his boss’s boss, Minister of the Interior Pierre Blot, were waiting for them. Neville saw this as a sign that they were taking her accusations seriously. Simon saw the potential for something very different, but before he could stop his boss, she started in.",,,
q01966,top2013:1483,17851499,1,0,https://www.goodreads.com/work/quotes/17851499,FEAR stands for fuck everything and run.,,,
q01967,top2013:1483,17851499,1,1,https://www.goodreads.com/work/quotes/17851499,There came a time when you realized that moving on was pointless. That you took yourself with you wherever you went.,,,
q01968,top2013:1483,17851499,1,2,https://www.goodreads.com/work/quotes/17851499,"The good thing about being old, is you don’t have to worry about dying young.",,,
q01969,top2013:1483,17851499,1,3,https://www.goodreads.com/work/quotes/17851499,"Life was a wheel, its only job was to turn, and it always came back to where it started.",,,
q01970,top2013:1483,17851499,1,4,https://www.goodreads.com/work/quotes/17851499,"I changed it. I had to. Do you know why?"" She studied him, her eyes grave. ""Because that was then and this is now. Because the past is gone, even though it defines the present.",,,
q01971,top2013:1483,17851499,1,5,https://www.goodreads.com/work/quotes/17851499,Death was no less a miracle than birth.,,,
q01972,top2013:1483,17851499,1,6,https://www.goodreads.com/work/quotes/17851499,A life without love is like a tree without fruit.,,,
q01973,top2013:1483,17851499,1,7,https://www.goodreads.com/work/quotes/17851499,"You’d be surprised what a person can live with,” Dan said.",,,
q01974,top2013:1483,17851499,1,9,https://www.goodreads.com/work/quotes/17851499,FEAR stands for face everything and recover – Old AA saying,,,
q01975,top2013:1483,17851499,1,10,https://www.goodreads.com/work/quotes/17851499,"The world was the Overlook Hotel, where the party never ended. Where the dead were alive forever.",,,
q01976,top2013:1483,17851499,1,11,https://www.goodreads.com/work/quotes/17851499,"She thought that things could not get worse . . . but they always can, and often do.",,,
q01977,top2013:1483,17851499,1,12,https://www.goodreads.com/work/quotes/17851499,Sometimes you had to know. Sometimes you had to see.,,,
q01978,top2013:1483,17851499,1,13,https://www.goodreads.com/work/quotes/17851499,We’re all dying. The world’s just a hospice with fresh air.,,,
q01979,top2013:1483,17851499,1,14,https://www.goodreads.com/work/quotes/17851499,The silence wasn't uncomfortable or hostile but exhausted--the quiet of people who have a great deal to think about but not a hell of a lot to say.,,,
q01980,top2013:1483,17851499,1,16,https://www.goodreads.com/work/quotes/17851499,We're only as sick as our secrets.,,,
q01981,top2013:1483,17851499,1,17,https://www.goodreads.com/work/quotes/17851499,"Want a Coke?” Abra asked. “Sugar solves lots of problems, that’s what I think.",,,
q01982,top2013:1483,17851499,1,19,https://www.goodreads.com/work/quotes/17851499,He had come to believe that life was a series of ironic ambushes.,,,
q01983,top2013:1483,17851499,1,21,https://www.goodreads.com/work/quotes/17851499,All that we see or seem is but a dream within a dream.,,,
q01984,top2013:1483,17851499,1,22,https://www.goodreads.com/work/quotes/17851499,"The shining. It was a good name, a comforting name, because she had always thought of it as a dark thing.",,,
q01985,top2013:1483,17851499,1,23,https://www.goodreads.com/work/quotes/17851499,We will not regret the past nor wish to shut the door on it.,,,
q01986,top2013:1483,17851499,1,24,https://www.goodreads.com/work/quotes/17851499,"The Overlook was still not done with him. Written on the mirror, not in lipstick but in blood, was a single word: REDRUM",,,
q01987,top2013:1483,17851499,1,25,https://www.goodreads.com/work/quotes/17851499,"I’m not scared of hell. I lived a decent life, and I don’t think there is such a place, anyway. I’m scared there’s nothing.” He struggled for breath. A pearl of blood was swelling in the corner of his right eye. “There was nothing before, we all know that, so doesn’t it stand to reason that there’s nothing after?” “But there is.” Dan wiped Charlie’s face with the damp cloth. “We never really end, Charlie. I don’t know how that can be, or what it means, I only know that it is.",,,
q01988,top2013:1483,17851499,1,26,https://www.goodreads.com/work/quotes/17851499,"Of course when you were running with the bottom dogs, what you mostly saw were paws, claws, and assholes.",,,
q01989,top2013:1483,17851499,1,27,https://www.goodreads.com/work/quotes/17851499,"You didn't get sober to be stupid, Danny. Keep it in mind the next time you start listening to that itty-bitty shitty committee inside your head.",,,
q01990,top2013:1483,17851499,1,28,https://www.goodreads.com/work/quotes/17851499,"Lots of people have got a little of what I call the shining, but mostly it's just a twinkle---the kind of thing that lets em know what the DJ's going to play next on the radio or that the phone's gonna ring pretty soon.",,,
q01991,top2013:1483,17851499,1,29,https://www.goodreads.com/work/quotes/17851499,"You don't have to live this way if you don't want to. You CAN, of course... but you don't have to.",,,
q01992,top2013:1483,17851499,2,3,https://www.goodreads.com/work/quotes/17851499?page=2,"When the pupil is ready, the teacher will appear. I was your teacher.",,,
q01993,top2013:1483,17851499,2,4,https://www.goodreads.com/work/quotes/17851499?page=2,"Thanks to you guys and girls who read my stuff, too. May you have long days and pleasant nights.",,,
q01994,top2013:1483,17851499,2,5,https://www.goodreads.com/work/quotes/17851499?page=2,"He had live long enough to know there was a little scumbag in everyone, but it didn’t help much when you had to take out the trash.",,,
q01995,top2013:1483,17851499,2,6,https://www.goodreads.com/work/quotes/17851499?page=2,You still owe a debt. Pay it.,,,
q01996,top2013:1483,17851499,2,7,https://www.goodreads.com/work/quotes/17851499?page=2,The world has a way of keeping things in balance.,,,
q01997,top2013:1483,17851499,2,8,https://www.goodreads.com/work/quotes/17851499?page=2,There are other worlds than these.,,,
q01998,top2013:1483,17851499,2,9,https://www.goodreads.com/work/quotes/17851499?page=2,...she knew that shadows could be dangerous. They could have teeth.,,,
q01999,top2013:1483,17851499,2,10,https://www.goodreads.com/work/quotes/17851499?page=2,"She's the Queen Bitch of Castle Hell. If you mess with her, she'll eat you alive.",,,
q02000,top2013:1483,17851499,2,11,https://www.goodreads.com/work/quotes/17851499?page=2,"The future was cloudy, but tonight the moon was bright.",,,
q02001,top2013:1483,17851499,2,12,https://www.goodreads.com/work/quotes/17851499?page=2,"When a codependent is drowning, somebody else’s life flashes before his eyes.",,,
q02002,top2013:1483,17851499,2,13,https://www.goodreads.com/work/quotes/17851499?page=2,"Learning itself is a present, you know. The best one anybody can give or get.",,,
q02003,top2013:1483,17851499,2,14,https://www.goodreads.com/work/quotes/17851499?page=2,You could not moralize children out of growing up. Or teach them how to do it.,,,
q02004,top2013:1483,17851499,2,15,https://www.goodreads.com/work/quotes/17851499?page=2,"Perhaps kids really did come into the world trailing clouds of glory, as Wordsworth had so confidently proclaimed, but they also shit in their pants until they learned better.",,,
q02005,top2013:1483,17851499,2,16,https://www.goodreads.com/work/quotes/17851499?page=2,"There’s nothing to be scared of.”Instead of taking Charlie’s pulse – there was really no point – he took one of the old man’s hands in his. He saw Charlie’s wife pulling down a shade in the bedroom, wearing nothing but the slip of Belgian lace he’d bought her for their first anniversary; saw how the ponytail swung over one shoulder when she turned to look at him, her face lit in a smile that was all yes. He saw a Farmall tractor with a striped umbrella raised over the seat. He smelled bacon and heard Frank Sinatra singing ‘Come Fly with Me’ from a cracked Motorola radio sitting on a worktable littered with tools. He saw a hubcap full of rain reflecting a red barn. He tasted blueberries and gutted a deer and fished in some distant lake whose surface was dappled by steady autumn rain. He was sixty, dancing with his wife in the American Legion hall. He was thirty, splitting wood. He was five, wearing shorts and pulling a red wagon. Then the pictures blurred together, the way cards do when they’re shuffled in the hands of an expert, and the wind was blowing big snow down from the mountains, and in here was the silence and Azzie’s solemn watching eyes.",,,
q02006,top2013:1483,17851499,2,17,https://www.goodreads.com/work/quotes/17851499?page=2,"We are the True Knot,” they responded. “What is tied may never be untied.",,,
q02007,top2013:1483,17851499,2,18,https://www.goodreads.com/work/quotes/17851499?page=2,Feelings are invulnerable to rational thought.,,,
q02008,top2013:1483,17851499,2,19,https://www.goodreads.com/work/quotes/17851499?page=2,Sometimes parents needed to be protected.,,,
q02009,top2013:1483,17851499,2,21,https://www.goodreads.com/work/quotes/17851499?page=2,"God’s a connoisseur of fragile things, and decorates His cloudy outlook with ornaments of finest glass.",,,
q02010,top2013:1483,17851499,2,22,https://www.goodreads.com/work/quotes/17851499?page=2,"Because everything that goes around comes around. Maybe it's luck or maybe it's fate, but either way, it comes back around.",,,
q02011,top2013:1483,17851499,2,23,https://www.goodreads.com/work/quotes/17851499?page=2,Sometimes we just get it wrong.,,,
q02012,top2013:1483,17851499,2,25,https://www.goodreads.com/work/quotes/17851499?page=2,"When you couldn’t sleep, when you were afraid to look around because of what you might see, time elongated and grew sharp teeth.",,,
q02013,top2013:1483,17851499,2,26,https://www.goodreads.com/work/quotes/17851499?page=2,"We drank because we’re drunks. We never get better. We get a daily reprieve based on our spiritual condition, and that’s it.",,,
q02014,top2013:1483,17851499,2,27,https://www.goodreads.com/work/quotes/17851499?page=2,Tell him to shut up! Tell him there's no crying in baseball!,,,
q02015,top2013:1483,17851499,2,28,https://www.goodreads.com/work/quotes/17851499?page=2,"Danny strolled to the town common, sat on one of the benches in Teenytown and took one of the bottles out of the bag, looking down on it like Hamlet with Yorick's skull",,,
q02016,top2013:1483,17851499,2,29,https://www.goodreads.com/work/quotes/17851499?page=2,"If you can't love anybody today, at least try not to hurt anybody.",,,
q02017,top2013:1483,17851499,3,0,https://www.goodreads.com/work/quotes/17851499?page=3,"You can't blame human nature, and there was nothing more human than curiosity.",,,
q02018,top2013:1483,17851499,3,1,https://www.goodreads.com/work/quotes/17851499?page=3,"Movies, they were the thing. Movies took you away. You could count on popcorn and happy endings.",,,
q02019,top2013:1483,17851499,3,2,https://www.goodreads.com/work/quotes/17851499?page=3,that the hungover eye had a weird ability to find the ugliest things in any given landscape.,,,
q02020,top2013:1483,17851499,3,3,https://www.goodreads.com/work/quotes/17851499?page=3,"She was eighty-five, and her sleep was as thin as her skin.",,,
q02021,top2013:1483,17851499,3,5,https://www.goodreads.com/work/quotes/17851499?page=3,"That in turn made him think of some poem or other, one about how you could spend years running, but in the end you always wound up facing yourself in a hotel room, with a naked bulb hanging overhead and a revolver on the table.",,,
q02022,top2013:1483,17851499,3,7,https://www.goodreads.com/work/quotes/17851499?page=3,"Because if suicide was the only option, you could at least choose your weapon.",,,
q02023,top2013:1483,17851499,3,9,https://www.goodreads.com/work/quotes/17851499?page=3,"His words faded, because here were the switches Dan was looking for. The special switches, the ones with the red handles ...Shine on, he thought, and pulled them all.",,,
q02024,top2013:1483,17851499,3,10,https://www.goodreads.com/work/quotes/17851499?page=3,"The woman from Room 217 was there, as he had known she would be.",,,
q02025,top2013:1483,17851499,3,11,https://www.goodreads.com/work/quotes/17851499?page=3,"No, honey. Maybe you can put the things from the Overlook away in lockboxes, but not memories. Never those. They’re the real ghosts.",,,
q02026,top2013:1483,17851499,3,12,https://www.goodreads.com/work/quotes/17851499?page=3,"No cancer, if that’s what you’re thinking, she’d say if anyone commented on her runway-model thinness, which she ordinarily disguised with billowing dresses or caftans. I’m just in training for the final lap around the track.",,,
q02027,top2013:1483,17851499,3,14,https://www.goodreads.com/work/quotes/17851499?page=3,"If we were to live, we had to be free of anger. [It is] the dubious luxury of normal men and women.",,,
q02028,top2013:1483,17851499,3,16,https://www.goodreads.com/work/quotes/17851499?page=3,"Let me close with a word of caution: when you’re on the turnpikes and freeways of America, watch out for those Winnebagos and Bounders. You never know who might be inside. Or what.",,,
q02029,top2013:1483,17851499,3,17,https://www.goodreads.com/work/quotes/17851499?page=3,"Once they rode camels in the desert; once they drove caravans across Europe. They eat screams and drink pain. You had your horrors at the Overlook, Danny, but at least you were spared these folks.",,,
q02030,top2013:1483,17851499,3,18,https://www.goodreads.com/work/quotes/17851499?page=3,"She felt like Captain Ahab, for the first time sighting his great white whale.",,,
q02031,top2013:1483,17851499,3,19,https://www.goodreads.com/work/quotes/17851499?page=3,You are sick and tired. I realize. But aren't you tired of feeling sick and tired?,,,
q02032,top2013:1483,17851499,3,21,https://www.goodreads.com/work/quotes/17851499?page=3,"A time will come, Casey had told him in those early white-knuckle days, when your mental defenses will fail and the only thing left standing between you and a drink will be your Higher Power.",,,
q02033,top2013:1483,17851499,3,23,https://www.goodreads.com/work/quotes/17851499?page=3,"...when you were down, some guys just seemed to feel an urge to walk up your back and plant a foot on your neck instead of helping you to stand.",,,
q02034,top2013:1483,17851499,3,25,https://www.goodreads.com/work/quotes/17851499?page=3,"It was sort of like being in one of those love-and-horror supernatural novels, the kind Mrs. Robinson in the school library sniffily called “tweenager porn.” In those books the girls dallied with werewolves, vampires—even zombies—but hardly ever became those things. It was also nice to have a grown man stand up for her, and it didn’t hurt that he was handsome, in a scruffy kind of way that reminded her a little of Jax Teller on Sons of Anarchy, a show she and Emma Deane secretly watched on Em’s computer.",,,
q02035,top2013:1483,17851499,3,26,https://www.goodreads.com/work/quotes/17851499?page=3,"The shining was back, and strong. The question was, why now?",,,
q02036,top2013:1483,17851499,3,27,https://www.goodreads.com/work/quotes/17851499?page=3,"To this, John offered a smile of singular bleakness. “He’s not the only one.",,,
q02037,top2013:1483,17851499,3,28,https://www.goodreads.com/work/quotes/17851499?page=3,The ass of a man is the piston that drives the world.,,,
q02038,top2013:5695,24248331,1,0,https://www.goodreads.com/work/quotes/24248331,"If we'd never met, I think I would have known my life wasn't complete. And I would have wandered the world in search of you, even if I didn't know who I was looking for.",,,
q02039,top2013:5695,24248331,1,1,https://www.goodreads.com/work/quotes/24248331,"After all, if there is a heaven, we will find each other again, for there is no heaven without you.",,,
q02040,top2013:5695,24248331,1,2,https://www.goodreads.com/work/quotes/24248331,"You made me happy and you made me laugh, and if I could do it all over again, I would not hesitate. Look at our life, at the trips we took, the adventures we had. As your father used to say, we shared the longest ride together, this thing called life, and mine has been filled with joy because of you.",,,
q02041,top2013:5695,24248331,1,3,https://www.goodreads.com/work/quotes/24248331,"Trust people, until they give you a reason not to. And then never turn your back",,,
q02042,top2013:5695,24248331,1,5,https://www.goodreads.com/work/quotes/24248331,"Remember me with joy, for this is how I always thought of you. That is what I want, more than anything. I want you to smile when you think of me. And in your smile, I will live forever",,,
q02043,top2013:5695,24248331,1,6,https://www.goodreads.com/work/quotes/24248331,"I know I'm not going to be able to change the world, but I think it's important to try to make a difference",,,
q02044,top2013:5695,24248331,1,7,https://www.goodreads.com/work/quotes/24248331,"I wish I had the talent to paint the way I feel about you, for my words always feel inadequate. I imagine using red for your passion and pale blue for your kindness; forest green to reflect the depth of your empathy and bright yellow for your unflagging optimism. And still I wonder: can even an artist’s palette capture the full range of what you mean to me?",,,
q02045,top2013:5695,24248331,1,8,https://www.goodreads.com/work/quotes/24248331,"I know you miss me terribly. I miss you, too. But we still have each other, for I am - and always have been - part of you. You carry me in your heart, just as I carried you in mine, and nothing can ever change that. I love you, my darling, and you love me. Hold on to that feeling. Hold on to us. And little by little, you will find a way to heal.",,,
q02046,top2013:5695,24248331,1,9,https://www.goodreads.com/work/quotes/24248331,"His voice, even now, follows me everywhere on this longest of rides, this thing called life.",,,
q02047,top2013:5695,24248331,1,10,https://www.goodreads.com/work/quotes/24248331,You don't know how strong something is until you actually test it.,,,
q02048,top2013:5695,24248331,1,11,https://www.goodreads.com/work/quotes/24248331,"That's the difference between family and friends. Family is always there, no matter what, even when it's not right next door. Which means that you'll find a way to keep the connection alive. Especially since you realize how important it is.",,,
q02049,top2013:5695,24248331,1,12,https://www.goodreads.com/work/quotes/24248331,Yet experience has taught me that fate is sometimes cruel and that even a boatload of hope is sometimes not enough.,,,
q02050,top2013:5695,24248331,1,13,https://www.goodreads.com/work/quotes/24248331,"The only thing I do know for sure is that if we both want to, we’ll find a way to make it work.",,,
q02051,top2013:5695,24248331,1,14,https://www.goodreads.com/work/quotes/24248331,Do not worry about tomorrow until you have to.,,,
q02052,top2013:5695,24248331,1,15,https://www.goodreads.com/work/quotes/24248331,I think that the point is that people rarely understand that nothing is ever exactly what you think it will be.,,,
q02053,top2013:5695,24248331,1,16,https://www.goodreads.com/work/quotes/24248331,"It's strange, I think, the way our lives turn out. Moments of circumstance, when later combined with conscious decisions and actions and a boatload of hope, can eventually forge a future that seems predestined.",,,
q02054,top2013:5695,24248331,1,17,https://www.goodreads.com/work/quotes/24248331,How about we just see where life takes us for awhile?,,,
q02055,top2013:5695,24248331,1,19,https://www.goodreads.com/work/quotes/24248331,"If it makes you feel better, I promise to forget.",,,
q02056,top2013:5695,24248331,1,20,https://www.goodreads.com/work/quotes/24248331,"In other words, our opinions and our thoughts and feelings, anything we experience, need not define us forever.",,,
q02057,top2013:5695,24248331,1,21,https://www.goodreads.com/work/quotes/24248331,"and then you stopped. And looked at me. And I knew then exactly what was going to happen. You kissed me, yes. But it was not just goodnight. Even then, I could feel the promise in it. The promise that you would kiss me just like that, forever.",,,
q02058,top2013:5695,24248331,1,22,https://www.goodreads.com/work/quotes/24248331,In her eyes and in her touch I felt the echoes of my words.,,,
q02059,top2013:5695,24248331,1,23,https://www.goodreads.com/work/quotes/24248331,"It's easy to joke when you don't care any more. I'm not saying it didn't hurt me, because it did.",,,
q02060,top2013:5695,24248331,1,24,https://www.goodreads.com/work/quotes/24248331,"I'd like to marry you, if you think that would be okay.",,,
q02061,top2013:5695,24248331,1,25,https://www.goodreads.com/work/quotes/24248331,"I have loved you in return, more than you will ever know.",,,
q02062,top2013:5695,24248331,1,27,https://www.goodreads.com/work/quotes/24248331,"With you, my life felt indeed like a fantastic adventure - despite our ordinary circumstances, your love imbued everything we did with secret riches.",,,
q02063,top2013:5695,24248331,1,28,https://www.goodreads.com/work/quotes/24248331,"What I do know is that when I was sitting with you that night, I felt like God was telling me that I was doing the right thing.",,,
q02064,top2013:5695,24248331,1,29,https://www.goodreads.com/work/quotes/24248331,I'm going to miss you while you're gone.,,,
q02065,top2013:5154,25035204,1,0,https://www.goodreads.com/work/quotes/25035204,"There are two stories for every life; the one you live, and the one others tell.",,,
q02066,top2013:5154,25035204,1,1,https://www.goodreads.com/work/quotes/25035204,"You have to start over. That's what they say. But life is not a board game, and losing a loved one is never really ""starting over."" More like ""continuing without.",,,
q02067,top2013:5154,25035204,1,2,https://www.goodreads.com/work/quotes/25035204,"Fear is how you lose your life...a little bit at a time...What we give to fear, we take away from...faith.",,,
q02068,top2013:5154,25035204,1,4,https://www.goodreads.com/work/quotes/25035204,"Sometimes, love brings you together even as life keeps you apart.",,,
q02069,top2013:5154,25035204,1,5,https://www.goodreads.com/work/quotes/25035204,sometimes what you miss the most is the way a loved one made you feel about yourself.,,,
q02070,top2013:5154,25035204,1,6,https://www.goodreads.com/work/quotes/25035204,the words people do not speak are louder than the ones they do.,,,
q02071,top2013:5154,25035204,1,7,https://www.goodreads.com/work/quotes/25035204,the pain we suffer is a way to make us appreciate what comes next.,,,
q02072,top2013:5154,25035204,1,9,https://www.goodreads.com/work/quotes/25035204,"Miracles happen quietly every day - in an operating room, on a stormy sea, in the sudden appearance of a road side stranger. They are rarely tallied. No one keeps score.",,,
q02073,top2013:5154,25035204,1,10,https://www.goodreads.com/work/quotes/25035204,"if you find one true friend in your life, you're richer than most. If that one true friend is your husband, you're blessed.""She paused. ""And if that one true friend is your sister, don't feel bad. At least, she can't divorce you.",,,
q02074,top2013:5154,25035204,1,12,https://www.goodreads.com/work/quotes/25035204,"The news of life is carried via telephone. A baby's birth, a couple engaged, a tragic car accident on a late night highway - most milestones of the human journey, good or bad, are foreshadowed by the sound of a ringing.",,,
q02075,top2013:5154,25035204,1,13,https://www.goodreads.com/work/quotes/25035204,"Faith, it is said, is better than belief, because belief is when someone else does the thinking.",,,
q02076,top2013:5154,25035204,1,14,https://www.goodreads.com/work/quotes/25035204,Knowing heaven is what heals us on earth.,,,
q02077,top2013:5154,25035204,1,15,https://www.goodreads.com/work/quotes/25035204,"There is a time for hello and a time for good-bye. It's why the act of burying things seems natural, but the act of digging them up does not.",,,
q02078,top2013:5154,25035204,1,16,https://www.goodreads.com/work/quotes/25035204,"Bad news has no limits. We often feel it should, like a rainstorm that can't possibly get any heavier. But a storm can always worsen, & the burdens of life can too.",,,
q02079,top2013:5154,25035204,1,18,https://www.goodreads.com/work/quotes/25035204,"That’s the thing when people leave us too suddenly, isn’t it? We always have so many questions.",,,
q02080,top2013:5154,25035204,1,20,https://www.goodreads.com/work/quotes/25035204,"If we knew what comes next, we never would have worried.",,,
q02081,top2013:5154,25035204,1,21,https://www.goodreads.com/work/quotes/25035204,What in life can love not penetrate?,,,
q02082,top2013:5154,25035204,1,22,https://www.goodreads.com/work/quotes/25035204,"A mother's voice is like no other. We recognize every lilt and whisper, every warble or shriek.",,,
q02083,top2013:5154,25035204,1,23,https://www.goodreads.com/work/quotes/25035204,You don't miss things. You miss people.,,,
q02084,top2013:5154,25035204,1,25,https://www.goodreads.com/work/quotes/25035204,What happened next depends on how much you believe.,,,
q02085,top2013:5154,25035204,1,26,https://www.goodreads.com/work/quotes/25035204,The pain you go through in life doesn’t really touch you . . . not the real you. . . . You are so much lighter than you think.,,,
q02086,top2013:5154,25035204,1,27,https://www.goodreads.com/work/quotes/25035204,All blessings do not bless the same.,,,
q02087,top2013:5154,25035204,1,28,https://www.goodreads.com/work/quotes/25035204,people in grief can imagine many things. It makes them feel better. It doesn't make it real.,,,
q02088,top2013:5154,25035204,1,29,https://www.goodreads.com/work/quotes/25035204,"So often, we push away the voices closest to us. But once they're gone, we reach for them.",,,
q02089,top2013:4914,22002305,1,0,https://www.goodreads.com/work/quotes/22002305,How could the death of someone you had never met affect you so?,,,
q02090,top2013:4914,22002305,1,1,https://www.goodreads.com/work/quotes/22002305,"The dead could only speak through the mouths of those left behind, and through the signs they left scattered behind them.",,,
q02091,top2013:4914,22002305,1,2,https://www.goodreads.com/work/quotes/22002305,"How easy it was to capitalize on a person’s own bent for self-destruction; how simple to nudge them into non-being, then to stand back and shrug and agree that it had been the inevitable result of a chaotic, catastrophic life.",,,
q02092,top2013:4914,22002305,1,3,https://www.goodreads.com/work/quotes/22002305,"When you are young, and beautiful, you can be very cruel.",,,
q02093,top2013:4914,22002305,1,5,https://www.goodreads.com/work/quotes/22002305,A lie would have no sense unless the truth were felt as dangerous.,,,
q02094,top2013:4914,22002305,1,6,https://www.goodreads.com/work/quotes/22002305,"It's that wounded-poet crap, that soul-pain shit, that too-much-of-a-tortured-genius-to-wash bollocks. Brush your teeth, you little bastard. You're not fucking Byron.",,,
q02095,top2013:4914,22002305,1,7,https://www.goodreads.com/work/quotes/22002305,He had never been able to understand the assumption of intimacy fans felt with those they had never met.,,,
q02096,top2013:4914,22002305,1,8,https://www.goodreads.com/work/quotes/22002305,Strike was used to playing archaeologist among the ruins of people’s traumatised memories;,,,
q02097,top2013:4914,22002305,1,9,https://www.goodreads.com/work/quotes/22002305,"Seven and a half million hearts were beating in close proximity in this heaving old city, and many, after all, would be aching far worse than his.",,,
q02098,top2013:4914,22002305,1,10,https://www.goodreads.com/work/quotes/22002305,"In the inverted food chain of fame, it was the big beasts who were stalked and hunted",,,
q02099,top2013:4914,22002305,1,11,https://www.goodreads.com/work/quotes/22002305,There’s people who’d expect you to take a bullet for them and they don’t bother rememb’ring yuh name.,,,
q02100,top2013:4914,22002305,1,12,https://www.goodreads.com/work/quotes/22002305,"Ridiculous,"" he said breathlessly. ""You ought to give up detecting and try fantasy writing.",,,
q02101,top2013:4914,22002305,1,13,https://www.goodreads.com/work/quotes/22002305,"Couples tended to be of roughly equivalent personal attractiveness, though of course factors such as money often seemed to secure a partner of significantly better looks than oneself.",,,
q02102,top2013:4914,22002305,1,14,https://www.goodreads.com/work/quotes/22002305,"In spite of her plainness that would have made wallflowers of other women, she radiated a great sense of self-importance.",,,
q02103,top2013:4914,22002305,1,16,https://www.goodreads.com/work/quotes/22002305,"She wuz depressed. Yeah, she wuz on stuff for it. Like me. Sometimes it jus' takes you over. It's an illness,"" she said, although she made the words sound like ""it's uh nillness.""Nillness, thought Strike, for a second distracted. He had slept badly. Nillness, that was where Lula Landry had gone, and where all of them, he and Rochelle included, were headed. Sometimes illness turned slowly to nillness, as was happening to Bristow's mother... sometimes nillness rose to meet you out of nowhere, like a concrete road slamming your skull apart.",,,
q02104,top2013:4914,22002305,1,17,https://www.goodreads.com/work/quotes/22002305,"But the lies she told were woven into the fabric of her being, her life; so that to live with her and love her was to become slowly enmeshed by them, to wrestle her for the truth, to struggle to maintain foothold on reality.",,,
q02105,top2013:4914,22002305,1,18,https://www.goodreads.com/work/quotes/22002305,"Other people his age had houses and washing machines, cars and television sets, furniture and gardens and mountain bikes and lawnmowers: he had four boxes of crap, and a set of matchless memories.",,,
q02106,top2013:4914,22002305,1,19,https://www.goodreads.com/work/quotes/22002305,"Suicides, in his experience, were perfectly capable of feigning an interest in a future they had no intention of inhabiting.",,,
q02107,top2013:4914,22002305,1,20,https://www.goodreads.com/work/quotes/22002305,"it was weird. Would you believe it if some supermodel called you up and told you she was your sister?’ Strike thought of his own bizarre family history. ‘Probably,’ he said.",,,
q02108,top2013:4914,22002305,1,21,https://www.goodreads.com/work/quotes/22002305,"Sense entered into a short, violent skirmish with instinct and inclination, and was overwhelmed.",,,
q02109,top2013:4914,22002305,1,22,https://www.goodreads.com/work/quotes/22002305,"But they had already tried, again and again and again, and always, when the first crashing wave of mutual longing subsided, the ugly wreck of the past lay revealed again, its shadow lying darkly over everything they tried to rebuild.",,,
q02110,top2013:4914,22002305,1,23,https://www.goodreads.com/work/quotes/22002305,"You're like everyone else, Strike; you want your civil liberties when you've told the missus you're at the office and you're at a lap-dancing club, but you want twenty-four-hour surveillance on your house when someone's trying to force your bathroom window open. Can't have it both ways.",,,
q02111,top2013:4914,22002305,1,24,https://www.goodreads.com/work/quotes/22002305,"He had hoped to spot the flickering shadow of a murderer as he turned the file's pages, but instead it was the ghost of Lula herself who emerged, gazing up at him, as victims of violent crimes sometimes did, through the detritus of their interrupted lives.",,,
q02112,top2013:4914,22002305,1,26,https://www.goodreads.com/work/quotes/22002305,"Who was more conscious than the soldier of capricious fortune, of the random roll of the dice?",,,
q02113,top2013:4914,22002305,1,27,https://www.goodreads.com/work/quotes/22002305,"For this to happen today, of all days! It felt like a wink from God.",,,
q02114,top2013:4914,22002305,1,28,https://www.goodreads.com/work/quotes/22002305,"The country was lumbering towards election day. Strike turned in early on Sunday and watched the day's gaffes, counterclaims and promises being tabulated on his portable TV. There was an air of joylessness in every news report he watched. The national debt was so huge that it was diffcult to comprehend. Cuts were coming, whoever won; deep, painful cuts; and sometimes, with their weasel words, the party leaders reminded Strike of the surgeons who had told him cautiously that he might experience a degree of discomfort; they who would never personally feel the pain that was about to be inflicted.",,,
q02115,top2013:4914,22002305,1,29,https://www.goodreads.com/work/quotes/22002305,Instinct was clawing at him like an importuning dog.,,,
q02116,top2014:4204,40022168,1,0,https://www.goodreads.com/work/quotes/40022168,Love is an act of endless forgiveness.,,,
q02117,top2014:4204,40022168,1,1,https://www.goodreads.com/work/quotes/40022168,I worried too much about what others thought—I can tell you it’s a tragic waste of time and energy and pokes God in the eye.,,,
q02118,top2014:4204,40022168,1,2,https://www.goodreads.com/work/quotes/40022168,"I can't say I have any confidence in confidence. I have confidence that God is with us in all things, both tender and tough.",,,
q02119,top2014:4204,40022168,1,3,https://www.goodreads.com/work/quotes/40022168,We must be ready to allow ourselves to be interrupted by God.,,,
q02120,top2014:4204,40022168,1,4,https://www.goodreads.com/work/quotes/40022168,"Rejoice! Know that I am with you and for you and will never leave you; take courage that I will fight for you and be your shield and buckler and provide for you when you are old; I will supply your every need, I will give you victory over death, I have prepared a place for you in heaven",,,
q02121,top2014:4204,40022168,1,6,https://www.goodreads.com/work/quotes/40022168,"He turned away for a moment, smacked by the beauty of complete surprise.",,,
q02122,top2014:4204,40022168,1,7,https://www.goodreads.com/work/quotes/40022168,"No matter how far we travel, the memories will follow in the baggage car.",,,
q02123,top2014:4204,40022168,1,8,https://www.goodreads.com/work/quotes/40022168,"Father Tim: Know that God has a plan for your future. Watch and wait for his timing, and when it comes, hitch a ride. You'll know.",,,
q02124,top2014:4204,40022168,1,9,https://www.goodreads.com/work/quotes/40022168,"All that happens to us, including our humiliations, our misfortunes, our embarrassments, all is given to us as raw material, as clay, so that we may shape our art. JL Borges",,,
q02125,top2014:4204,40022168,1,10,https://www.goodreads.com/work/quotes/40022168,Make it a rule never to give a child a book you would not read yourself.—George Bernard Shaw,,,
q02126,top2014:4204,40022168,1,11,https://www.goodreads.com/work/quotes/40022168,"Your goodness to me has been overwhelming. How tender you are, though I am often as tough as gristle. How patiently you have loved me since you made up your mind to love me always.",,,
q02127,top2014:4204,40022168,1,12,https://www.goodreads.com/work/quotes/40022168,"Merry Christmas!' someone shouted. He wiped his eyes with the back of his hand. 'Merry Christmas!''Merry Christmas!''C-cookies for ever'body!' Sammy hollered. And looking both ways, they all fled across to the light, and the warmth, and the books, and the mystery.",,,
q02128,top2014:4204,40022168,1,13,https://www.goodreads.com/work/quotes/40022168,"When I speak of God’s will, it helps to know that he wants the best for us. If you can’t believe he’s there, pray anyway. If you feel he’s cheap and withholding, thank him anyway. There will come a time when you’ll thank him even for the hard places.",,,
q02129,top2014:4204,40022168,1,15,https://www.goodreads.com/work/quotes/40022168,Maybe it's because he never had any control over what was happening to him as a boy. Being late was somehow a way of taking charge.,,,
q02130,top2014:4204,40022168,1,16,https://www.goodreads.com/work/quotes/40022168,"He tucked her in with a quote from Victor Hugo. ‘“Sleep in peace, God is awake.",,,
q02131,top2014:4204,40022168,1,17,https://www.goodreads.com/work/quotes/40022168,"one who possessed Beauty without Vanity,”’ he said aloud to Barnabas. ‘“Strength without Insolence, / Courage without Ferocity, / And all the virtues of Man without his Vices.",,,
q02132,top2014:4204,40022168,1,19,https://www.goodreads.com/work/quotes/40022168,"I think you could say I came to the end of myself. I really did want a show all my own, and he had to hammer me pretty hard to make me see that it was all his. We don't like relinquishing the power we never had anyway, even though running the show ourselves never works. I surrendered everything to him. What did I have to lose?",,,
q02133,top2014:4204,40022168,1,21,https://www.goodreads.com/work/quotes/40022168,"If you yield it up, God will make it enough",,,
q02134,top2014:4204,40022168,1,22,https://www.goodreads.com/work/quotes/40022168,"Deep in their roots,’ Roethke had said, ‘all flowers keep the light.",,,
q02135,top2014:4204,40022168,1,23,https://www.goodreads.com/work/quotes/40022168,"All that I have seen,” Mr. Emerson said and I say with him, “teaches me to trust the Creator for all that I have not seen.",,,
q02136,top2014:4204,40022168,1,24,https://www.goodreads.com/work/quotes/40022168,"Thank you, God, for second chances,",,,
q02137,top2014:4204,40022168,1,26,https://www.goodreads.com/work/quotes/40022168,to be somewhere safe with somebody good.,,,
q02138,top2014:4204,40022168,1,27,https://www.goodreads.com/work/quotes/40022168,"That was his favorite thing about books—they took you off to other people’s lives an’ places, but you could still set in your own chair by th’oil heater, warm as a mouse in a churn.",,,
q02139,top2014:4204,40022168,1,29,https://www.goodreads.com/work/quotes/40022168,"Lord Jesus, stay with us, for evening is at hand and the day is past; be our companion in the way, kindle our hearts, and awaken hope, that we may know thee as thou art revealed in Scripture and the breaking of bread. Grant this for the sake of thy love, amen.",,,
q02140,top2014:5071,40105061,1,0,https://www.goodreads.com/work/quotes/40105061,"But in the end, you can’t kill what you can’t see coming . . .",,,
q02141,top2014:5071,40105061,1,1,https://www.goodreads.com/work/quotes/40105061,"The Pullers sat there for a long time together, big, strong, and courageous men transformed back into two little boys by an old man's loving words that had come a lot later than they should have.",,,
q02142,top2014:5071,40105061,1,2,https://www.goodreads.com/work/quotes/40105061,"In fact, something always leads to something else.",,,
q02143,top2014:5071,40105061,1,4,https://www.goodreads.com/work/quotes/40105061,"Whatever the truth is, it’s complicated, and complicated is not what our information-overloaded society is good at grasping, because they would have to focus for longer than five seconds, which most folks can’t do anymore.",,,
q02144,top2014:5071,40105061,1,5,https://www.goodreads.com/work/quotes/40105061,"patriotism, while a fine quality, can fuel quite a dangerous agenda if taken to the extreme.",,,
q02145,top2014:5071,40105061,1,6,https://www.goodreads.com/work/quotes/40105061,"Once the emotions are gone, analytics are all you have left.",,,
q02146,top2014:5071,40105061,1,7,https://www.goodreads.com/work/quotes/40105061,"Still, he was your father.” “Actually, in my mind at least, he had lost that title. It’s not supposed to be simply granted, Puller, because a sperm happened to hit an egg. You have to earn it. He chose not",,,
q02147,top2014:5071,40105061,1,8,https://www.goodreads.com/work/quotes/40105061,with me to trace the call. And you,,,
q02148,top2014:5071,40105061,1,9,https://www.goodreads.com/work/quotes/40105061,And she said no more as they drove along right into the gathering storm that might as well have been inside the car as well as outside it.,,,
q02149,top2014:5071,40105061,1,10,https://www.goodreads.com/work/quotes/40105061,Her father was a magician. She assisted him. I’m sure she’s quite adept at sleight of,,,
q02150,top2014:5071,40105061,1,13,https://www.goodreads.com/work/quotes/40105061,"Despite all that, the uniform had been a total disaster. Troops called it “pajamas” because it did not ride well on anyone, no matter how fit they were.",,,
q02151,top2014:5071,40105061,1,14,https://www.goodreads.com/work/quotes/40105061,would be the only time.” Knox,,,
q02152,top2014:5071,40105061,1,15,https://www.goodreads.com/work/quotes/40105061,"Whether it was on the battlefield or during an investigation, if you weren’t moving forward then what good were you?",,,
q02153,top2014:5071,40105061,1,16,https://www.goodreads.com/work/quotes/40105061,"People who lack confidence rarely win anything,” he noted.",,,
q02154,top2014:5071,40105061,1,17,https://www.goodreads.com/work/quotes/40105061,"You can’t command men in battle if they like you, Bob,” his father had said. “They have to have equal parts fear and respect. And I would say fear is even more important than respect. Respect only gets you so far. Fear can get you through every damn obstacle devised by the enemy. Men will follow you to hell if they fear you. Because failing you will scare them more than any other thing they will ever face on the battlefield. You remember that, son. You remember that if you remember nothing else I’ve ever told you.” Bobby had never gotten over this “weakness.” Which was probably why he opted for the Air Force instead of the Army. And staked",,,
q02155,top2014:5071,40105061,1,22,https://www.goodreads.com/work/quotes/40105061,"legends didn’t die. They just… were there. Always. His voice dry and scratchy, he said, “Heard what, sir? I just got back in town from Fort Sill. Is it my father?” “No, it’s your brother,” said White. “My brother?” His brother was in the most secure military prison in the country. Now Puller’s mind turned to other possibilities involving his sibling. “Has he been injured?” Puller didn’t know how that could be. There were no riots at the DB. But then again, one of the guards had slugged Bobby",,,
q02156,top2014:5071,40105061,1,23,https://www.goodreads.com/work/quotes/40105061,not talking about driving a Paladin.,,,
q02157,top2014:5071,40105061,1,25,https://www.goodreads.com/work/quotes/40105061,I mean present the best case possible using whatever facts or near facts are handy.,,,
q02158,top2014:5071,40105061,1,26,https://www.goodreads.com/work/quotes/40105061,When I hugged you for the burgers. Susan Reynolds isn’t the only one good at sleight of hand.” Puller,,,
q02159,top2014:5071,40105061,1,27,https://www.goodreads.com/work/quotes/40105061,"Across the room he had placed a mirror he’d found in her bathroom on a table. It was angled so that he could see her face reflected in it, while he remained hidden from her.",,,
q02160,top2014:5071,40105061,1,28,https://www.goodreads.com/work/quotes/40105061,"There’s one key difference between the Olympics and combat, Susan. You might have overlooked it.” He paused. “In the Olympics, no one is shooting back at you.",,,
q02161,top2014:5071,40105061,1,29,https://www.goodreads.com/work/quotes/40105061,Really good liars always work in something true to make the lie more plausible.,,,
q02162,top2014:2662,26757264,1,0,https://www.goodreads.com/work/quotes/26757264,"The moral of this story is that sometimes, you can attempt to make all the difference in the world, and it still is like trying to stem the tide with a sieve. The moral of this story is that no matter how much we try, no matter how much we want it … some stories just don’t have a happy ending.",,,
q02163,top2014:2662,26757264,1,1,https://www.goodreads.com/work/quotes/26757264,"I think grief is like a really ugly couch. It never goes away. You can decorate around it; you can slap a doily on top of it; you can push it to the corner of the room—but eventually, you learn to live with it.",,,
q02164,top2014:2662,26757264,1,2,https://www.goodreads.com/work/quotes/26757264,"When someone leaves you once, you expect it to happen again. Eventually you stop getting close enough to people to let them become important to you, because then you don't notice when they drop out of your world.",,,
q02165,top2014:2662,26757264,1,3,https://www.goodreads.com/work/quotes/26757264,"If you think about someone you've loved and lost, you are already with them. The rest is just details.",,,
q02166,top2014:2662,26757264,1,4,https://www.goodreads.com/work/quotes/26757264,You can’t blame someone if they honestly don’t understand that their reality isn’t the same as yours.,,,
q02167,top2014:2662,26757264,1,5,https://www.goodreads.com/work/quotes/26757264,A bruise is how the body remembers it’s been wronged.,,,
q02168,top2014:2662,26757264,1,6,https://www.goodreads.com/work/quotes/26757264,"Maybe growing up is just focusing on what you’ve got, instead of what you don’t.",,,
q02169,top2014:2662,26757264,1,7,https://www.goodreads.com/work/quotes/26757264,"In the wild, an elephant mother and daughter stay in close proximity their whole lives; I hope I am that lucky.",,,
q02170,top2014:2662,26757264,1,8,https://www.goodreads.com/work/quotes/26757264,Sometimes I think there’s no such thing as falling in love. It’s just the fear of losing someone.,,,
q02171,top2014:2662,26757264,1,10,https://www.goodreads.com/work/quotes/26757264,"I’m the princess in an ivory tower, except every brick is made of history, and I built this prison myself.",,,
q02172,top2014:2662,26757264,1,11,https://www.goodreads.com/work/quotes/26757264,"Grandmothers in Botswana tell their children that if you want to go quickly, go alone. If you want to go far, you must go together.",,,
q02173,top2014:2662,26757264,1,12,https://www.goodreads.com/work/quotes/26757264,Engaging with haters is like rearranging pictures on the Titanic. What’s the point?,,,
q02174,top2014:2662,26757264,1,13,https://www.goodreads.com/work/quotes/26757264,"Could it be as simple as that? Could love be not grand gestures or empty vows, not promises meant to be broken, but instead a paper trail of forgiveness? A line of crumbs made of memories, to lead you back to the person who was waiting?",,,
q02175,top2014:2662,26757264,1,14,https://www.goodreads.com/work/quotes/26757264,"You can have the best intentions, but the moment there’s a hairline crack, it is only a matter of time before you go to pieces.",,,
q02176,top2014:2662,26757264,1,15,https://www.goodreads.com/work/quotes/26757264,I don't get to rewrite my story; I just have to stumble to the end of it.,,,
q02177,top2014:2662,26757264,1,16,https://www.goodreads.com/work/quotes/26757264,"memory is linked to strong emotion, and that negative moments are like scribbling with permanent marker on the wall of the brain. But there’s a fine line between a negative moment and a traumatic one. Negative moments get remembered. Traumatic ones get forgotten, or so warped that they are unrecognizable,",,,
q02178,top2014:2662,26757264,1,17,https://www.goodreads.com/work/quotes/26757264,"It was almost as if there was a tear in the fabric I was made of, and he was the only color thread that would match to stitch it back up.",,,
q02179,top2014:2662,26757264,1,18,https://www.goodreads.com/work/quotes/26757264,"the universe wants from us is two things: don’t do any intentional harm to yourself or anyone else, and get happy.",,,
q02180,top2014:2662,26757264,1,19,https://www.goodreads.com/work/quotes/26757264,"It's not that he doesn't love you enough to tell you the truth,"" she said. ""It's that he loves you too much to risk it.",,,
q02181,top2014:2662,26757264,1,20,https://www.goodreads.com/work/quotes/26757264,"Dreaming is the closest the average human gets to the paranormal plane; it’s the time when the mind lets down its guard and the walls get thin enough for there to be glimpses to the other side. That’s why, after sleeping, so many people report a visit from someone who’s passed.",,,
q02182,top2014:2662,26757264,1,21,https://www.goodreads.com/work/quotes/26757264,"One of the most amazing things about elephants mourning in the wild is their ability to grieve hard, but then truly, unequivocally, let go. Humans can't seem to do that. I've always thought it's because of religion. We expect to see our loved ones again in the next life, whatever that might be. Elephants don't have that hope, only the memories of this life. Maybe that's why it is easier for them to move on.",,,
q02183,top2014:2662,26757264,1,23,https://www.goodreads.com/work/quotes/26757264,"There are an endless number of people who have left a love-shaped hole in the heart of someone else. Eventually someone brave and stupid will come along and try to fill that hole. But it never works, and so instead, that selfless soul winds up with a gap in his heart, too. And so on. It's a miracle that anyone survives, when so much of us is missing.",,,
q02184,top2014:2662,26757264,1,24,https://www.goodreads.com/work/quotes/26757264,Keeping a secret isn't always lying. Sometimes it's the only way to protect the person you love.,,,
q02185,top2014:2662,26757264,1,25,https://www.goodreads.com/work/quotes/26757264,"I had not asked to be rescued, true, but that did not mean I didn't need saving.",,,
q02186,top2014:2662,26757264,1,26,https://www.goodreads.com/work/quotes/26757264,"You have to understand – there is a romance to Africa. You can see a sunset and believe you have witnessed the hand of God. You watch the slow lope of a lioness and forget to breathe. You marvel at the tripod of a giraffe bent to water. In Africa, there are iridescent blues on the wings of birds that you do not see anywhere else in nature. In Africa, in the midday heat, you can see blisters in the atmosphere. When you are in Africa, you feel primordial, rocked in the cradle of the world.",,,
q02187,top2014:2662,26757264,1,28,https://www.goodreads.com/work/quotes/26757264,"When they laugh, it sounds like confetti.",,,
q02188,top2014:2662,26757264,1,29,https://www.goodreads.com/work/quotes/26757264,"My whole life, this is how I've defined the paranormal: can't understand it, can't explain it, can't deny it.",,,
q02189,top2014:2662,26757264,2,0,https://www.goodreads.com/work/quotes/26757264?page=2,"If you are a mother, you must have someone to take care of.If that someone is taken from you, whether it is a newborn or an individual old enough to have offspring of its own, can you still call yourself a mother?",,,
q02190,top2014:2662,26757264,2,1,https://www.goodreads.com/work/quotes/26757264?page=2,"Children are the anchors of a mother’s life. —SOPHOCLES, Phaedra, fragment 612",,,
q02191,top2014:2662,26757264,2,2,https://www.goodreads.com/work/quotes/26757264?page=2,"I’ve always thought elephants walk as if they have music being piped into their heads that no one else can hear. And from the roll of their hips and their swagger, I’m going to guess that the artist is Barry White.",,,
q02192,top2014:2662,26757264,2,3,https://www.goodreads.com/work/quotes/26757264?page=2,"...when you're a point, all you see is the point. When you're a line, all you see is the line and the point. When you're in three dimensions, you see three dimensions and lines and points. Just because we can't see a fourth dimensions doesn't mean it doesn't exist. It just me ands we haven't reached it yet.",,,
q02193,top2014:2662,26757264,2,4,https://www.goodreads.com/work/quotes/26757264?page=2,Reality is frigid; I have to dip one toe at a time and grow accustomed to the shock before wading in further.,,,
q02194,top2014:2662,26757264,2,5,https://www.goodreads.com/work/quotes/26757264?page=2,"I know what loose ends can do to a soul. The sooner she knows the truth, whatever it is, the sooner she can get on with her future.",,,
q02195,top2014:2662,26757264,2,6,https://www.goodreads.com/work/quotes/26757264?page=2,"Jenna lost her mother. I lost my credibility. Virgil lost his faith. We've all got missing pieces. But for a little while, I believed that, together, we might be whole.",,,
q02196,top2014:2662,26757264,2,8,https://www.goodreads.com/work/quotes/26757264?page=2,"In the wild, a calf under the age of two will not survive without its mother. In the wild, a mother’s job is to teach her daughter everything she will need to know to become a mother herself. In the wild, a mother and daughter stay together until one of them dies.",,,
q02197,top2014:2662,26757264,2,9,https://www.goodreads.com/work/quotes/26757264?page=2,"It's no small feat, finishing a journey,"" I tell her. ""But no one ever mentions that once you get there, you will have to turn around and head all the way home.",,,
q02198,top2014:2662,26757264,2,11,https://www.goodreads.com/work/quotes/26757264?page=2,"Where there is support, there is no grief.",,,
q02199,top2014:2662,26757264,2,12,https://www.goodreads.com/work/quotes/26757264?page=2,"What is interesting is that elephants can accurately and reliably figure out who is friend and who is foe. Compare this to us humans, who still walk down dark alleys at night, fall for Ponzi schemes, and buy lemons from used-car salesmen.",,,
q02200,top2014:2662,26757264,2,15,https://www.goodreads.com/work/quotes/26757264?page=2,"Just because you leave someone doesn't mean you ever let them go. Even when you couldn't see me, you knew deep down I was still there.",,,
q02201,top2014:2662,26757264,2,16,https://www.goodreads.com/work/quotes/26757264?page=2,"I'm sick and tired of people in my life abandoning me, and she will be just one more. So I do what is easiest, when I feel like I'm in danger of being left behind. I make sure I'm the one to walk away first.",,,
q02202,top2014:2662,26757264,2,18,https://www.goodreads.com/work/quotes/26757264?page=2,"You might live on top of the biggest toxic waste dump on the planet, but if you never dig, then all you ever know is that your grass is green and your garden is lush.",,,
q02203,top2014:2662,26757264,2,19,https://www.goodreads.com/work/quotes/26757264?page=2,"I know that some neurologists think that autistic kids have brain synapses so close together and firing in such quick succession that they cause hyperawareness; that one of the reasons children on the spectrum rock or stim is to help them focus instead of having all sensations bombard them at once. I think clairvoyance isn't really all that much different. In all probability, neither is mental illness.",,,
q02204,top2014:2662,26757264,2,23,https://www.goodreads.com/work/quotes/26757264?page=2,"She threw words at me like handfuls of mud, and now that they've dried, I can brush them off.",,,
q02205,top2014:2662,26757264,2,25,https://www.goodreads.com/work/quotes/26757264?page=2,"In the custom of mourning, the fabric of the night had been ripped, revealing a star at each tiny tear.",,,
q02206,top2014:2662,26757264,2,27,https://www.goodreads.com/work/quotes/26757264?page=2,And I thought—not for the first time—that forgiving and forgetting aren’t mutually exclusive.,,,
q02207,top2014:2662,26757264,2,28,https://www.goodreads.com/work/quotes/26757264?page=2,"If you take away anything from this novel, I hope it is an awareness of the cognitive and emotional intelligence of these beautiful animals—and the understanding that it is up to all of us to protect them.",,,
q02208,top2014:2662,26757264,2,29,https://www.goodreads.com/work/quotes/26757264?page=2,"Well.” Jenna swallows. “I don’t know if you can miss someone you can barely remember, but that’s how I feel. I used to make up stories about why you hadn’t been able to come back to me. You were captured by pirates, and you had to sail around the Caribbean looking for gold, but every night you looked at the stars and thought, At least Jenna’s seeing them, too. Or you had amnesia, and you lived every day trying to find clues about your past, like all these tiny arrows that would point you back to me. Or you were on a secret mission for the country, and you couldn’t reveal who you were without blowing your cover, and when you finally came home and flags were waving and crowds were cheering I’d get to see you as a hero. My English teachers said I had the most amazing imagination, but they didn’t understand, it wasn’t make-believe to me. It was so real that sometimes it hurt, like a stitch in your side when you run too hard, or the ache in your legs when you have growing pains. But I guess it turns out that maybe you couldn’t come to me. So I’m trying to get to you.",,,
q02209,top2014:2662,26757264,3,1,https://www.goodreads.com/work/quotes/26757264?page=3,"There is something else about memory, something Thomas hadn’t brought up. It’s not a video recording. It’s subjective. It’s a culturally relevant account of what happened. It doesn’t matter if it’s accurate; it matters if it’s important in some way to you. If it teaches you something you need to learn.",,,
q02210,top2014:2662,26757264,3,2,https://www.goodreads.com/work/quotes/26757264?page=3,"When the universe calls, don't place it on hold.",,,
q02211,top2014:2662,26757264,3,4,https://www.goodreads.com/work/quotes/26757264?page=3,"Suicides, almost by definition, are all ghosts - stuck earthbound because they are desperate to apologize to their loved ones or because they are so ashamed of themselves.",,,
q02212,top2014:2662,26757264,3,6,https://www.goodreads.com/work/quotes/26757264?page=3,"My father died last year,” Thomas said. “I still look for him in crowds.",,,
q02213,top2014:2662,26757264,3,7,https://www.goodreads.com/work/quotes/26757264?page=3,"When Javert finally realized that Valjean had something he himself didn't—mercy—did he shrug and find a new obsession, like knitting or Game of Thrones? No. Because without Valjean to hate, he didn't know who he was anymore.",,,
q02214,top2014:2662,26757264,3,8,https://www.goodreads.com/work/quotes/26757264?page=3,"Here's what I was thinking: that gorillas will lie to deflect blame from themselves. That chimps deceive. And monkeys will sit high in a tree and pretend there's danger, even when there isn't. But not elephants. An elephant will never pretend to be something she's not.",,,
q02215,top2014:2662,26757264,3,10,https://www.goodreads.com/work/quotes/26757264?page=3,They don’t want to wait their turn. They don’t want to work their way up the ladder. They want what they want now,,,
q02216,top2014:2662,26757264,3,12,https://www.goodreads.com/work/quotes/26757264?page=3,"In the wild, a female elephant would not separate from her male calf until he was ten to thirteen years old.",,,
q02217,top2014:2662,26757264,3,13,https://www.goodreads.com/work/quotes/26757264?page=3,"wanted to hear more about Thomas. I wanted to know that he had a good heart, that he had saved someone on the brink, that I could depend on him. I wanted in him all the traits any female would want in the male she chose as the father for her offspring.",,,
q02218,top2014:2662,26757264,3,15,https://www.goodreads.com/work/quotes/26757264?page=3,"In the wild, a young female is an allomother long before she bears her own offspring. She has fifteen years to practice being a big sister to the calves that are born to the herd. I’d seen calves approach young female elephants to suckle for comfort, even though the juveniles did not have breasts or milk yet. But the young female would put her foot forward, the way her mother and aunties did, and proudly pretend. She could act like a mother without having any of the real responsibility until she was ready. But when there is no family to teach a young female to raise her own calf, things can go horribly awry. When I was working in Pilanesberg, this story repeated itself. There, young bulls that had been translocated began to charge vehicles. They killed a tourist. More than forty white rhino were found dead in the reserve before we realized that these subadult males were the ones who’d attacked them—highly aggressive behavior that was far from normal. What is the common denominator for the odd behavior of the young female elephant that didn’t care about her own calf and the belligerent pack of teenage bulls? Certainly there was a lack of parental guidance. But was that the only issue at play? All those elephants had seen their families killed in front of them, as a result of culling. The grief that I have studied in the wild, where a herd loses an old matriarch, for example, must be contrasted to the grief that comes from observing the violent death of a family member—because the long-term effects are so markedly different. After a natural death, the herd encourages the grieving individual to eventually move on. After a mass killing by humans, there is—by definition—no herd left for support. To date, the animal research community has been reluctant to believe that elephant behavior might be affected by the trauma of watching one’s family being killed. I think this isn’t scientific objection as much as it is political shame—after all, we humans have been the perpetrators of this violence. At the very least, it is crucial when studying the grief of elephants to remember that death is a natural occurrence. Murder is not.",,,
q02219,top2014:2662,26757264,3,16,https://www.goodreads.com/work/quotes/26757264?page=3,"When Thomas left, it was with the feeling of a summer romance—a trinket that I could take out and examine for the rest of my life, the same way I might save a seashell from a beach vacation or the ticket from my first Broadway musical.",,,
q02220,top2014:2662,26757264,3,17,https://www.goodreads.com/work/quotes/26757264?page=3,"After all, the last thing Kenosi saw, before he closed his eyes forever, was his mother coming back to him.",,,
q02221,top2014:2662,26757264,3,19,https://www.goodreads.com/work/quotes/26757264?page=3,"Can a person hold tightly to two thoughts that look, at first sight, as if they'd cancel each other out?",,,
q02222,top2014:2662,26757264,3,21,https://www.goodreads.com/work/quotes/26757264?page=3,"When he kissed me, it was with the desperation of a man who is trying to save himself.",,,
q02223,top2014:2662,26757264,3,22,https://www.goodreads.com/work/quotes/26757264?page=3,People who run away either have something they’re trying to reach or something they’re trying to avoid.,,,
q02224,top2014:2662,26757264,3,24,https://www.goodreads.com/work/quotes/26757264?page=3,The people we define as crazy just might be more sane than you and me.,,,
q02225,top2014:2662,26757264,3,25,https://www.goodreads.com/work/quotes/26757264?page=3,"I always get the funniest expressions from colleagues when I tell them that the best scientists understand that 2–3 percent of whatever it is they are studying is simply not quantifiable—it may be magic or aliens or random variance, none of which can be truly ruled out. If we are to be honest as scientists … we must admit there may be a few things that we are not supposed to know. I",,,
q02226,top2014:2662,26757264,3,27,https://www.goodreads.com/work/quotes/26757264?page=3,This virtual stranger knew me better than anyone else in Africa. He knew me better than I knew myself. What I was really researching was not how elephants deal with loss but how humans can’t.,,,
q02227,top2014:2662,26757264,3,29,https://www.goodreads.com/work/quotes/26757264?page=3,"That’s all a human life is, really—a do-over, a chance to get it right … or you’ll be brought back to try again.",,,
q02228,top2014:2662,26757264,4,2,https://www.goodreads.com/work/quotes/26757264?page=4,"Being bipolar is like being forced to take LSD. It means your sensations and emotions and creativity are at their peak, but also that the highs are higher and the lows are lower. You know what they say—if a manic does something",,,
q02229,top2014:2662,26757264,4,6,https://www.goodreads.com/work/quotes/26757264?page=4,not for the first time I think that someone’s enterprising idea of therapy is another person’s frustrated hell.,,,
q02230,top2014:2662,26757264,4,7,https://www.goodreads.com/work/quotes/26757264?page=4,"Paranormal experiences are just energy manifesting itself in some way: a flashlight flickering on when you haven’t pressed the button; a vision during an electrical storm; your cell phone ringing, and no one on the other end of the line. A surge of energy pulsed through networks to give me a message—I just can’t tell who’s sent it.",,,
q02231,top2014:2662,26757264,4,10,https://www.goodreads.com/work/quotes/26757264?page=4,"permission, I blurted it out—even though I should have thought twice. “Your daughter is looking for you.” Cleo’s best friend, who was part of the show",,,
q02232,top2014:2662,26757264,4,12,https://www.goodreads.com/work/quotes/26757264?page=4,I was a liar. I was hurting people who did not even know they were being hurt. And I still was not strong enough to stop myself.,,,
q02233,top2014:2662,26757264,4,14,https://www.goodreads.com/work/quotes/26757264?page=4,"The light that washes over the girl's face looks like the kind of thing you see in paintings in cathedrals, the sort of art that breaks your heart even as you stare at it.",,,
q02234,top2014:2662,26757264,4,19,https://www.goodreads.com/work/quotes/26757264?page=4,They’re called Laccaria amethystina. I looked them up online.,,,
q02235,top2014:2662,26757264,4,22,https://www.goodreads.com/work/quotes/26757264?page=4,"There’s no biological advantage to grief. In fact, in the wild, it can be downright dangerous to be moping around or swearing off food. I couldn’t look at that matriarch and say I was watching a conditioned behavior. That was sorrow, pure and simple.",,,
q02236,top2014:2662,26757264,4,24,https://www.goodreads.com/work/quotes/26757264?page=4,it was easy to fight the urge to call someone you thought had no desire to hear from you.,,,
q02237,top2014:2662,26757264,4,25,https://www.goodreads.com/work/quotes/26757264?page=4,"Nevvie's been with me from the start, "" he said, by way of explanation. As if it did not matter that I was supposed to be with him till the end.",,,
q02238,top2014:2662,26757264,4,26,https://www.goodreads.com/work/quotes/26757264?page=4,"the average person to find meaning in random details. We are a race that sees the Virgin Mary in the cut stump of a tree, that can find God in the twist of a rainbow, that hears Paulisdead when a Beatles song is played backward. The same intricate human mind that makes sense of the nonsensical is the human mind that can believe a fake psychic.",,,
q02239,top2014:2662,26757264,4,28,https://www.goodreads.com/work/quotes/26757264?page=4,Why are elephants wrinkled? They don’t fit on the ironing board.,,,
q02240,top2014:2662,26757264,4,29,https://www.goodreads.com/work/quotes/26757264?page=4,"What’s beautiful, gray, and wears glass slippers? Cinderelephant.",,,
q02241,top2014:4696,21890979,1,0,https://www.goodreads.com/work/quotes/21890979,"When a shy person smiles, it’s like the sun coming out.",,,
q02242,top2014:4696,21890979,1,1,https://www.goodreads.com/work/quotes/21890979,It was one of those perfect fall days when the air is cool enough to wake you up but the sun is also kissing your face.,,,
q02243,top2014:4696,21890979,1,2,https://www.goodreads.com/work/quotes/21890979,"You should always be kind to people, Ava. You never know what sorrows they’re carrying around.",,,
q02244,top2014:4696,21890979,1,3,https://www.goodreads.com/work/quotes/21890979,"Sometimes friends grow apart. You tell each other everything and you’re sure this is a person you’ll know the rest of your life but then she stops writing or calling, or you realize she’s really not so nice, or she turns into a right-winger.",,,
q02245,top2014:4696,21890979,1,4,https://www.goodreads.com/work/quotes/21890979,"How did I get to be the woman I am today?” It started in that library, in the reading club. That’s where I started to be my own person.",,,
q02246,top2014:4696,21890979,1,5,https://www.goodreads.com/work/quotes/21890979,"You know, Ava, it’s good to be smart, but kindness is more important.",,,
q02247,top2014:4696,21890979,1,6,https://www.goodreads.com/work/quotes/21890979,It took me until I was almost forty before I knew what I wanted to be when I grew up.,,,
q02248,top2014:4696,21890979,1,7,https://www.goodreads.com/work/quotes/21890979,"When I look at my eighty-five-year-old face in the mirror today, I think, “You’re never going to look better than you do today, honey, so smile.” Whoever said a smile is the best face-lift was one smart woman.",,,
q02249,top2014:4696,21890979,1,8,https://www.goodreads.com/work/quotes/21890979,"She said, “Hiking is the same thing as walking, only hotter and twice as far as you want to go. But usually, you’re glad you went.",,,
q02250,top2014:4696,21890979,1,9,https://www.goodreads.com/work/quotes/21890979,"It’s a good thing babies don’t give you a lot of time to think. You fall in love with them and when you realize how much they love you back, life is very simple.",,,
q02251,top2014:4696,21890979,1,10,https://www.goodreads.com/work/quotes/21890979,Even a broken clock is right twice every day.,,,
q02252,top2014:4696,21890979,1,11,https://www.goodreads.com/work/quotes/21890979,being an artist is more than a job or a skill; it’s a way of walking through the world.,,,
q02253,top2014:4696,21890979,1,12,https://www.goodreads.com/work/quotes/21890979,"I’m still embarrassed and mad at myself. But after seventy years, I also feel sorry for the girl I used to be. She was awfully hard on herself.",,,
q02254,top2014:4696,21890979,1,13,https://www.goodreads.com/work/quotes/21890979,Why is it you get more tired from sitting and doing nothing than from running around doing too much?,,,
q02255,top2014:4696,21890979,1,14,https://www.goodreads.com/work/quotes/21890979,"As far as I can tell, common sense hasn’t been in fashion for a long time.",,,
q02256,top2014:4696,21890979,1,15,https://www.goodreads.com/work/quotes/21890979,"If you treat every question like you've never heard it before, your students feel like you respect them and everyone learns a lot more. Including the teacher.",,,
q02257,top2014:4696,21890979,1,16,https://www.goodreads.com/work/quotes/21890979,"She told us that social work was a young profession still finding itself. She called it a ""creative science"" and said that, in her opinion, the best social workers were intelligent and compassionate, and while she could give us ideas and tools to help our fellow man, she couldn't teach us how to put ourselves into another person's shoes. She said, ""If you don't already know how to do that, you should drop this class and consider another line of work.",,,
q02258,top2014:4696,21890979,1,17,https://www.goodreads.com/work/quotes/21890979,about flying out to see her. Don’t tell your,,,
q02259,top2014:4696,21890979,1,19,https://www.goodreads.com/work/quotes/21890979,"No girl is ever happy with her own hair, is she?",,,
q02260,top2014:4696,21890979,1,21,https://www.goodreads.com/work/quotes/21890979,"Betty had never been skinny and she was never really fat. She still had a nice shape, but it was well upholstered now and her new dress made the best of it.",,,
q02261,top2014:4696,21890979,1,22,https://www.goodreads.com/work/quotes/21890979,"Was Juliet a better poet than Romeo? If Juliet found out about Rosaline, would she still love Romeo? Should Juliet have given Paris a chance? Why is love so dangerous for Juliet? Why are Juliet’s parents so blind? Was the Nurse Juliet’s friend or enemy? Would Juliet have killed herself if she had been twenty-five years old instead of thirteen?",,,
q02262,top2014:4696,21890979,1,23,https://www.goodreads.com/work/quotes/21890979,"yelled, and finally got me on my cheek with a loud slap that made",,,
q02263,top2014:4696,21890979,1,24,https://www.goodreads.com/work/quotes/21890979,I always felt I understood myself better after we spent time together. And the way she laughed at my wisecracks and thanked me for my opinions made me think maybe I was as smart and funny as she said i was.,,,
q02264,top2014:4696,21890979,1,27,https://www.goodreads.com/work/quotes/21890979,night and so quiet we could hear our own footsteps,,,
q02265,top2014:2250,40144215,1,0,https://www.goodreads.com/work/quotes/40144215,"Take me if You want, but dear God, let them live.",,,
q02266,top2014:2250,40144215,1,1,https://www.goodreads.com/work/quotes/40144215,A hangover showed the evil potential of wine.,,,
q02267,top2014:2250,40144215,1,3,https://www.goodreads.com/work/quotes/40144215,I still believed in my Lord and God and in the idea that He had a plan for us all.,,,
q02268,top2014:2250,40144215,1,4,https://www.goodreads.com/work/quotes/40144215,But grief and loss have a way of crippling the best intentions even in the strongest of minds.,,,
q02269,top2014:2250,40144215,1,5,https://www.goodreads.com/work/quotes/40144215,body in the morgue belonged to a member of my,,,
q02270,top2014:2250,40144215,1,8,https://www.goodreads.com/work/quotes/40144215,That damned smart-phone is the stupidest gadget I've ever owned.,,,
q02271,top2014:2250,40144215,1,9,https://www.goodreads.com/work/quotes/40144215,after a torrential rain. Acadia and her,,,
q02272,top2014:2250,40144215,1,10,https://www.goodreads.com/work/quotes/40144215,Ruger in his waistband. Then he switched the .357 to his,,,
q02273,top2014:2250,40144215,1,11,https://www.goodreads.com/work/quotes/40144215,the price of admission. He didn’t think it could ever get better than that. But then she’d gotten,,,
q02274,top2014:2250,40144215,1,13,https://www.goodreads.com/work/quotes/40144215,"They say our sense of smell is our most primal, the one that can hit us the hardest, because it comes from the deepest part of the brain.",,,
q02275,top2014:2250,40144215,1,14,https://www.goodreads.com/work/quotes/40144215,"The detectives who stayed positive, who carried hope in their hearts, were the ones most likely to have stamina.",,,
q02276,top2014:2250,40144215,1,15,https://www.goodreads.com/work/quotes/40144215,"But when the truck straightened out and began to gain speed, I was still holding on. I tapped the window with the Colt. The passenger was that same guy who’d given me the glowering look at the top of the pass into Hog Hollow.",,,
q02277,top2014:2250,40144215,1,16,https://www.goodreads.com/work/quotes/40144215,mind was only as good as the questions it was asked and the orders it was given.,,,
q02278,top2014:2250,40144215,1,17,https://www.goodreads.com/work/quotes/40144215,"mother being taken from her deathbed, and",,,
q02279,top2014:2250,40144215,1,18,https://www.goodreads.com/work/quotes/40144215,"already feel it. But I grabbed hold as tight as I could and then exploded into a blind, frenzied scramble of bare feet up the",,,
q02280,top2014:2250,40144215,1,19,https://www.goodreads.com/work/quotes/40144215,earthen berm that ran next to the nearest set of tracks.,,,
q02281,top2014:2250,40144215,1,21,https://www.goodreads.com/work/quotes/40144215,"a steady, drenching stream. The pigs were going berserk in response, all trying to follow the rain",,,
q02282,top2014:2250,40144215,1,22,https://www.goodreads.com/work/quotes/40144215,"In situations where the sane flee from danger, law enforcement officers sprint to engage it.",,,
q02283,top2014:2250,40144215,1,23,https://www.goodreads.com/work/quotes/40144215,"You can’t bargain with God, Alex. You can state your good intentions, you can imagine the life you want, but you can’t negotiate with Him. He holds all the cards.",,,
q02284,top2014:2250,40144215,1,24,https://www.goodreads.com/work/quotes/40144215,"brutal mass murder had taken place in that white house on the cul-de-sac before us. The Daley family of Omaha—Calvin, Bea, Ross, Sharon, and Janet—were found dead in their home two nights before Christmas.",,,
q02285,top2014:2250,40144215,1,25,https://www.goodreads.com/work/quotes/40144215,"so there we were around four thirty that afternoon, driving past the Omaha Country Club into the bedroom community of Raven Oaks.",,,
q02286,top2014:2250,40144215,1,26,https://www.goodreads.com/work/quotes/40144215,to say good-bye. I wasn’t there to tell her how much I,,,
q02287,top2014:2250,40144215,1,27,https://www.goodreads.com/work/quotes/40144215,"He punched in Acadia’s number. When it went to voice mail, he said,",,,
q02288,top2014:2250,40144215,1,28,https://www.goodreads.com/work/quotes/40144215,"The driver said, “This is bullshit. We’re gonna get railroaded here. I want an attorney.” The passenger climbed out, spilling glass from the",,,
q02289,top2014:2250,40144215,1,29,https://www.goodreads.com/work/quotes/40144215,identity? Maybe the man who had my family,,,
q02290,top2015:3992,44460981,1,0,https://www.goodreads.com/work/quotes/44460981,"I think you can do whatever you want. In the end, we all live the life we choose for ourselves.",,,
q02291,top2015:3992,44460981,1,1,https://www.goodreads.com/work/quotes/44460981,"In the end, the only one you can ever really please is yourself. How others feel is up to them.",,,
q02292,top2015:3992,44460981,1,2,https://www.goodreads.com/work/quotes/44460981,That’s why they say ‘falling in love’ and not something like ‘floating toward love.’ Falling is scary.,,,
q02293,top2015:3992,44460981,1,3,https://www.goodreads.com/work/quotes/44460981,See me just as I see you.,,,
q02294,top2015:3992,44460981,1,4,https://www.goodreads.com/work/quotes/44460981,Experience was the most painful of teachers.,,,
q02295,top2015:3992,44460981,1,5,https://www.goodreads.com/work/quotes/44460981,with every passing year she found herself wondering more and more where all the good guys had gone. Or even if there really was such a thing anymore. Where were the guys who didn’t expect you to sleep with them after only a date or two? Or guys who believed that picking up the check on a first date was a classy thing to do? Or even a guy with a somewhat decent job and plans for the future?,,,
q02296,top2015:3992,44460981,1,6,https://www.goodreads.com/work/quotes/44460981,"It takes over—fear, I mean. No matter how hard you try to fight it, it takes over, crushing the life out of you.",,,
q02297,top2015:3992,44460981,1,7,https://www.goodreads.com/work/quotes/44460981,Why study or try to change the world on a Friday afternoon when you could be out enjoying the sun?,,,
q02298,top2015:3992,44460981,1,8,https://www.goodreads.com/work/quotes/44460981,"Friendship isn't about how long you know someone. It's about who walks into your life, says 'I'm here for you,' and then proves it.",,,
q02299,top2015:3992,44460981,1,9,https://www.goodreads.com/work/quotes/44460981,"I don't know what ""normal"" really means. I think everyone has his own definition, and it's shaped by culture, by family and friends, by character and experience, by events and a thousand other things. What's normal for one person isn't normal for another",,,
q02300,top2015:3992,44460981,1,10,https://www.goodreads.com/work/quotes/44460981,My point is that first loves always make sense because you don’t know any better. Everything is a first and any warning bells are drowned out by the sheer novelty of it all.,,,
q02301,top2015:3992,44460981,1,11,https://www.goodreads.com/work/quotes/44460981,"Love makes everything complicated, and emotions always go wild in the beginning. But when it's real, you should hold on tight, because we're both old enough to know that true love doesn't come along all that often.",,,
q02302,top2015:3992,44460981,1,12,https://www.goodreads.com/work/quotes/44460981,"Because that’s what normal people do. That’s the way society works. You can’t just tell people whatever pops into your mind. It makes them uncomfortable or hurts their feelings. And just so you know, employers hate it.",,,
q02303,top2015:3992,44460981,1,13,https://www.goodreads.com/work/quotes/44460981,"April never ceased to surprise....there were always a few glorious days, perfect days, when it seemed as thought anything were possible.",,,
q02304,top2015:3992,44460981,1,14,https://www.goodreads.com/work/quotes/44460981,"Isn't that the tie Lily bought for your birthday?""Evan looked down to examine it. It was paisley, a kaleidoscope of color. ""Yes it is, as a matter of fact. Good memory. What do you think? Too much?""""It doesn't matter what I think.""""But you don't like it.""""I think that if you want to wear it, you should wear it.""Evan seemed momentarily undecided. ""Why do you do that?""""Do what?""""Refuse to answer a simple question.""""Because my opinion is irrelevant. You should wear what you want.""""Just tell me, okay?""""I don't like your tie.""""Really? Why not?""""Because it's ugly.""""It's not ugly.""Colin nodded. ""Okay.""""You don't know what you're talking about.""""Probably.""""You don't even wear ties.""""You're right.""""So why do I care what you think?""""I don't know.""Evan scowled. ""Talking to you can be infuriating, you know.""""I know. You've said that before.""""Of course I've said it before! Because it's true! Didn't we just talk about this the other night? You don't have to say whatever pops into your head.""""But you asked.""""Just ... Oh, forget it."" He turned and started back toward the house. ""I'll talk to you later, okay?""""Where are you going?""Evan walked a couple of steps before answering without turning around. ""To change my damn tie. And by the way Margolis was right. Your face still looks like it was run through a meat grinder.""Colin smiled. ""Hey, Evan!""Evan stopped and turned. ""What?""""Thanks.""""For what?""""For everything.""""Yeah, yeah. You're just lucky I won't tell Lily what you said.""""You can if you'd like. I already told her.""Evan starred. ""Of course you did.",,,
q02305,top2015:3992,44460981,1,15,https://www.goodreads.com/work/quotes/44460981,"College was a bubble that kept the rest of the world at bay. There was an abundance of free time, friends who lived either with you or right next door, and an overwhelming sense of optimism about the future, even if you had no idea as to the specifics of what that might mean. In college, everyone accepted the fact that their lives would turn out exactly as planned, buoying them from one good memory to the next in a cascade of carefree three-day weekends.",,,
q02306,top2015:3992,44460981,1,16,https://www.goodreads.com/work/quotes/44460981,"I want balance. Work is important because I have to support myself, but so are friends, health, rest. Having the time to do things that I enjoy, and sometimes doing nothing at all.",,,
q02307,top2015:3992,44460981,1,17,https://www.goodreads.com/work/quotes/44460981,"The rain blew in soft sheets, making the oncoming headlights shimmer.",,,
q02308,top2015:3992,44460981,1,18,https://www.goodreads.com/work/quotes/44460981,"Rules were about averages, not specifics, and since people were conditioned since childhood to accept rules, it was easy to follow them blindly. To trust in the system. It was easier not to worry about random possibilities. It meant that people didn’t have to think about potential consequences, and when the sun was shining on Friday afternoons, they could play Frisbee without a care in the world.",,,
q02309,top2015:3992,44460981,1,21,https://www.goodreads.com/work/quotes/44460981,"Because people don’t always want the truth. Like when your girlfriend asks if a particular outfit makes her look fat, you should tell her she looks beautiful.",,,
q02310,top2015:3992,44460981,1,22,https://www.goodreads.com/work/quotes/44460981,"But if you’re going to make a judgment about me, then you need to know who I really am, not just the part I decide to tell you. I’d rather be honest about all of it and let you make the call as to whether you want to keep talking to me or not.” “Have",,,
q02311,top2015:3992,44460981,1,24,https://www.goodreads.com/work/quotes/44460981,"anger was anger, whether overt or covert, and equally destructive either way.",,,
q02312,top2015:3992,44460981,1,27,https://www.goodreads.com/work/quotes/44460981,"It’s hard sometimes. Maybe it’s because my parents are so happy and make it seem so easy, but I’ve always assumed that I’d be able to find the perfect guy without having to settle. And growing up, I had all these plans… I just knew that by now, at my age, I’d be married and we’d live in a restored Victorian and we’d be talking about kids. But those things seem further away now than they did when I was a little girl. They seem further away than they did even a couple of years ago.",,,
q02313,top2015:3992,44460981,1,29,https://www.goodreads.com/work/quotes/44460981,People don’t usually change.” “I didn’t have a choice.,,,
q02314,top2015:2844,42099141,1,0,https://www.goodreads.com/work/quotes/42099141,"Moving on doesn’t mean you don’t talk about it. Or hurt about it. It’s always going to hurt,",,,
q02315,top2015:2844,42099141,1,1,https://www.goodreads.com/work/quotes/42099141,"All my life, I’ve found it difficult to advocate for myself, to ask for what I want. I fear burdening people so much.",,,
q02316,top2015:2844,42099141,1,2,https://www.goodreads.com/work/quotes/42099141,My favorite strategy is to feign inferiority and encourage my enemy’s arrogance.,,,
q02317,top2015:2844,42099141,1,3,https://www.goodreads.com/work/quotes/42099141,"Sometimes I feel like a windup doll, like I have to reach behind and turn my golden key to produce a greeting, a laugh, whatever the socially acceptable reaction should be.",,,
q02318,top2015:2844,42099141,1,4,https://www.goodreads.com/work/quotes/42099141,"There is something about seeing someone from behind, something about the way people walk away, that I've always found unnervingly intimate. Maybe it's because the back of the body isn't on guard the way the front is - the slouch of the shoulders and the flex in the back muscles, that's the most honest you'll ever see a person.",,,
q02319,top2015:2844,42099141,1,5,https://www.goodreads.com/work/quotes/42099141,"But faith doesn’t mean that to me anymore. Now it means someone seeing something in you that you don’t, and not giving up until you see it too.",,,
q02320,top2015:2844,42099141,1,6,https://www.goodreads.com/work/quotes/42099141,"By the end of it all I just assumed no one ever told the truth, and that was when I started lying too.",,,
q02321,top2015:2844,42099141,1,7,https://www.goodreads.com/work/quotes/42099141,I thought that by twenty-eight I could stop trying to prove myself and relax already. But this fight just gets bloodier with age.,,,
q02322,top2015:2844,42099141,1,8,https://www.goodreads.com/work/quotes/42099141,"This is Luke’s favorite thing to say about me, to remind me. I’m a survivor. It’s the finality of the word that bothers me, its assuming implication. Survivors should move on. Should wear white wedding dresses and carry peonies down the aisle and overcome, rather than dwell in a past that can’t be altered. The word dismisses something I cannot, will not, dismiss.",,,
q02323,top2015:2844,42099141,1,9,https://www.goodreads.com/work/quotes/42099141,"It was one of those awful moments where you have no control over your reaction, when the pain is too exposed to hide.",,,
q02324,top2015:2844,42099141,1,10,https://www.goodreads.com/work/quotes/42099141,That would be the most surprising lesson I’d learn at Bradley: You only scream when you’re finally safe.,,,
q02325,top2015:2844,42099141,1,12,https://www.goodreads.com/work/quotes/42099141,"Maybe he wouldn’t fear my bite, my kookiness, maybe he’d get past my thorny bristles to see there is sweetness here. Would understand that moving on doesn’t mean never talking about it, never crying about it.",,,
q02326,top2015:2844,42099141,1,13,https://www.goodreads.com/work/quotes/42099141,"At one point I was climbing off the bus and I bumped into a woman in a crisp black blazer and pointy, witchy shoes. She had a bulky cell phone pressed against her ear and a black bag with gold Prada lettering hooked around her wrist. I was a long ways off from worshiping at the Céline, Chloé, or Goyard thrones, but I certainly recognized Prada. “Sorry,” I said, and took a step away from her. She nodded at me briskly but never stopped speaking into her phone, “The samples need to be there by Friday.” As her heels snapped away on the pavement, I thought, There is no way that woman can ever get hurt. She had more important things to worry about than whether or not she would have to eat lunch alone. The samples had to arrive by Friday. And as I thought about all the other things that must make up her busy, important life, the cocktail parties and the sessions with the personal trainer and the shopping for crisp, Egyptian cotton sheets, there it started, my concrete and skyscraper wanderlust. I saw how there was a protection in success, and success was defined by threatening the minion on the other end of a cell phone, expensive pumps terrorizing the city, people stepping out of your way simply because you looked like you had more important places to be than they did. Somewhere along the way, a man got tangled up in this definition too. I just had to get to that, I decided, and no one could hurt me again.",,,
q02327,top2015:2844,42099141,1,15,https://www.goodreads.com/work/quotes/42099141,"You have to know that no matter what they say about you, all that matters is what you know about yourself here.",,,
q02328,top2015:2844,42099141,1,17,https://www.goodreads.com/work/quotes/42099141,"But I needed to build up my loneliness tolerance, was all. The loneliness became like a friend, my constant companion. I could depend on it, and only it.",,,
q02329,top2015:2844,42099141,1,18,https://www.goodreads.com/work/quotes/42099141,"I told Luke about that night at a time when he was enamored with me, which is the only time you should ever tell anyone something shameful about yourself—when a person is mad enough about you that disgrace is endearing.",,,
q02330,top2015:2844,42099141,1,19,https://www.goodreads.com/work/quotes/42099141,"Education, travel, culture—this is what any pennies pinched should be used for, never flashy cars, loud logos, or personal maintenance.",,,
q02331,top2015:2844,42099141,1,20,https://www.goodreads.com/work/quotes/42099141,"I should do three things every day, but instead I sit, paralyzed in front of my computer, beating myself up for not doing three things every day like I promised myself I would. I’ve determined this is more time-consuming and stressful than actually doing the three goddamn things a day, and, therefore, I’m entitled to my fury.",,,
q02332,top2015:2844,42099141,1,21,https://www.goodreads.com/work/quotes/42099141,"Hemingway used to write an ending to his novel only to delete it, asserting that it made the story stronger because the reader would always be able to intuit the ghost of that final, incorporeal passage.",,,
q02333,top2015:2844,42099141,1,22,https://www.goodreads.com/work/quotes/42099141,"I want to be a writer, which sounds so stupid and aspirational, like, 'I want to be an astronaut!",,,
q02334,top2015:2844,42099141,1,23,https://www.goodreads.com/work/quotes/42099141,It’s okay to be insufferable as long as you’re aware that you’re being insufferable. At least that’s how I justified it to myself.,,,
q02335,top2015:2844,42099141,1,24,https://www.goodreads.com/work/quotes/42099141,"I came to the conclusion that if a woman of the cloth could be so sure she was going to heaven despite being such a massive asshole, God must be more lenient than I'd been led to believe.",,,
q02336,top2015:2844,42099141,1,26,https://www.goodreads.com/work/quotes/42099141,Knowing that when you’re gone the grind will go on. No one is special enough to stop it.,,,
q02337,top2015:2844,42099141,1,27,https://www.goodreads.com/work/quotes/42099141,"Taste, I had yet to learn, was the delicate balance between expensive and unassuming.",,,
q02338,top2015:2844,42099141,1,28,https://www.goodreads.com/work/quotes/42099141,Nothing sadder than the adolescent rite of passage to have sex before understanding what sexy is.,,,
q02339,top2015:2844,42099141,2,0,https://www.goodreads.com/work/quotes/42099141?page=2,"But a Kate could never give Luke what I give him, and that’s the edge. Rusted and bacteria ridden, I’m the blade that nicks at the perfectly hemmed seams of Luke’s star quarterback life, threatening to shred it apart. And he likes that threat, the possibility of my danger. But he doesn’t really want to see what I can do, the ragged holes I can open. I’ve spent most of our relationship scratching the surface, experimenting with the pressure, how much is too much before I draw blood? I’m getting tired.",,,
q02340,top2015:2844,42099141,2,1,https://www.goodreads.com/work/quotes/42099141?page=2,"Now, Ani.” Whitney was doing that thing I hate, pronouncing my name “Annie” instead of “Ah-nee.” “Luke says the wedding is in Nantucket. Why there?” Because of the privilege inherent in the location, Whitney. Because Nantucket transcends all classes, all areas of the country. Go to South Dakota and tell some sad smug housewife you grew up on the Main Line, and she doesn’t know she’s supposed to be impressed. Tell her you summer on Nantucket—be sure to verb it like that—and she knows who the fuck she’s dealing with. That’s why, Whitney.",,,
q02341,top2015:2844,42099141,2,4,https://www.goodreads.com/work/quotes/42099141?page=2,God has a plan for all of us and he knows the outcome before we’re even born.,,,
q02342,top2015:2844,42099141,2,5,https://www.goodreads.com/work/quotes/42099141?page=2,"I feel anger and hatred and frustration and sadness like they’re physical fabrics. This one’s silk, this one’s velvet, this one’s crisp cotton. But I couldn’t tell you what the texture of loving Luke is anymore.",,,
q02343,top2015:2844,42099141,2,9,https://www.goodreads.com/work/quotes/42099141?page=2,Is this what I really thought would fulfill me? Twenty-seven-dollar roast chicken dinner and a fiancé who sweetly fucks me when we get home.,,,
q02344,top2015:2844,42099141,2,11,https://www.goodreads.com/work/quotes/42099141?page=2,"I couldn’t decide which was worse—going gentle into that mom-jeans-wearing night, or fighting it, Botoxed and hungry, every step of the way.",,,
q02345,top2015:2844,42099141,2,12,https://www.goodreads.com/work/quotes/42099141?page=2,"The more sacred a piece of information, the more desperate the gatekeeper is to reveal it, the harder you have to work to relieve her of the burden.",,,
q02346,top2015:2844,42099141,2,13,https://www.goodreads.com/work/quotes/42099141?page=2,how young twenty-four is when you’re not fourteen.,,,
q02347,top2015:2844,42099141,2,14,https://www.goodreads.com/work/quotes/42099141?page=2,"Women’s Magazine, “A study found that the act of physically closing your menu once you’ve decided what to order can make you feel more satisfied with your choice.",,,
q02348,top2015:2844,42099141,2,15,https://www.goodreads.com/work/quotes/42099141?page=2,There comes a point where you just can’t be mad at everyone anymore.,,,
q02349,top2015:2844,42099141,2,16,https://www.goodreads.com/work/quotes/42099141?page=2,"I was so glad summer was over. I hated it, always had.",,,
q02350,top2015:2844,42099141,2,19,https://www.goodreads.com/work/quotes/42099141?page=2,The agony of needing something so immediately but the ask has got to be patient.,,,
q02351,top2015:2844,42099141,2,20,https://www.goodreads.com/work/quotes/42099141?page=2,"I know that I made the mistake of thinking that living well is the best revenge. That I figured out, eventually, that the appearance of living well is not the same thing as actually living well.",,,
q02352,top2015:2844,42099141,2,21,https://www.goodreads.com/work/quotes/42099141?page=2,"I hadn't come this way much in high school, and I'd been ""home"" so infrequently since then that the roads I used to frequently travel gave me a vague sense of deja vu. I've been here before, but when? This confusion swelled in me as pride. It meant this was no longer home. You didn't reject me, I rejected you.",,,
q02353,top2015:2844,42099141,2,22,https://www.goodreads.com/work/quotes/42099141?page=2,"My anger is carbon monoxide, binding to pain, humiliation, and hurt, rendering them powerless. You would never know when you met me how angry I am. Like Ani, I sometimes feel like a wind-up doll. Turn my key and I will tell you what you want to hear. I will smile on cue. My anger is odorless, colorless, and tasteless. It’s completely toxic.",,,
q02354,top2015:2844,42099141,2,24,https://www.goodreads.com/work/quotes/42099141?page=2,"I have this recurring dream, where something bad has happened and I need to dial 911, but I’ve lost all control over my fingers. They keep slipping across the buttons (it’s always an old-fashioned landline I’m dialing from), and every time I realize, You’re having this dream again, but this time you’re going to outsmart it. Just take it slow, I think. You can’t mess this up if you take it slow. Find the nine. Push. The one. Push.",,,
q02355,top2015:2844,42099141,2,25,https://www.goodreads.com/work/quotes/42099141?page=2,"Bickering. It’s so much uglier than a heated, dish-smashing fight, isn’t it? At least after that you have sex on the floor of the kitchen, shards bearing the braid of the Louvre pattern weaving an imprint on your back. No man feels very much compelled to rip your clothes off after you inform him, bitchily, that he left one lone turd floating in the toilet.",,,
q02356,top2015:2844,42099141,2,26,https://www.goodreads.com/work/quotes/42099141?page=2,"Sometimes, a momentary truce in girlhood is much more precious than a guy you really like asking you out, sticking around even after getting the milk for free.",,,
q02357,top2015:2844,42099141,2,27,https://www.goodreads.com/work/quotes/42099141?page=2,"Luke was so perfect, he made me fearless. Because how could anything bad happen around a person like that?",,,
q02358,top2015:2844,42099141,2,28,https://www.goodreads.com/work/quotes/42099141?page=2,"My heart seemed to drop down and back, the thing it always does right before I start to spin and spin. I refuse to call it a panic attack. Panic attacks are for nervous fliers, hipster neurotics. Their demons, whatever they are, can’t even compare to the terror of knowing it’s about to happen, the something bad I’ve been waiting for ever",,,
q02359,top2015:2844,42099141,2,29,https://www.goodreads.com/work/quotes/42099141?page=2,"You know those people, just so fucking happy to be alive, bouncing down the street, buds in their ears and faces repulsive with pleasure as they belt out the lyrics to some noxious Motown classic. I’ve gotten bold, bumping them with my enormous bag as I pass by, savoring their outraged “Hey!” behind me. No one gets to be that happy.",,,
q02360,top2015:2844,42099141,3,0,https://www.goodreads.com/work/quotes/42099141?page=3,"This was my fourth summer with Luke, and every year I watched as all that good, healthy outdoor activity—running, surfing, golfing, kite boarding—multiplied the golden flecks on his nose like cancer cells.",,,
q02361,top2015:2844,42099141,3,1,https://www.goodreads.com/work/quotes/42099141?page=3,"It was a hard thing to do, apologize, but I’ve done harder things.",,,
q02362,top2015:2844,42099141,3,3,https://www.goodreads.com/work/quotes/42099141?page=3,"Thank you for encouraging my imagination endlessly, for investing in my education and prioritizing it the way you did, even when it meant making sacrifices in your own life. Thank you for showing me through your own example of hard work and dedication what it means to be ambitious and to have a strong work ethic. I am truly the luckiest girl alive to have you two as parents. I would not be where I am without you.",,,
q02363,top2015:2844,42099141,3,4,https://www.goodreads.com/work/quotes/42099141?page=3,"The attack wasn’t just about getting back at his tormentors, or about revenge, it was about his contempt.",,,
q02364,top2015:2844,42099141,3,6,https://www.goodreads.com/work/quotes/42099141?page=3,"There was no way I was mugging for the camera if I hadn’t checked off all the boxes in the hotly contested “having it all” category: cool job, impressive zip code; hungry body, and the kicker—dreamy, loaded fiancé.",,,
q02365,top2015:2844,42099141,3,8,https://www.goodreads.com/work/quotes/42099141?page=3,I think you know when two people are meant for each other when you see that they’re better people together than they are when they’re apart.,,,
q02366,top2015:2844,42099141,3,9,https://www.goodreads.com/work/quotes/42099141?page=3,"It’s a certain kind of hell, confessing your most humiliating sexual secrets to a room full of hairy middle-aged men.",,,
q02367,top2015:2844,42099141,3,10,https://www.goodreads.com/work/quotes/42099141?page=3,"the tuition’s true payoff the connections, not the education,",,,
q02368,top2015:2844,42099141,3,11,https://www.goodreads.com/work/quotes/42099141?page=3,"Eleanor was married a year ago and she continues to discuss the event with the kind of somber reverence you would 9/11, or the death of Steve Jobs. I imagine this will continue until she gets knocked up and goes on to birth our next national treasure.",,,
q02369,top2015:2844,42099141,3,12,https://www.goodreads.com/work/quotes/42099141?page=3,"Friday was the day we filmed in the studio, a cavernous room above a Starbucks in Media, PA. The whole place smelled like the burnt, overpriced fuel of diabetic Americans.",,,
q02370,top2015:2844,42099141,3,13,https://www.goodreads.com/work/quotes/42099141?page=3,"I could never imagine submitting myself to a state of unconsciousness at the same time everyone else goes under. I can only sleep—really sleep, not the thin-lipped rest I’ve learned to live on during the week—when sunlight explodes off the Freedom Tower and forces me to the other side of the bed, when I can hear Luke puttering around the kitchen, making egg-white omelettes, the neighbors next door arguing over who took the trash out last. Banal, everyday reminders that life is so boring it can’t possibly terrorize anyone. That dull fuzz in my ears, that’s when I sleep.",,,
q02371,top2015:2844,42099141,3,14,https://www.goodreads.com/work/quotes/42099141?page=3,"A lot of time and energy went into dismantling the dynamic between Arthur and Ben, identifying the leader of the pack. Understanding their motives would bring closure to the community, and the information could prevent a recurrence at another school. The country’s most renowned psychologists examined the evidence collected in the aftermath of the attack on Bradley—Ben’s and Arthur’s journals, their academic records, interviews with neighbors and friends of the family—and every single one arrived at the same conclusion: Arthur called it.",,,
q02372,top2015:2844,42099141,3,16,https://www.goodreads.com/work/quotes/42099141?page=3,"We sat in a dreamy silence for a few moments, the lights softening all our edges, filling in our holes.",,,
q02373,top2015:2844,42099141,3,18,https://www.goodreads.com/work/quotes/42099141?page=3,"He saw me at my stray dog lowest and still he stood behind me, did everything he could to help me. He imagined the future I could have before I even wanted it for myself, and he was the one to push me toward it. That's faith.",,,
q02374,top2015:2844,42099141,3,20,https://www.goodreads.com/work/quotes/42099141?page=3,"Not a panic attack exactly, more like a spin, a particular condition that surfaced some fourteen years ago, where I suddenly feel as though I'm on a whirring merry-go-round that has just been unplugged mid-ride. It's like I'm gradually slowing to a stop, the silence between my heart's weakening beats stretching longer and longer, as I skate the last loops of my life.",,,
q02375,top2015:2844,42099141,3,22,https://www.goodreads.com/work/quotes/42099141?page=3,"I laughed. All these people so sure I'd come out okay and I only have myself to blame, for putting on the greatest show on earth.",,,
q02376,top2015:2844,42099141,3,23,https://www.goodreads.com/work/quotes/42099141?page=3,"Age and loneliness had converged on her, like allied countries during wartime.",,,
q02377,top2015:2844,42099141,3,24,https://www.goodreads.com/work/quotes/42099141?page=3,"It was an honor to be his father.' He took the vase from his wife, and his face became inhuman again as he sprinkled his oldest son in the grass.",,,
q02378,top2015:2844,42099141,3,25,https://www.goodreads.com/work/quotes/42099141?page=3,"The way Mom looked at me, sometimes you just have to feel bad for parents. For all the ways they think they know you. The mockery their kids make out of them when they find out otherwise.",,,
q02379,top2015:2844,42099141,3,26,https://www.goodreads.com/work/quotes/42099141?page=3,"I always thought of Mom as beautiful, but suffering made her ugly and unrecognizable.",,,
q02380,top2015:2844,42099141,3,27,https://www.goodreads.com/work/quotes/42099141?page=3,"Whoever he was, no matter how pimpled and squeaky, if he was big enough to hurt me, I wanted him. It's something I've come to understand about myself - I want someone who can hurt me but won't.",,,
q02381,top2015:2844,42099141,3,28,https://www.goodreads.com/work/quotes/42099141?page=3,"I forgot all about the posturing and the excuses. I just told him the truth. Today was hard, and I was alone.",,,
q02382,top2015:2844,42099141,3,29,https://www.goodreads.com/work/quotes/42099141?page=3,"He was still smiling as the bullet dovetailed into his collarbone, blood splashing the wall behind him like the Jackson Pollock paintings we were learning about in Contemporary Art.",,,
q02383,top2015:2844,42099141,4,0,https://www.goodreads.com/work/quotes/42099141?page=4,"It felt so much father than that. Like another dimension, like a life of someone else who I felt sorry for now. She had been so naïve and unprepared for what was to come, it hadn't just been sad. It had been dangerous.",,,
q02384,top2015:2844,42099141,4,2,https://www.goodreads.com/work/quotes/42099141?page=4,"He knew it was rape if she wasn't coherent enough to say yes, right? Or did he think it counted only if the boogeyman jumped out of the bushes and ravaged some sober, unassuming freshman on her way to the library?",,,
q02385,top2015:2844,42099141,4,3,https://www.goodreads.com/work/quotes/42099141?page=4,"I can't say it would have made her happier, but we didn't have the luxury of considering happiness. We were broke.",,,
q02386,top2015:2844,42099141,4,4,https://www.goodreads.com/work/quotes/42099141?page=4,"We have so much in common that it took me a while to understand why we didn't get along. Infighting. We both defeated the odds to get to where we are now, and we're terrified that there isn't enough room for the both of us.",,,
q02387,top2015:2844,42099141,4,5,https://www.goodreads.com/work/quotes/42099141?page=4,"No one bothered to consult me, even though I was sitting right there and it was my test and my score, but even so, an inexplicable thrill shimmied through my body. My purity score mattered, for whatever reason, and that meant I mattered too.",,,
q02388,top2015:2844,42099141,4,6,https://www.goodreads.com/work/quotes/42099141?page=4,"When Luke and I first started dating, my stomach used to latch on to the word ""babe,"" hold it like those claw games in an arcade would a little stuffed animal, a miracle they came up with anything because everyone knows they're rigged.",,,
q02389,top2015:2844,42099141,4,8,https://www.goodreads.com/work/quotes/42099141?page=4,I'm a cold person...I'm selfish...I'm only capable of feeling about things that benefit me.,,,
q02390,top2015:2844,42099141,4,10,https://www.goodreads.com/work/quotes/42099141?page=4,"Luke had been all set to go with me this weekend, but a few weeks ago he'd found out his friend John, who's been feeding orphans in India or some shit that makes me feel like a plastic bitch for what I do, was coming to New York.",,,
q02391,top2015:2844,42099141,4,12,https://www.goodreads.com/work/quotes/42099141?page=4,But they wouldn’t know what to do with a dick if it punched them in the face.,,,
q02392,top2015:2844,42099141,4,13,https://www.goodreads.com/work/quotes/42099141?page=4,"The Philadelphia Inquirer, would I? “Let’s not delay the inevitable.” Dan put his hand on my shoulder, and I stared at the floor, at his shoes made of such bad fake leather they looked rubber. “You did good in there,” Dan said. “Vencino is a bully. He’s just trying to get under your skin. But you didn’t rise to the occasion. That was good.” “But they think I planned this with Arthur or something,” I said. “How could they think that?” “They don’t,” Dan said. “Like your",,,
q02393,top2015:2844,42099141,4,16,https://www.goodreads.com/work/quotes/42099141?page=4,"She hasn’t eaten a processed carb since the Sex and the City finale, and her stomach looks like it’s been Photoshopped.",,,
q02394,top2015:2844,42099141,4,18,https://www.goodreads.com/work/quotes/42099141?page=4,"Mt. St. Theresa Academy?” I waited for his reaction, which I didn’t anticipate would be favorable. When his expression remained blank I added, “In Malvern?” Malvern was technically considered the start of the Main Line, but it was like the lowest tier of troops, shielding the generals and the captains in the cushy heart of the camp. The plebeians toeing its border prickled most storied Main Liners—Malvern wasn’t really a member of their dynasty. Arthur made a face. “Malvern? That’s far. Is that where you",,,
q02395,top2015:2844,42099141,4,19,https://www.goodreads.com/work/quotes/42099141?page=4,apologized to my rapist for calling him a rapist. What a thing to live with.,,,
q02396,top2015:2844,42099141,4,20,https://www.goodreads.com/work/quotes/42099141?page=4,"I traced my finger over the smooth wood surface, considering how sharp the chain saw must have been for the amputation to be this clean. There were a lot of questions I wanted to ask, but I didn’t want to draw attention to my connection with Arthur if he was more marginalized than I thought. This was a serious accusation. “Who’s Ben Hunter?” I asked, trying to stall while I worked out this new piece of information",,,
q02397,top2015:2844,42099141,4,21,https://www.goodreads.com/work/quotes/42099141?page=4,"The meta-moment of experiencing how the rest of the world sees you, because the salty girl is you.",,,
q02398,top2015:2844,42099141,4,24,https://www.goodreads.com/work/quotes/42099141?page=4,"His pro-personhood bullshit could prevent rape and incest victims, women whose lives were in danger, from having safe abortions. It could shut down Planned Parenthood. “Oh,",,,
q02399,top2015:2844,42099141,4,28,https://www.goodreads.com/work/quotes/42099141?page=4,"In a clear voice, Mrs. Ross said, ""This may be where we mark Liam's time with us, but I don't want you to think this is where you have to come to think about Liam."" She held the vase close to her chest. ""Think about him always."" Her mouth puckered. ""Anywhere.",,,
q02400,top2015:234,41711673,1,0,https://www.goodreads.com/work/quotes/41711673,"The trouble with dying,” she’d told Jeannie once, “is that you don’t get to see how everything turns out. You won’t know the ending.",,,
q02401,top2015:234,41711673,1,1,https://www.goodreads.com/work/quotes/41711673,"Houses need humans,” Red said. “You all should know that. Oh, sure, humans cause wear and tear—scuffed floors and stopped-up toilets and such—but that’s nothing compared to what happens when a house is left on its own. It’s like the heart goes out of it. It sags, it slumps, it starts to lean toward the ground.",,,
q02402,top2015:234,41711673,1,2,https://www.goodreads.com/work/quotes/41711673,"But it was easier, somehow, to reflect on them all from a distance than to be struggling for room in their midst.",,,
q02403,top2015:234,41711673,1,3,https://www.goodreads.com/work/quotes/41711673,"But it’s like time is sort of … balanced. We’re young for such a small fraction of our lives, and yet our youth seems to stretch on forever. Then we’re old for years and years, but time flies by fastest then. So it all comes out equal in the end, don’t you see.",,,
q02404,top2015:234,41711673,1,4,https://www.goodreads.com/work/quotes/41711673,"But it has occurred to me, on occasion, that our memories of our loved ones might not be the point. Maybe the point is their memories—all that they take away with them. What if heaven is just a vast consciousness that the dead return to? And their assignment is to report on the experiences they collected during their time on earth. The hardware store their father owned with the cat asleep on the grass seed, and the friend they used to laugh with till the tears streamed down their cheeks, and the Saturdays when their grandchildren sat next to them gluing Popsicle sticks. The spring mornings they woke up to a million birds singing their hearts out, and the summer afternoons with the swim towels hung over the porch rail, and the October air that smelled like wood smoke and apple cider, and the warm yellow windows of home when they came in on a snowy night. ‘That’s what my experience has been,’ they say, and it gets folded in with the others—one more report on what living felt like. What it was like to be alive.",,,
q02405,top2015:234,41711673,1,5,https://www.goodreads.com/work/quotes/41711673,"You know how you just have to touch your child, sometimes? How you drink him in with your eyes and you could stare at him for hours and you marvel at how dear and impossibly perfect he is?",,,
q02406,top2015:234,41711673,1,6,https://www.goodreads.com/work/quotes/41711673,"It makes you wonder why we bother accumulating, accumulating, when we know from earliest childhood how it’s all going to end.",,,
q02407,top2015:234,41711673,1,7,https://www.goodreads.com/work/quotes/41711673,You’re only ever as happy as your least happy child?’,,,
q02408,top2015:234,41711673,1,8,https://www.goodreads.com/work/quotes/41711673,"But still, you know how it is when you’re missing a loved one. You try to turn every stranger into the person you were hoping for. You hear a certain piece of music and right away you tell yourself that he could have changed his clothing style, could have gained a ton of weight, could have acquired a car and then parked that car in front of another family’s house. “It’s him!” you say. “He came! We knew he would; we always …” But then you hear how pathetic you sound, and your words trail off into silence, and your heart breaks.",,,
q02409,top2015:234,41711673,1,10,https://www.goodreads.com/work/quotes/41711673,"She had always assumed that when she was old, she would have total confidence, finally. But look at her: still uncertain. In many ways she was more uncertain now than she had been as a girl. And often when she heard herself speaking she was appalled at how chirpy she sounded—how empty-headed and superficial, as if she’d somehow fallen into the Mom role in some shallow TV sitcom. What on earth had happened to her?",,,
q02410,top2015:234,41711673,1,11,https://www.goodreads.com/work/quotes/41711673,"The thing about caller ID is,” Red said, more or less to himself, “it seems a little like cheating. A person should be willing to take his chances, answering the phone.",,,
q02411,top2015:234,41711673,1,12,https://www.goodreads.com/work/quotes/41711673,She loved them so much that she felt a kind of hollowness on the inner surface of her arms whenever she looked at them- an ache of longing to pull them close and hold them tight against her.,,,
q02412,top2015:234,41711673,1,13,https://www.goodreads.com/work/quotes/41711673,"You wake in the morning, you’re feeling fine, but all at once you think, “Something’s not right. Something’s off somewhere; what is it?” And then you remember that it’s your child—whichever one is unhappy.",,,
q02413,top2015:234,41711673,1,14,https://www.goodreads.com/work/quotes/41711673,"Didn’t anyone stop to reflect that the so-called old people of today used to smoke pot, for heaven’s sake, and wear bandannas tied around their heads and picket the White House? When Amanda chided her for saying that something was “cool” (“I hate it when the older generation tries to copy the younger,” she had said), did she not realize that “cool” had been used in Abby’s time, too, not to mention long before?",,,
q02414,top2015:234,41711673,1,15,https://www.goodreads.com/work/quotes/41711673,I really believe that most people who seem scary are just sad.,,,
q02415,top2015:234,41711673,1,16,https://www.goodreads.com/work/quotes/41711673,"For years, she had been in mourning for the way she had let her life slip through her fingers. Given another chance, she’d told herself, she would take more care to experience it. But lately, she was finding that she had experienced it after all and just forgotten, and now it was returning to her.",,,
q02416,top2015:234,41711673,1,17,https://www.goodreads.com/work/quotes/41711673,"To my earlier self I would like to say, “Relax. The story will come in due time. Trust your characters. Let them tell you what happens next.",,,
q02417,top2015:234,41711673,1,18,https://www.goodreads.com/work/quotes/41711673,"This was an attractive room, spacious and well designed, but it had the comfortably shabby air of a place whose inhabitants had long ago stopped seeing it.",,,
q02418,top2015:234,41711673,1,19,https://www.goodreads.com/work/quotes/41711673,"Abby had a little trick that she used any time Red acted like a cranky old codger. She reminded herself of the day she had fallen in love with him. “It was a beautiful, breezy, yellow-and-green afternoon,” she’d begin, and it would all come back to her—the newness of it, the whole new world magically opening before her at the moment when she first realized that this person that she’d barely noticed all these years was, in fact, a treasure. He was perfect, was how she’d put it to herself. And then that clear-eyed, calm-faced boy would shine forth from Red’s sags and wrinkles, from his crumpled eyelids and hollowed cheeks and the two deep crevices bracketing his mouth and just his general obtuseness, his stubbornness, his infuriating belief that simple cold logic could solve all of life’s problems, and she would feel unspeakably lucky to have ended up with him.",,,
q02419,top2015:234,41711673,1,22,https://www.goodreads.com/work/quotes/41711673,"The disappointments seemed to escape the family’s notice, though. That was another of their quirks: they had a talent for pretending that everything was fine. Or maybe it wasn’t a quirk at all. Maybe it was just further proof that the Whitshanks were not remarkable in any way whatsoever.",,,
q02420,top2015:234,41711673,1,23,https://www.goodreads.com/work/quotes/41711673,"One thing that parents of problem children never said aloud: it was a relief when the children turned out okay, but then what were the parents supposed to do with the anger they’d felt all those years?",,,
q02421,top2015:234,41711673,1,24,https://www.goodreads.com/work/quotes/41711673,"Oh, the terrible, crushing, breath-stealing burden of people who think they own you!",,,
q02422,top2015:234,41711673,1,26,https://www.goodreads.com/work/quotes/41711673,"She said, 'Red, I want to learn every step of you, and dance till the end of the night.",,,
q02423,top2015:234,41711673,1,27,https://www.goodreads.com/work/quotes/41711673,The trouble with dying is you don't get to stay around and see how everything turns out.,,,
q02424,top2015:234,41711673,2,0,https://www.goodreads.com/work/quotes/41711673?page=2,"If I know Mom,' she said, 'she'd have refused any surgery anyhow.''It's true,' Amanda said. 'Her advance directive basically asked us to put her out on an ice floe if she developed so much as a hangnail.",,,
q02425,top2015:234,41711673,2,1,https://www.goodreads.com/work/quotes/41711673?page=2,"It seemed jobs kept disappointing him, as did business partners and girlfriends and entire geographical regions.",,,
q02426,top2015:234,41711673,2,3,https://www.goodreads.com/work/quotes/41711673?page=2,"In my opinion,” Red said, “going to Florida for the winter is kind of like … not paying your dues. Not standing fast for the hard part.",,,
q02427,top2015:234,41711673,2,5,https://www.goodreads.com/work/quotes/41711673?page=2,"Did you ever think how conceited those Oriental rug weavers are, to believe they have to try and make a mistake so as not to compete with God? Like they would have done it perfectly otherwise, if they hadn't forced themselves to mess it up?",,,
q02428,top2015:234,41711673,2,8,https://www.goodreads.com/work/quotes/41711673?page=2,"He was like anybody else, Red said. Insufferable and likeable. Bad and good.",,,
q02429,top2015:234,41711673,2,9,https://www.goodreads.com/work/quotes/41711673?page=2,"He drew the brush along the wood with dreamy strokes. Wasn’t it interesting how the grain of the wood told a story, almost—how you could follow the threads and be surprised at how far they traveled, or where they unexpectedly broke off.",,,
q02430,top2015:234,41711673,2,15,https://www.goodreads.com/work/quotes/41711673?page=2,"Carla was pleasant but distracted, as if she were wondering whether she’d left a burner on at home.",,,
q02431,top2015:234,41711673,2,17,https://www.goodreads.com/work/quotes/41711673?page=2,I will never forgive you for consuming every last little drop of our parents’ attention and leaving nothing for the rest of us.,,,
q02432,top2015:234,41711673,2,19,https://www.goodreads.com/work/quotes/41711673?page=2,"Amanda said, “Isn’t it interesting: people never seem to bring liquor when somebody dies, have you noticed? Why not a case of beer? Or a bottle of really good wine? Just these everlasting casseroles, and who eats casseroles nowadays?",,,
q02433,top2015:234,41711673,2,22,https://www.goodreads.com/work/quotes/41711673?page=2,"I’m just saying a person can be too understanding,” he said. “Too sympathizing and pitying, like. Getting into a kid’s private brain.” “There is no such thing as ‘too understanding.’ ” “Well, count on a social worker to think that.",,,
q02434,top2015:234,41711673,2,23,https://www.goodreads.com/work/quotes/41711673?page=2,"...Mrs. Angel, a sweet-faced woman with a puff of blue-white hair, did her best to draw Atta into conversation. She inquired about Atta’s work, her native foods and her country’s health care system, but Atta slammed each question to the ground and let it lie there like a dead shuttlecock.",,,
q02435,top2015:234,41711673,2,24,https://www.goodreads.com/work/quotes/41711673?page=2,"I will make myself count to ten before I speak to the children in anger,",,,
q02436,top2015:234,41711673,2,25,https://www.goodreads.com/work/quotes/41711673?page=2,"You know we can't depend on Denny in any permanent way,"" Amanda told Nora, for instance. ""He might promise us the moon, but one day he'll up and leave us. I'm surprised he's lasted that long.",,,
q02437,top2015:234,41711673,2,26,https://www.goodreads.com/work/quotes/41711673?page=2,"You leave the Pennsylvania Station ’bout a quarter to four, Read a magazine and then you’re in Baltimore …",,,
q02438,top2015:234,41711673,2,27,https://www.goodreads.com/work/quotes/41711673?page=2,"Oh, that,” he seemed to be saying. “Never mind that. All families have their ups and downs; let’s just figure the age of this poplar.",,,
q02439,top2015:234,41711673,2,29,https://www.goodreads.com/work/quotes/41711673?page=2,"Since she was a scrappy little Hampden girl whose father owned one of those hardware stores where you walk in off the street and say, ‘Oh, my God! I’m so sorry! I seem to be in somebody’s basement!’ Shovels and rakes and wheelbarrows crowded up close together, coils of rope and lengths of chain hanging down from this really low ceiling you could practically bump your head on, and a tabby cat sound asleep on a sack of grass seed.",,,
q02440,top2015:234,41711673,3,8,https://www.goodreads.com/work/quotes/41711673?page=3,"house, no bigger than a box of notecards. The",,,
q02441,top2015:234,41711673,3,9,https://www.goodreads.com/work/quotes/41711673?page=3,What I do like listening to as I write is the sound of ordinary life out in the street—children playing and workmen talking.,,,
q02442,top2015:234,41711673,3,12,https://www.goodreads.com/work/quotes/41711673?page=3,"Red remembered growing up in that house as heaven. There were enough children on Bouton Road to form two baseball teams, when they felt like it, and they spent all their free time playing out of doors—boys and girls together, little ones and big ones. Suppers were brief, pesky interruptions foisted on them by their mothers. They disappeared again till they were called in for bed, and then they came protesting, all sweaty-faced and hot with grass blades sticking to them, begging for just another half hour. “I bet I can still name every kid on the block,” Red would tell his own children. But that was not so impressive, because most of those kids had stayed on in the neighborhood as grown-ups, or at least come back to it later after trying out other, lesser places. Red",,,
q02443,top2015:234,41711673,3,13,https://www.goodreads.com/work/quotes/41711673?page=3,"Just like his daddy, but his daddy wants Red to be different from him. Isn’t that always how it is?",,,
q02444,top2015:234,41711673,3,14,https://www.goodreads.com/work/quotes/41711673?page=3,"He must have been thinking about this ahead of time. He must have consciously decided he wanted her, and imagined how it would be. The knowledge made her feel mysterious and desirable and grown-up.",,,
q02445,top2015:234,41711673,3,15,https://www.goodreads.com/work/quotes/41711673?page=3,"Who would have thought,” the witch had asked, “that a good little girl like you could destroy my beautiful wickedness?",,,
q02446,top2015:234,41711673,3,16,https://www.goodreads.com/work/quotes/41711673?page=3,The trouble with dying is you don't get to see how everything turns out. You don't know the ending.,,,
q02447,top2015:234,41711673,3,17,https://www.goodreads.com/work/quotes/41711673?page=3,"And most of all, most emphatically of all, they hated how her favorite means of connecting was commiseration. “Oh, poor you!” she would say. “You’re looking so tired!” Or “You must be feeling so lonely!” Other people showed love by offering compliments; Abby offered pity. It was not an attractive quality, in her children’s opinion.",,,
q02448,top2015:234,41711673,3,21,https://www.goodreads.com/work/quotes/41711673?page=3,"In her skirted pinkswimsuit, her plump shoulders glistening with suntan lotion and her legs lightly dusted with sand, she looked something like a cupcake. She hadn’t ventured into the water at all so far, and neither had Red. In fact, Red was wearing his work shoes and dark socks. Evidently this was the year when the two of them were declaring themselves to be officially old.",,,
q02449,top2015:234,41711673,3,26,https://www.goodreads.com/work/quotes/41711673?page=3,"apart,” Abby said. “Yes, except he could put it back",,,
q02450,top2015:234,41711673,3,27,https://www.goodreads.com/work/quotes/41711673?page=3,"If it was true, Abby thought, that she represented a recurring figure in Mrs. Whitshank’s life—the “sympathizer”—it was equally true that Mrs. Whitshank’s type had shown up before in Abby’s life: the instructive older woman. The grandmother who had taught her to knit, the English teacher who had stayed late to help her with her poems. More patient and softer-spoken than Abby’s brisk, efficient mother, they had guided and encouraged her, like Mrs. Whitshank saying now, “Oh, those are looking",,,
q02451,top2015:234,41711673,3,29,https://www.goodreads.com/work/quotes/41711673?page=3,"it was all so new to her, he guessed.",,,
q02452,top2015:4598,43116154,1,0,https://www.goodreads.com/work/quotes/43116154,"When a long book succeeds, the writer and reader are not just having an affair; they are married.",,,
q02453,top2015:4598,43116154,1,1,https://www.goodreads.com/work/quotes/43116154,"I write for love, but love doesn’t pay the bills.",,,
q02454,top2015:4598,43116154,1,2,https://www.goodreads.com/work/quotes/43116154,"Something else I want you to know: how glad I am, Constant Reader, that we’re both still here. Cool, isn’t it?",,,
q02455,top2015:4598,43116154,1,3,https://www.goodreads.com/work/quotes/43116154,"I hate the assumption that you can’t write about something because you haven’t experienced it, and not just because it assumes a limit on the human imagination, which is basically limitless. It also suggests that some leaps of identification are impossible. I refuse to accept that, because it leads to the conclusion that real change is beyond us, and so is empathy. The idea is false on the evidence. Like shit, change happens.",,,
q02456,top2015:4598,43116154,1,5,https://www.goodreads.com/work/quotes/43116154,There’s an old joke about Alzheimer’s: the good news is that you meet new people every day.,,,
q02457,top2015:4598,43116154,1,6,https://www.goodreads.com/work/quotes/43116154,"And do come a little closer. I don’t bite. Except . . . we’ve known each other for a very long time, and I suspect you know that’s not entirely true. Is it? I",,,
q02458,top2015:4598,43116154,1,7,https://www.goodreads.com/work/quotes/43116154,"All I can say in my own defense is quot libros, quam breve tempus—so many books, so little time (and yes, I have the tee-shirt).",,,
q02459,top2015:4598,43116154,1,8,https://www.goodreads.com/work/quotes/43116154,"Easy reading is the product of hard writing,",,,
q02460,top2015:4598,43116154,1,9,https://www.goodreads.com/work/quotes/43116154,"There is a folk tale that before birth, every human soul knows all the secrets of life and death and the universe. But then, just before birth, an angel leans down, puts his finger to the new baby’s lips, and whispers “Shhh.”’ Harris touches his philtrum. ‘According to the story, this is the mark left by the angel’s finger. Every human being has one.",,,
q02461,top2015:4598,43116154,1,10,https://www.goodreads.com/work/quotes/43116154,"Winnie, but I don’t believe in sin.” He smiled. It was a benevolent smile. Also unpleasant: sheep lips, wolf teeth. “That’s fine. But sin believes in you.",,,
q02462,top2015:4598,43116154,1,12,https://www.goodreads.com/work/quotes/43116154,People who call themselves realists are often the biggest optimists of all.,,,
q02463,top2015:4598,43116154,1,13,https://www.goodreads.com/work/quotes/43116154,"I know you,” she said. “You’re Stephen King. You write those scary stories. That’s all right, some people like them, but not me. I like uplifting stories, like that Shawshank Redemption.” “I wrote that too,” I said. “No you didn’t,” she said, and went on her way. The",,,
q02464,top2015:4598,43116154,1,14,https://www.goodreads.com/work/quotes/43116154,...there will always be books. ... Books are real objects. Books are friends. ... They're also ideas and emotions.,,,
q02465,top2015:4598,43116154,1,15,https://www.goodreads.com/work/quotes/43116154,An old man's body is nothing but a sack in which he carries aches and indignities.,,,
q02466,top2015:4598,43116154,1,16,https://www.goodreads.com/work/quotes/43116154,"When things go wrong, they keep going wrong until there’s tears.",,,
q02467,top2015:4598,43116154,1,17,https://www.goodreads.com/work/quotes/43116154,What was he thinking? The Internet did not predict the future; only the pink Kindle did that.,,,
q02468,top2015:4598,43116154,1,18,https://www.goodreads.com/work/quotes/43116154,"The road to recovery led through the Land of Pain, that was all.",,,
q02469,top2015:4598,43116154,1,19,https://www.goodreads.com/work/quotes/43116154,Then they will have drinks and a meal and talk about the grace of God and how everything happens for a reason. God’s grace is a pretty cool concept. It stays intact every time it’s not you.,,,
q02470,top2015:4598,43116154,1,22,https://www.goodreads.com/work/quotes/43116154,"She had grown up knowing you cared for the one who had fallen and couldn't get up. She had also grown up knowing you ate no shit - not about your hosses, your size, your line of work, or your sexual preferences. Once you started eating shit, it had a way of becoming your regular diet.",,,
q02471,top2015:4598,43116154,1,23,https://www.goodreads.com/work/quotes/43116154,"Goddam life, I say, if you can't laugh you might as well laugh anyway. That's my goddam attitude, and I'll stick by it; this ain't a sad world unless you're sane",,,
q02472,top2015:4598,43116154,1,24,https://www.goodreads.com/work/quotes/43116154,"A little bit of grace. That’s what a good dog is, you know. A little bit of grace.",,,
q02473,top2015:4598,43116154,1,25,https://www.goodreads.com/work/quotes/43116154,Behind every great fortune there is a crime.,,,
q02474,top2015:4598,43116154,1,27,https://www.goodreads.com/work/quotes/43116154,One cannot increase one’s talent—that comes with the package—but it is possible to keep talent from shrinking.,,,
q02475,top2015:4598,43116154,1,28,https://www.goodreads.com/work/quotes/43116154,"She was my heart, and I guard what’s there. Nobody takes it away from me.",,,
q02476,top2015:5250,27669153,1,0,https://www.goodreads.com/work/quotes/27669153,"Ha, no, that it’s always the wrong people who have the guilty conscience. Those who are really responsible for suffering in the world couldn’t care less. It’s the ones fighting for good who are consumed by remorse.",,,
q02477,top2015:5250,27669153,1,2,https://www.goodreads.com/work/quotes/27669153,"It wasn’t just escapism, he persuaded himself. Sometimes the best ideas occur to you while your mind is occupied with something completely different. Pieces of the puzzle can suddenly fall into place.",,,
q02478,top2015:5250,27669153,1,3,https://www.goodreads.com/work/quotes/27669153,"we live in a twisted world where everything, both big and small, is subject to surveillance, and where anything worth money will always be exploited.",,,
q02479,top2015:5250,27669153,1,5,https://www.goodreads.com/work/quotes/27669153,How come all lunatics and murderers are religious these days?,,,
q02480,top2015:5250,27669153,1,6,https://www.goodreads.com/work/quotes/27669153,what matters is not that we believe in God. God is not small-minded. What matters is for us to understand that life is serious and rich. We should appreciate it and also try to make the world a better place. Whoever finds a balance between the two is close to God.,,,
q02481,top2015:5250,27669153,1,7,https://www.goodreads.com/work/quotes/27669153,"Sometimes things go wrong, no matter how careful you are.",,,
q02482,top2015:5250,27669153,1,8,https://www.goodreads.com/work/quotes/27669153,Just think if life could be like that sometimes... If joy could express itself with the same force as pain.,,,
q02483,top2015:5250,27669153,1,9,https://www.goodreads.com/work/quotes/27669153,Those who spy on the people end up themselves being spied on by the people. There’s a fundamental democratic logic to it.,,,
q02484,top2015:5250,27669153,1,10,https://www.goodreads.com/work/quotes/27669153,"Are you insane?” “Probably, yes,” she said. “Empathy deficit disorder. Excessive violence. Something along those lines.",,,
q02485,top2015:5250,27669153,1,12,https://www.goodreads.com/work/quotes/27669153,It is impossible to overestimate how humourless underpaid journalists can be.,,,
q02486,top2015:5250,27669153,1,13,https://www.goodreads.com/work/quotes/27669153,"Faste is an idiot.” “No, Jan, he isn’t. He’s just …” “What?” “Conservative. He’s not someone who falls for the latest feminist fads.” “Or for the earliest ones either. He may have just got his head around all that stuff about votes for women.",,,
q02487,top2015:5250,27669153,1,15,https://www.goodreads.com/work/quotes/27669153,"Wait, Ed. Did you say she?” “You better believe it. Our hacker’s a she!",,,
q02488,top2015:5250,27669153,1,16,https://www.goodreads.com/work/quotes/27669153,"Your uncompromising attitude makes people feel pathetic. Your very existence reminds them just how much they’ve sold out, and the more you’re acclaimed, the punier they themselves appear. When it’s like that, the only way they can fight back is by dragging you down. The bullshit gives them back a little bit of dignity – at least that’s what they imagine.",,,
q02489,top2015:5250,27669153,1,18,https://www.goodreads.com/work/quotes/27669153,Gut feeling is often a better tool than all the psychological theories in the world.,,,
q02490,top2015:5250,27669153,1,19,https://www.goodreads.com/work/quotes/27669153,"To be alive, Professor Sharif, means not being completely consistent. It means venturing out in many directions all at the same time,",,,
q02491,top2015:5250,27669153,1,21,https://www.goodreads.com/work/quotes/27669153,"Who knows, perhaps the will to please leads people to crime as often as evil or greed does. People want to fit in and do well, and they do indescribably stupid things because of it. Is that what happened here?",,,
q02492,top2015:5250,27669153,1,22,https://www.goodreads.com/work/quotes/27669153,I now realize that I should blame myself when men indulge in such wildly wishful thinking that they see a sexual invitation in a simple smile.,,,
q02493,top2015:5250,27669153,1,23,https://www.goodreads.com/work/quotes/27669153,if you operate in an unhealthy culture you risk becoming just as unhealthy yourself and – who knows – perhaps it is the will to please that leads people to crime just as often as evil or greed.,,,
q02494,top2015:5250,27669153,1,24,https://www.goodreads.com/work/quotes/27669153,the one who hates men who…” “…hate women.,,,
q02495,top2015:5250,27669153,1,25,https://www.goodreads.com/work/quotes/27669153,"star stays alive as a result of two opposing actions, the fusion at its core forcing it outwards and the gravitational pull keeping it together. She saw it as a balancing act, a tug of war from which a victor eventually emerges, once the fuel for the reactions runs out and the explosions weaken. When gravity gains the upper hand, the celestial body shrinks like a punctured balloon and becomes smaller and smaller. In this way, a star can vanish into nothing. Salander liked black holes. She felt an affinity to them.",,,
q02496,top2015:5250,27669153,1,26,https://www.goodreads.com/work/quotes/27669153,we’re equal before the law—if we pay the same amount.,,,
q02497,top2015:5250,27669153,1,27,https://www.goodreads.com/work/quotes/27669153,"If God is indeed omnipotent, is he then capable of creating something more intelligent than himself?",,,
q02498,top2015:5250,27669153,1,28,https://www.goodreads.com/work/quotes/27669153,"They locked her up and kept trying to break her. But she kept coming back, and do you know what I think?” “No.” “She got stronger each time. She became positively lethal.",,,
q02499,top2015:5250,27669153,1,29,https://www.goodreads.com/work/quotes/27669153,Salander was up at 5:00 the next morning and hacked into the NSF Major Research Instrumentation supercomputer at the New Jersey Institute of Technology—she needed all the mathematical skills she could muster.,,,
q00001,top2001:710,1738813,1,0,https://www.goodreads.com/work/quotes/1738813,Ka is a friend to evil as well as good. It embraces both.,,,
q00002,top2001:710,1738813,1,1,https://www.goodreads.com/work/quotes/1738813,"What you love, you must love all the harder because someday it will be gone.",,,
q00003,top2001:710,1738813,1,3,https://www.goodreads.com/work/quotes/1738813,"RIGHT HERE AND NOW, as an old friend used to say, we are in the fluid present, where clear-sightedness never guarantees perfect vision.",,,
q00004,top2001:710,1738813,1,4,https://www.goodreads.com/work/quotes/1738813,"The King is in his Tower, eating bread and honey. The Breakers in the basement, making all the money.",,,
q00005,top2001:710,1738813,1,5,https://www.goodreads.com/work/quotes/1738813,"In the brain of a madman only the fuming present exists, with its endless shouting urges, paranoid speculations, and grandiose assumptions.",,,
q00006,top2001:710,1738813,1,6,https://www.goodreads.com/work/quotes/1738813,"The mad King, the bad King, the sad King. Ring-a-ding-ding, all hail the King!",,,
q00007,top2001:710,1738813,1,7,https://www.goodreads.com/work/quotes/1738813,"She’s looking at him with something like wonder. “Why do you weep, Jack?” “The past,” he says. “Isn’t that always what does it?” And thinks of his mother, sitting by the window, smoking a cigarette, and listening while the radio plays “Crazy Arms.” Yes, it’s always the past. That’s where the hurt is, all you can’t get over.",,,
q00008,top2001:710,1738813,1,8,https://www.goodreads.com/work/quotes/1738813,"The lobby of the Nelson Hotel always smells of the river -- it's in the pores of the place -- but this evening the smell is heavier than usual. It's a smell that makes us think of bad ideas, blown investments, forged checks, deteriorating health, stolen office supplies, unpaid alimony, empty promises, skin tumors, lost ambition, abandoned sample cases filled with cheap novelties, dead hope, dead skin, and fallen arches.This is the kind of place you don't come to unless you've been here before and all your other options are pretty much foreclosed. It's a place where men who left their families two decades before now lie on narrow beds with pee-stained mattresses, coughing and smoking cigarettes.",,,
q00009,top2001:710,1738813,1,10,https://www.goodreads.com/work/quotes/1738813,"For those of us who are not members of a biker gang or the Marine Corps, solidarity means little more than the compassionate impulse that leads us to comfort a bereft friend; for Beezer and his merry band, solidarity is the assurance that someone's always got your back.",,,
q00010,top2001:710,1738813,1,11,https://www.goodreads.com/work/quotes/1738813,"Tyler rolls out of bed, sniffs the armpits of yesterday's T-shirt, tosses it aside, gets another out of the drawer. His dad sometimes asks him why he sets his alarm so early -- it's summer vacation, after all -- and Tyler can't seem to make him understand that every day is important, especially those filled with warmth and sunlight and no particular responsibilities. It's as if there's some little voice deep inside him, warning him not to waste a minute, not a single one, because time is short.",,,
q00011,top2001:710,1738813,1,12,https://www.goodreads.com/work/quotes/1738813,"Do you see this heart-stopping beauty? Look closely, because in a moment your heart will stop.",,,
q00012,top2001:710,1738813,1,13,https://www.goodreads.com/work/quotes/1738813,"the sun stands low in the cloudless eastern sky, a fat, confident yellow-white ball advancing as ever for the first time toward the future and leaving in its wake the steadily accumulating past, which darkens as it recedes, making blind men of us all.",,,
q00013,top2001:710,1738813,1,14,https://www.goodreads.com/work/quotes/1738813,by the side of a road and drove off. Whenever the careering grandkids,,,
q00014,top2001:710,1738813,1,15,https://www.goodreads.com/work/quotes/1738813,"has never wanted to listen to anything any less in his life (with the possible exception of Chicago singing “Does Anybody Really Know What Time It Is?”),",,,
q00015,top2001:710,1738813,1,21,https://www.goodreads.com/work/quotes/1738813,"You’ll be able to break just as well,’ Burny said. ‘It’s just that when you fart, you’ll have to do the old one-cheek sneak every time!",,,
q00016,top2001:710,1738813,1,22,https://www.goodreads.com/work/quotes/1738813,"Black House – like Shirley Jackson’s Hill House, like the turn-of-the-century monstrosity in Seattle known as Rose Red",,,
q00017,top2001:710,1738813,1,23,https://www.goodreads.com/work/quotes/1738813,"Levelheadedness and lack of self-pity are a great combination, Jack thinks; they go a long way toward defining courage.",,,
q00018,top2001:710,1738813,1,24,https://www.goodreads.com/work/quotes/1738813,"He has the lardy, slightly oily aroma of someone who has been overweight almost from the jump.",,,
q00019,top2001:710,1738813,1,25,https://www.goodreads.com/work/quotes/1738813,I must not be so bad if I have a friend like that.,,,
q00020,top2001:710,1738813,1,26,https://www.goodreads.com/work/quotes/1738813,"Who?” she whispers. Gorg stretches its black and rustling neck until its black beak is actually in the cup of her ear. It begins to whisper, and eventually Tansy Freneau begins to nod. The light of sanity has left her eyes. And when will it return? Oh, I think we all know the answer to that one. Can you say “Nevermore”?",,,
q00021,top2001:710,1738813,1,27,https://www.goodreads.com/work/quotes/1738813,Don’t look to your friends for therapy.,,,
q00022,top2001:710,1738813,1,28,https://www.goodreads.com/work/quotes/1738813,Try to imagine the purity and sweetness of smelling a radish pulled out the ground a mile away.,,,
q00023,top2001:710,1738813,1,29,https://www.goodreads.com/work/quotes/1738813,"You can scare him, you bet—he’s a retired salesman, not Superman—but if you load enough tension on top of fright you turn it into anger, same as enough pressure turns coal into a diamond.",,,
q00024,top2001:710,1738813,2,9,https://www.goodreads.com/work/quotes/1738813?page=2,"he looks like a guy who knows where to find the corners—sly, unpredictable, and foxy.",,,
q00025,top2001:710,1738813,2,10,https://www.goodreads.com/work/quotes/1738813?page=2,"farmhouses gleam in the darkness, the lights in their windows burning like sacramental candles.",,,
q00026,top2001:710,1738813,2,11,https://www.goodreads.com/work/quotes/1738813?page=2,It isn’t what he will be unable to say in the future; it’s what he failed to say in the past.,,,
q00027,top2001:710,1738813,2,12,https://www.goodreads.com/work/quotes/1738813?page=2,Books are a uniquely portable magic.,,,
q00028,top2001:710,1738813,2,14,https://www.goodreads.com/work/quotes/1738813?page=2,dreamily as the sails of a ship riding down the sweet chute of the trade winds.,,,
q00029,top2001:710,1738813,2,17,https://www.goodreads.com/work/quotes/1738813?page=2,man who has come to a place he has never been before only to discover he is back home.,,,
q00030,top2001:710,1738813,2,18,https://www.goodreads.com/work/quotes/1738813?page=2,and his heart nearly bursts for delicate lost Tansy.,,,
q00031,top2001:710,1738813,2,20,https://www.goodreads.com/work/quotes/1738813?page=2,Like there are many different ways to get lost,,,
q00032,top2001:710,1738813,2,24,https://www.goodreads.com/work/quotes/1738813?page=2,"Beneath its green canopy, time and serenity embrace bloodshed and death; violence roils on unseen, constantly, absorbed into every aspect of a hushed landscape that never pauses but moves with glacial lack of haste. The spangled, yielding floor covers millions of scattered bones in layer upon layer; all that grows and thrives here thrives on rot. Worlds within worlds churn, and great, systematic universes hum side by side, each ignorantly bringing abundance and catastrophe upon its unguessed-at neighbors.",,,
q00033,top2001:710,1738813,2,25,https://www.goodreads.com/work/quotes/1738813?page=2,"And there’s the smell, the ancient, seagully odor that works deep into your nose and awakens the back part of your brain, the part that is perfectly capable of believing in monsters when the sight lines shorten and the heart is uneasy.",,,
q00034,top2001:710,1738813,2,26,https://www.goodreads.com/work/quotes/1738813?page=2,"I woke you up,” Fred Marshall says, and Jack knows at once that this man has been up all night, sitting in his wifeless, sonless home.",,,
q00035,top2001:710,1738813,2,27,https://www.goodreads.com/work/quotes/1738813?page=2,Having injected him with one more dram of poisonous worry—,,,
q00036,top2001:710,1738813,2,28,https://www.goodreads.com/work/quotes/1738813?page=2,"That old bag, what’shername, Porter, Georgette Porter, down in the kitchen stuffing her face, I bet,",,,
q00001,top2008:3947,2859278,1,0,https://www.goodreads.com/work/quotes/2859278,At some level we intend everything we do. That’s why it’s extremely important to root out our intentions before they uproot us.,,,
q00002,top2008:3947,2859278,1,1,https://www.goodreads.com/work/quotes/2859278,"Fucking stupid to park there to begin with.” “Usually the bigger worry is regular people and the media thinking they can poke around. But no marked car? Okay. There goes your deterrent. Have it your way. You got any idea why the entrance lights weren’t on last night?” Marino said. “I only know that they weren’t. It’s in my report.” “They’re on now.” Gusts of wind hit them like invisible waves of a stormy surf, and Marino felt as if he was about to be washed off the roof. His hands were stiff, and he pulled his sleeves over them. “Then my guess would be the killer turned them off last night,” Morales said. “Kind of a strange thing to do once he’s already inside the building.” “Maybe he turned them off when he was leaving. So nobody would see him, in case someone was walking by, driving by.” “Then you’re probably not talking about Oscar doing it. Since he never left.",,,
q00003,top2008:3947,2859278,1,2,https://www.goodreads.com/work/quotes/2859278,"But hey, this ain’t the South. People don’t bake cakes for their neighbors so they can stick their nose into their business.",,,
q00004,top2008:3947,2859278,1,3,https://www.goodreads.com/work/quotes/2859278,"Powerful women tended to be loners, because it was their instinct not to trust one another.",,,
q00005,top2008:3947,2859278,1,4,https://www.goodreads.com/work/quotes/2859278,Don’t search for unicorns. Start with the ponies.,,,
q00006,top2008:3947,2859278,1,5,https://www.goodreads.com/work/quotes/2859278,Are we any closer to figuring it out? Or will we just keep tormenting,,,
q00007,top2008:3947,2859278,1,6,https://www.goodreads.com/work/quotes/2859278,"satellite dish. It was an inexpensive Internet camera that included audio, and was connected to the building’s wireless network and served any tenant who wished to join it. It also served somebody else. It served Mike Morales, and not in the way everybody thought, which was why it hadn’t occurred to Lucy to check. And she was furious with herself. Since it was known that another device was connected to the network—the camera that Morales said he had installed himself—it hadn’t entered Lucy’s mind to access the log to the wireless router. It hadn’t occurred to her she ought to check the router’s admin page. Had she done that last night, she would have discovered what she now knew, and she tried Marino again. For the past half-hour, she’d tried him and Berger, and had gotten voicemail. She didn’t leave a message. She wasn’t about to leave a message the likes of the one she had. This time Marino answered, thank God. “It’s me,” she said. “You in a wind tunnel, or what?” he said.",,,
q00008,top2008:3947,2859278,1,7,https://www.goodreads.com/work/quotes/2859278,"It’s about people being small and your reminding them of it without trying to, and so they go out of their way to make you small as if that will somehow make them bigger.",,,
q00009,top2008:3947,2859278,1,8,https://www.goodreads.com/work/quotes/2859278,"She wasn’t going to be his whore, his madonna, his wife, or his mother, or all of the above, and all of the above was what he’d really always wanted, what most men have always wanted because they don’t know any better.",,,
q00010,top2008:3947,2859278,1,9,https://www.goodreads.com/work/quotes/2859278,Their disconnection wasn’t simply due to the vicissitudes of very busy lives that collide and then resume their separate paths.,,,
q00011,top2008:3947,2859278,1,10,https://www.goodreads.com/work/quotes/2859278,"32 Scarpetta refilled coffees and carried them out on a tray with a few things to eat. She believed that sleep deprivation was healed by good food. She set down a platter of fresh buffalo mozzarella, sliced plum tomatoes, and basil dribbled with cold-pressed unfiltered olive oil. In a sweetgrass basket lined with a linen napkin was crusty homemade Italian bread that she urged everyone to pass around, to break it with their hands, to tear off pieces. She told Marino he could start, and he took the basket, and she placed small plates and blue-checked napkins in front of him, then one in front of Bacardi.",,,
q00012,top2008:3947,2859278,1,12,https://www.goodreads.com/work/quotes/2859278,"I realize it isn’t exactly in England. I know Isle of Man’s a fucking island, but in case you flunked geography, England’s a fucking island.",,,
q00001,top2009:2340,6594813,1,0,https://www.goodreads.com/work/quotes/6594813,"I, Alex Cross do solemnly promise-to all those present at this birthday party- to do my best to balance my life at home with my work,life,and not to go over to the dark side ever again.",,,
q00002,top2009:2340,6594813,1,1,https://www.goodreads.com/work/quotes/6594813,"initiated. All right, tell me what happened. Talk to me.",,,
q00003,top2009:2340,6594813,1,2,https://www.goodreads.com/work/quotes/6594813,"It was called Operation Coitus Interruptus, which only goes to prove that there are some people in the FBI with a sense of humor.",,,
q00004,top2009:2340,6594813,1,3,https://www.goodreads.com/work/quotes/6594813,greeted me at the West Wing turnaround.,,,
q00005,top2009:2340,6594813,1,4,https://www.goodreads.com/work/quotes/6594813,"She can hear me?” “She probably can. I think so.” I put his hand on Nana’s and my hand on top of his. “Go ahead.” “Hi, Nana!” he said as if Nana were hard of hearing, and it was difficult not to laugh. “Inside-the-house voice, buddy,” Bree said. “But good enthusiasm there. I’ll bet Nana heard you.",,,
q00001,top2013:163,10558806,1,0,https://www.goodreads.com/work/quotes/10558806,"He came like the wind, like the wind touched everything, and like the wind was gone.-from The Dragon Reborn. By Loial, son of Arent son of Halan, the Fourth Age.",,,
q00002,top2013:163,10558806,1,1,https://www.goodreads.com/work/quotes/10558806,"Here is your flaw, Shaitan, Lord of the Dark, Lord of Envy, Lord of Nothing, here is why you fail. It was not about me. It’s never been about me.”It was about a woman, torn and beaten down, cast from her throne and made a puppet. A woman who had crawled when she had to. That woman still fought.It was about a man that love repeatedly forsook. A man who found relevance in a world that others would have let pass them by. A man who remembered stories and who took fool boys under his wing when the smarter move would have been to keep on walking. That man still fought.It was about a woman with a secret, a hope for the future. A woman who had hunted the truth before others could. A woman who had given her live, then had it returned. That woman still fought.It was about a man whose family was taken from him, but who stood tall in his sorrow and protected those he could. It was about a woman who refused to believe that she could not help, could not heal those who had been harmed.It was about a hero who insisted with every breath that he was anything but a hero. It was about a woman who would not bend her back while she was beaten, and who shown with a light for all who watched, including Rand.It was about them all.~Rand al Thor",,,
q00003,top2013:163,10558806,1,2,https://www.goodreads.com/work/quotes/10558806,"You didn't listen to me,"" Lan whispered. One last lesson. The hardest. Demandred struck, and Lan saw his opening. Lan lunged forward placing Demandred's sword point against his own side and ramming himself forward onto it. ""I did not come here to win,"" Lan whispered, smiling. ""I came here to kill you. Death is lighter than a feather.""Demandred's eyes opened wide, and he tried to pull back. Too late. Lan's sword took him straight though the throat.",,,
q00004,top2013:163,10558806,1,3,https://www.goodreads.com/work/quotes/10558806,"Yes, I'm alive,"" Mat said. ""I'm usually pretty good at staying alive. I've only failed one time that I can remember, and it hardly counts.",,,
q00005,top2013:163,10558806,1,4,https://www.goodreads.com/work/quotes/10558806,"Cauthon lives,"" Arganda said. ""And that's bloody amazing, considering that someone blew up his command post, set fire to his tenet, killed a bunch of his damane, and chased off his wife. Cauthon crawled out of it somehow.""""Ha!"" Abell Cauthon said. ""That's my boy.",,,
q00006,top2013:163,10558806,1,5,https://www.goodreads.com/work/quotes/10558806,"Loial, son of Arent, son of Halen, had secretly always wanted to be hasty.",,,
q00007,top2013:163,10558806,1,6,https://www.goodreads.com/work/quotes/10558806,"There are no endings, and never will be endings, to the turning of the Wheel of Time. But it was an ending.",,,
q00008,top2013:163,10558806,1,7,https://www.goodreads.com/work/quotes/10558806,"By the way, I saved Moiraine. Chew on that as you try to decide which of the two of us is winning.""-Mat",,,
q00009,top2013:163,10558806,1,8,https://www.goodreads.com/work/quotes/10558806,Being polite to a person is not a sign of respect for them. It is merely a sign of a good upbringing and a balanced nature.,,,
q00010,top2013:163,10558806,1,9,https://www.goodreads.com/work/quotes/10558806,"I have never known anyone else,"" Egwene said to him, ""who will work so hard to avoid hard work, Matrim Cauthon.",,,
q00011,top2013:163,10558806,1,10,https://www.goodreads.com/work/quotes/10558806,"Demandred blocked Lan's attack but he breathed hoarsely. ""Who are you?"" Demandred whispered again. ""No one of this Age has such skill. Asmodean? No, no. He couldn't have fought me like this. Lews Therin? It is you behind that face, isn't it?""""I am just a man,"" Lan whispered. ""That is all I have ever been.",,,
q00012,top2013:163,10558806,1,11,https://www.goodreads.com/work/quotes/10558806,"Come to think of it, an Aes Sedai would probably follow a man off a cliff, too, if only to explain to him - in detail - all the things he was doing incorrectly in the way he went about killing himself.",,,
q00013,top2013:163,10558806,1,12,https://www.goodreads.com/work/quotes/10558806,"Thank you,"" the young mother said again. ""Thank you.""""The Black Tower protects,"" Logain heard himself say. ""Always.""""I will send him to you to be tested when he is of age,"" the woman promised, holding her son. ""I would have him join you, if he has the talent.""The talent. Not the curse. The talent.",,,
q00014,top2013:163,10558806,1,13,https://www.goodreads.com/work/quotes/10558806,"How would you feel,"" Elayne said softly, ""if you saw your queen trying to kill a Trolloc with a sword as you ran away?""""I'd feel like I needed to bloody move to another country,"" Birgitte snapped, loosing another arrow, ""one where the monarchs don't have pudding for brains.",,,
q00015,top2013:163,10558806,1,14,https://www.goodreads.com/work/quotes/10558806,"I had long wondered,"" Lan said to Tam. ""About the man who had given Rand that heron-marked blade. I wondered if he had truly earned it. Now I know."" Lan raised his own sword in salute.",,,
q00016,top2013:163,10558806,1,15,https://www.goodreads.com/work/quotes/10558806,"The Empress will follow where you go,"" she said.""So she will,"" Mat said. ""As I'll follow where she goes, I suppose. I hope that doesn't lead us in too many circles.",,,
q00017,top2013:163,10558806,1,17,https://www.goodreads.com/work/quotes/10558806,"I love words,"" Mat said. ""There are some deliciously pretty words out there. 'Smile.' That's always sounded like a pretty word to me. Don't you think? Or, perhaps, the words 'I promise not to kill Egwene right now for trying to touch me, the Empress, may I live forever, because we really bloody need her for the next couple of weeks or so.'"" He eyeed Fortuona pointedly.",,,
q00018,top2013:163,10558806,1,18,https://www.goodreads.com/work/quotes/10558806,"All men are ignorant, Aes Sedai. The topics of our ignorance may change, but the nature of the world is that no man may know everything.",,,
q00019,top2013:163,10558806,1,19,https://www.goodreads.com/work/quotes/10558806,"p.s. In case you don't know what ""Do what needs to be done"" means, it means that I want you to go bloody slaughter as many of the Sharan channelers as you can. I'll bet you a full Tar Valon mark-it's only been shaved on the sides a little-that you can't kill twenty.-MCmissive from Mat to Galad",,,
q00020,top2013:163,10558806,1,20,https://www.goodreads.com/work/quotes/10558806,"I have lived for four centures,"" he said. ""Perhaps I am still a youth, in that all of us are, compared to the timeless age of the Wheel itself. That said, I am one of the oldest people in existence.""Moiraine smiled. ""Very nice. Does that work on the others?""He hesitated. Then, oddly, he found himself grinning. ""It worked pretty well on Cadsuane.""Moiraine sniffed. ""That one...Well, knowing her, I doubt you fooled her as well as you assume. You may have the memories of a man four centuries old, Rand al'Thor, but that does not make you ancient. Otherwise, Matrim Cauthon would be the patriarch of us all.""""Mat? Why Mat?""""It is nothing,"" Moiraine said. ""Something I am not supposed to know. You are still a die-eyed sheepherder at heart.",,,
q00021,top2013:163,10558806,1,21,https://www.goodreads.com/work/quotes/10558806,"You're not asking me to guess the mind of Matrim Cauthon, are you?"" Elayne asked. ""I'm convinced that Mat only acts simple so that people will let him get away with more.",,,
q00022,top2013:163,10558806,1,22,https://www.goodreads.com/work/quotes/10558806,"It has been quite a weight, hasn't it?"" Tam asked.""What weight?"" Rand replied.""That lost hand you've been carrying.""Rand looked down at his stump. ""Yes. I believe it has been at that.",,,
q00023,top2013:163,10558806,1,23,https://www.goodreads.com/work/quotes/10558806,When you saw me with a dagger in hand - as if to throw at you - you didn't call for your guards. You didn't fear I was here to kill you. You looked over your shoulder to see what I was aiming at. That's the most loving gesture I think a man could receive from a woman. Unless you'd like to sit on my knee for a while...,,,
q00024,top2013:163,10558806,1,24,https://www.goodreads.com/work/quotes/10558806,"The Light willing, we will see one another again,"" Rand said. He held out his hand to Perrin. ""Watch out for Mat. I'm honestly not sure what he's going to do, but I have a feeling it will be highly dangerous for all involved.""""Not like us,"" Perrin said, clasping Rand's forearm. ""You and I, we're much better at keeping to the safe paths.",,,
q00025,top2013:163,10558806,1,25,https://www.goodreads.com/work/quotes/10558806,"There were many good years. Good decades, good centuries. We believed we were living in paradise. Perhaps that was our downfall. We wanted our lives to be perfect, so we ignored imperfections. Problems were magnified through inattention and war might have become inevitable if the Bore hadn't ever made.",,,
q00026,top2013:163,10558806,1,26,https://www.goodreads.com/work/quotes/10558806,"It's not evil, Rand. I know something evil when I smell it. This isn't evil, it's just incredibly stupid.",,,
q00027,top2013:163,10558806,1,27,https://www.goodreads.com/work/quotes/10558806,"That man,' Elayne said, 'is never where he needs to be.''And yet,' Perrin said, 'he always arrives there eventually.",,,
q00028,top2013:163,10558806,1,28,https://www.goodreads.com/work/quotes/10558806,"The Black Tower stands with the Lion of Andor.""-Logain",,,
q00029,top2013:163,10558806,1,29,https://www.goodreads.com/work/quotes/10558806,"He doesn't know what to make of me,"" Mat said softly.""How very uncommon. I can't think of anyone else who has reacted that way to you, Mat.",,,
