quote_id,sample_id,gr_work_id,page,idx,source_url,quote_text,bucket,tense,note
q00001,top1997:6712,1369417,1,0,https://www.goodreads.com/work/quotes/1369417,The avenues he had taken as a young man had pretty much dictated what the remaining years of his life would be like.,,,
q00002,top1997:6712,1369417,1,1,https://www.goodreads.com/work/quotes/1369417,"the rope, which was tied around a thick branch almost thirty feet off the ground, and then made her way back down.",,,
q00003,top1997:6712,1369417,1,4,https://www.goodreads.com/work/quotes/1369417,flight back to America. Robie sat in his jump seat and pulled out the burn phone the scrub man back in the ambulance had tossed him right before he’d exited the vehicle. The message was waiting for,,,
q00004,top1997:6712,1369417,1,7,https://www.goodreads.com/work/quotes/1369417,"America was full of opportunity, everybody said. You just had to unlock it. Only they forgot to give out keys for LuAnn’s kind. Or maybe they didn’t forget at all. Maybe it was intentional.",,,
q00005,top1997:6712,1369417,1,9,https://www.goodreads.com/work/quotes/1369417,felt her legs begin to give way.,,,
q00006,top1997:6712,1369417,1,10,https://www.goodreads.com/work/quotes/1369417,and out of his life. As he,,,
q00007,top1997:6712,1369417,1,13,https://www.goodreads.com/work/quotes/1369417,"in this house, speaking and thinking",,,
q00008,top1998:156,1997693,1,0,https://www.goodreads.com/work/quotes/1997693,"One of the few freedoms that we have as human beings that cannot be taken away from us is the freedom to assent to what is true and to deny what is false. Nothing you can give me is worth surrendering that freedom for. At this moment I'm a man with complete tranquillity...I've been a real estate developer for most of my life, and I can tell you that a developer lives with the opposite of tranquillity, which is perturbation. You're perturbed about something all the time. You build your first development, and right away you want to build a bigger one, and you want a bigger house to live in, and if it ain't in Buckhead, you might as well cut your wrists. Soon's you got that, you want a plantation, tens of thousands of acres devoted solely to shooting quail, because you know of four or five developers who've already got that. And soon's you get that, you want a place on Sea Island and a Hatteras cruiser and a spread northwest of Buckhead, near the Chattahoochee, where you can ride a horse during the week, when you're not down at the plantation, plus a ranch in Wyoming, Colorado, or Montana, because truly successful men in Atlanta and New York all got their ranches, and of course now you need a private plane, a big one, too, a jet, a Gulfstream Five, because who's got the patience and the time and the humility to fly commercially, even to the plantation, much less out to a ranch? What is it you're looking for in this endless quest? Tranquillity. You think if only you can acquire enough worldly goods, enough recognition, enough eminence, you will be free, there'll be nothing more to worry about, and instead you become a bigger and bigger slave to how you think others are judging you.",,,
q00009,top1998:156,1997693,1,1,https://www.goodreads.com/work/quotes/1997693,He Who Would Live Forever had done an instantaneous back-of-the-envelope calculation and decided that the vicinity of the Chevrolet Suburban was a better strategic alternative than anyplace anywhere near that whitish sandy road above which a gigantic terror-chattering rattlesnake now thrashed in the grip of his boss gone berserk.,,,
q00010,top1998:156,1997693,1,2,https://www.goodreads.com/work/quotes/1997693,Then he put that one down behind a framed sepia-tone picture of a baseball player named Cecil Travis and picked up another one and tilted it back to his lips.,,,
q00011,top1998:156,1997693,1,3,https://www.goodreads.com/work/quotes/1997693,"You do what you have to do, and I will do what I have to do, which is live and die like a man.",,,
q00012,top1998:156,1997693,1,4,https://www.goodreads.com/work/quotes/1997693,"What was Martha Croker, née Martha Starling, from Richmond, Virginia, from the very best part of Richmond, Cary Street Road, daughter of the former president of the Commonwealth Club—what was she doing here in an exercise hive in Buckhead in Atlanta, listening to a lot of mindless, obscene, totally vulgar “Negro music,” as her father had always called it, letting herself be jostled, jabbed, and belittled by a bunch of vain, brainless, narcissistic, body-snobbish girls, dutifully obeying a bald-headed martinet from Turkey named Mustafa Gunt who liked to send her running up a set of fire stairs to within a c.c. or so of her cardiac capacity? She was past menopause.",,,
q00013,top1998:156,1997693,1,5,https://www.goodreads.com/work/quotes/1997693,"Well,” said the boy, “most philosophies assume that you’re free, you’ve got all these possibilities, and it’s like you can design your own life any way you want.” The boy hesitated; so Charlie gave him a little encouragement. “Go ahead.” “The Stoics, they assumed the opposite. They said that in fact you have very few choices. You’re probably trapped in some situation, everything from being under somebody’s thumb to being a slave to disease to actually being in jail. They assumed that in all likelihood you weren’t free.",,,
q00014,top1998:156,1997693,1,6,https://www.goodreads.com/work/quotes/1997693,"the unmistakable terminus—of a process that presses in upon us all. The torture begins soon after the moment of birth, but we choose to call it ‘education,’ ‘religion,’ ‘government,’ ‘custom,’ ‘convention,’ ‘tradition,’ and ‘Western civilization.’ The result is”— Am I hearing what I think I’m hearing or am I crazy? thought Charlie. Why wasn’t somebody at one of these many tables hissing?—or something— —“a relentless confinement within ‘the norm,’ ‘the standard,’ a process so”—",,,
q00015,top1998:156,1997693,1,7,https://www.goodreads.com/work/quotes/1997693,Every real leader knew that the occasional outburst of unexplained anger was good...,,,
q00016,top1998:156,1997693,1,8,https://www.goodreads.com/work/quotes/1997693,"Martha nodded to indicate she was not dying. She tried to shrink. If her rectangle had had a drain in it, she would have gladly swirled down it and disappeared.",,,
q00017,top1998:156,1997693,1,9,https://www.goodreads.com/work/quotes/1997693,"Nietzsche once said that resentment is the least explored of the primary human motivations. He said there are certain types of people who can’t improve their own place in the world, and so they devote all their energies to tearing down others. He called them ‘the tarantulas.",,,
q00018,top1998:156,1997693,1,10,https://www.goodreads.com/work/quotes/1997693,"It was the real loose-sausage-eating, brown-liquor-drinking Southern face of a white athlete turned forty and covered with a smooth well-fed layer of flesh. His neck, which seemed a foot wide, rose up out of a yellow polo shirt and a blue blazer as if it were unit-welded to his trapezius muscles and his shoulders. He was like a single solid slab of meat clear up to his hair, which was a head of hair and a half, a strange silvery blond color, coiffed with bouncy fullness and little flips that screamed $65 male hairdo. Not a single cilium was out of place. Amid the vast smooth meat of his head and neck, his eyes and his mouth seemed terribly tiny, but they were both going all out to register pleasure at the sight of Counselor Roger White, this black man who had arrived at the door at 7:42 on Freaknic Saturday night.",,,
q00019,top1998:156,1997693,1,11,https://www.goodreads.com/work/quotes/1997693,"And besides, every true leader of men knew that when challenged by an underling, you don't stop to explain. You squash that underling and explain later, if you have to",,,
q00020,top1998:156,1997693,1,13,https://www.goodreads.com/work/quotes/1997693,"They said, ‘We must behead you then.’ “‘So be it,’ I said. ‘Behead me, if it is better for you that way. When did I tell you that I was immortal? You will do your part, and I mine. It is yours to kill, mine to die without quailing: yours to banish, mine to go into exile without groaning.’” He was sent into exile.",,,
q00021,top1998:156,1997693,1,14,https://www.goodreads.com/work/quotes/1997693,"Zeus says, ‘If it were possible I would have made your body and your possessions (those trifles that you prize) free and untrammelled. But as things are—never forget this—this body is not yours, it is but a clever mixture of clay. I gave you a portion of our divinity, a spark from our own fire, the power to act and not to act, the will to get and the will to avoid. If you pay heed to this, you will not groan, you will blame no man, you will flatter none.",,,
q00022,top1998:156,1997693,1,15,https://www.goodreads.com/work/quotes/1997693,The depressed man realizes that all daily routines imply a belief in Tomorrow and are cruel jokes since of course tomorrow no longer exists.,,,
q00023,top1998:156,1997693,1,16,https://www.goodreads.com/work/quotes/1997693,"The nerve of Serena . . . and then he realized he had broken one of his own cardinal rules, which was: In dealing with subordinates and women, never justify, never explain, never back off",,,
q00024,top1998:156,1997693,1,17,https://www.goodreads.com/work/quotes/1997693,"It was so taboo even to intimate that you could be aroused by male physical power that she had never said a word about it to anyone, least of all Nancy King.",,,
q00025,top1998:156,1997693,1,18,https://www.goodreads.com/work/quotes/1997693,I’m curious about why all these black athletes have such a thing for white women.,,,
q00026,top1998:156,1997693,1,19,https://www.goodreads.com/work/quotes/1997693,"It was the sort of look people get when they are about to consider what insignificant specks they are in the immense and incomprehensible scheme of things, if, indeed, there is any scheme at all. You",,,
q00027,top1998:156,1997693,1,20,https://www.goodreads.com/work/quotes/1997693,"By the time she chugged all the way up the five flights and back down to the room and her rectangle, she was drenched with sweat and breathing with loud, rapid heaves. Gradually she became aware of … eyes",,,
q00028,top1998:156,1997693,1,21,https://www.goodreads.com/work/quotes/1997693,Adorning his neck was a gold chain so chunky you could have used it to pull an Isuzu pickup out of a red clay ditch.,,,
q00029,top1998:156,1997693,1,22,https://www.goodreads.com/work/quotes/1997693,"The room was not especially large, but the stylishness of it struck Peepgass",,,
q00030,top2000:3866,22566,1,0,https://www.goodreads.com/work/quotes/22566,"Here's a nice image for a life in balance,” she said. “You're juggling these four balls that you've named work, family, friends, spirit. Now, work is a rubber ball. If you drop it, it bounces back. The other balls they're made of glass.”“I've dropped a few of those glass balls in my day. Sometimes they chip, sometimes they shatter to pieces.",,,
q00031,top2000:3866,22566,1,1,https://www.goodreads.com/work/quotes/22566,if you spin in a circle perhaps avoiding corners,,,
q00032,top2000:3866,22566,1,3,https://www.goodreads.com/work/quotes/22566,"If you’re going around in circles, maybe you’re cutting corners.",,,
q00033,top2000:3866,22566,1,6,https://www.goodreads.com/work/quotes/22566,I climbed out of my old Porsche in the staff,,,
q00034,top2000:3866,22566,1,7,https://www.goodreads.com/work/quotes/22566,up beside the car. Then he pulled out a Sig Sauer,,,
q00035,top2000:3866,22566,1,8,https://www.goodreads.com/work/quotes/22566,"He wanted an heir, a tiny piece of immortality.",,,
q00036,top2000:3866,22566,1,9,https://www.goodreads.com/work/quotes/22566,"waiting in hospitals is as close as we get to being in hell before our time,",,,
q00037,top2000:3866,22566,1,10,https://www.goodreads.com/work/quotes/22566,I told the truth and shamed the devil.,,,
q00038,top2001:7137,1827952,1,0,https://www.goodreads.com/work/quotes/1827952,"How is San Francisco, Alex? Lovely city. Will you leave your heart there? Do you think it's a good place to die?",,,
q00039,top2001:7137,1827952,1,1,https://www.goodreads.com/work/quotes/1827952,The cell phone in my pocket went off. Shit! Damn it! Why do I carry these infernal gadgets? Why does anybody in their right mind need to constantly be on call?,,,
q00040,top2001:7137,1827952,1,4,https://www.goodreads.com/work/quotes/1827952,Education is about the distribution of knowledge... and to whom we actually distribute this particular commodity is a major question in this country.,,,
q00041,top2001:7137,1827952,1,5,https://www.goodreads.com/work/quotes/1827952,"If you are lucky you will find something you love doing, if you're really lucky you'll find someone to pay you to do it",,,
q00042,top2001:7137,1827952,1,7,https://www.goodreads.com/work/quotes/1827952,"I was too tired to argue with him. “In the words of Tiger Woods, ‘I didn’t have my A game today.’ I’m a little stumped, Kyle. This is all new and all bad.",,,
q00043,top2001:7137,1827952,1,8,https://www.goodreads.com/work/quotes/1827952,"We’re vampires,” he finally whispered to the murdered couple.",,,
q00044,top2001:7137,1827952,1,10,https://www.goodreads.com/work/quotes/1827952,"Rules made you predictable, less of an individual. Rules made you less free, less authentic, less yourself. And in the end, rules could get you caught.",,,
q00045,top2001:7137,1827952,1,13,https://www.goodreads.com/work/quotes/1827952,"She’s one of two women in Homicide in San Francisco, so she probably is fairly good.",,,
q00046,top2001:7137,1827952,1,14,https://www.goodreads.com/work/quotes/1827952,"Human existence must be a kind of error. It is bad today and every day it will get worse, until the worst of all happens.” My own philosophy was a little cheerier than Schopenhauer’s,",,,
q00047,top2013:5912,21500681,1,0,https://www.goodreads.com/work/quotes/21500681,I lived in books more than I lived anywhere else.,,,
q00048,top2013:5912,21500681,1,1,https://www.goodreads.com/work/quotes/21500681,"Grown-ups don't look like grown-ups on the inside either. Outside, they're big and thoughtless and they always know what they're doing. Inside, they look just like they always have. Like they did when they were your age. Truth is, there aren't any grown-ups. Not one, in the whole wide world.",,,
q00049,top2013:5912,21500681,1,2,https://www.goodreads.com/work/quotes/21500681,"I do not miss childhood, but I miss the way I took pleasure in small things, even as greater things crumbled. I could not control the world I was in, could not walk away from things or people or moments that hurt, but I took joy in the things that made me happy.",,,
q00050,top2013:5912,21500681,1,4,https://www.goodreads.com/work/quotes/21500681,Nobody looks like what they really are on the inside. You don’t. I don’t. People are much more complicated than that. It’s true of everybody.,,,
q00051,top2013:5912,21500681,1,5,https://www.goodreads.com/work/quotes/21500681,"Adults follow paths. Children explore. Adults are content to walk the same way, hundreds of times, or thousands; perhaps it never occurs to adults to step off the paths, to creep beneath rhododendrons, to find the spaces between fences. I was a child, which meant that I knew a dozen different ways of getting out of our property and into the lane, ways that would not involve walking down our drive.",,,
q00052,top2013:5912,21500681,1,6,https://www.goodreads.com/work/quotes/21500681,"Oh, monsters are scared,"" said Lettie. ""That's why they're monsters.",,,
q00053,top2013:5912,21500681,1,7,https://www.goodreads.com/work/quotes/21500681,"I went away in my head, into a book. That was where I went whenever real life was too hard or too inflexible.",,,
q00054,top2013:5912,21500681,1,8,https://www.goodreads.com/work/quotes/21500681,"And did I pass?"" The face of the old woman on my right was unreadable in the gathering dusk. On my left the younger woman said, ""You don't pass or fail at being a person, dear.",,,
q00055,top2013:5912,21500681,1,9,https://www.goodreads.com/work/quotes/21500681,"Monsters come in all shapes and sizes. Some of them are things people are scared of. Some of them are things that look like things people used to be scared of a long time ago. Sometimes monsters are things people should be scared of, but they aren't.",,,
q00056,top2013:5912,21500681,1,10,https://www.goodreads.com/work/quotes/21500681,I liked myths. They weren't adult stories and they weren't children's stories. They were better than that. They just were.,,,
q00057,top2013:5912,21500681,1,13,https://www.goodreads.com/work/quotes/21500681,"Nothing's ever the same,"" she said. ""Be it a second later or a hundred years. It's always churning and roiling. And people change as much as oceans.",,,
q00058,top2013:5912,21500681,1,14,https://www.goodreads.com/work/quotes/21500681,"Different people remember things differently, and you'll not get any two people to remember anything the same, whether they were there or not.",,,
q00059,top2013:5912,21500681,1,15,https://www.goodreads.com/work/quotes/21500681,"That's the trouble with living things. Don't last very long. Kittens one day, old cats the next. And then just memories. And the memories fade and blend and smudge together.",,,
q00060,top2013:5912,21500681,1,16,https://www.goodreads.com/work/quotes/21500681,"Growing up, I took so many cues from books. They taught me most of what I knew about what people did, about how to behave. They were my teachers and my advisers.",,,
q00061,top2013:5912,21500681,1,17,https://www.goodreads.com/work/quotes/21500681,. . . I lay on the bed and lost myself in the stories. I liked that. Books were safer than other people anyway.,,,
q00062,top2013:5912,21500681,1,18,https://www.goodreads.com/work/quotes/21500681,"I make art, sometimes I make true art, and sometimes it fills the empty places in my life. Some of them. Not all.",,,
q00063,top2013:5912,21500681,1,19,https://www.goodreads.com/work/quotes/21500681,"How can you be happy in this world? You have a hole in your heart. You have a gateway inside you to lands beyond the world you know. They will call you, as you grow.",,,
q00064,top2013:5912,21500681,1,20,https://www.goodreads.com/work/quotes/21500681,"I saw the world I had walked since my birth and I understood how fragile it was, that the reality was a thin layer of icing on a great dark birthday cake writhing with grubs and nightmares and hunger.",,,
q00065,top2013:5912,21500681,1,21,https://www.goodreads.com/work/quotes/21500681,"As we age, we become our parents; live long enough and we see faces repeat in time.",,,
q00066,top2013:5912,21500681,1,22,https://www.goodreads.com/work/quotes/21500681,"A story only matters, I suspect, to the extent that the people in the story change.",,,
q00067,top2013:5912,21500681,1,23,https://www.goodreads.com/work/quotes/21500681,"Adults should not weep, I knew. They did not have mothers who would comfort them.",,,
q00068,top2013:5912,21500681,1,24,https://www.goodreads.com/work/quotes/21500681,"Childhood memories are sometimes covered and obscured beneath the things that come later, like childhood toys forgotten at the bottom of a crammed adult closet, but they are never lost for good.",,,
q00069,top2013:5912,21500681,1,25,https://www.goodreads.com/work/quotes/21500681,"It's always too late for sorries, but I appreciate the sentiment.",,,
q00070,top2013:5912,21500681,1,26,https://www.goodreads.com/work/quotes/21500681,"I was a normal child. Which is to say, I was selfish and I was not entirely convinced of the existence of things that were not me, and I was certain, rock-solid, unshakeably certain, that I was the most important thing in creation. There was nothing that was more important to me than I was.",,,
q00071,top2013:5912,21500681,1,27,https://www.goodreads.com/work/quotes/21500681,"She was the storm, she was the lightning, she was the adult world with all its power and all its secrets and all its foolish casual cruelty.",,,
q00072,top2013:5912,21500681,1,28,https://www.goodreads.com/work/quotes/21500681,Does it make you feel big to make a little boy cry?,,,
q00073,top2013:5912,21500681,1,29,https://www.goodreads.com/work/quotes/21500681,"Peas baffled me. I could not understand why grown-ups would take things that tasted so good raw, and then put them in tins, and make them revolting.",,,
q00074,top1996:293,2837,1,0,https://www.goodreads.com/work/quotes/2837,"Today might not be so good. But tomorrow, you got another chance to get it right.",,,
q00075,top1996:293,2837,1,1,https://www.goodreads.com/work/quotes/2837,"You know what kind of person it takes to run for President? Not normal. They could start out okay, but by the time they reach that level they've sold their soul to the devil so many times and stomped the guts out of enough people that they are definitely not like you and me, not even close.",,,
q00076,top1996:293,2837,1,3,https://www.goodreads.com/work/quotes/2837,People like to talk about other people’s misery; it makes them feel their own life is somehow better when it usually isn’t.,,,
q00077,top1996:293,2837,1,4,https://www.goodreads.com/work/quotes/2837,Things sometimes did not work out. Even if you wanted them to more than anything else. You couldn’t will someone to love you back. You had to move on.,,,
q00078,top1996:293,2837,1,5,https://www.goodreads.com/work/quotes/2837,"for once in a long time, he felt good. No worries, just possibilities. Endless possibilities.",,,
q00079,top1996:293,2837,1,6,https://www.goodreads.com/work/quotes/2837,"the business of politics, which essentially meant screwing others before they got around to screwing you.",,,
q00080,top1996:293,2837,1,8,https://www.goodreads.com/work/quotes/2837,"Homes should look lived in; they should always give way to the screams of kids as they dashed from room to room in search of new adventures, of fresh objects to break.",,,
q00081,top1996:293,2837,1,10,https://www.goodreads.com/work/quotes/2837,"The restaurant was hardly more than a hole in the wall, which made it one of Jack’s favorites. Any reasonable concoction of food could be gotten there at any time, day or night. It was a place that Jennifer Baldwin would never set foot inside and one that he and Kate had frequented. A short time ago, the results of that comparison would have disturbed him, but he had made up his mind, and he didn’t intend on revisiting the question. Life was not perfect, and you could spend your entire life waiting for that perfection. He was not going to do that",,,
q00082,top1996:293,2837,1,11,https://www.goodreads.com/work/quotes/2837,"She bit her lip, a movement he didn’t see because he was getting out of the car. He poked his head back in. “Have a good life, Kate. You ever need anything",,,
q00083,top1996:293,2837,1,13,https://www.goodreads.com/work/quotes/2837,"Another important dinner party with Jennifer, his soon-to-be wife, and her family and circle of social and business acquaintances. People at that level of sophistication apparently didn’t have mere friends they hung with. Everyone served a particular function, the whole being greater than the sum of the parts. Or at least that was the intent, although Jack had his own opinion on the matter",,,
q00084,top1996:293,2837,1,16,https://www.goodreads.com/work/quotes/2837,That was the problem with an eight-figure gorilla of a client. It took all of your time and attention. Old clients dried up and died away. New clients were not cultivated. His complacency had come back to bite him right in the ass. He,,,
q00085,top1996:293,2837,1,17,https://www.goodreads.com/work/quotes/2837,"Trying to recapture his youth. He should have known that nature bowed to no one, regardless of their monetary worth.",,,
q00086,top1996:293,2837,1,18,https://www.goodreads.com/work/quotes/2837,Luther glanced at the framed prints on the nightstand and wryly observed the twenty-something “little woman” next to the seventy-something husband. There were many types of lotteries in the world and not all of them state-run. Several,,,
q00087,top1996:293,2837,1,20,https://www.goodreads.com/work/quotes/2837,"You ask me that question two, three years ago I’d say yeah, damn straight you will. Yes sir.” He looked out at the crush of people. “You ask me today, I say I don’t know. I don’t care what court you’re in. Supreme Court, traffic court. Things are changing, man. Not just the courts either. Everything. Everybody. Whole goddamn world’s changing and I just don’t know anymore.” They",,,
q00088,top1996:293,2837,1,22,https://www.goodreads.com/work/quotes/2837,Arrogant people habitually overestimated their own abilities and underestimated everyone else’s. “And,,,
q00089,top1996:293,2837,1,23,https://www.goodreads.com/work/quotes/2837,"CHAPTER TWENTY-ONE DAN KIRKSEN OPENED THE WASHINGTON POST AND started to take a sip of his orange juice. It never reached his mouth. Gavin had managed to file a story on the Sullivan case consisting chiefly of the information that Jack Graham, newly ordained partner at Patton,",,,
q00090,top1996:293,2837,1,24,https://www.goodreads.com/work/quotes/2837,"fueled him with a stamina, a resolve before which many an obstacle had wilted.",,,
q00091,top1996:293,2837,1,25,https://www.goodreads.com/work/quotes/2837,He had started to forget what it was like to hit one out of the park. After Sullivan,,,
q00092,top1996:293,2837,1,26,https://www.goodreads.com/work/quotes/2837,"Kennedy’s guy had never been the same. Quit the Service, divorced, finished his human existence in obscurity in some rat’s hole in Mississippi,",,,
q00093,top1996:293,2837,1,27,https://www.goodreads.com/work/quotes/2837,supremely noble act in a world more and more devoid of anything remotely virtuous.,,,
q00094,top1996:293,2837,1,28,https://www.goodreads.com/work/quotes/2837,description?” Frank asked patiently. “I’ve got sixty-five employees and a turnover,,,
q00095,top1996:293,2837,1,29,https://www.goodreads.com/work/quotes/2837,"The car had been returned to the impoundment lot where Luther had “borrowed” it earlier that night. The plate would get them nowhere,",,,
q00096,top1996:1431,14015,1,0,https://www.goodreads.com/work/quotes/14015,Dolls with no little girls around to mind them were sort of creepy under any conditions.,,,
q00097,top1996:1431,14015,1,3,https://www.goodreads.com/work/quotes/14015,"You said 'God is cruel' the way a person who's lived his whole life on Tahiti might say 'Snow is cold'. You knew, but you didn't understand."" He stepped close to David and put his palms on the boy's cold cheeks. ""Do you know how cruel your God can be, David. How fantastically cruel?",,,
q00098,top1996:1431,14015,1,4,https://www.goodreads.com/work/quotes/14015,"As always at these times when he felt really in need of God the front of his mind was serene, but the deeper part, where faith did constant battle with doubt, was terrified that there would be no answer.",,,
q00099,top1996:1431,14015,1,5,https://www.goodreads.com/work/quotes/14015,Those who do not learn the lessons of the past are condemned to repeat it.,,,
q00100,top1996:1431,14015,1,6,https://www.goodreads.com/work/quotes/14015,"…When a person stops changing, stops feeling, they die…",,,
q00101,top1996:1431,14015,1,7,https://www.goodreads.com/work/quotes/14015,"You have the right to remain silent,' the big cop said in his robot's voice. 'If you do not choose to remain silent, anything you say may be used against you in a court of law. You have the right to an attorney. I'm going to kill you. If you cannot afford an attorney, one will be provided for you. Do you understand your rights as I have explained them to you?",,,
q00102,top1996:1431,14015,1,8,https://www.goodreads.com/work/quotes/14015,"Oh no, praying is great, without it the thumbscrews and the Iron Maiden probably never would have been invented.",,,
q00103,top1996:1431,14015,1,9,https://www.goodreads.com/work/quotes/14015,"How else could he go on, except with merciful incomprehension held before him like a shield? How could anyone?",,,
q00104,top1996:1431,14015,1,10,https://www.goodreads.com/work/quotes/14015,"In many interviews he had identified himself as a man outraged by death, but that was pretty much the same old big-balls crap he'd been selling throughout his career. He was terrified of death, that was the truth, and as a result of spending his life honing his imagination, he could see it coming from at least four dozen different directions... and late at night when he couldn't sleep, he was apt to see it coming from four dozen different directions at once. Refusing to see the doctor, to have a checkup and let them peek under the hood, would not cause any of those diseases to pause in their approach or their feeding upon him--if, indeed, the feeding had already begun--but if he stayed away from the doctors and their devilish machines, he wouldn't have to know. You didn't have to deal with the monster under the bed or lurking in the corner if you never actually turned on the bedroom lights, that was the thing. And what no doctor in the world seemed to know was that, for men like Johnny Marinville, fearing was sometimes better than finding. Especially when you'd put out the welcome mat for every disease going.",,,
q00105,top1996:1431,14015,1,11,https://www.goodreads.com/work/quotes/14015,"Then he closed his eyes and put his hands together again before his face, finger to finger. Johnny was struck by the kid's lack of pretension. There was a simplicity about the gesture that had been honed by use into beauty.",,,
q00106,top1996:1431,14015,1,13,https://www.goodreads.com/work/quotes/14015,"Why didn't you kill me like you did that guy back there? Billy? Or does it even make any sense to ask? Are you beyond why?'Oh shit, we're all beyond why, you know that.",,,
q00107,top1996:1431,14015,1,14,https://www.goodreads.com/work/quotes/14015,or to lick along the smooth velvet lining of a woman's mouth with his tongue.,,,
q00108,top1996:1431,14015,1,15,https://www.goodreads.com/work/quotes/14015,Life is more than just steering a course around pain.,,,
q00109,top1996:1431,14015,1,16,https://www.goodreads.com/work/quotes/14015,"Jail,' the big cop said in his stuffy, liquid voice. 'Where anything you bray will be abused against you in a sort of caw.",,,
q00110,top1996:1431,14015,1,17,https://www.goodreads.com/work/quotes/14015,"So it always has been; so shall it be, life sucks, then you die.",,,
q00111,top1996:1431,14015,1,18,https://www.goodreads.com/work/quotes/14015,"God says, ""Sure, take away the safety net. And when that's gone, take away the tight rope too.",,,
q00112,top1996:1431,14015,1,19,https://www.goodreads.com/work/quotes/14015,"All right. Here's the deal, bigshot: suck my cock. Do that and I'll let you go. Straight trade.""He unzipped his fly and pulled down the elastic front of his shorts. Something that looked like a dead whitesnake fell out. Johnny observed the thin stream of blood driz-zling from it without surprise. The cop was bleeding from every other orifice, wasn't he?""Speaking in the literature sense,"" the cop said, grinning, ""this particular blowjob is going to be a little more Anne Rice than Armistead Maupin. I suggest you follow Queen Victoria's advice - close your eyes and think of strawberry shortcake.",,,
q00113,top1996:1431,14015,1,21,https://www.goodreads.com/work/quotes/14015,Everything is better when it shits on a ritz.,,,
q00114,top1996:1431,14015,1,22,https://www.goodreads.com/work/quotes/14015,Desert lore. Scripture in the wasteland. The resonance of lonely places.,,,
q00115,top1996:1431,14015,1,23,https://www.goodreads.com/work/quotes/14015,She was wearing a tank-top with torn-off sleeves. It gave an awfully generous view of her breasts for a girl worried about meeting Ted Bundy in a Ryder van.,,,
q00116,top1996:1431,14015,1,26,https://www.goodreads.com/work/quotes/14015,"Uck,” he said, grimacing, and reached into his mouth like a man who’s got a hair on his tongue. Instead of a hair he pulled out the tongue itself. He looked at it for a moment, lying limply in his fist like a piece of liver, and then tossed it aside.",,,
q00117,top1996:1431,14015,1,27,https://www.goodreads.com/work/quotes/14015,"He burst out laughing. She probably wouldn't like it, but he couldn't help it. That was the way laughing was, sort of like farting, sometimes you could hold it in but a lot of times you couldn't.",,,
q00118,top1996:1431,14015,1,28,https://www.goodreads.com/work/quotes/14015,Hello?” he asked as he went ... just so that anyone intent on killing him would know exactly where to look.,,,
q00119,top1996:5634,32792,1,0,https://www.goodreads.com/work/quotes/32792,"The years roll on and life seems like this more and more, that choices don't really exit in the way I thought they would when I was a child and expected the regal power of adulthood to provide clarity and insight.",,,
q00120,top1996:5634,32792,1,1,https://www.goodreads.com/work/quotes/32792,That’s why so many people want to be victims today. So they don’t have to accept the burden of being raised without historical calamity—without war or famine. They want an excuse for the fact they’re still not happy.,,,
q00121,top1996:5634,32792,1,2,https://www.goodreads.com/work/quotes/32792,The sun is a pale disk in the soiled white sky.,,,
q00122,top1996:5634,32792,1,3,https://www.goodreads.com/work/quotes/32792,"I find myself clutched by he resentment, which I still think of as as peculiarly female, of being so often the victim of circumstance and time.",,,
q00123,top1996:5634,32792,1,4,https://www.goodreads.com/work/quotes/32792,"… one of those bold girls, a rebel beneath the veneer of gentile manors.",,,
q00124,top1996:5634,32792,1,5,https://www.goodreads.com/work/quotes/32792,"They say you just teach them to leave you”, I finally remark. “From the first step.",,,
q00125,top1996:5634,32792,1,6,https://www.goodreads.com/work/quotes/32792,"In her mothering years, he lived in undying amazement of Lucy. She looked at every paper, bored in until she’d heard every the teacher asked at school. She knew by heart what was on the lunch menu, the name of every friend and whether she or he was a good influence, even if the kid had never set foot inside their home. She’d memorized every trumpet note or ballet turn. She hit the laundry room at 6 a.m., because she knew what clothes they’d want to wear, right down to the undies. Her children’s lives were so thoroughly understood, digested, imagined, so thoroughly her own, that other women often seemed to freeze over in shame.But all of that allowed Lucy to avoid wondering about herself.",,,
q00126,top1996:6117,955346,1,0,https://www.goodreads.com/work/quotes/955346,"None of this was real, after all. It was just a refuge in her mind.",,,
q00127,top1996:6117,955346,1,1,https://www.goodreads.com/work/quotes/955346,"When there’s no more room in hell, this artifact said, the dead will walk the earth.",,,
q00128,top1996:6117,955346,1,2,https://www.goodreads.com/work/quotes/955346,Brad looked at his wife with that expression of love that is the sole property of people who have been married over ten years.,,,
q00129,top1996:6117,955346,1,3,https://www.goodreads.com/work/quotes/955346,"Summer yes, but not just summer; we are talking July 15th, the very rooftree of summer,",,,
q00130,top1996:6117,955346,1,4,https://www.goodreads.com/work/quotes/955346,"In the long run Gary will almost certainly talk, but Johnny Marinville has never been less concerned with the long run in his whole life.",,,
q00131,top1996:6117,955346,1,5,https://www.goodreads.com/work/quotes/955346,"This girl’s a prisoner of her time and her age, the same as anyone else, which means that all of this is perfectly serious to her.",,,
q00132,top1996:6117,955346,1,6,https://www.goodreads.com/work/quotes/955346,I heard a story once about a Vermont woman who found a black widow spider in her sink. It apparently came into the house in an empty box her husband brought home from the supermarket where he worked. The box had been full of bananas from South America.,,,
q00133,top1996:6117,955346,1,7,https://www.goodreads.com/work/quotes/955346,White butterflies danced on the warm air like enchanted confetti which never fell to earth.,,,
q00134,top1996:6117,955346,1,9,https://www.goodreads.com/work/quotes/955346,"At one moment Kim Geller is standing at the end of the Carvers' walk; at the next she's entirely gone. No; not quite. Her sneakers are still there, and her feet are still inside them. A split-second later, something that could be a bucket of dark, silty water but isn't hits the front of the Carver house.",,,
q00135,top1996:6117,955346,1,10,https://www.goodreads.com/work/quotes/955346,"Then, with the sound of the twin shotgun blasts still rolling away, Streeter screams: 'Shoot! Shoot, goddamnit! Wipe them off the map!",,,
q00136,top1996:2330,2702591,1,0,https://www.goodreads.com/work/quotes/2702591,"The spring came suddenly; the rains stopped, the days grew noticeably longer, and the afternoon light felt powdery, as if it might blow away.",,,
q00137,top1996:2330,2702591,1,1,https://www.goodreads.com/work/quotes/2702591,There is no difference between being rescued and being captured.,,,
q00138,top1996:2330,2702591,1,2,https://www.goodreads.com/work/quotes/2702591,I want to tell you everything without saying anything.” (118),,,
q00139,top1996:2330,2702591,1,3,https://www.goodreads.com/work/quotes/2702591,"Here I am, alone again, alone but not completely by myself, alone without the freedom of not having to think about someone else",,,
q00140,top1997:957,2983256,1,1,https://www.goodreads.com/work/quotes/2983256,Society prepares the crime; the criminal only commits it.,,,
q00141,top1997:957,2983256,1,2,https://www.goodreads.com/work/quotes/2983256,Victory belongs to the player who makes the next-to-last mistake.,,,
q00142,top1997:957,2983256,1,3,https://www.goodreads.com/work/quotes/2983256,Don’t mistake the edge of a rut for the horizon.,,,
q00143,top1997:957,2983256,1,4,https://www.goodreads.com/work/quotes/2983256,"A FLAT, still sandy, still meadowy region… a superb range of ocean beach—miles and miles of it. The bright sun, the sparkling waves, the foam, the view—a sail here and there in the distance. Walt Whitman had written that",,,
q00144,top1997:957,2983256,1,6,https://www.goodreads.com/work/quotes/2983256,"Joy—that’s the word. So easy to say, so hard to find in life sometimes.",,,
q00145,top1997:957,2983256,1,7,https://www.goodreads.com/work/quotes/2983256,"She gave us her best advice on aging: “If you can’t recall it, forget it.",,,
q00146,top1997:957,2983256,1,9,https://www.goodreads.com/work/quotes/2983256,Death is nature’s way of saying “howdy.” Statues,,,
q00147,top1997:957,2983256,1,11,https://www.goodreads.com/work/quotes/2983256,of life’s important connections and mysteries. I was hoping that maybe someday she would,,,
q00148,top1997:957,2983256,1,13,https://www.goodreads.com/work/quotes/2983256,"May his body rise to heaven, before the devil finds out he’s dead.",,,
q00149,top1997:957,2983256,1,14,https://www.goodreads.com/work/quotes/2983256,Life was so much more beautiful and interesting through a target scope.,,,
q00150,top1997:957,2983256,1,15,https://www.goodreads.com/work/quotes/2983256,never miss a good chance to shut up.,,,
q00151,top1997:957,2983256,1,16,https://www.goodreads.com/work/quotes/2983256,"Cats are like Baptists,” I whispered to her. “You know they raise hell, but you can’t ever catch them at it.",,,
q00152,top1997:64,2781025,1,0,https://www.goodreads.com/work/quotes/2781025,"The English, thought Kate, obviously regarded praying much as they did a necessary physical function, something best done in private. Dalgliesh apologized for interrupting her work: “We’re police officers and I’m afraid we’re here on police business. Were you",,,
q00153,top1997:64,2781025,1,2,https://www.goodreads.com/work/quotes/2781025,wide hall towards her. Even from,,,
q00154,top1997:64,2781025,1,3,https://www.goodreads.com/work/quotes/2781025,"He felt along his veins a tingling happiness, almost frightening in its physicality, that soul-possessing joy which is so seldom felt once youth has passed. After",,,
q00155,top1997:64,2781025,1,4,https://www.goodreads.com/work/quotes/2781025,"You are armoured, of course, by the creative artist's splinter of ice in the heart.",,,
q00156,top1997:64,2781025,1,5,https://www.goodreads.com/work/quotes/2781025,"God must be used to human anger. After all, He invites it.",,,
q00157,top1997:64,2781025,1,6,https://www.goodreads.com/work/quotes/2781025,The truth was sometimes more fatal than a lie.,,,
q00158,top1997:64,2781025,1,7,https://www.goodreads.com/work/quotes/2781025,"That's one of the frustrations of this job. You meet people, question them, get intrigued by them, eliminate them from inquiries and never see them again.",,,
q00159,top1997:64,2781025,1,10,https://www.goodreads.com/work/quotes/2781025,"He still attended every Sunday. It was as much a part of his routine as buying the same two Sunday newspapers at the same stall on his way home, the luncheon taken from the fridge and heated up in obedience to Erik’s written instructions, the short afternoon walk through the park, then the hour of sleep and the evening of television. The",,,
q00160,top1997:64,2781025,1,11,https://www.goodreads.com/work/quotes/2781025,I have no scenery to help me and no words are written for me to speak. There is no curtain. But out of the vivid dream of somebody else’s life I have to create an atmosphere—for that is advocacy.,,,
q00161,top1997:64,2781025,1,12,https://www.goodreads.com/work/quotes/2781025,"Has it ever occurred to you that a woman, when she is powerful, is more powerful than a man?” “Powerful in a different way, perhaps.” Laud said: “It’s a power partly based on fear. Perhaps the fear is atavistic, memories of babyhood. Women change the nappy, give the breast or withhold it.” Langton said with a faint smile: “Not now, apparently. Fathers change nappies and it’s usually a bottle.” “But I’m right, Hubert, about power and fear. I wouldn’t say it outside these walls, but life in Chambers would be a great deal easier if Venetia fell under that convenient Number 11 bus.” He paused, and then asked the question to which he needed an answer. “So I have your support, have I? Can I take it that I’m your choice to succeed you as Head of Chambers?",,,
q00162,top1997:5238,1461240,1,0,https://www.goodreads.com/work/quotes/1461240,"I’m still here. I have to go on. I have to give something back, to make my time here worth something. If not, the time I’ve been given here would have been totally wasted. And I don’t think we have a right to do that.",,,
q00163,top1997:7070,2589885,1,0,https://www.goodreads.com/work/quotes/2589885,"As for the crab, honey, listen up. One egg slightly beaten, one-half teaspoon dry mustard, a dash or two of Worcestershire sauce, four unsalted soda crackers, crushed. Chop up an onion, a Vidalia if you’re still hoarding any from summer. One green pepper, chop that. A teaspoon or two of parsley, salt and pepper to taste.” “Sounds fabulous,” I gratefully said. “Bev, what would I do without you?” “Now you gently mix all that together and shape it into patties.",,,
q00164,top1997:7070,2589885,1,1,https://www.goodreads.com/work/quotes/2589885,"Strung himself up from the rafters in the barn,” she went on as we worked. “Was being treated for a drink problem and depression. More of the same. Unemployment, women, drugs. They",,,
q00165,top1997:7070,2589885,1,2,https://www.goodreads.com/work/quotes/2589885,"It just goes to show that what we do is unrelated to what we know, and our feelings don’t have a brain.",,,
q00166,top1997:7070,2589885,1,3,https://www.goodreads.com/work/quotes/2589885,Ukrop’s. I’d give anything to have a store like that in my neighborhood. So this person wrapped the victim in a drop cloth and then dismembered her through it?” she asked as she cut her meat.,,,
q00167,top1997:7070,2589885,1,4,https://www.goodreads.com/work/quotes/2589885,"I haven't gotten over him and probably never will,"" I said. ""I guess he was my first love.""""I know all about that,"" my knees went on. ""I worry that if something happens, there will never be anybody else for me, either. And I don't want to go the rest of my life not having what I've got now. Not having someone you can talk to about anything, someone who cares and is kind."" She hesitated, and what she said next was honed to an edge. ""Someone who doesn't get jealous and use you.",,,
q00168,top1997:7070,2589885,1,6,https://www.goodreads.com/work/quotes/2589885,Can’t I just drift now and then?” I didn’t want to be present.,,,
q00169,top1998:2322,1191096,1,0,https://www.goodreads.com/work/quotes/1191096,"I am not a smart man, particularly, but one day, at long last, I stumbled from the dark woods of my own, and my family's, and my country's past, holding in my hands these truths: that love grows from the rich loam of forgiveness; that mongrels make good dogs; that the evidence of God exists in the roundness of things. This much, at least, I've figured out. I know this much is true.",,,
q00170,top1998:2322,1191096,1,1,https://www.goodreads.com/work/quotes/1191096,But what are our stories if not the mirrors we hold up to our fears?,,,
q00171,top1998:2322,1191096,1,3,https://www.goodreads.com/work/quotes/1191096,"Power, wrongly used, defeats the oppressor as well as the oppressed.",,,
q00172,top1998:2322,1191096,1,4,https://www.goodreads.com/work/quotes/1191096,I walked over and looked closer at the statue of the goddess. She was wearing a headdress with a skull and a cobra and a crescent moon. Maybe this is what peace of mind was all about: having a poisonous snake on your head and smiling anyway.,,,
q00173,top1998:2322,1191096,1,5,https://www.goodreads.com/work/quotes/1191096,"It is all connected Dominick,"" she said. ""Life is not a series of isolated ponds & puddles; life is this river you see below, before you. It flows from the past through the present on it's way to the future.",,,
q00174,top1998:2322,1191096,1,7,https://www.goodreads.com/work/quotes/1191096,"That's the trouble with survival of the fittest, isn't it, Dominick? The corpse at your feet. That little inconvenience.",,,
q00175,top1998:2322,1191096,1,8,https://www.goodreads.com/work/quotes/1191096,"Love grows from the rich foam of forgiveness, mongrels make good dogs, and the evidence of God exists in the roundness of things.",,,
q00176,top1998:2322,1191096,1,9,https://www.goodreads.com/work/quotes/1191096,"-- that books were mirrors, reflective in sometimes unpredictable ways.",,,
q00177,top1998:2322,1191096,1,10,https://www.goodreads.com/work/quotes/1191096,"I needed her to stop. Needed not to hear the pain in her voice--to see the way she was twisting the pocketbook strap. If she kept talking, she might break down and tell me everything.",,,
q00178,top1998:2322,1191096,1,11,https://www.goodreads.com/work/quotes/1191096,"That was the big joke, wasn't it? The answer to the riddle: There was no one up there in Heaven, making sure the accounts came out right. I'd solved it, hadn't I? Cracked the code? It was all just a joke. The god inside my brother's head was just his disease. My mother had knelt every night and prayed to her own steepled hands. Your baby died because of ... because of no particular reason at all. Your wife left you because you sucked all the oxygen out of the room, so you pretended she was the one in bed with you while you screwed your girlfriend and her boyfriend hid in the closet, watching.",,,
q00179,top1998:2322,1191096,1,12,https://www.goodreads.com/work/quotes/1191096,"If I could just write it down in a piece of paper, then maybe she could get a decent night's sleep, eat a little of her dinner. Maybe she could have a minute's worth of peace.",,,
q00180,top1998:2322,1191096,1,13,https://www.goodreads.com/work/quotes/1191096,Take what people give you. Drink their milkshakes.,,,
q00181,top1998:2322,1191096,1,14,https://www.goodreads.com/work/quotes/1191096,"If your twin was dead, were you still a twin?",,,
q00182,top1998:2322,1191096,1,15,https://www.goodreads.com/work/quotes/1191096,"Joy said she hadn't really understood the meaning of life until Tyffanie had come along, but now she understood it perfectly. Well, great, I felt like saying. Make sure you share the news with Plato and Kierkegaard and all those other philosophers who'd banged their heads against the wall, trying to figure things out.",,,
q00183,top1998:2322,1191096,1,16,https://www.goodreads.com/work/quotes/1191096,"The World is a very old place, so you'll never be able to tell a completely original story",,,
q00184,top1998:2322,1191096,1,17,https://www.goodreads.com/work/quotes/1191096,"The point is this: that the stream of memory may lead you to the river of understanding. And understanding, in turn, may be a tributary to the river of forgiveness.",,,
q00185,top1998:2322,1191096,1,18,https://www.goodreads.com/work/quotes/1191096,"Do you have children, Dominick?""""Nope.""""Well if you did,"" she said, ""you would most likely read them not only Curious George but also fables and fairy tales. Stories where humans outsmart witches, where giants and ogres are felled and good triumphs over evil. Your parents read them to you and your brother. Did they not?""""My mother did,"" I said.""Of course she did. It is the way we teach our children to cope with a world too large and chaotic for them to comprehend. A world that seems, at times, too random. Too indifferent. Of course, the religions of the world will do the same for you, whether you're a Hindu or a Christian or a Rosicrucian. They're brother and sister, really; children's fables and religious parables...",,,
q00186,top1998:2322,1191096,1,19,https://www.goodreads.com/work/quotes/1191096,"I didn't respond to him. Couldn't speak at all. Couldn't look at his self-mutilation--not even the clean, bandaged version of it. Instead, I looked at my own rough, stained house painter's hand. They seemed more like puppets than hands. I had no feelings in it either.",,,
q00187,top1998:2322,1191096,1,22,https://www.goodreads.com/work/quotes/1191096,"So, you are not so much interested in exploring your feelings about Joy's betrayal. Or the failure of your relationship. You are merely giving me a tour of the museum.''The museum? ... I don't follow you.''Your museum of pain. Your sanctuary of justifiable indignation.''I, uh...''We all superintend such a place, I suppose,' she said, 'although some of us are more painstaking curators than others. That is the category in which I would certainly put you, Dominick. You are a meticulous steward of the pain and injustices people have visited upon you.",,,
q00188,top1998:2322,1191096,1,23,https://www.goodreads.com/work/quotes/1191096,"When you're the sane brother of a schizophrenic identical twin, the tricky thing about saving yourself is the blood it leaves on your hands--the little inconvenience of the look-alike corpse at your feet. And if you're into both survival of the fittest and being your brother's keeper--if you've promised your dying mother--then say so long to sleep and hello to the middle of the night. Grab a book or a beer. Get used to Letterman's gap-toothed smile of the absurd, or the view of the bedroom ceiling, or the indifference of random selection. Take it from a godless insomniac. Take it from the uncrazy twin--the guy who beat the biochemical rap.",,,
q00189,top1998:2322,1191096,1,25,https://www.goodreads.com/work/quotes/1191096,"Bless me, Father, for I have sinned,” I repeated. “But never as much as I have been sinned against!",,,
q00190,top1998:2322,1191096,1,26,https://www.goodreads.com/work/quotes/1191096,"Your twin brother is, as you said, an abandoned house. If no one is home, then someone is missing. So you grieve.",,,
q00191,top1998:2322,1191096,1,27,https://www.goodreads.com/work/quotes/1191096,"You are a steward of the pain and injustices people have visited upon you. Or, if you prefer we could call you a scrupulous coroner.",,,
q00192,top1998:2322,1191096,1,28,https://www.goodreads.com/work/quotes/1191096,"I learned that there are two young men lost in the woods. Not one. Two....I may never find one of the young men....He has been gone so long. The odds, I'm afraid may be against it. But as for the other, I may have better luck. The other young man may be calling me.",,,
q00193,top1998:2322,1191096,1,29,https://www.goodreads.com/work/quotes/1191096,That's the problem with survival of the fittest ... the corpse at your fett. That little inconvenience.,,,
q00194,top2000:1965,879027,1,0,https://www.goodreads.com/work/quotes/879027,"We don’t know a tenth of what there is to know,” Mr. Pendergast said. “Why we don’t even know a sixth.",,,
q00195,top2000:1965,879027,1,1,https://www.goodreads.com/work/quotes/879027,"As I scrubbed the floor I was scrubbing part of the world. And I was scrubbing my mind to make it clear. It was work that made me think clear, and it was work that made me humble. I could never talk fast, and I could never say what I meant to people, or tell them what they meant to me. My tongue was loosened by my feelings. It was with my hands and with my back and shoulders that I could say how I felt. I had to talk with my arms and my strong hands.",,,
q00196,top2000:1965,879027,1,2,https://www.goodreads.com/work/quotes/879027,"The good Lord made the world so we could earn our joy, Ma said. But it's no guarantee we'll ever be happy.",,,
q00197,top2000:1965,879027,1,3,https://www.goodreads.com/work/quotes/879027,"There is a smell that lung sickness gives people. It’s the smell of blood and congestion and fever. It’s the smell of blood mixed with air that hangs over a bed and fills a sickroom. It’s the smell of old blood, and blood that is fresh and already old. It’s the smell of a festering wound.",,,
q00198,top2000:1965,879027,1,4,https://www.goodreads.com/work/quotes/879027,It was the first time I ever noticed how the way the world looks don’t have a thing to do with what’s going on with people.,,,
q00199,top2000:1965,879027,1,5,https://www.goodreads.com/work/quotes/879027,"Lord,” he said, “for what we are about to receive make us truly thankful, and for the struggles of this life make us strong and worthy, and for the beauties of the world make us humble and grateful.",,,
q00200,top2000:1965,879027,1,6,https://www.goodreads.com/work/quotes/879027,There's no hope for a family that quarrels all the time.,,,
q00201,top2000:1965,879027,1,7,https://www.goodreads.com/work/quotes/879027,"I discovered hunger don’t make you resentful. Hunger makes you slow and brooding, like you are just waiting and waiting. You don’t feel like going anywhere or doing anything. Hunger makes you set around, makes you want to go to bed early and sleep late. You don’t want to think about nothing, for if you think you will think about good things to eat. When you’re hungry you don’t want to think at all. You want time to pass. You are waiting for something to happen. You don’t want to waste effort. You are saving the fat on your bones and the strength in your blood. You are saving your breath. When you’re hungry you don’t even daydream a lot. You just drift through the hours and the first thing you know another day is over, another night has gone by. Mostly you want to forget.",,,
q00202,top2000:5435,1516725,1,1,https://www.goodreads.com/work/quotes/1516725,"change?” Liz asked plaintively. They never saw him anymore, he was either at sports, at school, or at his girlfriend’s. Ever since he’d gotten his driver’s license, she felt as though he only slept there.",,,
q00203,top2000:7326,2067411,1,0,https://www.goodreads.com/work/quotes/2067411,"Life is sweet. . . Beyond the pain, life continues to be sweet. The basics are still there. Beauty, food and friendship, reservoirs of love and understanding. Later, possibly not yet, you are going to need others who will encourage you to make new beginnings. Welcome them. They will help you move on, to cherish happy memories and confront the painful ones with more than bitterness and anger.",,,
q00204,top2000:7326,2067411,1,1,https://www.goodreads.com/work/quotes/2067411,"And the wicked thing is, that when we're really upset, we always take it out on the people who are closest and whom we love the most.",,,
q00205,top2000:7326,2067411,1,2,https://www.goodreads.com/work/quotes/2067411,Life is so extraordinary. Wonderful surprises are just around the most unexpected corners.,,,
q00206,top2000:7326,2067411,1,3,https://www.goodreads.com/work/quotes/2067411,"Not his real name, darling, but my own name for him. I never thought it could be like this. I never thought one could be so close, and yet so different to a single human being. He is everything I've never been, and yet I love him more than any person or anything I've ever known.",,,
q00207,top2000:7326,2067411,1,4,https://www.goodreads.com/work/quotes/2067411,"It was better not to get too close to another person. The closer you got, the more likely you were to get hurt.",,,
q00208,top2000:7326,2067411,1,5,https://www.goodreads.com/work/quotes/2067411,You never really got to know people properly until you had seen them within the ambiance of their own home. Seen their furniture and their books and the manner of their lifestyle.,,,
q00209,top2000:7326,2067411,1,6,https://www.goodreads.com/work/quotes/2067411,Perhaps that was the worst of all. Not having someone to remember things with.,,,
q00210,top2000:7326,2067411,1,7,https://www.goodreads.com/work/quotes/2067411,"She had been impulsive all her life, made decisions without thought for the future, and regretted none of them, however dotty. Looking back, all she regretted were the opportunities missed, either because they had come along at the wrong time or because she had been too timid to grasp them.",,,
q00211,top2000:7326,2067411,1,8,https://www.goodreads.com/work/quotes/2067411,"She was totally without artifice. If she had nothing to say, she said nothing. If she spoke, or aired an opinion, it was deliberate, considered, intelligent. She did not seem to know the meaning of small talk, and while others chatted, over meals or an evening drink, she was always attentive, but often silent. Her relationships, however, were deeply affectionate and caring.",,,
q00212,top2000:7326,2067411,1,9,https://www.goodreads.com/work/quotes/2067411,"Life, for both of us, can never be the same as it was, but it can be different; and you have proved to me that it can be good.",,,
q00213,top2000:7326,2067411,1,11,https://www.goodreads.com/work/quotes/2067411,The only way to make disasters bearable is to laugh about them.,,,
q00214,top2000:7326,2067411,1,12,https://www.goodreads.com/work/quotes/2067411,"As for God, I frankly admit that I find it easier to live with the age-old questions about suffering than with many of the easy or pious explanations offered from time to time. Some of which seem to verge on blasphemy. I hope so much that no one has sought to try and comfort you by saying that God must have needed Francesca more than you. I would find it impossible to worship a God who deliberately stole my child from me. Such a God would be a moral monster.",,,
q00215,top2000:7326,2067411,1,15,https://www.goodreads.com/work/quotes/2067411,"Oscar and I are very close, and yet I know that part of him is still withdrawn, even from me. As though part of him was still in another place. Another country. Journeying, perhaps. Or in exile. Across the sea. And I can't be with him, because I haven't got the right sort of passport.",,,
q00216,top2000:7326,2067411,1,16,https://www.goodreads.com/work/quotes/2067411,"Her companionship had saved his reason, and in her own uncomplicated way she had got him through the blackest times, comforting by simply accepting his limitations.",,,
q00217,top2000:7326,2067411,1,17,https://www.goodreads.com/work/quotes/2067411,"- Elfrida, are you about to cry?- I might be.- Why?- Relief. ♥",,,
q00218,top2000:7326,2067411,1,18,https://www.goodreads.com/work/quotes/2067411,"Grief was not a state of mind, but a physical thing, a void, a deadening blanket of unbearable pain, precluding all solace.",,,
q00219,top2000:7326,2067411,1,19,https://www.goodreads.com/work/quotes/2067411,One just had to be content with what had happened so far.,,,
q00220,top2000:7326,2067411,1,20,https://www.goodreads.com/work/quotes/2067411,What’s this? Bacon and tangerines. We are going to have an orgy.,,,
q00221,top2000:7326,2067411,1,21,https://www.goodreads.com/work/quotes/2067411,"I know we didn’t have very long together, but what we did have was special. Not many people achieve such happiness, even for a year or two.",,,
q00222,top2000:7326,2067411,1,22,https://www.goodreads.com/work/quotes/2067411,Churches are so nice when they're empty. Like empty streets. You can see their shape.,,,
q00223,top2000:7326,2067411,1,23,https://www.goodreads.com/work/quotes/2067411,"but had forgotten all their names. A light burnt over the door. He went up the path, sea-pebbles crunching",,,
q00224,top2000:7326,2067411,1,24,https://www.goodreads.com/work/quotes/2067411,"He thought back over the extraordinarily coincidental chain of events that had brought him here, at this particular time, and then left him marooned, so that he had no choice but to stay. With hindsight, it seemed as though it had all been carefully mapped out by fate.",,,
q00225,top2000:7326,2067411,1,25,https://www.goodreads.com/work/quotes/2067411,"Carrie could not remember how long it was since some other person had cherished her. Had said, 'You look tired.' And, 'How about a little rest?' She had spent too many years being strong, looking after others and their problems...The day progressed, and through her window Carrie watched the weather and was glad she did not have to be out in it. Snow showers came and went; the sky was grey. From time to time she heard the faint keening of wind, whining around the old house. It was all rather cosy. She remembered as a child being ill, and in bed, and the awareness of others getting on with the business of day-to-day life without herself having to participate in any sort of way. Telephones rang, and someone else hurried to answer the call. Footsteps came and went; from behind the closed door, voices called and answered. Doors opened and shut. Towards noon, there came smells of cooking. Onions frying, or perhaps a pot of soup on the boil. The luxuries of self-indulgence, idleness, and total irresponsibility were all things that Carrie had long forgotten.",,,
q00226,top2000:7326,2067411,1,26,https://www.goodreads.com/work/quotes/2067411,Oh.” Elfrida made much effort not to appear too astonished. She had never seen any person in her life less likely to be a minister’s wife.,,,
q00227,top2000:7326,2067411,1,27,https://www.goodreads.com/work/quotes/2067411,"Before Elfrida Phipps left London for good and moved to the country, she made a trip to Battersea Dogs' Home, and returned with a canine companion. It took a good, and heart-rending, half hour of searching, but as soon as she saw him, sitting very close to the bars of his kennel and gazing up at her with dark and melting eyes, she knew he was the one. She did not want a large animal, nor did she relish the idea of a yapping lap dog. This one was exactly the right size. Dog size.",,,
q00228,top2000:7326,2067411,1,29,https://www.goodreads.com/work/quotes/2067411,"Carrie had always been told that the eyes are the mirror of the soul, but had long ago decided that a person’s mouth is the true giveaway of character.",,,
q00229,top2001:567,2731250,1,0,https://www.goodreads.com/work/quotes/2731250,It struck her all at once that dealing with other human beings was an awful lot of work.,,,
q00230,top2001:567,2731250,1,1,https://www.goodreads.com/work/quotes/2731250,"There is no true life. Your true life is the one you end up with, whatever it may be. You just do the best you can with what you've got.",,,
q00231,top2001:567,2731250,1,3,https://www.goodreads.com/work/quotes/2731250,"And she thought what a clean, simple life she would have led if it weren't for love.",,,
q00232,top2001:567,2731250,1,4,https://www.goodreads.com/work/quotes/2731250,I write because I want to have more than one life.,,,
q00233,top2001:567,2731250,1,6,https://www.goodreads.com/work/quotes/2731250,"Let's say you had to report back to heaven at the end of your time on earth, tell them what your personal allotment of experience had been: wouldn't it sound like Poppy's speech? The smell of radiator dust on a winter morning, the taste of hot maple syrup ...",,,
q00234,top2001:567,2731250,1,7,https://www.goodreads.com/work/quotes/2731250,She passed her New York Reviews on to Troy without giving them a glance; she told him she thought there was something perverted about book reviews that were longer than the books they were reviewing.,,,
q00235,top2001:567,2731250,1,8,https://www.goodreads.com/work/quotes/2731250,It’s never too late to do what you want to do.’ Remember that.,,,
q00236,top2001:567,2731250,1,11,https://www.goodreads.com/work/quotes/2731250,"Sometimes Rebecca thought that the whole point of having lots of daughters was, the law of averages said at least one of them might behave right at any given time.",,,
q00237,top2001:567,2731250,1,13,https://www.goodreads.com/work/quotes/2731250,"The idea came from one time when I was waiting for one of the girls at the airport and I saw this huge, happy, noisy crowd carrying balloons and placards and video cameras and regular cameras and flowers and wrapped gifts, and then the plane landed and a woman walked in with a tiny little button of a baby, Korean I think or Chinese, and the crowd started cheering and this couple stepped forward and the wife held out her arms and the woman gave her the baby and … I’ve always felt sort of cheated that we haven’t had any adoptions in our family. Adoption is more sudden than pregnancy, don’t you think? It’s more dramatic. So I said, ‘Why don’t we welcome our babies like that?",,,
q00238,top2001:567,2731250,1,14,https://www.goodreads.com/work/quotes/2731250,"Once upon a time, there was a woman who discovered that she had turned into the wrong person.",,,
q00239,top2001:567,2731250,1,15,https://www.goodreads.com/work/quotes/2731250,"(Always give guests some useful task, if you want them to feel a part of things.)",,,
q00240,top2001:5621,7403922,1,0,https://www.goodreads.com/work/quotes/7403922,the enduring struggle to capture in words the infinite possibilities of a life not lived.,,,
q00241,top2001:5621,7403922,1,1,https://www.goodreads.com/work/quotes/7403922,I have always been faithful to you if faithful means the experience against which everything else has been measured.,,,
q00242,top2001:5621,7403922,1,2,https://www.goodreads.com/work/quotes/7403922,"That I have no right to be jealous is irrelevant. It is a human passion: the sick, white underbelly of love.",,,
q00243,top2001:5621,7403922,1,4,https://www.goodreads.com/work/quotes/7403922,"It was probably not so unusual to be a different person with a different man, for all parts were authentically within, waiting to be coaxed out by one person or another",,,
q00244,top2001:5621,7403922,1,5,https://www.goodreads.com/work/quotes/7403922,"She felt with the shiver the rare sensation that she was exactly where she should be. She was an idea, a memory, one perfect possibility out of an infinite number.",,,
q00245,top2001:5621,7403922,1,6,https://www.goodreads.com/work/quotes/7403922,"Years had passed, and all of life was different now.",,,
q00246,top2002:1936,2818729,1,0,https://www.goodreads.com/work/quotes/2818729,"It's funny how close the past is, sometimes. Sometimes it seems as if you could almost reach out and touch it. Only who really wants to?",,,
q00247,top2002:1936,2818729,1,1,https://www.goodreads.com/work/quotes/2818729,You don't always talk with your mouth. Sometimes what you say with your mouth hardly matters at all. You have to signify,,,
q00248,top2002:1936,2818729,1,2,https://www.goodreads.com/work/quotes/2818729,"I thought of telling him I didn't know about reasons, only about chains—how they form themselves, link by link, out of nothing; how they knit themselves into the world. Sometimes you can grab a chain and use it to pull yourself out of a dark place. Mostly, though, I think you get wrapped up in them. Just caught, if you're lucky. Fucking strangled, if you're not.",,,
q00249,top2002:1936,2818729,1,3,https://www.goodreads.com/work/quotes/2818729,Law enforcement: a case of good men doing bad chores.,,,
q00250,top2002:1936,2818729,1,4,https://www.goodreads.com/work/quotes/2818729,"Tonight, however, the impossible was selling cheap.",,,
q00251,top2002:1936,2818729,1,5,https://www.goodreads.com/work/quotes/2818729,"But people have a really amazing capacity to get used to stuff, even stuff they don’t understand. A comet shows up in the sky and half the world goes around bawling about the Last Days and the Four Horsemen, but let the comet stay there six months and no one even notices. It’s a big ho-hum.",,,
q00252,top2002:1936,2818729,1,6,https://www.goodreads.com/work/quotes/2818729,"I went into the can and shut the door before he had a chance to reply. And the next fifteen seconds or so were pure relief. Like beer, iced tea is something can can't buy, only rent.",,,
q00253,top2002:1936,2818729,1,7,https://www.goodreads.com/work/quotes/2818729,"Take the dog with you,” I said.",,,
q00254,top2002:1936,2818729,1,8,https://www.goodreads.com/work/quotes/2818729,"The imitation lives we see on TV and in the movies whisper the idea that human existence consists of revelations and abrupt changes of heart; by the time we’ve reached full adulthood, I think, this is an idea we have on some level come to accept. Such things may happen from time to time, but I think that for the most part it’s a lie. Life’s changes come slowly…the whole idea of curious cats attaining satisfaction seemed slightly absurd. The world rarely finishes its conversations.",,,
q00255,top2002:1936,2818729,1,9,https://www.goodreads.com/work/quotes/2818729,"All of us look younger and sweeter when we smile our real smiles, the ones that come when we're genuinely happy.",,,
q00256,top2002:1936,2818729,1,10,https://www.goodreads.com/work/quotes/2818729,"Bosh."" It was Curtis's favorite word in 1983. Sandy hated it. He thought it was a snotty word.",,,
q00257,top2002:1936,2818729,1,13,https://www.goodreads.com/work/quotes/2818729,Those two guys distrusted scientists. You know what Tony called them? Death’s cropdusters.,,,
q00258,top2002:1936,2818729,1,14,https://www.goodreads.com/work/quotes/2818729,"Tony say on more than one occasion that when it came to the PSP (or any law enforcement agency worth its salt), one could best assess a man’s worth by the truthful answer to a single question: How are things at home?",,,
q00259,top2002:1936,2818729,1,15,https://www.goodreads.com/work/quotes/2818729,"What did he say then?” “What any man says when things are all right at home,” I told him. “He said he was a lucky man.",,,
q00260,top2002:1936,2818729,1,16,https://www.goodreads.com/work/quotes/2818729,"The coach has a little boy, must be about three. And one day last week when I went overtown to pick Ned up, I saw him down on one knee, playing toss with that little boy in left field. And I fell in love with my kid all over again, Sandy. As strong as when I first held him in my arms, wrapped in a blanket. Isn’t that funny?” Sandy doesn’t think it’s funny. He thinks it’s maybe all the truth the world needs about men.",,,
q00261,top2002:1936,2818729,1,17,https://www.goodreads.com/work/quotes/2818729,"There was no sense trying to reason your way through such moments, or trying to understand that neurotic attraction; best to just step back from the drop, put the gun back in its holster, drive away from the barracks.",,,
q00262,top2002:1936,2818729,1,18,https://www.goodreads.com/work/quotes/2818729,These days it’s a lot more about how you feel than what you do. And I think that’s wrong.,,,
q00263,top2002:1936,2818729,1,19,https://www.goodreads.com/work/quotes/2818729,He got them where they belonged only after poking one bow into his mouth and the other into his left eyebrow.,,,
q00264,top2002:1936,2818729,1,20,https://www.goodreads.com/work/quotes/2818729,"A harmonic,” Tony said. “That’s when two things start to vibrate together, like tuning-forks or wine-glasses.” Curtis was nodding. “Yeah, that’s it. I don’t know what could be causing it, but it’s very powerful. It seemed to settle right in the middle of my head, the way the sound of the powerlines up on the Bluff does when you’re standing right underneath them. This is going to sound crazy, but after a minute or so, that hum almost sounded like talking.",,,
q00265,top2002:1936,2818729,1,21,https://www.goodreads.com/work/quotes/2818729,"there’s a pulse in our heads, all right, same as there’s one in our chests, and it carries unformed, no-language thoughts that most times we can’t even read, and they are usually the important ones.",,,
q00266,top2002:1936,2818729,1,22,https://www.goodreads.com/work/quotes/2818729,"He had decided the time had come to put the games away, that’s all.",,,
q00267,top2002:1936,2818729,1,23,https://www.goodreads.com/work/quotes/2818729,"People can get used to just about anything. That’s the best of our lives, I guess. Of course, it’s the horror of them, too.",,,
q00268,top2002:1936,2818729,1,25,https://www.goodreads.com/work/quotes/2818729,"All at once I felt like crying. And while I am at it, that's the other thing about men - just when you are at your most disgusted with them, they can lay you out some gratuitous act of generosity and all at once, stupid but true, instead of being mad you feel ashamed of yourself for ever having a mean and cynical thought about them.",,,
q00269,top2002:3237,943470,1,0,https://www.goodreads.com/work/quotes/943470,"The greater the love, the greater the tragedy when it's over.",,,
q00270,top2002:3237,943470,1,1,https://www.goodreads.com/work/quotes/943470,"While I sleep, I dream of you, and when I wake, I long to hold you in my arms. If anything, our time apart has only made me more certain that I want to spend my nights by your side, and my days with your heart.",,,
q00271,top2002:3237,943470,1,2,https://www.goodreads.com/work/quotes/943470,"People want pretty much the same things: They wanted to be happy. Most young people seemed to think that those things lay somewhere in the future, while most older people believed they lay in the past.",,,
q00272,top2002:3237,943470,1,3,https://www.goodreads.com/work/quotes/943470,"Too many people seem to believe that silence was a void that needed to be filled, even if nothing important was said.",,,
q00273,top2002:3237,943470,1,4,https://www.goodreads.com/work/quotes/943470,"I've been thinking about you constantly since I left, wondering why the journey I'm on seemed to have led through you. I know my journey's not over yet, and that life is a winding path, but I can only hope it somehow circles back to the place I belong. That's how I think of it now. I belong with you.",,,
q00274,top2002:3237,943470,1,5,https://www.goodreads.com/work/quotes/943470,"Making love, she'd always believed, was more than simply a pleasurable act between two people. It encompassed all that a couple was supposed to share: trust & commitment, hopes & dreams, a promise to make it through whatever the future might bring.",,,
q00275,top2002:3237,943470,1,6,https://www.goodreads.com/work/quotes/943470,"Before we met, I was as lost as a person could be and yet you saw something in me that somehow gave me direction again.",,,
q00276,top2002:3237,943470,1,7,https://www.goodreads.com/work/quotes/943470,"As hard as it was, as terrible and unfair as the way things turned out, i wouldn't have traded the few days i spent with him for anything",,,
q00277,top2002:3237,943470,1,8,https://www.goodreads.com/work/quotes/943470,"I love you now for what we've already shared, and I love you now in anticipation of all that's to come.",,,
q00278,top2002:3237,943470,1,10,https://www.goodreads.com/work/quotes/943470,Then you came along and helped me believe in myself again.,,,
q00279,top2002:3237,943470,1,11,https://www.goodreads.com/work/quotes/943470,"I know we loved each other, but distance can do strange things to people and before I was willing to tell you about it, I wanted to be certain that it would last",,,
q00280,top2002:3237,943470,1,12,https://www.goodreads.com/work/quotes/943470,"Sometimes there would be someone else out there, someone she didn't know, but when they saw each other each would nod, as if making a secret pact. No question, no small talk..agreed",,,
q00281,top2002:3237,943470,1,13,https://www.goodreads.com/work/quotes/943470,"There's so much I wish for these days, but most of all, I wish you were here. It's strange, but before I met you, I couldn't remember the last time that I cried. Now, it seems that tears come easily to me...but you have a way of making my sorrows seem worthwhile, of explaining things in a way that lessens my ache. You are a treasure, a gift, and when we're together again, I intend to hold you until my arms are weak and I can do it no longer. My thoughts of you are sometimes the only things that keep me going.",,,
q00282,top2002:3237,943470,1,14,https://www.goodreads.com/work/quotes/943470,Love is the essence of a full and wonderful life.,,,
q00283,top2002:3237,943470,1,15,https://www.goodreads.com/work/quotes/943470,"When I write to you, I feel your breath; when you read them, I imagine you feel mine. Is it that way with you too? These letters are part of us now, part of our history, a reminder forever that we made it through this time. Thank you for helping me survive this year, but more than that, thank you in advance for all the years to come.",,,
q00284,top2002:3237,943470,1,16,https://www.goodreads.com/work/quotes/943470,"Men are like that sometimes - if they meet someone and fall in love, it's real, no matter how fast it happened. But if someone falls for a woman they happen to care about, all they do is question the man's intentions.",,,
q00285,top2002:3237,943470,1,18,https://www.goodreads.com/work/quotes/943470,"Young and old, male or female, pretty much everyone she knew wanted the same things: They wanted to feel peace in their hearts, they wanted a life without turmoil, they wanted to be happy.",,,
q00286,top2002:3237,943470,1,20,https://www.goodreads.com/work/quotes/943470,"I know you've only ever known your father and me. And I love Jack, because he is your father. But there's another kind of love, Amanda. One that gives you the courage to be better than you are, not less than you are. One that makes you feel that anything is possible. I want you to know that you could have that. I want you to hold out for it.",,,
q00287,top2002:3237,943470,1,21,https://www.goodreads.com/work/quotes/943470,"She had fallen in love with a stranger in the course of a weekend, and she would never fall in love again.",,,
q00288,top2002:3237,943470,1,22,https://www.goodreads.com/work/quotes/943470,"Remembering those days always aroused a mixture of emotions in her—something akin to, but not quite, nostalgia. Nostalgia was often romanticized; with these memories, there was no reason to make them any more romantic than they already were. Nor did she share these memories with others. They were hers, and over the years, she’d come to view them as a sort of museum exhibit, one in which she was both the curator and the only patron.",,,
q00289,top2002:3237,943470,1,23,https://www.goodreads.com/work/quotes/943470,"If Mark’s words had once made him angry, Martha’s words left him stunned. He started to try to talk her out of it, but Martha gently cut him off. “Will you really miss me?” she said. “We hardly know each other anymore.” “I can change,” he said. Martha smiled. “I know you can. And you should. But you should do it because you want to, not because you think I want you to.",,,
q00290,top2002:3237,943470,1,24,https://www.goodreads.com/work/quotes/943470,"Standing in the pouring rain, she felt the pull of the person he was, and the person she realized she wanted to be. By",,,
q00291,top2002:3237,943470,1,25,https://www.goodreads.com/work/quotes/943470,"It was any combination of a thousand things, she told herself, but it wasn’t love. And",,,
q00292,top2002:3237,943470,1,26,https://www.goodreads.com/work/quotes/943470,listening to the distant and imagined echo of waves as they broke along the shore on a stormy night in Rodanthe.,,,
q00293,top2002:3237,943470,1,27,https://www.goodreads.com/work/quotes/943470,"Everything she did had a purpose, and though she believed she was keeping her life orderly in this way, she now realized that it had been a mistake. It",,,
q00294,top2002:3237,943470,1,28,https://www.goodreads.com/work/quotes/943470,he was glad that he’d never had to live near people who pushed paper for a living and weren’t comfortable if the temperature at work wasn’t exactly seventy-two degrees.,,,
q00295,top2002:3237,943470,1,29,https://www.goodreads.com/work/quotes/943470,"In spite of the direction his medical practice had taken in later years, he’d always remained less interested in appearance than those things a person couldn’t see: kindness and integrity, humor and sensibility.",,,
q00296,top2003:509,411077,1,0,https://www.goodreads.com/work/quotes/411077,"Just thinking about them brought a sob to her throat. Chloe pressed her back against the wall and lowered herself to the cold floor. “God, please, bring to mind Scriptures you want me to hear right now. Don’t let hunger or fatigue or fear keep me from remembering. You know who I am and who I’m not. I just want to be what you want me to be. You know better than I that you’re working with imperfection here.",,,
q00297,top2003:5567,106431,1,0,https://www.goodreads.com/work/quotes/106431,"Fear is not the answer, not ever.",,,
q00298,top2003:5567,106431,1,1,https://www.goodreads.com/work/quotes/106431,"Oz thinks I'm beautiful,"" she whispered to the stars.",,,
q00299,top2003:5567,106431,1,2,https://www.goodreads.com/work/quotes/106431,"I'm Dr. Ethan Kane, director of the Hauer Institute. My senior medical staff joins me in welcoming all of you to Maryland and to Liberty General Hospital. Think of it! You've been chosen to make an extraordinary journey with us. You'll be making medical history, making some very good money as well, and this will be the best experience you've ever had. I guarantee it!",,,
q00300,top2003:5567,106431,1,3,https://www.goodreads.com/work/quotes/106431,"My anxiety level was rising pretty fast now. Visits with the FBI can do that to you, I guess. I'd had bad experiences with them before. Ironically, so had Kit. They're good people, mostly, but something got screwed up along the way. I guess that's what happen when J. Edgar Hoover is your daddy. Talk about the road to perdition.",,,
q00301,top2003:5567,106431,1,4,https://www.goodreads.com/work/quotes/106431,There's no such thing as justice in America. It's all a fairy tale.,,,
q00302,top2004:4540,838459,1,0,https://www.goodreads.com/work/quotes/838459,"He wished he had inhabited more of his life, used it better, filled it fuller.",,,
q00303,top2004:4540,838459,1,1,https://www.goodreads.com/work/quotes/838459,She was good at talking with young people. She seemed to view them as interesting foreigners.,,,
q00304,top2004:4540,838459,1,2,https://www.goodreads.com/work/quotes/838459,"It wasn't what you said"", he told her.""It was how I felt when you said it"".",,,
q00305,top2004:4540,838459,1,3,https://www.goodreads.com/work/quotes/838459,"Sometimes he fantasised that at the end of his life, he would be shown a home movie of all the roads he had not taken, and where they would have led.",,,
q00306,top2004:4540,838459,1,4,https://www.goodreads.com/work/quotes/838459,"And over such a trivial issue, after all their years together! She couldn't even exactly remember the issue! Why that particular one? Why not any of the hundreds of others?Once again Michael hesitated, but then he turned toward the foyer. She heard the front door latch, and a moment later his car lights lit up and backed out of the driveway. She went on staring straight ahead of her. She had a slippery, off-balance feeling, the feeling a person might get if she were sitting on a stopped train and the train next to hers started gliding away and she wasn't sure, for a second, whether it was her train or the other one that was moving.",,,
q00307,top2004:4540,838459,1,5,https://www.goodreads.com/work/quotes/838459,"Walking a small child was like herding water, Michael used to think when his own children were small. Heaven only knew what they'd take into their heads to do next - dart in front of a speeding car or throw a tantrum in mid-traffic or stop to pick a soaked cigar butt out of the gutter.",,,
q00308,top2004:4540,838459,1,6,https://www.goodreads.com/work/quotes/838459,"She didn’t even know if she liked them, in fact, and perhaps she didn’t like them, but by now it hardly mattered because how would she ever start over with somebody new, at this point?",,,
q00309,top2004:4540,838459,1,7,https://www.goodreads.com/work/quotes/838459,"For once, the tears wouldn't come. She saw that Michael might have been right. It really could be too cold to snow.",,,
q00310,top2004:4540,838459,1,8,https://www.goodreads.com/work/quotes/838459,"because a longtime family joke was how Pauline put so much stock in marking occasions with gifts. Pauline made a shooing gesture with one hand (people tended to exaggerate her character, she felt), and Karen went on. “Mom, Dad, this is from all of us. We wanted to give you something to remind you of these past thirty years.” And she took the package from George",,,
q00311,top2004:2747,3236105,1,3,https://www.goodreads.com/work/quotes/3236105,"for speaking events. To find out more, go to hachettespeakersbureau.com",,,
q00312,top2004:4133,817175,1,0,https://www.goodreads.com/work/quotes/817175,"I married an asshole, she thought, knifing into the waves.",,,
q00313,top2004:4133,817175,1,1,https://www.goodreads.com/work/quotes/817175,What’s it called when you start hating yourself?” “A waste of energy.,,,
q00314,top2004:4133,817175,1,2,https://www.goodreads.com/work/quotes/817175,Love isn't about thinking. You should know that by now.,,,
q00315,top2004:4133,817175,1,3,https://www.goodreads.com/work/quotes/817175,"We get along fine. In return for food and shelter, they give me unconditional indifference.",,,
q00316,top2004:4133,817175,1,4,https://www.goodreads.com/work/quotes/817175,"Earl, you can’t walk around with a lead slug up your bottom. It’s bound to affect your outlook.” Tool jerked his hand away. “I’ll get it took care of, I swear.” “It could well be the turning point in your life,” she said. “What they call an epiphany. Or at least a catharsis.” He assumed those to be the surgical terms for a bullet removal, and he promised Maureen he would schedule the operation as soon as he got a break in his bodyguarding schedule.",,,
q00317,top2004:4133,817175,1,5,https://www.goodreads.com/work/quotes/817175,"[on the way to Flamingo midnight blackmail rendezvous] Only one road led there, a two-lane blacktop that sliced through thirty-eight miles of unbroken scrub, cypress heads and saw-grass prairies. Although they were speeding through absolute darkness, Joey sensed a pulse of unseen life all around them...By now it was ten o'clock and most of the campers, besieged by insects, had retreated to their sleeping bags.",,,
q00318,top2004:4133,817175,1,6,https://www.goodreads.com/work/quotes/817175,"Ricca, the witch, was alive. God only knew what Red Hammernut was up to. The blackmailer wanted the money tomorrow night. And topping it all was the videocassette that had been waiting on Charles Perrone’s doorstep when he returned home from church. The tape was grainy and underlit, but the images were sufficiently distinct that Chaz instantly realized what he was watching.",,,
q00319,top2004:4133,817175,1,7,https://www.goodreads.com/work/quotes/817175,"Hey, where’s your girlfriend? The one that was down at Flamingo?” “Oh, she’s home cleaning the machine guns.” Tool wasn’t sure if the guy was joking. Then, out of the blue, it hit him—that’s who the picture on the altar looked like: the blackmailer’s girlfriend.",,,
q00320,top2004:4133,817175,1,8,https://www.goodreads.com/work/quotes/817175,"You’d be surprised,” he said. “Just the other night, some guy pushed his wife overboard.” The snip-snip-snip of the shears ceased.",,,
q00321,top2004:4133,817175,1,9,https://www.goodreads.com/work/quotes/817175,"Mick Stranahan’s sister was married to a lawyer named Kipper Garth, inept in all aspects of the profession except self-promotion.",,,
q00322,top2004:4133,817175,1,10,https://www.goodreads.com/work/quotes/817175,"Poison,” said Rose Jewell with a frown. “No thanks.” She was about forty years old and fearlessly attractive. The detective office had come to a standstill when she’d walked in—white cotton pullover, tight stonewashed jeans, high heels. Her hair was a wattage of blond unknown in Minnesota, the land of blondes. Even Rolvaag was slightly nervous.",,,
q00323,top2004:4133,817175,1,11,https://www.goodreads.com/work/quotes/817175,"One spring evening in 1896, a prominent Pennsylvanian named Hamilton Disston blew his brains out in a bathtub. He had become gravely depressed after depleting his inheritance on a grandiose campaign to drain 4 million acres of Florida swamp known as the Everglades. Although Disston died believing himself a failure, he was later proven a pioneer and an inspiration. In the years that followed, one version or another of his rapacious fantasy was pursued by legions of avaricious speculators—land developers, bankers, railroad barons, real-estate promoters, citrus growers, cattle ranchers, sugar tycoons and, last but not least, the politicians they owned.",,,
q00324,top2004:4133,817175,1,12,https://www.goodreads.com/work/quotes/817175,"The man called Tool lived in a trailer outside of LaBelle, not far from Lake Okeechobee. The trailer had come with a half-acre parcel upon which the previous owner had cultivated tomatoes, a crop despised by Tool since his days as a crew boss.",,,
q00325,top2004:4133,817175,1,13,https://www.goodreads.com/work/quotes/817175,"he embarked upon an ambitious research project that ultimately connected him with a person named Samuel Johnson Hammernut, known as “Red” to both friends and enemies. Hammernut’s name had become familiar to Chaz through archived newspaper articles that alleged recurring atrocities against his fellowmen—specifically, immigrant farmworkers—as well as the planet itself.",,,
q00326,top2004:4133,817175,1,14,https://www.goodreads.com/work/quotes/817175,"Then one morning, while shredding newspapers for the rodent cages, he spotted a headline that would change his destiny: CONGRESS MULLS $8 BILLION PLAN FOR EVERGLADES RESTORATION.",,,
q00327,top2004:4133,817175,1,15,https://www.goodreads.com/work/quotes/817175,"The detective had moved to Fort Lauderdale from St. Paul because his wife had inexplicably yearned to experience humidity. A decade later she was back in the Twin Cities and Rolvaag was still in Florida, divorced and sweating like a hog for eleven and a half months of the year.",,,
q00328,top2004:4133,817175,1,16,https://www.goodreads.com/work/quotes/817175,"Detective Karl Rolvaag belonged in the Midwest. This he knew in his heart, and he was reminded of it every day when he went to work.",,,
q00329,top2004:4133,817175,1,17,https://www.goodreads.com/work/quotes/817175,"Stranahan didn’t consider himself an eccentric or a hermit, even though at age fifty-three he lived alone on an island at the edge of the Atlantic with no landline, satellite dish or personal computer.",,,
q00330,top2004:4133,817175,1,18,https://www.goodreads.com/work/quotes/817175,"Stranahan hadn’t wanted to give up his job, but it had been discreetly explained that for political reasons the state attorney could not keep on staff an investigator (even a productive one) who had killed a duly elected judge (even a crooked one). So Stranahan had accepted the ludicrous buyout and purchased himself an old wooden stilt house in Biscayne Bay, where he had lived mostly unmolested for years until Hurricane Andrew smashed the place to splinters.",,,
q00331,top2004:4133,817175,1,19,https://www.goodreads.com/work/quotes/817175,"Chaz thought that he would eventually charm his new bride into sharing her vast inheritance. He had pictured the intimate ceremony taking place in the bedroom, of course, after a night of athletic lovemaking—Joey, still aglow, unfolding the pre-nup and holding it to the flame of a lilac-scented candle. It had never happened, though, and after nearly two years of waiting Chaz had given up hope. Joey wasn’t hoarding the family fortune so much as ignoring it, which Chaz regarded as a crime against nature. What was the point, he’d asked himself, of staying wed to a wealthy woman who refused to act like one? The answer: There was no point.",,,
q00332,top2004:4133,817175,1,20,https://www.goodreads.com/work/quotes/817175,"Her most distinct memories of their first twelve months of marriage were scenes of reliably torrid sex, which turned out to be Chaz’s singular shining talent. It was also his obsession. During their more revelatory second year together, Joey came to realize that she’d mistaken her husband’s indefatigable urge to rut for ardor, when, in truth, for him it was no more personal than isometrics. She also became acutely aware that Chaz did not regard matrimony as an exclusive carnal arrangement.",,,
q00333,top2004:4133,817175,1,21,https://www.goodreads.com/work/quotes/817175,"Chaz had proudly informed her that he was a biologist, and that he was attending a convention of distinguished scientists working to save the Everglades. He’d further confided that he was supposed to be taking a VIP safari tour of the Animal Kingdom but was instead sneaking out to play Bay Hill, the favorite hometown golf course of none other than Tiger Woods. Joey had been attracted to Chaz not only by his good looks, but by his involvement in such a lofty mission as rescuing Florida’s imperiled wilderness from greedy polluters. At the time he’d seemed like a fine catch, though in retrospect Joey realized that her judgment had been skewed by previous disappointments. Before meeting Chaz, she had been dumped in chilly succession by a tennis pro, a lifeguard and a defrocked pharmacist, a grim streak that destabilized her self-esteem as well as her standards.",,,
q00334,top2004:4133,817175,1,22,https://www.goodreads.com/work/quotes/817175,"At graduation, the entire Rosenstiel faculty rose as one to cheer Chaz as he crossed the stage, so elated were they to see the last of him.",,,
q00335,top2004:4133,817175,1,23,https://www.goodreads.com/work/quotes/817175,"It was a buoyant and eager postgraduate who arrived at the Rosenstiel campus on Virginia Key, for he had grandly envisioned himself sailing the lazy tropics on a schooner, tracking pods of playful bottlenosed dolphins. In this fantasy, Chaz held binoculars in one hand and a frosty margarita in the other.",,,
q00336,top2004:4133,817175,1,24,https://www.goodreads.com/work/quotes/817175,"Charles Regis Perrone was a biologist by default. Medical school had been his first goal--specifically, a leisurely career in radiology. The promise of wealth had attracted him to health care, but as a devoted hypochondriac he was repelled by the idea of interacting with actual sick people.",,,
q00337,top2004:4133,817175,1,25,https://www.goodreads.com/work/quotes/817175,"At heart Chaz Perrone was irrefutably a cheat and a maggot, but he had always shunned violence as dutifully as a Quaker elder. Nobody who knew him, including his few friends, would have imagined him capable of homicide. Chaz himself was somewhat amazed that he'd actually gone through with it.",,,
q00338,top2004:4133,817175,1,26,https://www.goodreads.com/work/quotes/817175,"Damn if Oprah wasn't yakking with three movie actresses about what a hassle it was to be famous and have photographers snooping around, following you to the grocery and the ATM, whatever. Tool didn't feel one tiny bit sorry for her and them other gals, on account of they was rich enough to build twenty-foot walls around their mansions if they wanted. Butlers, bodyguards, the best of everything. Tool found himself thinking about Maureen, the old lady at Elysian Manor, alone and dying of God knows what kind of rotten cancer. Damn nurses won't even let her out of the sack to take a shower or go to the can. There's somebody would trade places with them actresses in a heartbeat, Tool thought, Maureen would. She'd be smilin' and wavin' at them photographers, she'd be so grateful not to be sick.",,,
q00339,top2004:4133,817175,1,27,https://www.goodreads.com/work/quotes/817175,"I thought this was supposed to be a class neighborhood, what they call upscale. Hell, I live in a trailer park, and I wouldn't let my dogs take a leak on somebody's personal vee-hicle.",,,
q00340,top2004:4133,817175,1,28,https://www.goodreads.com/work/quotes/817175,"Wouldn't it be a treat, Chaz thought, to have just one goddamn day when nobody fucked with my head?",,,
q00341,top2004:4133,817175,1,29,https://www.goodreads.com/work/quotes/817175,"Stranahan told her not to mistake arrogance for pride. ""A guy like Chaz can revive his ego with the palm of his hand.",,,
q00342,top2004:4133,817175,2,0,https://www.goodreads.com/work/quotes/817175?page=2,"I wouldn't trust the guy alone with my bowling ball, that's what a horndog he is.",,,
q00343,top2004:4133,817175,2,2,https://www.goodreads.com/work/quotes/817175?page=2,"I believe it's never too late to change. I'm eighty-one years old, but I still think I can be a better person tomorrow than I am today. And that's what I'll believe until I run out of tomorrows.",,,
q00344,top2004:4133,817175,2,3,https://www.goodreads.com/work/quotes/817175?page=2,"Maureen closed her eyes. "" Listen to me, Earl. It's yourself you ought to be thinking about. Life goes by so darn fast, every wasted moment is a crime."" One blue eye opened and fixed on him. ""And every crime is a wasted moment.",,,
q00345,top2004:4133,817175,2,4,https://www.goodreads.com/work/quotes/817175?page=2,"A big farming operation like his was a challenging enterprise, relying as it did on rampant pollution and the systematic mistreatment of immigrant labor. For Red it was no small feat to keep the feds off his back while at the same time soaking taxpayers for lucrative crop subsidies and dirt-cheap loans that might or might not be repaid this century.",,,
q00346,top2004:4133,817175,2,5,https://www.goodreads.com/work/quotes/817175?page=2,"The dog proved to be as dumb and stubborn as a mud fence, so Stranahan had named him Strom.",,,
q00347,top2004:4133,817175,2,6,https://www.goodreads.com/work/quotes/817175?page=2,"Nope. He lives over in Boca Raton.” “Oh fuck, Red.” “I know, it’s hor’ble. That’s how come the five hundred a day.",,,
q00348,top2005:39,15334,1,0,https://www.goodreads.com/work/quotes/15334,"I booted up my laptop and went into the FBI’s VICAP database. The Violent Criminal Apprehension Program was a national Web site with one purpose: to help law enforcement agents link up scattered bits of intel related to serial homicides. The site had a kick-ass search engine, and new information was always being plugged in by cops around the country",,,
q00349,top2005:39,15334,1,1,https://www.goodreads.com/work/quotes/15334,"I’D BEEN A WITNESS dozens of times during my career, but this was the first time I’d had to defend myself. All my years of protecting the public, and now I had a bull’s-eye on my back. I was raging inside, but I couldn’t let it show",,,
q00350,top2005:7423,137034,1,0,https://www.goodreads.com/work/quotes/137034,"He might be a man without character, but she was a woman without courage. Of the two, which was worse?",,,
q00351,top2005:7423,137034,1,1,https://www.goodreads.com/work/quotes/137034,"She was the type who went to bars intent on conversation, while he was the type who went in hopes of being left alone.",,,
q00352,top2006:3202,2821071,1,0,https://www.goodreads.com/work/quotes/2821071,Anyone who says he knows God's intention is showing a lot of very human ego.,,,
q00353,top2006:3202,2821071,1,1,https://www.goodreads.com/work/quotes/2821071,Science is as corruptible a human activity as any other.,,,
q00354,top2006:3202,2821071,1,2,https://www.goodreads.com/work/quotes/2821071,"A man can see by starlight, if he takes the time.",,,
q00355,top2006:3202,2821071,1,4,https://www.goodreads.com/work/quotes/2821071,You are the reason why he exists on this earth. You don't have the right to abandon him just because he's inconvenient or has trouble in school.,,,
q00356,top2006:3202,2821071,1,5,https://www.goodreads.com/work/quotes/2821071,Only assholes put a nickname on their business card.,,,
q00357,top2006:3202,2821071,1,6,https://www.goodreads.com/work/quotes/2821071,"The truth was, the more he got portrayed as an unprincipled, ruthless prick, the more clients flocked to him. Because when it came to divorce, people wanted a ruthless prick. They lined up for one.",,,
q00358,top2006:3202,2821071,1,7,https://www.goodreads.com/work/quotes/2821071,"Whether you see the world as emergent or, deteriorating. We have long known that some people favor innovation and look positively toward the future while others are frightened of change and want to halt innovation.",,,
q00359,top2006:3202,2821071,1,9,https://www.goodreads.com/work/quotes/2821071,"The gene,” Dr. Narcejac-Boileau said, “is associated with social dominance and strong control over other people. We have isolated it in sports leaders, CEOs, and heads of state. We believe the gene is found in all dictators throughout history.",,,
q00360,top2006:3202,2821071,1,12,https://www.goodreads.com/work/quotes/2821071,they nevertheless suggested that evolutionary pressures were moving the human race toward ever-greater conformity.,,,
q00361,top2006:3202,2821071,1,13,https://www.goodreads.com/work/quotes/2821071,"That is an outrage, but it is far from the most dangerous consequence of gene patents. In its heyday, research on SARS (Severe Acute Respiratory Syndrome) was inhibited because scientists were unsure who owned the genome—three simultaneous patent claims had been filed. As a result, research on SARS wasn’t as vigorous as it might have been. That should scare every sensible person. Here was a contagious disease with a 10 percent death rate that had spread to two dozen countries around the world. Yet scientific research to combat the disease was inhibited—because of patent fears.",,,
q00362,top2006:3202,2821071,1,14,https://www.goodreads.com/work/quotes/2821071,"However, since nearly everybody in the world carried the comfort gene, they believed that many people probably suffered from genetic anomalies involving the gene. For example: People who were overly desirous of joining the majority—that might prove to be a genetic disorder. And people who felt depressed when they were alone, by themselves—conceivably, another disorder. People who joined protest marches, went to sports games, who sought out situations where they would be surrounded by lots of like-minded people—a potential genetic disorder.",,,
q00363,top2006:3202,2821071,1,15,https://www.goodreads.com/work/quotes/2821071,That is a transgenic animal. If he escapes he may transmit his genes to other parrots.,,,
q00364,top2006:3202,2821071,1,16,https://www.goodreads.com/work/quotes/2821071,"Clearly, Valdez was an apologist for the industrialists and polluters, the big American companies that dominated Costa Rica and other Latin American countries. Not surprising to find such a person here, since the CIA had controlled Costa Rica for decades. This wasn’t a country; it was a subsidiary of American business interests. And American businesses did not give a damn for the environment.",,,
q00365,top2006:3202,2821071,1,17,https://www.goodreads.com/work/quotes/2821071,"Going back to the 1920s, when Stalin ordered the most famous animal breeder in Russia to do it, to make a new race of soldiers for him. His name was Ivanov,",,,
q00366,top2006:3202,2821071,1,18,https://www.goodreads.com/work/quotes/2821071,"We stand out, we strike out, we do our own thing, go our own way. The herd of independent minds, somebody called it.",,,
q00367,top2006:7290,2834249,1,0,https://www.goodreads.com/work/quotes/2834249,Women need a reason to have sex; men need only a place.,,,
q00368,top2006:7290,2834249,1,1,https://www.goodreads.com/work/quotes/2834249,"I continued, “The painting shows this fish with a big eye and a halo, floating in air, and underneath the fish are all these Native Americans having sex.” “What? What does that have to do with Custer’s Last Stand?” “Well, the painting is titled, Holy Mackerel, Look at All Those Fucking Indians.",,,
q00369,top2006:7290,2834249,1,2,https://www.goodreads.com/work/quotes/2834249,"I turned to the Times crossword puzzle and asked Kate, “What’s the definition of a moderate Arab?” “I don’t know.” “A guy who ran out of ammunition.",,,
q00370,top2006:7290,2834249,1,3,https://www.goodreads.com/work/quotes/2834249,Confrontational is when I pull my gun. Argumentative is when I pull the trigger.,,,
q00371,top2006:7290,2834249,1,4,https://www.goodreads.com/work/quotes/2834249,"Like most men, I’d rather face the muzzle of an assault rifle than a pissed-off wife.",,,
q00372,top2006:7290,2834249,1,5,https://www.goodreads.com/work/quotes/2834249,Selective memory is part of the Corey Method of dealing with the bosses.,,,
q00373,top2006:7290,2834249,1,6,https://www.goodreads.com/work/quotes/2834249,We weren’t going to win the war on terrorism until we won the war of the words.,,,
q00374,top2006:7290,2834249,1,7,https://www.goodreads.com/work/quotes/2834249,"Women, I’ve noticed, are easily distracted by clothing stores, and I was certain that the ladies on the Titanic stopped at the ship’s apparel shop for the Half-Price Sinking Sale on their way to the lifeboats.",,,
q00375,top2006:7290,2834249,1,8,https://www.goodreads.com/work/quotes/2834249,"Power always thinks it has a great soul and vast views beyond the comprehension of the weak, and that it is doing God’s service when it is violating all His laws. —John Adams",,,
q00376,top2006:7290,2834249,1,9,https://www.goodreads.com/work/quotes/2834249,"My problem is with supervisors who bullshit me and expect loyalty in return. The essence of loyalty is reciprocity. If you’re loyal to me, I’ll be loyal to you. Bullshit me, and I’ll bullshit you. That’s the contract.",,,
q00377,top2006:7290,2834249,1,10,https://www.goodreads.com/work/quotes/2834249,"the rule is, If it looks like a duck, walks like a duck, and quacks like a duck, then it’s a duck.",,,
q00378,top2006:7290,2834249,1,11,https://www.goodreads.com/work/quotes/2834249,"They’re from the government, and they’re here to help",,,
q00379,top2006:4670,816515,1,0,https://www.goodreads.com/work/quotes/816515,I have learned the power of surviving.,,,
q00380,top2006:4670,816515,1,1,https://www.goodreads.com/work/quotes/816515,"It is no small thing, this, for a woman: freedom.",,,
q00381,top2006:4670,816515,1,2,https://www.goodreads.com/work/quotes/816515,"If it has to be done at all, it must be done with grace.",,,
q00382,top2006:4670,816515,1,3,https://www.goodreads.com/work/quotes/816515,"In a shipwreck, it is every drowning man for himself.",,,
q00383,top2006:4670,816515,1,4,https://www.goodreads.com/work/quotes/816515,"He is a young man with a future of power and opportunity and we are young women destined to be either wives and mothers at the very best, or spinster parasites at the worst.",,,
q00384,top2006:4670,816515,1,6,https://www.goodreads.com/work/quotes/816515,"Life is long, and if a woman survives, she can take her pleasures one way or another.",,,
q00385,top2006:4670,816515,1,7,https://www.goodreads.com/work/quotes/816515,"This child could not command a pet dove.""Harsh but true, lol!",,,
q00386,top2006:4670,816515,1,8,https://www.goodreads.com/work/quotes/816515,So let me see? What do I have? Surprise! Surprise!,,,
q00387,top2006:4670,816515,1,9,https://www.goodreads.com/work/quotes/816515,"He bares his yellow teeth in a smile at me. 'Everyone is always our enemy,' he says. 'But right now, we are winning.",,,
q00388,top2006:4670,816515,1,10,https://www.goodreads.com/work/quotes/816515,I can’t think why men would believe that it is a better world where something beautiful is destroyed and something broken left in its place.,,,
q00389,top2006:4670,816515,1,11,https://www.goodreads.com/work/quotes/816515,"This is the man they call a great king, the greatest king that we have ever had in England. Does it not teach us that we should have no king? That a people should be free? That a tyrant is still a tyrant even when he has a handsome face under a crown?",,,
q00390,top2006:4670,816515,1,12,https://www.goodreads.com/work/quotes/816515,The thought of a king who can determine not only what life his people lead but even the nature of the God they worship makes me shiver.,,,
q00391,top2006:4670,816515,1,13,https://www.goodreads.com/work/quotes/816515,"And those people like my grandmother, who are so free with their insults and their slaps, who say that it is a tremendous honor and a fine step up for a ninny like me, might well consider that a fool can be jumped up, but a fool can also be thrown down; and who is going to catch me then?",,,
q00392,top2006:4670,816515,1,14,https://www.goodreads.com/work/quotes/816515,"Good God, what men can do to their brains when their cocks are hard. It is truly amazing.",,,
q00393,top2006:4670,816515,1,16,https://www.goodreads.com/work/quotes/816515,"She looks down at the ground to hide her smile of pleasure and to affect modesty, but when the dance brings them together and she takes his hand, her eyes come up to him and they gaze at each other with absolute longing.",,,
q00394,top2006:4670,816515,1,17,https://www.goodreads.com/work/quotes/816515,"I want to teach him his prayers and his letters and his manners. I want him for my own. Not just because he is motherless, but because I am childless and I want someone to love.",,,
q00395,top2006:4670,816515,1,18,https://www.goodreads.com/work/quotes/816515,"much commented on. I have three new hoods to match, which",,,
q00396,top2006:4670,816515,1,19,https://www.goodreads.com/work/quotes/816515,"When I was first at court and he was the young husband of a beautiful wife, he was a golden king. They called him the handsomest prince in Christendom, and that was not flattery. Mary Boleyn was in love with him, Anne was in love with him, I was in love with him. There was not one girl at court, nor one girl in the country, who could resist him. Then he turned against his wife, Queen Katherine, a good woman, and Anne taught him how to be cruel.",,,
q00397,top2006:4670,816515,1,21,https://www.goodreads.com/work/quotes/816515,it may be a better thing to be a single woman with a good income,,,
q00398,top2006:4670,816515,1,22,https://www.goodreads.com/work/quotes/816515,A woman cannot prove her innocence when a man bears witness against her.,,,
q00399,top2006:4670,816515,1,24,https://www.goodreads.com/work/quotes/816515,We are two women who have recognised that we cannot control the world. We are players in this game but we do not choose our own moves. The men will play us for their own desires. All we can do is try to survive whatever happens next.,,,
q00400,top2006:4670,816515,1,26,https://www.goodreads.com/work/quotes/816515,For who could resist a woman who could fall from being queen to commoner and yet still carry herself as if greatness was within?,,,
q00401,top2006:4670,816515,1,27,https://www.goodreads.com/work/quotes/816515,"never see them again. Surely, a couple so young, so",,,
q00402,top2006:4670,816515,1,28,https://www.goodreads.com/work/quotes/816515,"them till the very last moment, and then what did I do but protect the family from",,,
q00403,top2006:4670,816515,1,29,https://www.goodreads.com/work/quotes/816515,"A steady love, a faithful love, a wife’s love is the best.",,,
q00404,top2006:5450,944272,1,0,https://www.goodreads.com/work/quotes/944272,"A man begins dying at the moment of his birth. Most People live in denial of Death's patient courtship until, late in life and deep in sickness, they become aware of him sitting bedside.",,,
q00405,top2006:5450,944272,1,1,https://www.goodreads.com/work/quotes/944272,"Stay with me, God. The night is dark, The night is cold: My little spark Of courage dies. The night is long; Be with me, God, and make me strong.",,,
q00406,top2006:5450,944272,1,2,https://www.goodreads.com/work/quotes/944272,"The secret is not to think, we think in words. And what lies beyond the reality we see is a truth that words can't contain, the secret is to feel.",,,
q00407,top2006:5450,944272,1,3,https://www.goodreads.com/work/quotes/944272,"Love scrubs the worst stains clean. Anyway, there can be no retreat in the face of evil, only resistance. And commitment.",,,
q00408,top2006:5450,944272,1,4,https://www.goodreads.com/work/quotes/944272,"That Love is all there is, Is all we know of Love…. —Emily Dickinson",,,
q00409,top2006:5450,944272,1,5,https://www.goodreads.com/work/quotes/944272,"She can put her life in Mitch's strong hands and fall at once into a dreamless sleep. In a sense, that is what marriage is about-a good marriage-a total trusting with your heart, your mind, your life.",,,
q00410,top2006:5450,944272,1,6,https://www.goodreads.com/work/quotes/944272,"…eerie in a way it is nowhere else in the world, the flats receding and the low hills rising as if they are just fields of mist and walls of fog, illusions of shapes and dimensions, reflections of reflections, and those reflections only reflections of a dream.",,,
q00411,top2006:5450,944272,1,7,https://www.goodreads.com/work/quotes/944272,"Parasitism,” Daniel said, “isn’t natural to Homo sapiens or to any species of mammal.” Beaver Cleaver would never have heard that line from his dad.",,,
q00412,top2006:5450,944272,1,8,https://www.goodreads.com/work/quotes/944272,"didn’t come for a loan,” Mitch assured him. “In every species of animal, the primary obligation of parents is to teach self-sufficiency to their offspring. The prey must learn evasion, and the predator must learn to hunt.",,,
q00413,top2006:5450,944272,1,9,https://www.goodreads.com/work/quotes/944272,"Because Mitch would not have life without his mother and because her cluelessness did not encompass malice, she inspired a tenderness that was not love or even affection. It was instead a sad regard for her congenital incapacity for sentiment. This tenderness had nearly ripened into the pity that he withheld from his father.",,,
q00414,top2006:5450,944272,1,10,https://www.goodreads.com/work/quotes/944272,"is not an active tormentor but a passive observer in the home, her child has a third option. He can choose to grant her mercy without pardon, and find compassion for her in recognition that her stunted emotional development denies her the fullest enjoyment of life.",,,
q00415,top2006:5450,944272,1,11,https://www.goodreads.com/work/quotes/944272,"A child can love a mother who has no capacity to love him in return, but in time, he realizes that he is pouring his affection not on fertile ground but on rock, where nothing can be grown. A child might then spend a life defined by settled anger or by self-pity. If the mother is not a monster, if she is instead emotionally disconnected and self-absorbed, and if she",,,
q00416,top2006:5450,944272,1,13,https://www.goodreads.com/work/quotes/944272,"Fantasy is a doorway to superstition.Talking animals, humble pig, a clever spider -A corrupting influence...the first step in a life of unreason and irrational beliefs...It would've been better if they hit us.Much better. Bruises, broken bones - that's the kind of thing gets the attention of Child Protective Services.",,,
q00417,top2006:7028,1612722,1,1,https://www.goodreads.com/work/quotes/1612722,If only we could bring all the kids home. If only we could rid the world of all the predators.,,,
q00418,top2007:4507,15302,1,0,https://www.goodreads.com/work/quotes/15302,"once told me this thing about brain chemistry, the nub of it being that when you’re feeling good, you can’t ever imagine feeling bad again. And when you’re feeling bad, it’s impossible to imagine a time when you won’t be circling the drain.",,,
q00419,top2007:4507,15302,1,1,https://www.goodreads.com/work/quotes/15302,"I hugged everyone, sat down beside Cindy Thomas and Yuki Castellano, Claire’s best girlfriends and mine, the four of us making up the entire membership of what we half jokingly call the “Women’s Murder Club.",,,
q00420,top2007:4507,15302,1,2,https://www.goodreads.com/work/quotes/15302,He was laid-back. Drugs'll do that to a person. Take a pill and you're not really crazy anymore.,,,
q00421,top2007:4507,15302,1,3,https://www.goodreads.com/work/quotes/15302,"Yeah. It’s just too fricking easy to steal a child. Perv says, ‘Want to see my puppy?’ Kid toddles over. Perv drags the kid inside and takes off. No witness. No evidence. And now,” I said, “the long wait for a phone call… that never comes.",,,
q00422,top2007:4507,15302,1,4,https://www.goodreads.com/work/quotes/15302,The Women’s Murder Club was assembled—but why?,,,
q00423,top2007:4507,15302,1,5,https://www.goodreads.com/work/quotes/15302,"Tell her parents they made a big mistake calling the police. Call off the dogs,” said the caller, “or we’ll hurt Madison. Permanently. If you back off, she’ll stay alive and well, but either way, the Tylers will never see their daughter",,,
q00424,top2007:4507,15302,1,7,https://www.goodreads.com/work/quotes/15302,"I DIDN’T KNOW THE POOR MAN laid out in his birthday suit on Claire’s table, only that his death might have been related to the Del Norte tragedy.",,,
q00425,top2007:4507,15302,1,8,https://www.goodreads.com/work/quotes/15302,"We’ve got something,” I said, starting down the stairs again. “We’ve got a killer at large in this goddamned building. As for Madison Tyler, we’ve got another dead end.",,,
q00426,top2007:4507,15302,1,9,https://www.goodreads.com/work/quotes/15302,Was the missing girl reported to the police?” “I think so. All I know is what I was told. And I was told that Helga Schmidt went missing and was never heard from again.,,,
q00427,top2007:4507,15302,1,10,https://www.goodreads.com/work/quotes/15302,"He reminded me now, sharply, that one of my partners had been killed on the street and that only months ago, Jacobi and I had both been shot in a desolate alley in the Tenderloin. It was true. We’d both nearly died.",,,
q00428,top2007:4699,1173089,1,0,https://www.goodreads.com/work/quotes/1173089,"rare moss found in northern China.” He sat down at his stool, set aside his mortar and pestle, began to tear the dried moss into small bits. “Believe it or not, everything you need is in here. The moss will counteract the inflammation that is draining your body of energy. At the same time, it will vastly heighten your mental acuity.",,,
q00429,top2007:4699,1173089,1,2,https://www.goodreads.com/work/quotes/1173089,if my life has taught me anything it’s that coincidence is most often a symptom of a conspiracy.,,,
q00430,top2007:805,3602953,1,0,https://www.goodreads.com/work/quotes/3602953,"Gravity will get you. Life is inclined toward falling. Not standing or flying, indeed, barely sitting.",,,
q00431,top2007:805,3602953,1,1,https://www.goodreads.com/work/quotes/3602953,Wit is the genius to perceive and the metaphor to express.’ Or,,,
q00432,top2007:805,3602953,1,2,https://www.goodreads.com/work/quotes/3602953,"We ignore intuition at our peril,",,,
q00433,top2007:805,3602953,1,3,https://www.goodreads.com/work/quotes/3602953,"I don’t use luminol anymore,” Scarpetta says, as if the oxidizing agent is a disloyal friend. Until recently, it was a forensic staple and she never questioned using it to find blood no longer visible. If blood had been washed away or even painted over, the way to know was to mix up a spray bottle of luminol and see what fluoresced. The problems have always been many. Like a dog that wags its tail at all the neighbors, luminol is excited by more than the hemoglobin in blood and is, unfortunately, quite responsive to a number of things: paint, varnish, Drano, bleach, dandelions, thistle, creeping myrtle, corn. And, of course, copper. Lucy retrieves a small container of Hemastix for a presumptive test, looking for any residue of what may be scrubbed-away blood. The presumptive test says blood might be there, and Scarpetta opens the box of Bluestar Magnum and removes a brown glass bottle and a foil pack, and a spray bottle.",,,
q00434,top2007:805,3602953,1,4,https://www.goodreads.com/work/quotes/3602953,"Soon I’ll hold you in my arms and carry you back through the inner darkness to the higher realm, and you’ll be separated from the physical dimension that’s now your hell. You will thank me.",,,
q00435,top2007:805,3602953,1,5,https://www.goodreads.com/work/quotes/3602953,When we pray we are really asking ourselves—not God—for help.,,,
q00436,top2007:805,3602953,1,6,https://www.goodreads.com/work/quotes/3602953,"Let's go into the living room and sit in front of the fire."" She gets up from the kitchen table.""It's seventy-five friggin' degrees outside."" He gets up, too.""Then I'll make it nice and chilly in here."" She goes to a thermostat and turns on the air-conditioning. ""I've always found it easier to talk in front of a fire.",,,
q00437,top2007:805,3602953,1,7,https://www.goodreads.com/work/quotes/3602953,"Lucy is no longer embarrassed, can talk about anything with him. In the beginning, it was a different story, a horror and humiliation that a benign pituitary macroadenoma—a brain tumor-was causing an over production of the hormone prolactin that fooled her body into thinking she was pregnant. Her periods stopped. She gained weight. She didn't have galactorrhea, or begin produce milk, but had she not discovered what was wrong when she did, that would have been next.""Sounds like you're not seeing anyone."" He slides her MR films out of their envelopes, reaches up, and attaches them to light boxes.""Nope.""""How's your libido?"" He dims the lights in the office and flips on the light boxes, illuminating films of Lucy's brain. ""Dostinex is sometimes called the sex drug, you know. Well, if you can get it.""She moves close to him and looks at her films. ""I'm not having sur gery, Nate.""She stares dismally at the somewhat rectangular-shaped region of hy pointensity at the base of the hypothalamus. Every time she looks at one of her scans, she feels there must be a mistake. That can't be her brain. A young brain, as Nate calls it. Anatomically, a great brain, hesays, t cept for one little glitch, a tumor about half the size of a penny I don't care what the journal articles say. No one's cutting on meHow do I look? Please tell me okay,"" she says.Nate compares the earlier film to the new one, studies them side by side. ""Not dramatically different. Still seven to eight millimeters. Nothing in the suprasellar cistern. A little shift left to right from the infundibu lum of the pituitary stalk."" He points with a pen. ""Optic chiasm is clea Points again. ""Which is great."" He puts down the pen and holds up two fingers, starts with them together, then moves them apart to check her peripheral vision. ""Great,"" he says again. ""So almost identical. The lesion isn't growing.""""It isn't shrinking.""""Have a seat.",,,
q00438,top2007:805,3602953,1,8,https://www.goodreads.com/work/quotes/3602953,"...she is outraged by what she discovered when she arrived hours earlier and found this morning's case had already been entered, presumably by Lucious Meddick. Unbelievably, he took it upon himself to decide the elderly woman he transported is a natural death caused by [i]cardiac and respiratory arrest[/i]. The presumptuous moron. Everybody dies of cardiac or respiratory arrest. Whether shot or hit by a car or a baseball bat, death occurs when the heart and lungs quit.",,,
q00439,top2007:805,3602953,1,9,https://www.goodreads.com/work/quotes/3602953,"Preoccupied by whipping egg whites with a whisk and ruminating about what she must deal with today, she's startled by an ominous thud against an upstairs window.""Please, no,"" she exclaims in dismay, setting down the whisk and run ning to the door.She disarms the alarm and hurries out to the garden patio where a yel low finch flutters helplessly on old brick. She gently picks it up, and its head lolls from side to side, eyes half shut. She talks soothingly to it, strokes its silky feathers as it tries to right itself and fly, and its head lolls from side to side. It's just stunned, will suddenly recover, and it falls over and flutters and its head lolls from side to side. Maybe it won't die. Foolish wishful thinking for someone who knows better, and she carries the bird inside. In the locked bottom drawer of the kitchen desk is a locked metal box, and inside that, the bottle of chloroform.",,,
q00440,top2007:805,3602953,1,10,https://www.goodreads.com/work/quotes/3602953,"Truth is a relief. Better not to hide something, don't you think? Funny thing about people knowing is it opens up the possibility of unexpected gifts. People reaching out when you didn't know they cared. Voices from he past talking to you again. Other voices finally shutting up. Some people finally getting out of your life.",,,
q00441,top2007:805,3602953,1,11,https://www.goodreads.com/work/quotes/3602953,It's not until you're dying that you begin to realize all the things in life you could have changed. You have the power to change almost anything you want.,,,
q00442,top2007:805,3602953,1,12,https://www.goodreads.com/work/quotes/3602953,Don’t be so selfless it makes you selfish.,,,
q00443,top2007:805,3602953,1,14,https://www.goodreads.com/work/quotes/3602953,"That’s the funny thing about choices. When you don’t have one, nobody else does, either.",,,
q00444,top2007:805,3602953,1,15,https://www.goodreads.com/work/quotes/3602953,"on the back steps, there's an ashtray full of cigarette butts,"" lucy says. ""i don’t think her dna's going to be a problem. or her footprints, fingerprints. the problem's him. he knows what he's doing. these days, everybody's an expert.""""no,"" scarpetta says. ""they just think they are.",,,
q00445,top2008:1017,2902978,1,0,https://www.goodreads.com/work/quotes/2902978,He certainly seems like the perfect guy but none of that matters if he's not the perfect guy for you.,,,
q00446,top2008:1017,2902978,1,1,https://www.goodreads.com/work/quotes/2902978,"Focus on yourself -- do what you want, when you want, without having to consider anyone else's agenda.",,,
q00447,top2008:1017,2902978,1,2,https://www.goodreads.com/work/quotes/2902978,a few bad apples is no reason not to visit the orchard.,,,
q00448,top2008:1017,2902978,1,3,https://www.goodreads.com/work/quotes/2902978,"I'm not denying that he's a terrific guy, but I'm not sure he's terrific for me.",,,
q00449,top2008:1017,2902978,1,4,https://www.goodreads.com/work/quotes/2902978,"No matter how many years passed or how much responsibility each assumed, they still managed to bicker like bitchy teenagers on a regular basis. In some way, though, each found it comforting; it reminded them how close they really were: Acquaintances were always on their best behavior, but sisters loved each other enough to say anything.",,,
q00450,top2008:1017,2902978,1,5,https://www.goodreads.com/work/quotes/2902978,"He could be so charming and irreverent and witty, and then-bam!-a switch flipped and he reverted right back to the cocky asshole everyone reported him to be.",,,
q00451,top2008:1017,2902978,1,6,https://www.goodreads.com/work/quotes/2902978,"This was exhausting. If she was going to make this kind of emotional investment in someone, he should at least be a proper boyfriend. But for a casual fling? She could drive herself crazy.",,,
q00452,top2008:1017,2902978,1,7,https://www.goodreads.com/work/quotes/2902978,"Smokers always waxed poetic about the ritual of it, how a large part of the satisfaction was packing the box and pulling the foil wrapper and plucking an aromatic stick. They claimed they loved the lighting, the ashing, the feeling of being able to hold something between their fingers. That was all well and good, but there was nothing quite like actually smoking it: Leigh loved inhaling. To pull with your lips on that filter and feel the smoke drift across your tongue, down your throat, and directly into your lungs was to be transported momentarily to nirvana. She remembered- every day- how it felt after the first inhale, just as the nicotine was hitting her bloodstream. A few seconds of both tranquility and alertness, together, in exactly the right amounts. Then the slow exhale- forceful enough so that the smoke didn't merely seep from your mouth but not so energetic that it disrupted the moment- would complete the blissful experience.",,,
q00453,top2008:1017,2902978,1,8,https://www.goodreads.com/work/quotes/2902978,"So why get upset over him leaving when he said he was going to all along? It was quite simple, so simple that Emmy suspected every woman on the planet instinctively understood the concept even when no man was able to wrap his brain around it: She didn't necessarily want him to stay, she just wanted him to want to stay.",,,
q00454,top2008:164,3039966,1,0,https://www.goodreads.com/work/quotes/3039966,I dream a dream that dreams back at me,,,
q00455,top2008:164,3039966,1,1,https://www.goodreads.com/work/quotes/3039966,"She learned the intricacy of loneliness: the horror of color, the roar of soundlessness and the menace of familiar objects lying still.",,,
q00456,top2008:164,3039966,1,2,https://www.goodreads.com/work/quotes/3039966,To be given dominion over another is a hard thing; to wrest dominion over another is a wrong thing; to give dominion of yourself to another is a wicked thing.,,,
q00457,top2008:164,3039966,1,3,https://www.goodreads.com/work/quotes/3039966,We never shape the world . . . the world shapes us.,,,
q00458,top2008:164,3039966,1,4,https://www.goodreads.com/work/quotes/3039966,Here I am not the one to throw out. No one steals my warmth and shoes because I am small. No one handles my backside. No one whinnies like sheep or goat because I drop in fear and weakness. No one screams at the sight of me. No one watches my body for how it is unseemly. With you my body is pleasure is safe is belonging. I can never not have you have me.,,,
q00459,top2008:164,3039966,1,5,https://www.goodreads.com/work/quotes/3039966,"There is no protection. To be female in this place is to be an open wound that cannot heal. Even if scars form, the festering is ever below.",,,
q00460,top2008:164,3039966,1,6,https://www.goodreads.com/work/quotes/3039966,"I am nothing to you. You say I am wilderness. I am. Is that a tremble on your mouth, in your eye? Are you afraid? You should be.",,,
q00461,top2008:164,3039966,1,8,https://www.goodreads.com/work/quotes/3039966,"More than fear of loving bears or birds bigger than cows, I fear pathless nights. How, I wonder, can I find you in the dark?",,,
q00462,top2008:164,3039966,1,10,https://www.goodreads.com/work/quotes/3039966,"Their drift away from others produced a selfish privacy and they had lost the refuge and the consolation of a clan. Baptists, Presbyterians, tribe, army, family, some encircling outside thing was needed. Pride, she thought. Pride alone made them think that they needed only themselves, could shape life that way, like Adam and Eve, like gods from nowhere beholden to nothing except their own creations. She should have warned them, but her devotion cautioned against impertinence. As long as Sir was alive it was easy to veil the truth: that they were not a family-not even a like-minded group. They were orphans, each and all.",,,
q00463,top2008:164,3039966,1,11,https://www.goodreads.com/work/quotes/3039966,I welcomed the circling sharks but they avoided me as if knowing I preferred their teeth to the chains around my neck my waist my ankles,,,
q00464,top2008:164,3039966,1,12,https://www.goodreads.com/work/quotes/3039966,"But then Job was a man. Invisibility was intolerable to men. What complaint would a female Job dare to put forth? And if, having done so, and He deigned to remind her of how weak and ignorant she was, where was the news in that? What shocked Job into humility and renewed fidelity was the message a female Job would have known and heard every minute of her life.",,,
q00465,top2008:164,3039966,1,13,https://www.goodreads.com/work/quotes/3039966,"I said you. Take you, my daughter. Because I saw the tall man see you as a human child, not pieces of eight.",,,
q00466,top2008:164,3039966,1,14,https://www.goodreads.com/work/quotes/3039966,"He lay wracked with pain and in moral despair; they told him about themselves, and when he felt even worse, he got an answer from God saying, Who on earth do you think you are? Question me? Let me give you a hint of who I am and what I know. But a peek into Divine knowledge was less important than gaining, at last, the Lord's attention. Which...was all Job ever wanted. Not proof of His existence-- he never questioned that. Nor proof of His power- everyone accepted that. He simply wanted to catch His eye. To be recognized not as worthy or worthless, but to be noticed as a life-form by the One who made and unmade it.",,,
q00467,top2008:164,3039966,1,15,https://www.goodreads.com/work/quotes/3039966,"Don't be afraid. My telling can't hurt you in spite of what I have done and I promise to lie quietly in the dark - weeping perhaps or occasionally seeing the blood once more - but I will never again unfold my limbs to rise up and bare teeth. I explain. You can think what I tell you a confession, if you like, but one full of curiosities familiar only in dreams and during those moments when a dog's profile plays in the steam of a kettle. Or when a corn-husk doll sitting on a shelf is soon splaying in the corner of a room and the wicked of how it got there is plain. Stranger things happen all the time everywhere. You know. I know you know. One question is who is responsible? Another is can you read?",,,
q00468,top2008:164,3039966,1,16,https://www.goodreads.com/work/quotes/3039966,You are my shaper and my world as well. It is done. No need to choose.,,,
q00469,top2008:164,3039966,1,17,https://www.goodreads.com/work/quotes/3039966,What a man leaves behind is what a man is.,,,
q00470,top2008:164,3039966,1,18,https://www.goodreads.com/work/quotes/3039966,"You are nothing but wilderness. No constraint. No mind.You shout the word—mind, mind, mind—over and over and then you laugh, saying as I live and breathe, a slave by choice.",,,
q00471,top2008:164,3039966,1,19,https://www.goodreads.com/work/quotes/3039966,I don't want to be free of you because I am alive only with you.,,,
q00472,top2008:164,3039966,1,20,https://www.goodreads.com/work/quotes/3039966,The freezing in hell that comes before the everlasting fire where sinners bubble and singe forever.,,,
q00473,top2008:164,3039966,1,21,https://www.goodreads.com/work/quotes/3039966,"He relished never knowing what lay in his path, who might approach with what intention.",,,
q00474,top2008:164,3039966,1,22,https://www.goodreads.com/work/quotes/3039966,She wants you here as much as I do. For her it is to save her life. For me it is to have one.,,,
q00475,top2008:164,3039966,1,24,https://www.goodreads.com/work/quotes/3039966,"They settled into the long learning of one another: preferences, habits altered, others acquired; disagreement without bile; trust and that wordless conversation that years of companionship rest on.",,,
q00476,top2008:164,3039966,1,25,https://www.goodreads.com/work/quotes/3039966,"He couldn't stay there surrounded by a passel of slaves whose silence made him imagine an avalanche seen from a great distance. No sound, just the knowledge of a roar he could not hear.",,,
q00477,top2008:164,3039966,1,26,https://www.goodreads.com/work/quotes/3039966,"What excited and challenged her shipmates horrified the churched women and each set believed the other deeply, dangerously flawed. Although they had nothing in common with the views of each other, they had everything in common with one thing: the promise and threat of men.Here, they agreed, was where security and risk lay. And both had come to terms.",,,
q00478,top2008:164,3039966,1,27,https://www.goodreads.com/work/quotes/3039966,"Nevertheless, remembering how the curate described what existed before creation, Scully saw dark matter out there, thick, unknowable, aching to made into a world.",,,
q00479,top2008:164,3039966,1,28,https://www.goodreads.com/work/quotes/3039966,"Marriages performed within,' read the sign next to the coffeehouse door, underneath in small letters a verse that combined warning with a sales pitch: 'When lawless lust hath conceived it bringeth forth sin.",,,
q00480,top2008:164,3039966,1,29,https://www.goodreads.com/work/quotes/3039966,"florens would sigh then, her head on lina's shoulder and when sleep came the little girl's smiel lingered. mother hunger – to be one or have one – both of them were reeling from that longing which, lina knes, remained alive, traveling to the bone.",,,
q00481,top2008:164,3039966,2,0,https://www.goodreads.com/work/quotes/3039966?page=2,What I know is there is magic in learning.,,,
q00482,top2008:164,3039966,2,1,https://www.goodreads.com/work/quotes/3039966?page=2,"Some how, some way, the child assuaged the tiny yet eternal yearning for the home Lina once knew where everyone had anything and no one had everything.",,,
q00483,top2008:164,3039966,2,2,https://www.goodreads.com/work/quotes/3039966?page=2,"They would come with languages that sounded like dog bark; with a childish hunger for animal fur. They would forever fence land, ship whole trees to faraway countries, take any woman for quick pleasure, ruin soil, befoul sacred places and worship a dull, unimaginative god. They let their hogs browse the ocean shore turning it into dunes of sand where nothing green can ever grow again. Cut loose from the earth's soul, they insisted on purchase of its soil, and like all orphans they were insatiable. It was their destiny to chew up the world and spit out a horribleness that would destroy all primary peoples.",,,
q00484,top2008:164,3039966,2,3,https://www.goodreads.com/work/quotes/3039966?page=2,"Adam first, Eve next, and also, confused about her role, the first outlaw?",,,
q00485,top2008:164,3039966,2,5,https://www.goodreads.com/work/quotes/3039966?page=2,We are baptized and can have happiness when this life is done.,,,
q00486,top2008:164,3039966,2,6,https://www.goodreads.com/work/quotes/3039966?page=2,"It was there I learned how I was not a person from my country, nor from my families. I was negrita. Everything. Language, dress, gods, dance, habits, decoration, song - all of it cooked together in the color of my skin.",,,
q00487,top2008:164,3039966,2,9,https://www.goodreads.com/work/quotes/3039966?page=2,"Rebekka's understanding of God was faint, except as a larger kind of king, but she quieted the shame of insufficient devotion by assuming that He could be no grander nor better than the imagination of the believer. Shallow believers preferred a shallow god. The timid enjoyed a rampaging avenging god.",,,
q00488,top2008:164,3039966,2,10,https://www.goodreads.com/work/quotes/3039966?page=2,"... deathbreath was a prime creator, a great changer of minds and collector of hearts. Any decision made while inhaling it was as unreliable as it was fierce. Reason in moments of crisis was rare.",,,
q00489,top2008:164,3039966,2,13,https://www.goodreads.com/work/quotes/3039966?page=2,"Fire. How quick. How purposefully it ate whatever had been built, what had been life. Cleansing somehow and scandalous in beauty.",,,
q00490,top2008:164,3039966,2,14,https://www.goodreads.com/work/quotes/3039966?page=2,"Unlike the English fogs he had known since he would walk, or those way north where he lived now, this one was sun fired, turning the world into thick, hot gold. Penetrating it was like struggling through a dream.",,,
q00491,top2009:1835,5617267,1,0,https://www.goodreads.com/work/quotes/5617267,"All doors opened for the leader of the free world and he strode into the White House like he owned it. Which unofficially he did. Though financed by the American taxpayers, it was really his house, his chopper, his jumbo jet. No one got to come for a visit or go for a ride if he didn’t say it was okay.",,,
q00492,top2009:1835,5617267,1,1,https://www.goodreads.com/work/quotes/5617267,Everybody’s got somewhere to go. Just takes some folks longer to figure out where to.,,,
q00493,top2009:1835,5617267,1,2,https://www.goodreads.com/work/quotes/5617267,"When people are losing their ass in the land of plenty, they do what they have to do to survive.",,,
q00494,top2009:1835,5617267,1,4,https://www.goodreads.com/work/quotes/5617267,"was dark. He scooted over to the chair that his butt had graced so often he’d worn off the paint. The trach was in her neck, the way they did it for long-term usage, because, for among other reasons, it was easier to keep clean than when it was down the throat. The attached ventilator was pumping away, keeping her lungs inflated. The vitals sign monitor beeped away. One end of an",,,
q00495,top2009:1835,5617267,1,7,https://www.goodreads.com/work/quotes/5617267,"My mom said you always write thank-you letters, and besides, I wanted to.",,,
q00496,top2009:1835,5617267,1,8,https://www.goodreads.com/work/quotes/5617267,And asking people to take the time to read and actually think about stuff? Heaven forbid.,,,
q00497,top2009:1835,5617267,1,9,https://www.goodreads.com/work/quotes/5617267,What’s a quick fling in the sack compared to decades of indifference?,,,
q00498,top2009:1835,5617267,1,10,https://www.goodreads.com/work/quotes/5617267,"I guess it comes down to greed. You don’t pay folks, you make more money. That and thinking one race wasn’t as good as another.",,,
q00499,top2009:1835,5617267,1,11,https://www.goodreads.com/work/quotes/5617267,she glimpsed an aging man who had just lost everything and had no idea what he was supposed to be doing with the time he had left to live.,,,
q00500,top2009:1835,5617267,1,12,https://www.goodreads.com/work/quotes/5617267,"When you didn’t have much, you tended to keep what you had.",,,
q00501,top2009:1835,5617267,1,13,https://www.goodreads.com/work/quotes/5617267,The white men had basically crapped all over the only race that could call itself indigenous in America.,,,
q00502,top2009:1835,5617267,1,14,https://www.goodreads.com/work/quotes/5617267,"Based on my own experience, boys will mess with your heart and girls with your head.",,,
q00503,top2009:1835,5617267,1,15,https://www.goodreads.com/work/quotes/5617267,"She wrote the phone number down on another slip of paper, rushed into the bathroom, crumpled up the letter, and flushed it down the toilet. For one paralyzing moment she envisioned federal law enforcement agents hiding somewhere in the White House intercepting her toilet water and reconstructing the letter. But that was impossible. That was the stuff of Orwell’s 1984. Yet in some ways, by living at the White House, she had already seen Orwell’s masterpiece of “fascism perfected” in a way most Americans could never imagine. She",,,
q00504,top2009:1835,5617267,1,16,https://www.goodreads.com/work/quotes/5617267,"engine, picked up the pages, ripped off the rubber band, and",,,
q00505,top2009:1835,5617267,1,17,https://www.goodreads.com/work/quotes/5617267,thousand yards of this place.” “Who is she?,,,
q00506,top2009:1835,5617267,1,20,https://www.goodreads.com/work/quotes/5617267,Farming was a risky proposition under even the best of circumstances. Folks who toiled in the dirt could do everything right and a drought or an early freeze could come and wipe them out.,,,
q00507,top2009:1835,5617267,1,21,https://www.goodreads.com/work/quotes/5617267,"While it was true that the president of the United States was the world’s ultimate juggler of tasks, it was also a fact that the First Lady, traditionally, was no slouch in that department either.",,,
q00508,top2009:1835,5617267,1,22,https://www.goodreads.com/work/quotes/5617267,Issues. The dreaded word. It seemed so innocuous. Issues. Everyone had issues.,,,
q00509,top2009:1835,5617267,1,23,https://www.goodreads.com/work/quotes/5617267,When you love someone you got to be prepared to hate too.,,,
q00510,top2009:1890,6587666,1,0,https://www.goodreads.com/work/quotes/6587666,"It's as if we spend our entire lives avoiding Jell-O but it is always there at the end, waiting.",,,
q00511,top2009:1890,6587666,1,1,https://www.goodreads.com/work/quotes/6587666,"But [Stanley Wade] instead removed his glasses and wiped his eyes. They were moist not from fear but from the harsh reality of being confronted by one of his victims. How many others were out there? Why had he chosen to spend his career screwing these people?~from ""Michael's Room""~",,,
q00512,top2009:4223,6264122,1,0,https://www.goodreads.com/work/quotes/6264122,"What's important is that a story changes every time you say it out loud. When you put it on paper, it can never change. But the more times you tell it, the more changes will occur. A story is a living thing; it moves and shifts",,,
q00513,top2009:4223,6264122,1,1,https://www.goodreads.com/work/quotes/6264122,"Time moves funny and it's hard to pin down. Occasionally, time offers you a hundred opportunities to do the right thing. Sometimes, it gives you only one chance.",,,
q00514,top2009:4223,6264122,1,2,https://www.goodreads.com/work/quotes/6264122,"It did not look like the work of God, but it might have represented the handicraft of a God with a joyous sense of humor, a dancing God who loved mischief as much as prayer, and playfulness as much as mischief.",,,
q00515,top2009:4223,6264122,1,3,https://www.goodreads.com/work/quotes/6264122,...I realize words are never enough; they stutter and cleave to the roof of my mouth.,,,
q00516,top2009:4223,6264122,1,5,https://www.goodreads.com/work/quotes/6264122,He treated the stars as though they were love songs written to him by God.,,,
q00517,top2009:4223,6264122,1,6,https://www.goodreads.com/work/quotes/6264122,I was trying to unravel the complicated trigonometry of the radical thought that silence could make up the greatest lie ever told.,,,
q00518,top2009:4223,6264122,1,7,https://www.goodreads.com/work/quotes/6264122,Humanity is best described as inhumanity.,,,
q00519,top2009:4223,6264122,1,8,https://www.goodreads.com/work/quotes/6264122,"Being a failed teenager is not a crime, but a predicament and a secret crucible. It is a fun-house mirror where distortion and mystification led to the bitter reflection that sometimes ripens into self knowledge. Time is the only ally of the humiliated teenager, who eventually discovers the golden boy of the senior class is a bloated, bald drunk at the twentieth reunion, and that the homecoming queen married a wife-beater and philanderer and died in a drug rehabilitation center before she was thirty. The prince of acne rallied in college and is now head of neurology, and the homeliest girl blossoms in her twenties, marries the chief financial officer of a national bank, and attends her reunion as president of the Junior League. But since a teenager is denied a crystal ball that will predict the future, there is a forced march quality to this unspeakable rite of passage. It is an unforgivable crime for teenagers not to be able to absolve themselves for being ridiculous creatures at the most hazardous time of their lives.",,,
q00520,top2009:4223,6264122,1,9,https://www.goodreads.com/work/quotes/6264122,"I was born in the age of ""alas"".",,,
q00521,top2009:4223,6264122,1,10,https://www.goodreads.com/work/quotes/6264122,"The tide was a poem that only time could create, and I watched it stream and brim and makes its steady dash homeward, to the ocean.",,,
q00522,top2009:4223,6264122,1,11,https://www.goodreads.com/work/quotes/6264122,"I've always admired people who give accurate directions, and the tribe is small.",,,
q00523,top2009:4223,6264122,1,12,https://www.goodreads.com/work/quotes/6264122,He lived out his whole life as an anthem to the pleasures of a bad mood.,,,
q00524,top2009:4223,6264122,1,13,https://www.goodreads.com/work/quotes/6264122,"You're going to act like a happy man. I know, I know. It's the hardest role in the world.",,,
q00525,top2009:4223,6264122,1,14,https://www.goodreads.com/work/quotes/6264122,You must appreciate beauty for it to endure.,,,
q00526,top2009:4223,6264122,1,16,https://www.goodreads.com/work/quotes/6264122,"The moment you are born your death is foretold by your newly minted cells as your mother holds you up, then hands you to your father, who gently tickles the stomach where the cancer will one day form, studies the eyes where melanoma’s dark signature is already written along the optic nerve, touches the back where the liver will one day house the cirrhosis, feels the bloodstream that will sweeten itself into diabetes, admires the shape of the head where the brain will fall to the ax-handle of stroke, or listens to your heart, which, exhausted by the fearful ways and humiliations and indecencies of life, will explode in your chest like a light going out in the world.",,,
q00527,top2009:4223,6264122,1,17,https://www.goodreads.com/work/quotes/6264122,I take account of my life and find that I have lived a lot and learned very little.,,,
q00528,top2009:4223,6264122,1,18,https://www.goodreads.com/work/quotes/6264122,"San Francisco is a city that requires a fine pair of legs, a city of cliffs misnamed as hills, honeycombed with a fine webbing of showy houses that cling to the slanted streets with the fierceness of abalones.",,,
q00529,top2009:4223,6264122,1,19,https://www.goodreads.com/work/quotes/6264122,"Chad seemed both venomous and insecure, a flammable combination.",,,
q00530,top2009:4223,6264122,1,20,https://www.goodreads.com/work/quotes/6264122,"The narrator welcomes new students to his school by offering to tell them who the easy teachers are, or who the good ones are.",,,
q00531,top2009:4223,6264122,1,21,https://www.goodreads.com/work/quotes/6264122,my folks wouldn't read a book if you put a gun to their dicks. but they read people all day long and always get it right.,,,
q00532,top2009:4223,6264122,1,22,https://www.goodreads.com/work/quotes/6264122,"I will always find myself a prisoner to the divine sublimity of the Eucharist itself."" (201)",,,
q00533,top2009:4223,6264122,1,23,https://www.goodreads.com/work/quotes/6264122,"My irritation with Niles was growing, though. I had always thought the quiet man was the most overrated form of human life"".",,,
q00534,top2009:4223,6264122,1,24,https://www.goodreads.com/work/quotes/6264122,"Though I felt like a voyeur to some kind of disaster, my eyes were riveted to the scene ...",,,
q00535,top2009:4223,6264122,1,25,https://www.goodreads.com/work/quotes/6264122,"As a boy, in my own backyard I could catch a basket of blue crabs, a string of flounder, a dozen redfish, or a net full of white shrimp. All this I could do in a city enchanting enough to charm cobras out of baskets, one so corniced and filigreed and elaborate that it leaves strangers awed and natives self-satisfied. In its shadows you can find metal work as delicate as lace and spiral staircases as elaborate as yachts. In the secrecy of its gardens you can discover jasmine and camellias and hundreds of other plants that look embroidered and stolen from the Garden of Eden for the sheer love of richness and the joy of stealing from the gods. In its kitchens, the stoves are lit up in happiness as the lamb is marinating in red wine sauce, vinaigrette is prepared for the salad, crabmeat is anointed with sherry, custards are baked in the oven, and buttermilk biscuits cool on the counter.",,,
q00536,top2009:4223,6264122,1,28,https://www.goodreads.com/work/quotes/6264122,Don’t be afraid to make a mistake. You learn by making mistakes. You get better by making mistakes. Let yourselves go. Don’t think. Just dance. Just let your bodies go. Dancing is just the body loving itself.,,,
q00537,top2009:4223,6264122,1,29,https://www.goodreads.com/work/quotes/6264122,She could freeze me with a gaze that made the dead of winter seem like the best time for planting.,,,
q00538,top2009:4223,6264122,2,0,https://www.goodreads.com/work/quotes/6264122?page=2,Death lives in each one of us and begins its countdown on our birthdays and makes its rough entrance at the last hour and the perfect time.,,,
q00539,top2009:4223,6264122,2,1,https://www.goodreads.com/work/quotes/6264122?page=2,I bet they love those games on Friday night more than they do segregation.,,,
q00540,top2009:4223,6264122,2,2,https://www.goodreads.com/work/quotes/6264122?page=2,Great romantics are granted lots of slack.,,,
q00541,top2009:4223,6264122,2,3,https://www.goodreads.com/work/quotes/6264122?page=2,Mansions were forming like jewels in my bloodstream.,,,
q00542,top2009:4223,6264122,2,4,https://www.goodreads.com/work/quotes/6264122?page=2,"I don’t remember when I started loving Mother, but it had happened. Nor do I have any idea when she started loving me, but the knowledge that her love is available in a boundless source had presented itself to me. I can use it as a sword on a pillow or a hermitage; a warm bath, a butterfly garden, or a flow of molten lava. Her love is thorned and complex and it can sometimes hurt me in the most tender places. But who said either love or life would be a cakewalk? Mother and I have fought our way screaming and clawing and lashing out as we rolled in the bloody dust, testing the brute, tensile strength of that armory where the sheet lightning of our love was stored. Our love ties us together forever.",,,
q00543,top2009:4223,6264122,2,5,https://www.goodreads.com/work/quotes/6264122?page=2,"Off I went into the deep Charleston darkness, flinging the news of the world to the people of my route. Still, I thought of little but Sheba Poe, and the night she came to my room. Crossing Broad Street on the fly, I took a left on Tradd and did not work up a real sweat until I hit Legare Street. I would be back to some of these houses this very evening to collect for the delivery of next month’s newspaper. I would learn the gossip and secrets and off-kilter and off-centered and off-putting history of my city. I was bound in a deep connection of appreciation and community to every reporter, editor, typesetter, secretary, ads man, publisher, columnist, and deliveryman who worked in producing the News and Courier every day. By tying my destiny with this newspaper, I had given myself permission to pursue a career I hoped to find deeply satisfying",,,
q00544,top2009:4223,6264122,2,6,https://www.goodreads.com/work/quotes/6264122?page=2,The teachings of the Roman Catholic Church would cover my soul like a condom for the rest of my life.,,,
q00545,top2009:4223,6264122,2,7,https://www.goodreads.com/work/quotes/6264122?page=2,He was more North Star than father.,,,
q00546,top2009:4223,6264122,2,8,https://www.goodreads.com/work/quotes/6264122?page=2,"Look around you. Look at your teammates. If you see black faces or white faces, you get the fuck off my team. No white. No black. No more. The time for that is over. We walk the world as a team, and we’re going to have fun kicking a little ass this year.",,,
q00547,top2009:4223,6264122,2,9,https://www.goodreads.com/work/quotes/6264122?page=2,have an affinity for choosing the tightrope walk across the abyss and have developed a genius for the wrong turn.,,,
q00548,top2009:4223,6264122,2,10,https://www.goodreads.com/work/quotes/6264122?page=2,"tolerated playfulness at church not at all. At every Mass, she wore her game face for a crucifixion as though she were an actual eyewitness to the death of Jesus each time she knelt in her pew.",,,
q00549,top2009:4223,6264122,2,11,https://www.goodreads.com/work/quotes/6264122?page=2,"Because she is an actress, she has fashioned an entire career out of identity theft.",,,
q00550,top2009:4223,6264122,2,12,https://www.goodreads.com/work/quotes/6264122?page=2,"Help them, but don't make friends with them.",,,
q00551,top2009:7053,35554137,1,0,https://www.goodreads.com/work/quotes/35554137,"Sticks and stones will break my bones, but words will never hurt me.",,,
q00552,top2010:2158,15254849,1,0,https://www.goodreads.com/work/quotes/15254849,I guess we're all lonely in some way. - Oliver Stone,,,
q00553,top2010:2158,15254849,1,1,https://www.goodreads.com/work/quotes/15254849,Every time I walk with Alex I'm reminded both how lucky I am to have friends like him and also how unworthy I am to have friends like him. - Oliver Stone,,,
q00554,top2010:2158,15254849,1,2,https://www.goodreads.com/work/quotes/15254849,The one thing I learned is that the Russians are some of the most cunning people on earth. They never do anything without a very good reason. And just because they're no longer a superpower doesn't mean they don't want to be again. - Oliver Stone,,,
q00555,top2010:2158,15254849,1,3,https://www.goodreads.com/work/quotes/15254849,"There was a time when Stone would have rated a platoon of crackerjack killers coming for him by land, sea and air. Those days apparently were over. A quartet of suits in a Cadillac on steroids was enough.",,,
q00556,top2010:2158,15254849,1,4,https://www.goodreads.com/work/quotes/15254849,"-“Why do men like you do the job you do? It can’t be for the medals. And it’s certainly not the money.”Stone said nothing.-“Why then? God and country?”-“Both simpler and more complex, Mr. President.”-“What then?”-“So I can look at myself in the mirror.",,,
q00557,top2010:2158,15254849,1,5,https://www.goodreads.com/work/quotes/15254849,"He liked to go and look at your White House. He would tell me, ‘Carmen, this is greatest country on earth. A person he can do anything here.’ He had me go one time. He carry me on his shoulders. We look at the grande casa blanca. He say your president lived there. And that he was a great man.",,,
q00558,top2010:2158,15254849,1,6,https://www.goodreads.com/work/quotes/15254849,Everyone has choices. You make them and then you live with the consequences.,,,
q00559,top2010:2158,15254849,1,7,https://www.goodreads.com/work/quotes/15254849,"to be a superpower. Economically they already are. These days it’s not necessarily how large your military is, but how big your bank account is, and the Chinese wallet is fatter than anyone’s.",,,
q00560,top2010:2158,15254849,1,8,https://www.goodreads.com/work/quotes/15254849,"Oh yeah,” said Annabelle. “If you want to drive yourself nuts spend a couple days zooming around country roads with Mr. Speedy while he drones on and on about some dead writer no one but him has ever heard of.” “Sounds delightful,” replied Chapman. “Sort of like gnawing off one’s arm for sport.” “Caleb,",,,
q00561,top2010:2158,15254849,1,9,https://www.goodreads.com/work/quotes/15254849,"I know. I admit that. You’re working with NSC now. And the FBI.” “So?” “So how would you like to be part of a joint effort with NIC?” “I already have enough alphabet letters, thanks.” “You",,,
q00562,top2010:2158,15254849,1,10,https://www.goodreads.com/work/quotes/15254849,"If it doesn’t make sense the way I’m thinking it through, it means I’m thinking it through wrong. But then what way is right? He",,,
q00563,top2010:2158,15254849,1,14,https://www.goodreads.com/work/quotes/15254849,intel and no one gave it a second thought.,,,
q00564,top2010:2284,6809039,1,0,https://www.goodreads.com/work/quotes/6809039,The best place to cry is on a mother's arms.,,,
q00565,top2010:2284,6809039,1,1,https://www.goodreads.com/work/quotes/6809039,Sometimes I think the human heart is just a simple shelf. There is only so much you can pile onto it before something falls off an edge and you are left to pick up the pieces.,,,
q00566,top2010:2284,6809039,1,2,https://www.goodreads.com/work/quotes/6809039,"On the other hand, I think cats have Asperger's. Like me, they're very smart. And like me, sometimes they simply need to be left alone.",,,
q00567,top2010:2284,6809039,1,3,https://www.goodreads.com/work/quotes/6809039,My dad used to say that living with regrets was like driving a car that only moved in reverse.,,,
q00568,top2010:2284,6809039,1,4,https://www.goodreads.com/work/quotes/6809039,"when you [lose someone], it feels like the hole in your gum when a tooth falls out. You can chew, you can eat, you have plenty of other teeth, but your tongue keeps going back to that empty place, where all nerves are still a little raw",,,
q00569,top2010:2284,6809039,1,5,https://www.goodreads.com/work/quotes/6809039,"I think you're the only person who gets me. When I'm with you, the world doesn't feel like a problem I can't figure out. Please come to the dance, because you're my music.",,,
q00570,top2010:2284,6809039,1,6,https://www.goodreads.com/work/quotes/6809039,"When did they stop putting toys in cereal boxes? When I was little, I remember wandering the cereal aisle (which surely is as American a phenomenon as fireworks on the Fourth of July) and picking my breakfast food based on what the reward was: a Frisbee with the Trix rabbit's face emblazoned on the front. Holographic stickers with the Lucky Charms leprechaun. A mystery decoder wheel. I could suffer through raisin bran for a month if it meant I got a magic ring at the end.I cannot admit this out loud. In the first place, we are expected to be supermoms these days, instead of admitting that we have flaws. It is tempting to believe that all mothers wake up feeling fresh every morning, never raise their voices, only cook with organic food, and are equally at ease with the CEO and the PTA.Here's a secret: those mothers don't exist. Most of us-even if we'd never confess-are suffering through the raisin bran in the hopes of a glimpse of that magic ring.I look very good on paper. I have a family, and I write a newspaper column. In real life, I have to pick superglue out of the carpet, rarely remember to defrost for dinner, and plan to have BECAUSE I SAID SO engraved on my tombstone.Real mothers wonder why experts who write for Parents and Good Housekeeping-and, dare I say it, the Burlington Free Press-seem to have their acts together all the time when they themselves can barely keep their heads above the stormy seas of parenthood.Real mothers don't just listen with humble embarrassment to the elderly lady who offers unsolicited advice in the checkout line when a child is throwing a tantrum. We take the child, dump him in the lady's car, and say, ""Great. Maybe YOU can do a better job.""Real mothers know that it's okay to eat cold pizza for breakfast.Real mothers admit it is easier to fail at this job than to succeed.If parenting is the box of raisin bran, then real mothers know the ratio of flakes to fun is severely imbalanced. For every moment that your child confides in you, or tells you he loves you, or does something unprompted to protect his brother that you happen to witness, there are many more moments of chaos, error, and self-doubt.Real mothers may not speak the heresy, but they sometimes secretly wish they'd chosen something for breakfast other than this endless cereal.Real mothers worry that other mothers will find that magic ring, whereas they'll be looking and looking for ages. Rest easy, real mothers. The very fact that you worry about being a good mom means that you already are one.",,,
q00571,top2010:2284,6809039,1,7,https://www.goodreads.com/work/quotes/6809039,"Frankly, I wonder who Frank was, and why he has an adverb all to himself.",,,
q00572,top2010:2284,6809039,1,8,https://www.goodreads.com/work/quotes/6809039,"I don't know what he means by that, but I nod and smile at him. You'd be surprised at how far that response can get you in a conversation where you are completely confused.",,,
q00573,top2010:2284,6809039,1,9,https://www.goodreads.com/work/quotes/6809039,I personally subscribe to the belief that normal is just a setting on the dryer.,,,
q00574,top2010:2284,6809039,1,12,https://www.goodreads.com/work/quotes/6809039,We all know that a sky with clouds in it is much more interesting than one that doesn't have any.,,,
q00575,top2010:2284,6809039,1,13,https://www.goodreads.com/work/quotes/6809039,"We're [parents]) always bluffing, pretending we know best, when most of the time we're just praying we won't screw up too badly.",,,
q00576,top2010:2284,6809039,1,14,https://www.goodreads.com/work/quotes/6809039,"I know Mark,' I reply. 'And I don't like him.''But I do. And part of being social means being civil to someone you don't like.''That's stupid. It's a huge world. why not just get up and walk away?''Because that's rude,' Jess explains.'I think it's rude to stick a smile on your face and pretend you like talking to someone when in reality you'd rather be sticking bamboo slivers under your fingernails.",,,
q00577,top2010:2284,6809039,1,15,https://www.goodreads.com/work/quotes/6809039,"It's never the differences between people that suprise us. It's the things that, against all odds, we have in common.",,,
q00578,top2010:2284,6809039,1,16,https://www.goodreads.com/work/quotes/6809039,"In reality, you don’t ever change the hurricane. You just learn how to stay out of its path.",,,
q00579,top2010:2284,6809039,1,17,https://www.goodreads.com/work/quotes/6809039,"It's the child who's supposed to cry, and the mom who makes it all better, not the other way around, which is why mothers will move heaven and earth to hold it together in front of their own kids.",,,
q00580,top2010:2284,6809039,1,18,https://www.goodreads.com/work/quotes/6809039,"I don't understand why people never say what they mean. It's like the immigrants who come to a country and learn the language but are completely baffled by idioms. (Seriously, how could anyone who isn't a native English speaker 'get the picture,' so to speak, and not assume it has something to do with a photo or a painting?)",,,
q00581,top2010:2284,6809039,1,19,https://www.goodreads.com/work/quotes/6809039,"The brain of a person in love will show activity in the amygdala, which is associated with gut feelings, and in the nucleus accumbens, an area associated with rewarding stimuli that tends to be active in drug abusers. Or, to recap: the brain of a person in love doesn't look like the brain of someone overcome by deep emotion. It looks like the brain of a person who's been snorting coke.",,,
q00582,top2010:2284,6809039,1,21,https://www.goodreads.com/work/quotes/6809039,"Everytime I look at a zebra, I can't figure out whether it's black with white stripes or white with black stripes, and that frustrates me.",,,
q00583,top2010:2284,6809039,1,22,https://www.goodreads.com/work/quotes/6809039,"I've met so many parents of the kids who are on the low end of the autism spectrum, kids who are diametrically opposed to Jacob, with his Asperger's. They tell me I'm lucky to have a son who's verbal, who is blisteringly intelligent, who can take apart the broken microwave and have it working again an hour later. They think there is no greater hell than having a son who is locked in his own world, unaware that there's a wider one to explore. But try having a son who is locked in his own world and still wants to make a connection. A son who tries to be like everyone else but truly doesn't know how.",,,
q00584,top2010:2284,6809039,1,23,https://www.goodreads.com/work/quotes/6809039,"Logical thinking keeps you from wasting time worrying, or hoping. It prevents disappointment. Imagination, on the other hand, only gets you hyped up over things that will never realistically happen.",,,
q00585,top2010:2284,6809039,1,24,https://www.goodreads.com/work/quotes/6809039,"Motherhood is a Sisyphean task. You finish sewing one seam shut, and another rips open. I have come to believe that this life I'm wearing will never really fit.",,,
q00586,top2010:2284,6809039,1,26,https://www.goodreads.com/work/quotes/6809039,"If he says jump, she doesn't even ask ""How high?"" She goes out and buys a pogo stick.",,,
q00587,top2010:2284,6809039,1,27,https://www.goodreads.com/work/quotes/6809039,Jacob looks like a totally normal young man. He's clearly intelligent. But having his day disrupted probably makes him feel the same way I would if I was suddenly told to bungee off the top of the Sears Tower.,,,
q00588,top2010:2284,6809039,1,28,https://www.goodreads.com/work/quotes/6809039,"parenting isn't a noun but a verb--an ongoing process instead of an accomplishment. And that no matter how many years you put into the job, the learning curve is, well, fairly flat.",,,
q00589,top2010:2284,6809039,1,29,https://www.goodreads.com/work/quotes/6809039,I imagine how cool it would be if all small talk wasn't lies.,,,
q00590,top2010:2284,6809039,2,0,https://www.goodreads.com/work/quotes/6809039?page=2,"Kid says to me, ""You play baseball? What position? Left out?"" and gets a big laugh from the rest of the class. Kid is only one person out of 6.792 billion humans on this planet. This planet is only one-eighth of the solar system, whose sun is one of two billion stars in the Milky Way galaxy. Put it that way, the comment loses it's importance.",,,
q00591,top2010:2284,6809039,2,1,https://www.goodreads.com/work/quotes/6809039?page=2,"People don’t just disappear. There’s always a reason, or an enemy with a grudge. There’s always a loose thread that starts to unravel.",,,
q00592,top2010:2284,6809039,2,2,https://www.goodreads.com/work/quotes/6809039?page=2,"What being home-schooled has taught me, more than anything, is what a waste of a life high school is.",,,
q00593,top2010:2284,6809039,2,5,https://www.goodreads.com/work/quotes/6809039?page=2,"She stares at me for a moment, and then she bursts out laughing. “You haven’t seen his perfect little wife and his perfect little girls. Believe me, Oliver, I’m not the great love of his life, the one he’ll never forget.”“You are to me,” I say.",,,
q00594,top2010:2284,6809039,2,7,https://www.goodreads.com/work/quotes/6809039?page=2,"You don't make a friend,"" Jacob said with a scowl. ""It's not like they come with directions like you'd find on a box of macaroni and cheese.",,,
q00595,top2010:2284,6809039,2,8,https://www.goodreads.com/work/quotes/6809039?page=2,"Teachers deserve respect,"" I explain. ""Why do they get it for free, when everyone else has to earn it?",,,
q00596,top2010:2284,6809039,2,10,https://www.goodreads.com/work/quotes/6809039?page=2,"I don't know what I was thinking, coming out here. There are no silver bullets in life, there's just the long, messy climb out of the pit you've dug youself.",,,
q00597,top2010:2284,6809039,2,11,https://www.goodreads.com/work/quotes/6809039?page=2,"My mother walks forward. She's crying, but there's a smile on her face. For God's sake, is it any wonder I can't ever understand what you people are feeling?",,,
q00598,top2010:2284,6809039,2,12,https://www.goodreads.com/work/quotes/6809039?page=2,It's like the psychiatrists themselves are buying into that stupid belief that therapy is something to hide.,,,
q00599,top2010:2284,6809039,2,14,https://www.goodreads.com/work/quotes/6809039?page=2,"The jury is supposed to be twelve peers, but technically that would mean every single person on the jury should have Asperger's syndrome, because then they'd really understand me.",,,
q00600,top2010:2284,6809039,2,15,https://www.goodreads.com/work/quotes/6809039?page=2,"It's just like nurses in a hospital tend to know more than the doctors most of the time; if you really want to get the answers to a question about court, you should spend more time buttering up the clerks than the judges.",,,
q00601,top2010:2284,6809039,2,16,https://www.goodreads.com/work/quotes/6809039?page=2,"Then Henry speaks again. ""Did he do it?""I turn to him slowly. ""Does it matter?",,,
q00602,top2010:2284,6809039,2,18,https://www.goodreads.com/work/quotes/6809039?page=2,Sometimes the hardest thing to hear is the truth.,,,
q00603,top2010:2284,6809039,2,20,https://www.goodreads.com/work/quotes/6809039?page=2,"In psychoanalytical theory there is a phenomenon called transference. The therapist becomes a blank screen, onto which the patient projects some incident or feeling that began in childhood... it would not be a far reach for someone to look at my feelings for Jess and assume that, in the context of our relationship as tutor and pupil, I am not in love. I'm just in transference.",,,
q00604,top2010:2284,6809039,2,21,https://www.goodreads.com/work/quotes/6809039?page=2,"You okay in there?""""No, I'm hanging from a closet rod.",,,
q00605,top2010:2284,6809039,2,22,https://www.goodreads.com/work/quotes/6809039?page=2,Jacob's room is the place entropy goes to die.,,,
q00606,top2010:2284,6809039,2,23,https://www.goodreads.com/work/quotes/6809039?page=2,"This is where I go, when I go:It's a room with no windows and no doors, and walls that are thin enough for me to see and hear everything but too thick to break through.I'm there, but I'm not there.I am pounding to be let out, but nobody can hear me. This is where I go, when I go: To a country where everyone's face looks different from mine, and the language is the act of not speaking, and noise is everywhere in the air we breathe. I am doing what the Romans do in Rome; I am trying to communicate, but no one has bothered to tell me that these people cannot hear.This is where I go, when I go:Somewhere completely, unutterably orange.This is where I go, when I go:To the place where my body becomes a piano full of black keys only—the sharps and the flats, when everyone know that to play a song other people want to hear, you need some white keys.This is why I come back:To find those white keys.",,,
q00607,top2010:2284,6809039,2,24,https://www.goodreads.com/work/quotes/6809039?page=2,Only the liar knows that he's lying.,,,
q00608,top2010:2284,6809039,2,25,https://www.goodreads.com/work/quotes/6809039?page=2,"I mean, who the hell has a turret on their house, besides Rapunzel?",,,
q00609,top2010:2284,6809039,2,26,https://www.goodreads.com/work/quotes/6809039?page=2,"My high school guidance counselor, Mrs. Inverholl, once had me take an aptitude test to figure out my future. The number one job recommendation for my set of skills was an air traffic accident investigator, of which there are fewer than fifty in the world. The number two job was a museum curator for Chinese-American studies. The number three job was a circus clown.",,,
q00610,top2010:2284,6809039,2,28,https://www.goodreads.com/work/quotes/6809039?page=2,"Frankly, people don't make sense to me.",,,
q00611,top2010:2284,6809039,2,29,https://www.goodreads.com/work/quotes/6809039?page=2,So much time is spent with people superficially. You remember all the fun you had but nothing specific.,,,
q00612,top2010:2284,6809039,3,0,https://www.goodreads.com/work/quotes/6809039?page=3,"The crisis might be what sticks in my mind, but the in-between moments are the ones I would not have missed for the world.",,,
q00613,top2010:2284,6809039,3,3,https://www.goodreads.com/work/quotes/6809039?page=3,"Mothers are supposed to be their children's biggest cheerleaders. Mothers are supposed to believe in their children, no matter what. Mothers will lie to themselves, if necessary, to do this.",,,
q00614,top2010:2284,6809039,3,4,https://www.goodreads.com/work/quotes/6809039?page=3,"My biggest hope for Jacob is that moments like this won't happen.My biggest fear: that they will, and I won't always be there to keep people from thinking the worst of him.",,,
q00615,top2010:2284,6809039,3,5,https://www.goodreads.com/work/quotes/6809039?page=3,"I don't believe in self-pity. I think it's for people who have too much time on their hands. Instead of dreaming of a miracle, you learn to make your own.",,,
q00616,top2010:2284,6809039,3,6,https://www.goodreads.com/work/quotes/6809039?page=3,"Never ask your child a open-ended question, such as ""Do you want to go to bed now?"" You won't want to hear the answer, believe me. ""Do you want me to carry you upstairs, or do you want to walk upstairs to go to bed?"" That way, you get the outcome you want and they feel empowered.",,,
q00617,top2010:2284,6809039,3,7,https://www.goodreads.com/work/quotes/6809039?page=3,"Jacob’s concept: The concept of Asperger’s is like a flavoring added to a person and although my concentration is higher than those of others, if tested everyone would have traces of this condition too.",,,
q00618,top2010:2284,6809039,3,8,https://www.goodreads.com/work/quotes/6809039?page=3,"You want to hear something really sad?' I whisper. 'You're my best friend.''You're right. That is really sad.' Oliver grins.'That's not what I meant.''Are we still playing True Confessions?' he asks.'Is that what we're doing?'He reaches toward me and rubs a strand of my hair between his fingers. 'I think you're beautiful,' Oliver says. 'Inside and out.'He leans forward from the tiniest bit and breathes in, closing his eyes, before he lets the hair fall back against my cheek. I feel it inside me, as if I've been shocked.I don't pull away.I don't want to pull away.'I... I don't know what to say,' I stammer.Oliver's eyes light up. 'Of all the gin joints in all the towns in all the world, she walk into mine,' he quotes. He moves slowly, so that I know what's coming, and kisses me.",,,
q00619,top2010:2284,6809039,3,9,https://www.goodreads.com/work/quotes/6809039?page=3,So you're not even going to try? You're just going to assume that the answer's no?,,,
q00620,top2010:2284,6809039,3,10,https://www.goodreads.com/work/quotes/6809039?page=3,"Over the years, he's learned empathy the way I might learn Greek, translating an image or situation in the clearinghouse of his mind and trying to attach the appropriate sentiment to it, but never really fluent in the language.",,,
q00621,top2010:2284,6809039,3,12,https://www.goodreads.com/work/quotes/6809039?page=3,"It was not compassion that led to Daniel's change of heart, and it was not kindness. It was realizing that, against all odds, he had something in common with Jason Underhill. Like Daniel, Jason had learned the hard way that they we are never the people we think we are. We are the ones we pretend, with all our hearts, we can't become.",,,
q00622,top2010:2284,6809039,3,13,https://www.goodreads.com/work/quotes/6809039?page=3,"If someone else takes a bite of my food, I have to cut off the part that his/her saliva has touched before I can eat any more of it.",,,
q00623,top2010:2284,6809039,3,14,https://www.goodreads.com/work/quotes/6809039?page=3,"In my opinion, the very fact that Mark doesn't know this diagnostic criterion suggests that he's a lot closer to actual retardation than I am.",,,
q00624,top2010:2284,6809039,3,15,https://www.goodreads.com/work/quotes/6809039?page=3,"Dealing with an autistic meltdown is like dealing with a tornado. Once you are close enough to see it coming, there's nothing to do but weather the storm.",,,
q00625,top2010:2284,6809039,3,16,https://www.goodreads.com/work/quotes/6809039?page=3,"The world for Jacob is truly black and white. Once when he was younger, his gym teacher called because Jacob had a meltdown during kickball when a kid threw the big red ball at him to tag him out. ""You don't throw things at people,"" Jacob tearfully explained. ""It's a rule!""Why should a rule that works in one situation not work in another? If a bully taunts him and I tell him it's all right to reciprocate because sometimes that's the only way to get these kids to leave him alone. Why shouldn't he do the same with a teacher who humiliates him in public?",,,
q00626,top2010:2284,6809039,3,17,https://www.goodreads.com/work/quotes/6809039?page=3,"I know what love is, but only theoretically. I don't feel it the way other people do.",,,
q00627,top2010:2284,6809039,3,18,https://www.goodreads.com/work/quotes/6809039?page=3,"When you find the person you are supposed to love, you will know by staring deeply into her eyes. Well, that's a deal breaker for me.It is hard for me to explain why it is so difficult to look into people's eyes. Imagine what it would be like if someone sliced your chest with a scalpel and rummaged around inside you, squeezing your heart and lungs and kidneys. That level of complete invasion is what it feels like when I make eye contact.",,,
q00628,top2010:2284,6809039,3,19,https://www.goodreads.com/work/quotes/6809039?page=3,"Don't think I'm a bad mother. I'm just a realistic one. I knew that Jacob was handsome, funny, and so smart it sometimes left me reeling. It was hard though for others to see him in that light. To them, he just seemed odd.",,,
q00629,top2010:2284,6809039,3,20,https://www.goodreads.com/work/quotes/6809039?page=3,"In my mind, Asperger’s isn’t a label to describe the traits Jacob has, but rather the ones he lost.",,,
q00630,top2010:2284,6809039,3,21,https://www.goodreads.com/work/quotes/6809039?page=3,"When you expect something, you’re sure to be disappointed. I learned that a long time ago.",,,
q00631,top2010:2284,6809039,3,25,https://www.goodreads.com/work/quotes/6809039?page=3,Don't you wish love was so strong it could come back to haunt you?,,,
q00632,top2010:2284,6809039,3,27,https://www.goodreads.com/work/quotes/6809039?page=3,"Surely I missed the Bloodsucking Your Client class in law school, since all evidence points to me being the poster boy for Financially Ruined Defense Attorneys.",,,
q00633,top2010:2284,6809039,3,28,https://www.goodreads.com/work/quotes/6809039?page=3,"It's been forever.' The words are quiet, hidden against his shoulder.'That's because,' Oliver says, 'you were waiting for me.' He slips aside the sweater again and kisses my collarbone.",,,
q00634,top2010:2284,6809039,3,29,https://www.goodreads.com/work/quotes/6809039?page=3,"I should have known from watching Henry work at the office: programmers moved slowly and deliberately, and then waited to see the reaction. And if they did not succeed the first time, they would try over and over again, until they broke through that fifth dimension and got it right.",,,
q00635,top2010:2284,6809039,4,0,https://www.goodreads.com/work/quotes/6809039?page=4,"The term stir-crazy comes from the early 1900s. Stir was slang for prison, based on the Gypsy word stariben. Stir-crazy was actually a play on an older expression, stir-bugs, which described a prisoner who became mentally unstable due to being locked up too long.",,,
q00636,top2010:2284,6809039,4,1,https://www.goodreads.com/work/quotes/6809039?page=4,"... like a cricket onto a picnic blanket, and it is equally unwelcome.",,,
q00637,top2010:2284,6809039,4,2,https://www.goodreads.com/work/quotes/6809039?page=4,"It’s not just sight and sound that are ratcheted up, either. My skin is so sensitive that I can tell you whether my shirt is cotton or polyester just by its temperature against my back. I have to cut all the labels out of my clothes so they don’t rub because they feel like coarse sandpaper. If someone touches me when I am not expecting it, I scream – not out of fear but because it sometimes feels like my nerve endings are on the outside rather than the inside.",,,
q00638,top2010:2284,6809039,4,3,https://www.goodreads.com/work/quotes/6809039?page=4,want to get the answer to a question about,,,
q00639,top2010:2284,6809039,4,5,https://www.goodreads.com/work/quotes/6809039?page=4,"The blue light from the streetlamps outside turns us both into ghosts. We aren't in this world anymore, just haunting its edges.",,,
q00640,top2010:2284,6809039,4,7,https://www.goodreads.com/work/quotes/6809039?page=4,Her palms brand my stomach; I am sure I will wake up with her initials seared into my skin.,,,
q00641,top2010:2284,6809039,4,8,https://www.goodreads.com/work/quotes/6809039?page=4,"I don't understand what Jess likes about him. He is in the graduate school of business and he plays a lot of hockey. But whenever he's around, the conversation always has to be about him and I don't know why that's okay if it's Mark talking, but not if it's me.",,,
q00642,top2010:2284,6809039,4,9,https://www.goodreads.com/work/quotes/6809039?page=4,"Annie Sullivan,"" I say.""What?"" Jess looks up. Her eyes are red.""Mother Teresa saved the poor and the sick, and I'm not poor or sick. Annie Sullivan would have been a better example to use because she's a famous teacher.""""Oh, God."" Jess buries her face in her hands. ""I can't handle this.",,,
q00643,top2010:2284,6809039,4,10,https://www.goodreads.com/work/quotes/6809039?page=4,"It gets a little easier to breathe again and when I close my eyes, I don't see Jess's face on the backs of my lids, grainy like a drawing on an Etch-A-Sketch.",,,
q00644,top2010:2284,6809039,4,11,https://www.goodreads.com/work/quotes/6809039?page=4,"Jack Thornton expected Jacob to be a math savant when that's not always part of Asperger's in spite of what Hollywood seems to think. Instead, he's been frustrated by a student whose handwriting is messy, who transposes numbers when doing calculations and who is far too literal to understand some of the theoretical concepts of math like imaginary numbers and matrices.",,,
q00645,top2010:2284,6809039,4,12,https://www.goodreads.com/work/quotes/6809039?page=4,"When Jess is my girlfriend, we will eat pizza without mushrooms every Sunday. I'll show her how to enhance the contrast of fingerprints on packing tape and I will let her read my CrimeBusters journals. She'll confide that she has quirks, too, like the fact that she has a tail that she keeps hidden under her jeans. Okay, maybe not a tail. No one really wants a girlfriend with a tail.",,,
q00646,top2010:2284,6809039,4,13,https://www.goodreads.com/work/quotes/6809039?page=4,"You're wrong. Jacob knows we're just friends,"" Jess says.Mark snorts. ""You fucking get paid to be his friend!""I stand up abruptly. ""Is that true?""I guess I have never thought about it. My mother arranged for me to meet with Jess.I assumed Jess wanted to do it because she (a) is writing that paper and (b) likes my company, but now I can picture my mother ripping another check out of the checkbook and complaining like always that we don't have enough to cover our expenses. I can picture Jess opening the envelope in her dorm room and tucking that check into the back pocket of her jeans. I can picture her taking Mark out for pizza, using cash that came from my mother's bank account. Gluten-rich mushroom pizza.",,,
q00647,top2010:2284,6809039,4,14,https://www.goodreads.com/work/quotes/6809039?page=4,And I don't understand why neurotypical guys are obsessed with girl breasts. I think it would be an enormous pain to have those sticking out in front of you all the time.,,,
q00648,top2010:2284,6809039,4,15,https://www.goodreads.com/work/quotes/6809039?page=4,"Let me just come out and say I don't get the sex thing. I don't understand why someone like Mark, who seems completely hell-bent on exchanging bodily fluids with Jess, isn't equally excited to talk about the fact that snot, bleach, and horseradish can all give you false positives for blood during presumptive tests.",,,
q00649,top2010:2284,6809039,4,16,https://www.goodreads.com/work/quotes/6809039?page=4,"I had been in the library at the bank of computers and there was a kid sitting next to me. Owen is in my Advanced Placement physics class. He is really quiet and very smart, and if you ask me, he has a little bit of Asperger's in him. It's like gaydar; I can tell.",,,
q00650,top2010:2284,6809039,4,17,https://www.goodreads.com/work/quotes/6809039?page=4,"She has blond hair that is always straight, although she has to work hard to make that happen. I have watched her use this contraption called a flat iron that looks like a sandwich press, but actually sizzles her curly, wet hair and turns it smooth and silky. When she walks into a room, people look right at her which I really like because it means they are not looking at me.",,,
q00651,top2010:2284,6809039,4,18,https://www.goodreads.com/work/quotes/6809039?page=4,"Jess is beautiful, although she says this was not always the case. She lost a lot of weight two years ago after she had an operation. I've seen pictures of her before when she was obese. She says that's why she wants to work with kids whose disabilities make them targets because she remembers being one, too. In the pictures, she looks like Jess, but hidden inside someone larger and puffier. Now, she is curvy, but only in the right places.",,,
q00652,top2010:2284,6809039,4,19,https://www.goodreads.com/work/quotes/6809039?page=4,"At first, when Jess and I started working together, I used to call her a few days before our lesson just to make sure it was still on, that she wasn't sick or expecting to have some kind of emergency.I'd call whenever I was obsessing about it, and sometimes that was three in the morning. If she didn't pick up her cell phone, I'd freak out. Once, I called the police to report her missing and it turned out that she was just at some party.Eventually, we agreed that I would call her at 10:00 P.M. on Thursdays. Since I meet with her on Sundays and Tuesdays, that means I don't have to spend four days out of touch and worrying.",,,
q00653,top2010:2284,6809039,4,22,https://www.goodreads.com/work/quotes/6809039?page=4,"The living room is exactly what you'd be expecting. Couches with crackly leather and stacks of paper everywhere, so many dusty books that even though I don't have asthma I feel it coming on.",,,
q00654,top2010:2284,6809039,4,23,https://www.goodreads.com/work/quotes/6809039?page=4,"When I took their picture on the front lawn, Jacob even looked at the camera. It remains, to this day, the only photo I have of him where he's doing that.",,,
q00655,top2010:2284,6809039,4,24,https://www.goodreads.com/work/quotes/6809039?page=4,"It's because, whenever possible, humans err on the side of hope.",,,
q00656,top2010:2284,6809039,4,25,https://www.goodreads.com/work/quotes/6809039?page=4,"I have carved a life out of doing what needs to be done, because you can vail to the heavens, but in the end, when you're through, you will still be ankle deep in the same situation.",,,
q00657,top2010:2284,6809039,4,28,https://www.goodreads.com/work/quotes/6809039?page=4,There is no way to explain to a child that the line between good and evil isn't nearly as black and white as a fairy tale would leave you to believe. That an ordinary person can turn into a villain under the right circumstances. That sometimes we dragon slayers do things we aren't proud of,,,
q00658,top2011:3309,11240905,1,2,https://www.goodreads.com/work/quotes/11240905,"from quivering as the lights hit me, and the car rolled",,,
q00659,top2011:5131,14183705,1,0,https://www.goodreads.com/work/quotes/14183705,"You know you're going to get burned from time to time. It's just part of the game. So when it happens you have to pick yourself up, dust yourself off and forget about it because they're about to snap the ball again.",,,
q00660,top2011:5131,14183705,1,1,https://www.goodreads.com/work/quotes/14183705,"Don't go growing a conscience on me,"" I said. ""I've been down that road. It doesn't lead you to anything good.",,,
q00661,top2011:5131,14183705,1,2,https://www.goodreads.com/work/quotes/14183705,There was still chicken on the bone but sometimes you just have to push the plate away.,,,
q00662,top2011:5131,14183705,1,3,https://www.goodreads.com/work/quotes/14183705,"It was a good strategy but this is where I intended to turn her plans upside-down. In the courtroom there are three things for the lawyer to always consider: the knowns, the known unknowns and the unknown unknowns. Whether at the prosecution or defense table, it is the lawyer’s job to master the first two and always be prepared for the third.",,,
q00663,top2011:5131,14183705,1,4,https://www.goodreads.com/work/quotes/14183705,I felt sympathy for her but not too much. Idealism dies hard with everybody.,,,
q00664,top2011:5131,14183705,1,5,https://www.goodreads.com/work/quotes/14183705,I have always had the suspicion that officers assigned to front desk duty were chosen by cunning supervisors because of their skills in obfuscation and disinformation.,,,
q00665,top2011:5131,14183705,1,6,https://www.goodreads.com/work/quotes/14183705,I put my hand down below the table to check my zipper. You have to stand before a jury only once with your fly open and it will never happen again,,,
q00666,top2011:5131,14183705,1,7,https://www.goodreads.com/work/quotes/14183705,"It was during my explanation to my young daughter that I finally realized why I had been drawn to this particular practice of law. Yes, some of my clients were just gaming the system. They were charlatans no better than the banks they were taking on. But some of mu clients were downtrodden and disadvantaged. They were true underdogs in society and I wanted to stand for them and keep them in their homes for as long as I possibly could.",,,
q00667,top2011:5131,14183705,1,8,https://www.goodreads.com/work/quotes/14183705,"Search warrants designate a specific window of time during which the search must take place. Afterward, police must in a timely manner file a document with the court called a search-warrant return that lists exactly what was seized. It is then the judge’s responsibility to review the seizure to make sure that the police acted within the parameters of the warrant.",,,
q00668,top2011:5131,14183705,1,9,https://www.goodreads.com/work/quotes/14183705,Freeman was a damn good prosecutor but in my view she didn’t play fair. A trial was supposed to be a spirited contesting of facts and evidence. Both sides with equal footing in the law and the rules of the game. But using the rules to hide or withhold facts and evidence was the routine with Freeman. She liked a tiled game. She didn’t carry the light. She didn’t even see the light.,,,
q00669,top2011:5131,14183705,1,10,https://www.goodreads.com/work/quotes/14183705,"A preliminary hearing is a routine step on the way to a trial. It is one hundred percent the prosecution's show. The state is charged with presenting its case to the court and the judge then rules on whether there is sufficient evidence to take it forward to a jury trial. This isn't the reasonable doubt threshold. Not even close. The judge only has to decide if a preponderance of evidence supports the charges. If so, then the next stop is a full-blown trial.",,,
q00670,top2011:5131,14183705,1,12,https://www.goodreads.com/work/quotes/14183705,"McReynolds emphatically shook his head. “No way. Legal’s all over that deal. It’s squeaky clean. Even the woman signed off. Trammel. I could make her a three-hundred-pound whore who likes black dick in the movie and she couldn’t do a thing about it. That deal is perfect.” “Yeah, well, what Legal’s missed is the part about neither one of them having the rights to the story to sell you in the first place. Those rights happen to reside here with me. Trammel signed them over to me before Dahl came along and took second position. He thought he could move up one by stealing the original contracts out of my files. Only that’s not going to work. I’ve got a witness to the theft and Dahl’s fingerprints. He’s going to go down on fraud and theft charges and your choice here is to decide whether you want to go down",,,
q00671,top2011:5131,14183705,1,14,https://www.goodreads.com/work/quotes/14183705,shoes. You have to believe me.” I,,,
q00672,top2011:5131,14183705,1,15,https://www.goodreads.com/work/quotes/14183705,Opparizio was a Fifth witness—a straw man he could set up in front of the jury and then knock down when he took the Fifth.,,,
q00673,top2011:5131,14183705,1,17,https://www.goodreads.com/work/quotes/14183705,It was too bad it was stuff she’d never use.,,,
q00674,top2011:5131,14183705,1,18,https://www.goodreads.com/work/quotes/14183705,"The defendant took the oath with a slight smile on her face. It may have seemed out of place to some. After she was seated and her name was in the record, I jumped right on it.",,,
q00675,top2011:5131,14183705,1,19,https://www.goodreads.com/work/quotes/14183705,"And when we come back, the defense phase will begin.",,,
q00676,top2011:5131,14183705,1,20,https://www.goodreads.com/work/quotes/14183705,"I reversed the search video, keeping my eyes on the rewinding images. I",,,
q00677,top2011:5131,14183705,1,22,https://www.goodreads.com/work/quotes/14183705,"Opparizio is a perfect target: rich, arrogant and Republican.",,,
q00678,top2011:5131,14183705,1,23,https://www.goodreads.com/work/quotes/14183705,"From stockbrokers to soccer moms, there are twelve minds on the jury and they’ve all been marinated in different life experiences. You have to tell them all the same story. And you only get one chance. That’s the trick. Twelve minds, one story. It’s got to be a story that speaks to each of them.",,,
q00679,top2011:5131,14183705,1,27,https://www.goodreads.com/work/quotes/14183705,"play fair, Haller.” “It’s not a fair game. Did she tell you",,,
q00680,top2012:5180,21412154,1,0,https://www.goodreads.com/work/quotes/21412154,The human spirit was the strongest medicine on earth. And sometimes all it needed was a little encouragement to pull off a miracle.,,,
q00681,top2012:5180,21412154,1,1,https://www.goodreads.com/work/quotes/21412154,"You learn a lot about a person when she saves your life, - Mecho",,,
q00682,top2012:5180,21412154,1,2,https://www.goodreads.com/work/quotes/21412154,They were not rich. They were not powerful. They were truly the forgotten.,,,
q00683,top2012:5180,21412154,1,3,https://www.goodreads.com/work/quotes/21412154,"on their target about now. Six on one, overwhelming force, or so they thought. Puller was a first-rate, superbly trained close-quarters fighter. But he was not Superman. This was not a movie where he could Matrix his way to victory. It would be fearful men fighting, making mistakes but certainly landing some blows. Puller tipped the scales at well over two hundred pounds. The men he would be facing tonight collectively weighed about a thousand pounds. They had twelve fists and a dozen legs to his two and two. Six against one, hand-to-hand, no matter how good you were or how inept the six were, would likely result in defeat. Puller could take out three or four rather quickly. But the remaining two or three men would probably get in a lucky shot and possibly knock him down. And then it would be over. Bats and bars would rain down on him and then a gunshot would end it all. If one had a choice—and sometimes one did—a truly superb close-quarters fighter only fought when the conditions favored him. He didn’t have much time, because they would quickly determine that he was not in the room. Then they would do one of two things: leave and come back, or set a trap and wait for him. And a trap would involve a perimeter. At least he was counting on that, because a perimeter meant that the six men would have",,,
q00684,top2012:5180,21412154,1,5,https://www.goodreads.com/work/quotes/21412154,Julie Carson was a one-star stationed at the Pentagon in the J2’s office. The J2 was a two-star who gave the Chairman of the Joint Chiefs the daily briefing. Carson was the vice chair and gave the briefing when the J2 was unavailable. She had helped Puller during his time in West Virginia,,,
q00685,top2012:5180,21412154,1,6,https://www.goodreads.com/work/quotes/21412154,"Puller thought about this. He still didn’t have a place to stay, but he didn’t think it was a good idea to crash at Landry’s place again. And even though he had finished processing his aunt’s home he still didn’t feel comfortable staying there. She had left it to him, of course, so he had every right to be there if he wanted. But what it really came down to was that until he figured out what had happened to her, Puller didn’t think he deserved to stay in the woman’s house. Not after all those years of not contacting her, letting her tumble from his life like an insignificant piece of debris",,,
q00686,top2012:5180,21412154,1,7,https://www.goodreads.com/work/quotes/21412154,"She had spent considerable time writing the letter. The younger generation, with all of its tweets and Facebook and cryptic texts and emails where no actual language or grammar were involved, would never have understood taking the time",,,
q00687,top2012:5180,21412154,1,9,https://www.goodreads.com/work/quotes/21412154,"Landry in. He would need the manpower. Puller doubted the Paradise Police Department was very big. Boyd looked at Landry the way a man does a woman after he’s been rejected by her. Puller assumed that this was indeed the reason for the look. Landry had said that Hooper and all the other cops had been trying to get her into bed. And it was clear in Boyd’s look that the rejection had not gone down well. When he saw Puller right behind her, his features became darker. “What the hell is he doing here with you?” he barked. Before Puller could launch into his cover story, Landry snapped, “He’s here to help us work the scene, Boyd. Take it up with the chief if you’ve got a problem.” Before he could say anything she bulled right past him with Puller riding her wake. They first saw the remains",,,
q00688,top2012:5180,21412154,1,11,https://www.goodreads.com/work/quotes/21412154,can do this. You can make it. Forty miles per hour. He pushed the throttles ahead and crept the speed stick up to forty-five. He was almost topped out now. Even with the twin stern-drive engines he wouldn’t be able to muster more speed without unduly depleting his fuel. And there,,,
q00689,top2012:5180,21412154,1,14,https://www.goodreads.com/work/quotes/21412154,THE PLAZA HOTEL DID NOT look like the far more famous one in New York City on the edge of Central Park.,,,
q00690,top2012:5180,21412154,1,16,https://www.goodreads.com/work/quotes/21412154,"Humans carried guns. And killed with malice, the only species that did.",,,
q00691,top2012:5180,21412154,1,18,https://www.goodreads.com/work/quotes/21412154,A Sig P228. But it had,,,
q00692,top2012:5180,21412154,1,20,https://www.goodreads.com/work/quotes/21412154,"To Aunt Peggy, an angel on earth if ever there was one",,,
q00693,top2012:5180,21412154,1,21,https://www.goodreads.com/work/quotes/21412154,bikini with a short terrycloth cover-up over it.,,,
q00694,top2012:5180,21412154,1,22,https://www.goodreads.com/work/quotes/21412154,"Having exhausted the possibilities based on his limited investigation so far, he got out of the car, walked down a wooden boardwalk, and reached the beach. It was nearly six-thirty, and the café where he was meeting Timmins was close by. He decided to walk along the sand both to relax a bit and to think some more while the waves pounded the shore.",,,
q00695,top2012:5180,21412154,1,23,https://www.goodreads.com/work/quotes/21412154,"platform would look, well, abandoned. Not a",,,
q00696,top2012:5180,21412154,1,24,https://www.goodreads.com/work/quotes/21412154,"side. Diaz the right. They were prepared for a war. They did not find one. They did not find anyone at all. The warehouse was empty. The makeshift prison cells held no one. They searched the space in ten minutes and then regrouped in the center of it. Puller said, “They move fast, I’ll give them that.” “But where have they gone?” asked Carson. “We can get APBs out. They have to be using trucks",,,
q00697,top2012:5180,21412154,1,26,https://www.goodreads.com/work/quotes/21412154,"a Mexican border town just across the line from Brownsville, Texas, one of the most dangerous places on earth.",,,
q00698,top2012:5180,21412154,1,27,https://www.goodreads.com/work/quotes/21412154,room. It was four a.m. and he had not yet been to sleep.,,,
q00699,top2012:5180,21412154,1,28,https://www.goodreads.com/work/quotes/21412154,sheen on the water’s surface that could be,,,
q00700,top2012:5180,21412154,1,29,https://www.goodreads.com/work/quotes/21412154,People with power and means would always take advantage of those without them.,,,
q00701,top2013:4475,19256026,1,0,https://www.goodreads.com/work/quotes/19256026,It was that impossible thing: happiness that does not wilt to reveal the thin shoots of some new desire rising from within it.,,,
q00702,top2013:4475,19256026,1,1,https://www.goodreads.com/work/quotes/19256026,"Why was she dancing? No reason. Just alive, I guess.",,,
q00703,top2013:4475,19256026,1,2,https://www.goodreads.com/work/quotes/19256026,"Why were we put here, so inclined to love, when end of our story = death? That harsh. That cruel. Do not like.",,,
q00704,top2013:4475,19256026,1,3,https://www.goodreads.com/work/quotes/19256026,"Based on the experience of my life, which I have not exactly hit out of the park, I tend to agree with that thing about, If it's not broke, don't fix it. And would go even further to: Even if it is broke, leave it alone, you'll probably make it worse.",,,
q00705,top2013:4475,19256026,1,4,https://www.goodreads.com/work/quotes/19256026,"Dad had once said, Trust your mind, Rob. If it smells like shit but has writing across it that says Happy Birthday and a candle stuck down in it, what is it?Is there icing on it? he'd said.Dad had done that thing of squinting his eyes when an answer was not quite there yet.",,,
q00706,top2013:4475,19256026,1,5,https://www.goodreads.com/work/quotes/19256026,Every step was a victory. He had to remember that.,,,
q00707,top2013:4475,19256026,1,6,https://www.goodreads.com/work/quotes/19256026,"It was like either: (A) I was a terrible guy who was knowingly doing this rotten thing over and over, or (B) it wasn’t so rotten, really, just normal, and the way to confirm it was normal was to keep doing it, over and over.",,,
q00708,top2013:4475,19256026,1,7,https://www.goodreads.com/work/quotes/19256026,"Somehow: Molly.He heard her in the entryway. Mol, Molly, oh boy. When they were first married they used to fight. Say the most insane things. Afterward, sometimes there would be tears. Tears in bed? And then they would - Molly pressing her hot wet face against his hot wet face. They were sorry, they were saying with their bodies, they were accepting each other back, and that feeling, that feeling of being accepted back again and again, of someone's affection for you expanding to encompass whatever new flawed thing had just manifested in you, that was the deepest, dearest thing he'd ever -She came in flustered and apologetic, a touch of anger in her face. He'd embarrassed her. He saw that. He'd embarrassed her by doing something that showed she hadn't sufficiently noticed him needing her. She'd been too busy nursing him to notice how scared he was. She was angry at him for pulling this stunt and ashamed of herself for feeling angry at him in his hour of need, and was trying to put the shame and anger behind her now so she could do what might be needed.All of this was in her face. He knew her so well.Also concern.Overriding everything else in that lovely face was concern.She came to him now, stumbling a bit on a swell in the floor of this stranger's house.",,,
q00709,top2013:4475,19256026,1,8,https://www.goodreads.com/work/quotes/19256026,He was a father. That’s what a father does.Eases the burdens of those he loves.Saves the ones he loves from painful last images that might endure for a lifetime.,,,
q00710,top2013:4475,19256026,1,9,https://www.goodreads.com/work/quotes/19256026,Which maybe that’s what love was: liking someone how he was and doing things to help him get even better.,,,
q00711,top2013:4475,19256026,1,11,https://www.goodreads.com/work/quotes/19256026,"I guess you just have to trust your kids, trust that their innate interest in life will win out in the end, don’t you think?",,,
q00712,top2013:4475,19256026,1,13,https://www.goodreads.com/work/quotes/19256026,He was like the bed at a party on which they pile the coats.,,,
q00713,top2013:4475,19256026,1,14,https://www.goodreads.com/work/quotes/19256026,"Why were we made just so, to find so many things that happened every day pretty?",,,
q00714,top2013:4475,19256026,1,15,https://www.goodreads.com/work/quotes/19256026,"Did he still want it? Did he still want to live?Yes, yes, oh, God, yes, please.Because, O.K., the thing was—he saw it now, was starting to see it—if some guy, at the end, fell apart, and said or did bad things, or had to be helped, helped to quite a considerable extent? So what? What of it? Why should he not do or say weird things or look strange or disgusting? Why should the shit not run down his legs? Why should those he loved not lift and bend and feed and wipe him, when he would gladly do the same for them? He’d been afraid to be lessened by the lifting and bending and feeding and wiping, and was still afraid of that, and yet, at the same time, now saw that there could still be many—many drops of goodness, is how it came to him—many drops of happy—of good fellowship—ahead, and those drops of fellowship were not—had never been—his to withheld.Withhold.",,,
q00715,top2013:4475,19256026,1,16,https://www.goodreads.com/work/quotes/19256026,"I was back to feeling myself which, believe me, is no picnic.",,,
q00716,top2013:4475,19256026,1,17,https://www.goodreads.com/work/quotes/19256026,The thing about girls? Suzanne said. Is we are more content-driven.,,,
q00717,top2013:4475,19256026,1,18,https://www.goodreads.com/work/quotes/19256026,"Do not really like rich people, as they make us poor people feel dopey and inadequate. Not that we are poor. I would say we are middle. We are very, very lucky. I know that. But still, it is not right that rich people make us middle people feel dopey and inadequate.",,,
q00718,top2013:4475,19256026,1,19,https://www.goodreads.com/work/quotes/19256026,"Is this the baby?"" I said.Ma turned on me again.""What do you think it is?"" she said. ""A midget that can't talk?",,,
q00719,top2013:4475,19256026,1,20,https://www.goodreads.com/work/quotes/19256026,"Anyway, what I really think good writing does: It enlivens that part of us that actually believes we are in this world, right now, and that being here somehow matters. It reawakens the reader to the fact and the value of her own existence.",,,
q00720,top2013:4475,19256026,1,21,https://www.goodreads.com/work/quotes/19256026,"But hereby resolve to write in this book at least twenty minutes a night. (If discouraged, just think of how much will have been recorded for posterity after one mere year!) (September 5) Oops. Missed a day.",,,
q00721,top2013:4475,19256026,1,23,https://www.goodreads.com/work/quotes/19256026,The contours of the coming disaster expanded to include the deaths of all present.,,,
q00722,top2013:4475,19256026,1,24,https://www.goodreads.com/work/quotes/19256026,A house on the park. He'd seen it a million times. And now was in it. It smelled of man sweat and spaghetti sauce and old books. Like a library where sweaty men went to cook spaghetti.,,,
q00723,top2013:4475,19256026,1,25,https://www.goodreads.com/work/quotes/19256026,"Note to self: Try to extend positive feelings associated with Scratch-Off win into all areas of life. Be bigger presence at work. Race up ladder (joyfully, w/smile on face), get raise. Get in best shape of life, start dressing nicer. Learn guitar? Make point of noticing beauty of world? Why not educate self re. birds, flowers, trees, constellations, become true citizen of natural world, walk around neighborhood w/kids, patiently teaching kids names of birds, flowers, etc. etc.? Why not take kids to Europe? Kids have never been. Have never, in Alps, had hot chocolate in mountain café, served by kindly white-haired innkeeper, who finds them so sophisticated/friendly relative to usual snotty/rich American kids (who always ignore his pretty but crippled daughter w/braids) that he shows them secret hiking path to incredible glade, kids frolic in glade, sit with crippled pretty girl on grass, later say it was most beautiful day of their lives, keep in touch with crippled girl via email, we arrange surgery here for her, surgeon so touched he agrees to do surgery for free, she is on front page of our paper, we are on front page of their paper in Alps? Ha ha. Just happy.",,,
q00724,top2013:4475,19256026,1,26,https://www.goodreads.com/work/quotes/19256026,"Stood awhile watching, thinking, praying: Lord, give us more. Give us enough. Help us not fall behind peers. Help us not, that is, fall further behind peers. For kids’ sake. Do not want them scarred by how far behind we are. That is all I ask.",,,
q00725,top2013:4475,19256026,1,27,https://www.goodreads.com/work/quotes/19256026,"A bad thing happened to you kids, Dad said. But it could have been worse.So much worse, Mom said.But because of you kids, Dad said, it wasn't.You did so good, Mom said.Did beautiful, Dad said.",,,
q00726,top2013:4475,19256026,1,28,https://www.goodreads.com/work/quotes/19256026,Kissing him last night at the pep rally had been like kissing an underpass.,,,
q00727,top2013:4475,19256026,1,29,https://www.goodreads.com/work/quotes/19256026,Josh joined her at the window. She let him look. He should know that the world was not all lessons and iguanas and Nintendo. It was also this muddy simple boy tethered like an animal.,,,
q00728,top2013:4475,19256026,2,0,https://www.goodreads.com/work/quotes/19256026?page=2,"Sermon: Why this surprising? Did you think you were going to live forever? Only difference between you, sitting there anticipating rest of your day, and Todd, in coffin, bound for eternal home in cold earth? Is heartbeat. Feel that, people? In your chests? This is thin line between you and grave. So why do you live like you are eternal? That foolish, you are fools. This scary? This not scary! This truth, this reality!",,,
q00729,top2013:4475,19256026,2,1,https://www.goodreads.com/work/quotes/19256026?page=2,"which made me feel the kind of shame you know you’re not going to cure by saying sorry, and where the only thing to do is: go out, get more shame.",,,
q00730,top2013:4475,19256026,2,3,https://www.goodreads.com/work/quotes/19256026?page=2,"Wow wow wow is all I can say! Remember how I always buy lunchtime Scratch-Off ticket? Have I said? Maybe did not say? Well, every Friday, to reward self for good week, I stop at store near home, treat self to Butterfinger, plus Scratch-Off ticket. Sometimes, if hard week, two Butterfingers. Sometimes, if very hard week, three Butterfingers. But, if three Butterfingers, no Scratch-Off. But Friday won ten grand!! On Scratch-Off! Dropped both Butterfingers, stood there holding dime used to scratch, mouth hanging open. Kind of reeled into magazine rack. Guy at register took ticket, read ticket, said, Winner! Guy righted magazine rack, shook my hand.Raced home on foot, forgetting car. Raced back for car. Halfway back, thought, What the heck, raced home on foot. Pam raced out, said, Where is car? Showed her Scratch-Off ticket. She stood stunned in yard.Are we rich now? Thomas said, racing out, dragging Ferber by collar.Not rich, Pam said.Richer, I said.Richer, Pam said. Damn.All began dancing around yard, Ferber looking witless at sudden dancing, then doing dance of own, by chasing own tail.",,,
q00731,top2013:4475,19256026,2,4,https://www.goodreads.com/work/quotes/19256026?page=2,"From across the woods, as if by common accord, birds left their trees and darted upward. I joined them, flew amount them, they did not recognize me as something apart from them, and I was happy, so happy, because for the first time in years, and forevermore, I had not killed, and never would.",,,
q00732,top2013:4475,19256026,2,5,https://www.goodreads.com/work/quotes/19256026?page=2,"O.K., then, all right, they would adopt a white-trash dog. Ha ha. They could name it Zeke, buy it a little corncob pipe and a straw hat. She imagined the puppy, having crapped on the rug, looking up at her, going, Cain’t hep it. But no. Had she come from a perfect place? Everything was transmutable. She imagined the puppy grown up, entertaining some friends, speaking to them in a British accent: My family of origin was, um, rather not, shall we say, of the most respectable...Ha ha, wow, the mind was amazing, always cranking out these—",,,
q00733,top2013:4475,19256026,2,6,https://www.goodreads.com/work/quotes/19256026?page=2,"Why was it, she sometimes wondered, that in dreams we can't do the simplest things? Like a crying puppy is standing on some broken glass and you want to pick it up and brush the shards off its pads but you can't because you're balancing a ball on your head. Or you're driving and there's this old guy on crutches and you go, to Mr. Feder, your Driver's Ed teacher, Should I swerve? And he's like, Uh, probably. But then you hear this big clunk and Feder makes a negative mark in his book.",,,
q00734,top2013:4475,19256026,2,7,https://www.goodreads.com/work/quotes/19256026?page=2,Sometimes with all the teasing his days were subtenable.,,,
q00735,top2013:4475,19256026,2,8,https://www.goodreads.com/work/quotes/19256026?page=2,"Oh, mansion shmansion. Did Gandhi's house have the largest outdoor trampoline in the tristate area? Did Jesus have a two-acre remote-controlled car track, with mountains to scale and a little village that lit up at night?Not in his Bible.",,,
q00736,top2013:4475,19256026,2,9,https://www.goodreads.com/work/quotes/19256026?page=2,"Because, as someone who does feng shui for a living, there's no way I could do my feng shui if I was whacked out on crack, because my business is about discerning energy fields, and if you're cracked up, or on pot, or even if you've had too much coffee, the energy field gets all wonky, believe me, I know used to smoke!",,,
q00737,top2013:4475,19256026,2,11,https://www.goodreads.com/work/quotes/19256026?page=2,"We left home, married, had children of our own, found the seeds of meanness blooming also within us.",,,
q00738,top2013:4475,19256026,2,12,https://www.goodreads.com/work/quotes/19256026?page=2,"Every human is born of man and woman. Every human, at birth, is, or at least has the potential to be, beloved of his/her mother/father. Thus every human is worthy of love.",,,
q00739,top2013:4475,19256026,2,13,https://www.goodreads.com/work/quotes/19256026?page=2,"He didn't like the thought of them knowing he'd been scared. Didn't like the thought of them knowing what a fool he'd been. Oh, to hell with that! Tell everyone! He'd done it! He'd been driven to do it and he'd done it and that was it. That was him. That was part of who he was.",,,
q00740,top2013:4475,19256026,2,14,https://www.goodreads.com/work/quotes/19256026?page=2,"Ted, I swear to God, quothe he.",,,
q00741,top2013:4475,19256026,2,15,https://www.goodreads.com/work/quotes/19256026?page=2,"Thomas: Wow, that treehouse is like twice the size of our actual house.Pam (whispering): Don't say 'like.'Me: Oh, ha ha, let him say what he wants, let's not be--Thomas: That treehouse is twice the size of our actual house.",,,
q00742,top2013:4475,19256026,2,16,https://www.goodreads.com/work/quotes/19256026?page=2,"One of pleasures of parenting, future reader: parent can positively influence kid, make moment kid will remember for rest of life, moment that alters his/her trajectory, opens up his/her heart + mind.",,,
q00743,top2013:4475,19256026,2,17,https://www.goodreads.com/work/quotes/19256026?page=2,Linda Hertney: It's like a final goodbye from Todd. (Linda = nut. Once claimed crow on ledge was reincarnation of her dead husband. Said she could telly by way crow's head was cocked disapprovingly at large lunch she was eating.),,,
q00744,top2013:4475,19256026,2,18,https://www.goodreads.com/work/quotes/19256026?page=2,"There are days so perfect you feel: This is what life about. When old, will feel whole life worth it, because I got to experience this perfect day. Today that kind of day.",,,
q00745,top2013:4475,19256026,2,19,https://www.goodreads.com/work/quotes/19256026?page=2,"Note to future generations: In our time, are such things as credit cards. Company loans money, you pay back at high interest rate. Is nice for when you do not actually have money to do thing you want to do (for example, buy extravagant cheetah). You may say, safe in your future time: Wouldn’t it be better to simply not do things you can’t afford to do? Easy for you to say.",,,
q00746,top2013:4475,19256026,2,21,https://www.goodreads.com/work/quotes/19256026?page=2,"I could see that, over the years, my babies would slowly transform into selfish-dick babies, then selfish-dick toddlers, kids, teenagers, and adults, with me all that time skulking around like some unclean suspect uncle.",,,
q00747,top2013:4475,19256026,2,22,https://www.goodreads.com/work/quotes/19256026?page=2,"Plus he’d been raised on a farm, or near a farm anyways, and anybody raised on a farm knew you had to do what you had to do in terms of sick animals or extra animals—the pup being not sick, just extra.",,,
q00748,top2013:4475,19256026,2,23,https://www.goodreads.com/work/quotes/19256026?page=2,"And they left, neither knowing how close they had come to getting Darkenfloxxed™ out their wing-wangs.",,,
q00749,top2013:4475,19256026,2,27,https://www.goodreads.com/work/quotes/19256026?page=2,"Ma was out back, head in hands, weaving in and out of her heaped-up crap. It was both melodramatic and not. I mean, when Ma feels something deeply, that's what she does: melodrama. Which makes it, I guess, not melodrama?",,,
q00750,top2013:4475,19256026,2,29,https://www.goodreads.com/work/quotes/19256026?page=2,"After that came her biggie: a triple murder--her dealer, the dealer's sister, and the dealer's sister's boyfriend.Reading that made me feel a little funny that we'd fucked and I'd loved her.",,,
q00751,top2013:1127,25897610,1,1,https://www.goodreads.com/work/quotes/25897610,"The KGB still killed people, the KGB would not execute its last prisoner until the final days of its existence in 1991, but by the eighties a termination required paperwork and signatures and a post-action review.",,,
q00752,top2013:1127,25897610,1,2,https://www.goodreads.com/work/quotes/25897610,"You can always find an expert to confirm your belief, no matter how ridiculous.",,,
q00753,top2013:1127,25897610,1,3,https://www.goodreads.com/work/quotes/25897610,"Russia will invade Ukraine, probably within the next few weeks. They will annex the Crimea. From there, if they meet no resistance from the West, they will take more of the country,",,,
q00754,top2013:1127,25897610,1,4,https://www.goodreads.com/work/quotes/25897610,Mr. President. Douglas MacArthur said every military disaster can be explained in two words: ‘Too late.,,,
q00755,top2013:1127,25897610,1,5,https://www.goodreads.com/work/quotes/25897610,"Jack Ryan said, “Benjamin Franklin put it like this: ‘Those who would give up essential liberty to purchase a little temporary safety deserve neither liberty nor safety.",,,
q00756,top2013:1127,25897610,1,7,https://www.goodreads.com/work/quotes/25897610,I inherited curiosity from my Dad.,,,
q00757,top2013:1127,25897610,1,8,https://www.goodreads.com/work/quotes/25897610,The first rumors about Zenith came from the Czechoslovakians.,,,
q00758,top2013:1127,25897610,1,9,https://www.goodreads.com/work/quotes/25897610,good data organized effectively was the most important commodity for any analyst.,,,
q00759,top2013:1127,25897610,1,12,https://www.goodreads.com/work/quotes/25897610,"The social contract in Russia is very simple. The population is willing to give up liberty and turn a blind eye to government corruption in exchange for security and prosperity. This worked as long as there was security and prosperity, but it is failing now.",,,
q00760,top2013:1127,25897610,1,13,https://www.goodreads.com/work/quotes/25897610,They were wheels-up in less than fifteen minutes.,,,
q00761,top2013:1127,25897610,1,14,https://www.goodreads.com/work/quotes/25897610,"anyone who knew anything about military science could have seen it coming, because the tiny nation of Estonia had focused on diplomacy, not on its physical defense. Edgar Nõlvak had seen it coming, not because he was a soldier or a politician—he was a schoolteacher—but he had seen it coming because he watched television.",,,
q00762,top2013:1127,25897610,1,15,https://www.goodreads.com/work/quotes/25897610,"Burgess said, “If you are asking about them using strategic nukes against us, I will be very clear. Admiral Jorgensen and I have been to several meetings about this recently at the Pentagon. Russia no longer has any ability whatsoever to execute a successful debilitating first strike on the United States. Two-thirds of their nuclear weapons are obsolete.",,,
q00763,top2013:1127,25897610,1,16,https://www.goodreads.com/work/quotes/25897610,"Jack assumed they would be heading to the pub there in Century House. It was drab, like the rest of the building, but more important, it was vastly more secure than just venturing out to some alehouse on the street.",,,
q00764,top2013:1127,25897610,1,18,https://www.goodreads.com/work/quotes/25897610,"Discord, in large part fueled by Moscow, was the order of the day in several other bordering nations; the invasion of Estonia was unsuccessful, but there remained the threat of invasion in Ukraine. In addition to this, a near–civil war in Georgia, bitterly disputed presidential campaigns in Latvia and Lithuania, riots and protests in other nearby countries.",,,
q00765,top2013:1127,25897610,1,21,https://www.goodreads.com/work/quotes/25897610,"He picked the milk off the porch, and then searched for a moment before finding the newspaper in the bushes near the door. The copy of the International Herald Tribune was wrapped in a plastic bag to protect it from the weather, indicating the paperboy had better sense than he had aim.",,,
q00766,top2013:1127,25897610,1,22,https://www.goodreads.com/work/quotes/25897610,"Ryan nodded. He understood the phenomenon. “The money is in the dirt, it just has to be dug up or pumped up. The money isn’t in innovation or intellectual property or in manufacturing. After a while, a nation loses its ability to innovate and to think and to build things.",,,
q00767,top2013:1127,25897610,1,23,https://www.goodreads.com/work/quotes/25897610,"Everyone knew Russia’s ambitions extended to the Crimea, but a few years earlier some steam was let out of the kettle when the pro-nationalist Ukrainian president was replaced by a pro-Russian successor. The fate of the Black Sea fleet in the port of Sevastopol seemed secure, and Russia went about its business.",,,
q00768,top2013:1127,25897610,1,24,https://www.goodreads.com/work/quotes/25897610,I had a drill instructor back at Fort Ord,,,
q00769,top2013:1201,24064581,1,0,https://www.goodreads.com/work/quotes/24064581,"Humans love causing destruction, especially of another human, especially those who have climbed highest. We just like to see them fall.",,,
q00770,top2013:1201,24064581,1,1,https://www.goodreads.com/work/quotes/24064581,"The perfect killer, I believe, understands clearly that life is meaningless, absurd, without absolute value. As long as the criminal operates from this perspective, he can't be tripped up by his own mind, and he can't be caught.",,,
q00771,top2013:1201,24064581,1,2,https://www.goodreads.com/work/quotes/24064581,"Dropping the phone, I trudged out the front door of my house, left it open to the wind of a coming storm. I walked in a state of total shock through the streets of Washington, alternately catatonic and then overwhelmed by grief, sobbing my heart out. People who passed me on the sidewalks seemed creatures from another lifetime. Their laughter was like some foreign language I’d never understand again.",,,
q00772,top2013:1201,24064581,1,3,https://www.goodreads.com/work/quotes/24064581,"Beyond the field my eyes studied a long wall of pine trees, a windbreak of sorts that stretched from the road back toward an old farmhouse and an older barn surrounded by low brush. Through the binoculars, I could just make out the top of Carney’s Impala parked in the side yard by the house. From a long way off you could see that the white house paint was blistered or gone to bare clapboard. The roof of the barn looked like it had been hit by lightning at some point. There was a charred, gaping hole on one corner. The whole structure sagged left.",,,
q00773,top2013:1201,24064581,1,5,https://www.goodreads.com/work/quotes/24064581,"[...] there was no recipe that ensured a good life, and virtue was a joke. So was Karma. Life slapped down the righteous and the spiritual just as easily as the wicked and the free. The trick was to embrace this reality wholeheartedly. In so doing the smart man, the perfect man, the free man could act without fear of consequences.",,,
q00774,top2013:1201,24064581,1,6,https://www.goodreads.com/work/quotes/24064581,"A corollary of this philosophy was that the writer did not believe in good or evil. Nor did he believe in justice. Like crime, justice was an abstract, something cooked up by men. It wasn't intrinsic to the universe. Life just was. It happened, sometimes meagerly, sometimes abundantly, sometimes in violent excess. There was no right or wrong about any of it.",,,
q00775,top2013:1201,24064581,1,7,https://www.goodreads.com/work/quotes/24064581,"In the writer's experience, death was always drama that rose to a wicked battle and a brutal, brutal end.",,,
q00776,top2013:1201,24064581,1,9,https://www.goodreads.com/work/quotes/24064581,pale-gray rug. Several pieces of chrome-and-black-leather,,,
q00777,top2013:1201,24064581,1,11,https://www.goodreads.com/work/quotes/24064581,waves of it going through my head. It was,,,
q00778,top2013:1201,24064581,1,12,https://www.goodreads.com/work/quotes/24064581,"You said give him another night,” Bree said. “We gave him one. He could be in there",,,
q00779,top2013:1201,24064581,1,13,https://www.goodreads.com/work/quotes/24064581,"sobered, nodded awkwardly, and acted like he wanted to speak, but didn’t. He turned to a laptop, gave it a command. The screens on the wall displayed what looked at first glance like a collage of images. At center was a photograph Acadia had recently taken of Alex Cross’s house from across Fifth Street. Dotted lines traveled from various windows in the house out to pictures of Dr. Alex, his wife, his grandmother, his daughter, and his younger son. Set off to one side was a framed picture of Damon, Alex Cross’s older son, seventeen and a student at a prep school in western Massachusetts. Digital lines went out from each portrait, linked to images of schools, police stations, churches, grocery stores, and various friends. There were also lines connecting each member of Cross’s family to calendar and clock icons. “He uses mind-mapping software and an Xbox 360 with Kinect to make it work,” Acadia explained. “It’s interactive, Marcus. Just stand in front of the camera and point to what you want.” Intrigued now, Sunday stepped in front of the screens and the Kinect camera. He pointed at the photograph of Cross. The screen instantly jumped to a virtual diary of the detective’s recent life, everything from photographs of Bree Stone, to his kids, to his white Chevy sedan and his best friend, John Sampson, and Sampson’s wife, Billie. Sunday pointed at the calendar, and the screens showed a chronological account of everything he had seen Cross do in the prior month.",,,
q00780,top2013:1201,24064581,1,14,https://www.goodreads.com/work/quotes/24064581,"the best in the state, Cannabis Cup winner for sure. Smiling now, N.P. turned his sunglasses at Wilson, said, “I walked down",,,
q00781,top2013:1201,24064581,1,16,https://www.goodreads.com/work/quotes/24064581,It had been right there in,,,
q00782,top2013:1201,24064581,1,17,https://www.goodreads.com/work/quotes/24064581,"Nope, Ali’s waiting on you. He’s in there watching some cockamamie show about a dysfunctional family that makes duck calls.",,,
q00001,top2013:3892,25004628,1,0,https://www.goodreads.com/work/quotes/25004628,"It's what happens. You love, then you lose, then you die. Even if you survive, you die.",,,
q00002,top2013:3892,25004628,1,1,https://www.goodreads.com/work/quotes/25004628,"What begins at the water shall end there, and what ends there shall once more begin.",,,
q00003,top2013:3892,25004628,1,2,https://www.goodreads.com/work/quotes/25004628,-It's extremely cool how the words can stay the same but their meaning can change.-Because the reader changes.-EXACTLY,,,
q00004,top2013:3892,25004628,1,3,https://www.goodreads.com/work/quotes/25004628,It's not a bad way to live once you let go of the idea that you deserve more.,,,
q00005,top2013:3892,25004628,1,4,https://www.goodreads.com/work/quotes/25004628,"Do you always travel with such cumbersome books?"" ""I don't trust anyone who wouldn't.",,,
q00006,top2013:3892,25004628,1,5,https://www.goodreads.com/work/quotes/25004628,It was stolen. As most beautiful things eventually are.,,,
q00007,top2013:3892,25004628,1,6,https://www.goodreads.com/work/quotes/25004628,- I can't make choices like that without knowing who I am. Without knowing all the implications.- You can't ever know in advance. Big decisions require faith.,,,
q00008,top2013:3892,25004628,1,7,https://www.goodreads.com/work/quotes/25004628,"For one moment, it is more important to take in the spectacular than to worry about the pressing business of staying alive.",,,
q00009,top2013:3892,25004628,1,8,https://www.goodreads.com/work/quotes/25004628,"They all occupied the same space but did not occupy it together. Imagine a thousand leaves of tracing paper, each with one person lightly pencilled on it, all stacked atop a scene of a frozen city block. A thousand discreet and solitary realities that appear to be occurring in the same location.",,,
q00010,top2013:3892,25004628,1,9,https://www.goodreads.com/work/quotes/25004628,He is a man without a past sailing in a strange sea in a world where the stars have come loose in the firmament.,,,
q00011,top2013:3892,25004628,1,11,https://www.goodreads.com/work/quotes/25004628,"The thing is: you might be right to trust someone at one point, but they can change.""""+ in between they must be drifting from trustworthy to not. But you can't tell how far they've drifted until it's too late.",,,
q00012,top2013:3892,25004628,1,12,https://www.goodreads.com/work/quotes/25004628,-I hate that. I hate that people can't just say what they mean.-You don't. Not always.-I never say anything I don't mean. I just avoid saying some things that I do.,,,
q00013,top2013:3892,25004628,1,13,https://www.goodreads.com/work/quotes/25004628,Find what you love. Then fight like hell when people try to take it away from you.,,,
q00014,top2013:3892,25004628,1,14,https://www.goodreads.com/work/quotes/25004628,To be a self rewritten from a lost first draft.,,,
q00015,top2013:3892,25004628,1,15,https://www.goodreads.com/work/quotes/25004628,I think it's love.''Funny.''I'm serious.''And your support for this is...?''A feeling.''You need more than that.,,,
q00016,top2013:3892,25004628,1,16,https://www.goodreads.com/work/quotes/25004628,"When you fall in love, friends, let yourself fall.",,,
q00017,top2013:3892,25004628,1,17,https://www.goodreads.com/work/quotes/25004628,Of course there is a monkey. There is always a monkey.,,,
q00018,top2013:3892,25004628,1,18,https://www.goodreads.com/work/quotes/25004628,There's a spiritual connection between flame and narrative.,,,
q00019,top2013:3892,25004628,1,19,https://www.goodreads.com/work/quotes/25004628,"The feeling, for those seconds, is glorious—it reminds him that he is human, that he is so insignificant as to be utterly free, and he is being guided along gracefully, lovingly, by the hand of Nature—and it frees him, however transiently, from all worry and fear and fury and grief. 'I enjoyed that,' he says aloud, as much to the stars as to the rower.",,,
q00020,top2013:3892,25004628,1,20,https://www.goodreads.com/work/quotes/25004628,"You might say that S. has only himself to blame, that it is entirely his choice to fight this fight, to live a life of vigilant somnolence or somnolent vigilantism, to allow himself to be satisfied with Sola in the margins of his manuscripts instead of in his arms, and you might be right. But you ought to understand, too, that there's an attrition that takes place inside, one in which options and choices and even desires are ground ever smaller until finally their existence can no longer be confirmed by observation or weight or displacement but only by faith. Until desire is a ghost.",,,
q00021,top2013:3892,25004628,1,21,https://www.goodreads.com/work/quotes/25004628,He can see the stars; he no longer has a need for the constellations,,,
q00022,top2013:3892,25004628,1,22,https://www.goodreads.com/work/quotes/25004628,"...story is a fragile and ephemeral thing on its own, a thing that is easily effaced or disappeared or destroyed, and it is worth preserving.",,,
q00023,top2013:3892,25004628,1,23,https://www.goodreads.com/work/quotes/25004628,"All you can do is button your coat, lace your boots, and trudge through the frigid business of being.",,,
q00024,top2013:3892,25004628,1,24,https://www.goodreads.com/work/quotes/25004628,I know the you who’s in the margins. I know you’re thinking hard about what you want and why– more than some people ever do. I know you can take on a challenge and kick its ass. And I know you’ve tried harder to understand me than anyone has in a long time.,,,
q00025,top2013:3892,25004628,1,25,https://www.goodreads.com/work/quotes/25004628,"This is where his life - his remade life - has brought him. Each strange juncture has led to the next and now he is here. He is here, and it is nowhere.",,,
q00026,top2013:3892,25004628,1,26,https://www.goodreads.com/work/quotes/25004628,"This is what happens, of course: men get lost, men vanish, men are erased and reborn.",,,
q00027,top2013:3892,25004628,1,27,https://www.goodreads.com/work/quotes/25004628,-That's kind of sad.-I used to think so. Now I think: you're born a certain way. Later you get to decide how much you want to fight/change that. I don't mind being alone.-You must mind. If you didn't you wouldn't be doing this with me.,,,
q00028,top2013:3892,25004628,1,28,https://www.goodreads.com/work/quotes/25004628,"Something about her in this moment strikes him as being familiar. The motion of her arm? The shape of her hand? The wrinkle of her upper lip? He does not know. Nor does he have any way to tell whether what he is sensing is a fragment of memory, a fragment of an idea of a memory, or something his mind, desperate for connections, has created on its own.",,,
q00029,top2013:3892,25004628,2,1,https://www.goodreads.com/work/quotes/25004628?page=2,The creation of art requires descent into the dark.,,,
q00030,top2013:3892,25004628,2,2,https://www.goodreads.com/work/quotes/25004628?page=2,"He is terrified, suddenly, that she will vanish again, that they will continue to age, and likely die, apart.",,,
q00031,top2013:3892,25004628,2,3,https://www.goodreads.com/work/quotes/25004628?page=2,"If I am going out into the unknown, it might as well be the really unknown.",,,
q00032,top2013:3892,25004628,2,4,https://www.goodreads.com/work/quotes/25004628?page=2,"A kindred spirit? Perhaps--if not kindred to the man he is, or was, then to the sort of man he wouldn't mind being.",,,
q00033,top2013:3892,25004628,2,5,https://www.goodreads.com/work/quotes/25004628?page=2,"They speak little; it is as if the air has been churned up with decade's worth of fruitless pursuit and missed connections and thoughts unspoken, and they are waiting quietly for all this matter — these motes of opportunity forgone — to settle around them.",,,
q00034,top2013:3892,25004628,2,6,https://www.goodreads.com/work/quotes/25004628?page=2,"(...) it's the constant churn, the need to keep moving keep doing keep risking and there innt no rest f'the damned, there jus' innt.",,,
q00035,top2013:3892,25004628,2,7,https://www.goodreads.com/work/quotes/25004628?page=2,"That night's dream: a narrow column of dark liquid in a tall glass; a blue-black waterspout plunging from the sky; a swirl of black-fruit icing piped over a pastry hot from the oven; a long, feminine finger laid over lips; a torrent of whispers that that finger cannot hush.",,,
q00036,top2013:3892,25004628,2,9,https://www.goodreads.com/work/quotes/25004628?page=2,It occurs to me that hearts and souls and lives can themselves be sites of unimaginable suffering.,,,
q00037,top2013:3892,25004628,2,10,https://www.goodreads.com/work/quotes/25004628?page=2,"But if enough people think of you a certain way, it becomes true. Even if it's not true.",,,
q00038,top2013:3892,25004628,2,11,https://www.goodreads.com/work/quotes/25004628?page=2,Don't you give up a part of yourself when you devote yourself to anything?,,,
q00039,top2013:3892,25004628,2,12,https://www.goodreads.com/work/quotes/25004628?page=2,There is the possibility of a happy ending.,,,
q00040,top2013:3892,25004628,2,13,https://www.goodreads.com/work/quotes/25004628?page=2,a person is no more & no less than the story of his passions & deeds,,,
q00041,top2013:3892,25004628,2,14,https://www.goodreads.com/work/quotes/25004628?page=2,"He has been through too much - too much suffering, too much uncertainty, too much loss, too much trauma - to tolerate not being taken seriously.",,,
q00042,top2013:3892,25004628,2,15,https://www.goodreads.com/work/quotes/25004628?page=2,Do you always travel with such cumbersome books?''I don't trust anyone who wouldn't.,,,
q00043,top2013:3892,25004628,2,16,https://www.goodreads.com/work/quotes/25004628?page=2,FXC arguing that love is what makes us most human - to deny it is to deny an essential part of your humanity.,,,
q00044,top2013:3892,25004628,2,17,https://www.goodreads.com/work/quotes/25004628?page=2,"Artistic integrity is not a guest whom one may choose not to invite to a gala. She must be the first you invite, the first you seat, the first you serve food and wine, the one who calls the orchestra's tunes, the one who is offered her choice of dance partners throughout the night.",,,
q00045,top2013:3892,25004628,2,20,https://www.goodreads.com/work/quotes/25004628?page=2,Better a change than an end.,,,
q00046,top2013:3892,25004628,2,21,https://www.goodreads.com/work/quotes/25004628?page=2,"Here's what I don't get: when you're growing up, you get told that America's all about the individual, built on individualism, you get to be who you want to be, etc. But it only goes so far.You get out of school and you're supposed to go back to being a good little girl and find your job and fit in and follow the rules and it all makes me want to...",,,
q00047,top2013:3892,25004628,2,22,https://www.goodreads.com/work/quotes/25004628?page=2,I'd better make a list of your sore points... There's no way I'll remember them all.,,,
q00048,top2013:3892,25004628,2,23,https://www.goodreads.com/work/quotes/25004628?page=2,"Muse, heroine, co-conspirator, love - whichever role it may be that truly fits her, she is here.",,,
q00049,top2013:3892,25004628,2,24,https://www.goodreads.com/work/quotes/25004628?page=2,What if the constellations no longer held? [...] Would it not cause one to scrutinize the totality of one's surroundings carefully? Would it not terrify?,,,
q00050,top2013:3892,25004628,2,25,https://www.goodreads.com/work/quotes/25004628?page=2,"He threads a hook, re-sews his mouth, cuts off the thread-tails with the razor blade. It's a simple task, no more difficult than shaving. He can do it in the dark. He can do it in a thirty-knot wind and seven-foot seas. He can do it in his sleep, and he probably has.(Margin note in reference to excerpt above:) ""Per Dr. B: it's easy to get used to doing things that are harmful to ourselves- do it often enough + it becomes ordinary/habitual- just how you live.",,,
q00051,top2013:3892,25004628,2,26,https://www.goodreads.com/work/quotes/25004628?page=2,"If you can become anything, then you aren’t anything. Right? Like there’s some fundamental way in which the you of you doesn’t exist anymore.",,,
q00052,top2013:3892,25004628,2,27,https://www.goodreads.com/work/quotes/25004628?page=2,"It is a glorious thing, to be able to write with pen on paper instead of nail or hook into oak, to feel one's words flowing so smoothly from instrument to surface, without the barriers of friction or poor leverage, and yet its own subtle tactile pleasures as the nib scratches tiny channels into the sheet. And here, unlike in his cabin, here he feels no division between his mind and his hand, no errors in translation or static in the transmission: the words appearing on the page are the ones he has intended to put there, the images match the scenes in his mind, the sensations the very ones that warm his chest, prickle his scalp, push against his eyes.",,,
q00053,top2013:3892,25004628,2,28,https://www.goodreads.com/work/quotes/25004628?page=2,Better y'not vex y'self on what aint y'vexes. - Malstrom,,,
q00054,top2013:3892,25004628,3,1,https://www.goodreads.com/work/quotes/25004628?page=3,"The look she gives him is unguardedly empty, an invitation for him to witness the blankness in her eyes, to understand that something within her has been lost, and probably lost for good.",,,
q00055,top2013:3892,25004628,3,2,https://www.goodreads.com/work/quotes/25004628?page=3,"Many well-known writers and editors joked that Straka ""must live in a cave somewhere,"" mocking his need for solitude and privacy. What these publishing-industry extroverts failed to understand is that many more people in the world share Straka's feelings than theirs.",,,
q00056,top2013:3892,25004628,3,3,https://www.goodreads.com/work/quotes/25004628?page=3,Hello rain. I see you’ve met my parade.,,,
q00057,top2013:3892,25004628,3,4,https://www.goodreads.com/work/quotes/25004628?page=3,Time and circumstances change us.We are sums of our experiences? Or do some of them change us in fundamental ways?,,,
q00058,top2013:3892,25004628,3,5,https://www.goodreads.com/work/quotes/25004628?page=3,Maybe intuition is something you had before you were taught what you think is your intuition now.,,,
q00059,top2013:3892,25004628,3,6,https://www.goodreads.com/work/quotes/25004628?page=3,"But I also value my intuition, and I think it is a very dangerous business to start doubting your intuition. Without intuition, the world becomes a flat place, a stunted place. A place where change is impossible.",,,
q00060,top2013:3892,25004628,3,7,https://www.goodreads.com/work/quotes/25004628?page=3,"If only he could rest, gather his strength, he could figure out which of those positions was truer to the person he was, and he could choose what to do instead of simply doing it,",,,
q00061,top2013:3892,25004628,3,9,https://www.goodreads.com/work/quotes/25004628?page=3,You have faith in this story. You long for the day you become part of it.,,,
q00062,top2013:3892,25004628,3,10,https://www.goodreads.com/work/quotes/25004628?page=3,"If he's demanding that I call him ""Important"", it must be Moody.Getting laid has made you funnier.",,,
q00063,top2013:3892,25004628,3,11,https://www.goodreads.com/work/quotes/25004628?page=3,I can't believe you wrote all over my book.I know. It was so presumptuous of me.,,,
q00064,top2013:3892,25004628,3,12,https://www.goodreads.com/work/quotes/25004628?page=3,"Doesn't make sense. VMS was Looper.That's what you assumed.Me, and thousands of others.How nice that you all got to be wrong together.",,,
q00065,top2013:3892,25004628,3,13,https://www.goodreads.com/work/quotes/25004628?page=3,He was just a person. [...] Kind of broken. Kind of sad. Kind of small.,,,
q00066,top2013:3892,25004628,3,14,https://www.goodreads.com/work/quotes/25004628?page=3,Just drifted too far - or for too long,,,
q00067,top2013:3892,25004628,3,17,https://www.goodreads.com/work/quotes/25004628?page=3,"- Maybe VMS is saying that nothing in the world is entirely one way or another.- Or maybe it's about Sala. She's there, so he's supposed to be-- for good or bad.- I just don't buy that SOT is fundamentally a love story.- I think you're wrong.",,,
