quote_id,sample_id,gr_work_id,page,idx,source_url,quote_text,bucket,tense,note
q00001,top1997:6930,3181762,1,0,https://www.goodreads.com/work/quotes/3181762,"Give an economist a result you want, and he’ll find the numbers to justify it.",,,
q00002,top1997:6930,3181762,1,1,https://www.goodreads.com/work/quotes/3181762,"Right. It’s not true, not one bit of it, but people will tell you it is, fervently believe that it is, simply because they’ve read about it or heard it, especially if they’ve heard it from more than one person.",,,
q00003,top1997:6930,3181762,1,2,https://www.goodreads.com/work/quotes/3181762,she hungrily plunged into the oatmeal,,,
q00004,top1997:6930,3181762,1,3,https://www.goodreads.com/work/quotes/3181762,"there’s anything I’ve learned being a lawyer, it’s how to use a lot of words and never really say anything.",,,
q00005,top1997:6930,3181762,1,6,https://www.goodreads.com/work/quotes/3181762,It’s hard to argue with the success you two have had … Right. The great measuring stick of money,,,
q00006,top1997:6930,3181762,1,8,https://www.goodreads.com/work/quotes/3181762,But human beings committed atrocities every minute of every day; the only living things who killed with malice.,,,
q00007,top1997:6930,3181762,1,9,https://www.goodreads.com/work/quotes/3181762,"to a small room. Set up as a home office with computer, filing cabinets, wood desk and two small bookcases, the space was cramped but tidy. One small window looked out onto the darkness. Jason closed the door to his office, took a key from his desk drawer and unlocked the top drawer of the filing cabinet. He stopped and listened for any sound. This had become habitual even in the confines of his own house. That revelation was suddenly profoundly disturbing to him. His wife had gone back to sleep. Amy was sleeping soundly two doors down. He reached in the drawer and carefully pulled out a large old-fashioned leather briefcase with double straps, brass buckles and a worn, glossy finish. Jason opened the briefcase and pulled out a blank floppy disk. The instructions he had been given were precise. Put everything he had on one floppy disk, make one hard copy of the documents and then destroy everything else.",,,
q00008,top1997:6930,3181762,1,11,https://www.goodreads.com/work/quotes/3181762,"face as the old man tensed again while the plane bumped along. “George, it’s all right. Just a little turbulence.” He took a deep breath and finally eyed her squarely. “I’m on a couple of boards of companies headquartered in New York. Have to go up twice a year.” Sidney glanced back at her documents, suddenly remembering something. She frowned. There was a mistake on the fourth page. That would need to be corrected when she got into",,,
q00009,top1997:6930,3181762,1,12,https://www.goodreads.com/work/quotes/3181762,"sofa. She looked around, her eyes taking in a wall of French doors that was visible on the ocean side. The room was huge, with ceilings that soared at least twenty feet high. An interior second-story balcony ran across one side of the room. Another wall held a collection of finely bound books. Comfortable furnishings were placed throughout.",,,
q00010,top1997:6930,3181762,1,15,https://www.goodreads.com/work/quotes/3181762,"When the Fed raises or lowers interest rates, for instance, then that affects the entire economy. Contracts or expands it.",,,
q00011,top1997:6930,3181762,1,16,https://www.goodreads.com/work/quotes/3181762,few governmental institutions are more misunderstood and feared out of ignorance than the Federal Reserve Board.,,,
q00012,top1997:6930,3181762,1,17,https://www.goodreads.com/work/quotes/3181762,"As accustomed as he was to the ever-expanding muscle of technology, even Jason Archer had to shake his head occasionally over what was really out there. Iris scanners were also used to closely monitor worker productivity. Jason grimaced. Truth be known, Orwell had actually underestimated.",,,
q00013,top1997:6930,3181762,1,18,https://www.goodreads.com/work/quotes/3181762,Triton has lost the use of the money while BankTrust sorts things out and,,,
q00014,top1997:1659,1004459,1,0,https://www.goodreads.com/work/quotes/1004459,What part of the human mind or body was so inefficient that it could make you think you loved someone so wildly unsuitable?,,,
q00015,top2000:2969,2925968,1,0,https://www.goodreads.com/work/quotes/2925968,"There are so many books I mean to read, and things I mean to see.",,,
q00016,top2000:2969,2925968,1,1,https://www.goodreads.com/work/quotes/2925968,Why does shame and self-loathing become cruelty to the innocent ?,,,
q00017,top2000:2969,2925968,1,2,https://www.goodreads.com/work/quotes/2925968,"For several long moments we remained locked together, and I think I covered her hair with small sacred kisses, her perfume crucifying me with memories.",,,
q00018,top2000:2969,2925968,1,3,https://www.goodreads.com/work/quotes/2925968,"All my life,I've been afraid of things, as a child and a woman must be. I lied about it naturally. I fancied myself a witch and walked in dark streets to punish myself for my doubts. But I knew what it meant to be afraid.",,,
q00019,top2000:2969,2925968,1,4,https://www.goodreads.com/work/quotes/2925968,"The beautiful know they have power, and she had, in her diminutive charm, a certain power of which she was always casually aware.",,,
q00020,top2000:2969,2925968,1,5,https://www.goodreads.com/work/quotes/2925968,"I hear the birds singing. Listen. I hear them in their cage. The others-all our kind who know of her-they think of her as heartless, but she wasn't heartless. She was only aware of things which I didn't learn till so many decades had passed. She knew secrets that only suffering can teach...",,,
q00021,top2000:2969,2925968,1,7,https://www.goodreads.com/work/quotes/2925968,"Louis found me in the rear parlor, the one more distant from the noises of the tourists in the Rue Royale, and with its windows open to the courtyard below. I was in fact looking out the window, looking for the cat again, though I didn't tell myself so, and observing how our bougainvillea had all but covered the high walls that enclosed us and kept us safe from the rest of the world. The wisteria was also fierce in its growth, even reaching out from the brick walls to the railing of the rear balcony and finding its way up to the roof. I could never quite take for granted the lush flowers of New Orleans. Indeed, they filled me with happiness whenever I stopped to really look at them and surrender to their fragrance, as though I still had the right to do so, as though I still were part of nature, as though I were still a mortal man.",,,
q00022,top2000:2969,2925968,1,8,https://www.goodreads.com/work/quotes/2925968,"I hear nothing. I hear nothing, but what does it mean that I hear nothing? I walk in the cemeteries of this city at night and I hear nothing. I walk among mortals and sometimes I hear nothing. I walk alone and I hear nothing, as if I myself had no inner voice.",,,
q00023,top2000:2969,2925968,1,9,https://www.goodreads.com/work/quotes/2925968,Hauntings only repeat what occurred once upon a time.,,,
q00024,top2000:2969,2925968,1,10,https://www.goodreads.com/work/quotes/2925968,"The sky was growing dangerously light when I left Lestat and made my way to the secret place, below an abandoned building where I kept the iron coffin in which I lie.This is no unusual configuration among our kind-the sad old building, my title to it, or the cellar room cut off from the world above by iron doors no mortal could independently seek to lift.",,,
q00025,top2000:2969,2925968,1,11,https://www.goodreads.com/work/quotes/2925968,"With his finger curled under his lip, his elbow on the arm of the couch, he merely studied me as I recounted the memories, and now he was eager for the tale to go on.",,,
q00026,top2000:2969,2925968,1,12,https://www.goodreads.com/work/quotes/2925968,"A large American automobile came crawling close to us, and we could hear from behind its thick windows the deep bass of the radio, and the nasty words of a hateful song.It seemed like so much of modern music, a din to drive human beings mad.",,,
q00027,top2000:2969,2925968,1,13,https://www.goodreads.com/work/quotes/2925968,"What mysteries we are, human, vampire, monster, mortal, that we can love and hate simultaneously, and that emotions of all sorts might not parade for what they are not.",,,
q00028,top2000:2969,2925968,1,14,https://www.goodreads.com/work/quotes/2925968,"I think we are wise, we English speakers, to savor accents. They teach us things about our own tongue.",,,
q00029,top2000:2969,2925968,1,15,https://www.goodreads.com/work/quotes/2925968,"I turned and it seemed the room was pulsing violently around me, all its color coalescing as though Monet’s spirit had infected the very fabric of all solid matter and the air. All the objects of the room seemed arbitrary and symbolic. And beyond lay the savage night-Lestat’s Savage Garden-and random unanswerable stars. As for Louis, he was captivated as only he can become, yielding as men almost never yield, no matter in what shape or form the male spirit may be clothed.",,,
q00030,top2000:2969,2925968,1,17,https://www.goodreads.com/work/quotes/2925968,"She was quite the reader of books, that I can tell you. She knew so much poetry. She was always quoting this or that verse in an off-handed manner. I try to remember the things she quotes, the poets she loved.",,,
q00031,top2000:2969,2925968,1,18,https://www.goodreads.com/work/quotes/2925968,"Fool, you never caused it!” said the voice. “Fool, you think you caused that to happen to us? You never caused anything. Fool, you couldn’t make a curse to save your soul!",,,
q00032,top2000:2969,2925968,1,19,https://www.goodreads.com/work/quotes/2925968,"Her gaze was steady but never anything but soft. “Louis de Pointe du Lac would see a ghost now,” she said, musing, “as if his suffering isn’t enough.",,,
q00033,top2000:2969,2925968,1,20,https://www.goodreads.com/work/quotes/2925968,"Like all creatures, we’re made to live until our prime. All the rest is spiritual and physical disaster. Of that I’m convinced.",,,
q00034,top2000:2969,2925968,1,21,https://www.goodreads.com/work/quotes/2925968,"I don’t treasure my weaknesses,” he’d explained to her. “Your blood conveys power, I don’t question that. Only a fool would. But I know from what I’ve learnt from all of you that the ability to die is key. If I drink your blood I’ll become too strong for a simple act of suicide just as you are now. And I cannot allow that. Let me remain the human one among you. Let me acquire my strength slowly, as you once did, from time and from human blood. I wouldn’t become what Lestat has become through his drinking from the ancients. I would not be that strong and that distant from an easy demise.",,,
q00035,top2000:2969,2925968,1,23,https://www.goodreads.com/work/quotes/2925968,"You have made yourselves an interesting adversary to one who loves challenges, and it will require all of my considerable influence to protect you individually and collectively from the avid lust you have so foolishly aroused.",,,
q00036,top2000:2969,2925968,1,24,https://www.goodreads.com/work/quotes/2925968,"Why place a shroud over all the splendor she saw around her, her vampire eyes feasting surely as she herself had feasted on all that we saw?",,,
q00037,top2000:2969,2925968,1,25,https://www.goodreads.com/work/quotes/2925968,"I thought of Merrick. I couldn’t know what the coming day would be like for her. I feared for her. I feared for her. I despised myself. And I wanted Merrick terribly. I wanted Louis. I wanted them as my companions, and it was utterly selfish, and yet it seemed a creature could not live without simple companionship which I held in mind.",,,
q00038,top2000:2969,2925968,1,26,https://www.goodreads.com/work/quotes/2925968,I didn’t like seeing blood on him any more than I liked seeing it on Merrick. It struck me hard how much I loved them both.,,,
q00039,top2000:2969,2925968,1,27,https://www.goodreads.com/work/quotes/2925968,"For the first time in our existence together, I felt a great outpouring of affection, a deep affinity, yet something else made him stiffen suddenly against his will.",,,
q00040,top2000:2969,2925968,1,28,https://www.goodreads.com/work/quotes/2925968,"He turned as I entered the room, and I took him in my arms. With him, I could give vent to the affection I’d held so severely in check with Merrick. I held him to myself and kissed him as men might do with other men when they are alone. I kissed his dark black hair and kissed his eyes, and then I kissed his lips.",,,
q00041,top2000:2969,2925968,1,29,https://www.goodreads.com/work/quotes/2925968,She liked all things that were sensual and which involved beauty.,,,
q00042,top2000:2969,2925968,2,0,https://www.goodreads.com/work/quotes/2925968?page=2,"She was the woman to whom I’d surrendered passion, pride, and honor for a long time before.",,,
q00043,top2000:2969,2925968,2,1,https://www.goodreads.com/work/quotes/2925968?page=2,"If ever a creature was earthbond, it’s the vampire. We’re wed, soul and body, hopelessly. Only the most painful death by fire can rip that bond.",,,
q00044,top2000:2969,2925968,2,2,https://www.goodreads.com/work/quotes/2925968?page=2,I cannot pretend to be the mortal that once refused Lestat. I cannot reach back and claim that being’s reimaginative heart.,,,
q00045,top2000:2969,2925968,2,3,https://www.goodreads.com/work/quotes/2925968?page=2,"What tribe on earth has not had elders? How much of our art and our knowledge comes from those who’ve lived into old age? You sound like Lestat when you say such things, speaking of his Savage Garden. The world has never seemed a hopelessly savage place to me.",,,
q00046,top2000:2969,2925968,2,4,https://www.goodreads.com/work/quotes/2925968?page=2,I’ve been too young for too long.,,,
q00047,top2000:2969,2925968,2,5,https://www.goodreads.com/work/quotes/2925968?page=2,"His dark-green eyes made me think of Merrick’s, and for one moment I felt such a desire for her, such a horror of what I’d done, that I couldn’t speak.",,,
q00048,top2000:2969,2925968,2,6,https://www.goodreads.com/work/quotes/2925968?page=2,"How many times have you, the magician, reached out for the lonely soul? You have no right to call those between life and death.",,,
q00049,top2000:2969,2925968,2,7,https://www.goodreads.com/work/quotes/2925968?page=2,"I belonged to her now, quite completely. I was drenched with the scent of her perfume and her rum, of her skin and her hair. I wanted nothing but to be with her and to sleep beside her, and that the warmth of her would penetrate to my inevitable dreams.",,,
q00050,top2000:2969,2925968,2,8,https://www.goodreads.com/work/quotes/2925968?page=2,Old age had taught me to respect danger.,,,
q00051,top2000:2969,2925968,2,9,https://www.goodreads.com/work/quotes/2925968?page=2,"I am not a man who loves women of any age, but the sight of her foot, its arch so delicately stretched by the height of the feet, and of her leg, so taut from the pressure, was quite enought to send the most unwelcome and erotic thoughts through my brain.",,,
q00052,top2000:2969,2925968,2,10,https://www.goodreads.com/work/quotes/2925968?page=2,"He didn’t answer me, but I saw his face darken for a moment and then he fell into reverie, with his habitual expression of curiosity and quiet grace.",,,
q00053,top2000:2969,2925968,2,11,https://www.goodreads.com/work/quotes/2925968?page=2,"I thought of how much I loved Louis, and had ever since I became Lestat’s fledgling. I thought of how deeply I depended upon him, and what I would do for him. It was the love of Louis which had at times crippled Lestat, and enslaved Armand. Louis need have no consciousness of his own beauty, of his own obvious and natural charm.",,,
q00054,top2000:2969,2925968,2,12,https://www.goodreads.com/work/quotes/2925968?page=2,"There were so many of us, bound together by love, in the Talamasca, and each one is a special case.",,,
q00055,top2000:2969,2925968,2,13,https://www.goodreads.com/work/quotes/2925968?page=2,"I marveled at his customary manner of speaking, the melting quality of his voice and the way his words seemed barely to disturb the air.",,,
q00056,top2000:2969,2925968,2,14,https://www.goodreads.com/work/quotes/2925968?page=2,"I wanted to feel morally safe, which I would never feel again.",,,
q00057,top2000:2969,2925968,2,15,https://www.goodreads.com/work/quotes/2925968?page=2,When you call on les mystéres you don’t always know what you’re going to get.,,,
q00058,top2000:2969,2925968,2,16,https://www.goodreads.com/work/quotes/2925968?page=2,"It was all entirely understandable, but Aaron had a near magical effect upon people in such states, and he soon quieted her with his words, while Mary assisted when she could.",,,
q00059,top2000:2969,2925968,2,17,https://www.goodreads.com/work/quotes/2925968?page=2,"Now I remarked a little while ago that I wanted the Talamasca to envelop her in fantasy, to give her everything she should desire.",,,
q00060,top2000:2969,2925968,2,18,https://www.goodreads.com/work/quotes/2925968?page=2,"Her hair was pulled back to a bun on the back of her head. She was so beautiful she didn’t need any makeup, but she had put some dark-violet eye shadow on her eyelashes and a dark color, like violet, too, I think on her lips. I knew that dark violet meant trouble.",,,
q00061,top2000:2969,2925968,2,19,https://www.goodreads.com/work/quotes/2925968?page=2,The cafe au lait was strong and delicious. Five years among the Undead can’t kill the memory. Nothing ever will.,,,
q00062,top2000:2969,2925968,2,20,https://www.goodreads.com/work/quotes/2925968?page=2,It was chilling in its menace and beautiful in its sincerity and intricacy.,,,
q00063,top2000:2969,2925968,2,21,https://www.goodreads.com/work/quotes/2925968?page=2,"He was appropriately horrified and gave me a reproving glance, as if to say you needn’t have told me that! But he was far too polite to say a word.",,,
q00064,top2000:2969,2925968,2,22,https://www.goodreads.com/work/quotes/2925968?page=2,"The humming of the birds was becoming hypnotic, and again there came a low hiss of rain.",,,
q00065,top2000:2969,2925968,2,23,https://www.goodreads.com/work/quotes/2925968?page=2,"You forgot Oxalá, but he never forgot you.",,,
q00066,top2000:2969,2925968,2,24,https://www.goodreads.com/work/quotes/2925968?page=2,"Louis was carefully and thoughtfully dressed, as he had been the night before. He wore a black linen suit of exquisite cut around the waist and the hips, an unusual thing with linen, and another pristine white shirt and dark silk tie. His hair was the usual mass of waves and curls and his green eyes were uncommonly bright. He had fed already this evening, it was plain. And his pale skin was once more suffused with the carnal color of blood. I wondered at all this seductive attention to detail, but I liked it. It seemed to betoken some sort of inner peace, this fastidious dressing, or at least the cessation of inner despair.",,,
q00067,top2000:2969,2925968,2,25,https://www.goodreads.com/work/quotes/2925968?page=2,"He appeared the handsomest of men, his eyes utterly unclouded and almost fierce, and his cheeks beautifully flushed.",,,
q00068,top2000:2969,2925968,2,26,https://www.goodreads.com/work/quotes/2925968?page=2,The intimacy with evil is something which I must bear.,,,
q00069,top2000:2969,2925968,2,27,https://www.goodreads.com/work/quotes/2925968?page=2,"To feed upon the innocent is sublime, but leads inevitably to such a love of human life that the vampire who does it cannot endure for very long.",,,
q00070,top2000:2969,2925968,2,28,https://www.goodreads.com/work/quotes/2925968?page=2,Louis seemed an angel of death come to the window.,,,
q00071,top2000:2969,2925968,2,29,https://www.goodreads.com/work/quotes/2925968?page=2,"His trip to Heaven and Hell with Memnoch, be it delusion or supernatural journey, has left him stunned spiritually to such a point that he is not ready to resume his antics and become the Brat Prince whom we once adored.",,,
q00072,top2000:2969,2925968,3,0,https://www.goodreads.com/work/quotes/2925968?page=3,Why should the natives of ancient South America have but one word in their language for flowers and blood?,,,
q00073,top2000:2969,2925968,3,1,https://www.goodreads.com/work/quotes/2925968?page=3,Maybe blood does not matter to the gods. Maybe blood matters to us.,,,
q00074,top2000:2969,2925968,3,2,https://www.goodreads.com/work/quotes/2925968?page=3,"We are earthly beings, yes, but a small component of us is magical, and why does that component demand blood?",,,
q00075,top2000:2969,2925968,3,3,https://www.goodreads.com/work/quotes/2925968?page=3,"He looked rather splendid in his sorrow. Again he made me think of the paintings of Andrea del Sarto. There was something lush in his beauty, for all the sharp and clear well-drawn lines of his eyes and mouth.",,,
q00076,top2000:2969,2925968,3,4,https://www.goodreads.com/work/quotes/2925968?page=3,It was not a easy thing to love her so terribly and not taste of her soul through her blood.,,,
q00077,top2000:2969,2925968,3,5,https://www.goodreads.com/work/quotes/2925968?page=3,"I wanted him for my companion, mirror of my emotions, witness of my aesthetic progress, yes, all those things. I wanted him to be the quiet and gentle Louis that I knew. And if he did not choose to go one with us, if he did in fact take his own life by walking into the sunlight, then it would be all the harder for me to continue, even with my fear.",,,
q00078,top2000:2969,2925968,3,6,https://www.goodreads.com/work/quotes/2925968?page=3,His mind was full of the verbal instruments by which he could bring about his own despair.,,,
q00079,top2000:2969,2925968,3,7,https://www.goodreads.com/work/quotes/2925968?page=3,"He might have been made by God to he painted by Andrea del Santo, so delicately perfect did be seen.",,,
q00080,top2000:2969,2925968,3,8,https://www.goodreads.com/work/quotes/2925968?page=3,His face flushed for an instant. It lost the preternatural whiteness and he seemed a young man of twenty-four-with sharply defined and beautiful features and gaunt well-modeled cheeks.,,,
q00081,top2000:2969,2925968,3,9,https://www.goodreads.com/work/quotes/2925968?page=3,"It struck me how different were his green eyes from hers. His eyes were darker. There was no distinct circle of blackness around the irises and, indeed, the pupils did not stand out so clearly. Nevertheless they were beautiful eyes.",,,
q00082,top2000:2969,2925968,3,10,https://www.goodreads.com/work/quotes/2925968?page=3,"I rather loved him, loved his lean graceful movements, and the way in which he responded wholeheartedly to things, or not at all.",,,
q00083,top2000:2969,2925968,3,11,https://www.goodreads.com/work/quotes/2925968?page=3,"I looked up, and it seemed to me that he was a vision of male perfection, dressed in a snow white silk shirt and a finely cut black velvet jacket, his curly black hair very properly and beautifully combed back over his ears and curling above his collar in the most lively and fetching style. I loved looking at him, rather as I loved looking at Merrick.",,,
q00084,top2000:2969,2925968,3,12,https://www.goodreads.com/work/quotes/2925968?page=3,"Undoubtedly he will contact me. I know him too well to think otherwise. He will come to me. He will-whatever his state of mind, and I cannot possibly imagine it-come to me to give me some solace, if nothing else.",,,
q00085,top2000:2969,2925968,3,13,https://www.goodreads.com/work/quotes/2925968?page=3,"Were I not so busy with the matters of the Mayfair Witches,” he wrote, “perhaps this disappearance would never have occurred. I might have been more attentive to D. during his time of transition. I might have held him more firmly in my affections and thereby earned more surely his complete trust. As it is, I can only surmise what has become of him, and I fear he has met with spirtual catastrophe quite against his will.",,,
q00086,top2000:2969,2925968,3,14,https://www.goodreads.com/work/quotes/2925968?page=3,"How dreadful that must have been for Aaron, picking up the trash of my life, with no word of apology from me.",,,
q00087,top2000:2969,2925968,3,15,https://www.goodreads.com/work/quotes/2925968?page=3,"I had given myself over to the religion, insofar as I could, be abandoned to anything.",,,
q00088,top2000:2969,2925968,3,16,https://www.goodreads.com/work/quotes/2925968?page=3,"She was introspective when drunk, did a lot of singing and writing and dancing about during such periods, and demanded to be left alone.",,,
q00089,top2000:2969,2925968,3,17,https://www.goodreads.com/work/quotes/2925968?page=3,Why hadn’t I realized that I was bringing into her presence one of the most alluring beings I’ve ever know?,,,
q00090,top2000:2969,2925968,3,18,https://www.goodreads.com/work/quotes/2925968?page=3,"So Aaron had become one of them, you might say.”“Yes,” she answered. “In all respects.",,,
q00091,top2000:2969,2925968,3,19,https://www.goodreads.com/work/quotes/2925968?page=3,"My grief for Aaron would never go away, and I’d endured it for years without a word to either of my vampire companions, Louis or Lestat.",,,
q00092,top2000:2969,2925968,3,20,https://www.goodreads.com/work/quotes/2925968?page=3,"Her cool confidence chilled me. It chilled me that she had so fearlessly touched me, that nothing in my vampire nature repelled her, but then I could well remember how Lestat in all his subdued glory had attracted me. Was she attracted? Had the fatal fascination begun?",,,
q00093,top2000:2969,2925968,3,21,https://www.goodreads.com/work/quotes/2925968?page=3,Their lives are interconnected like thorny vines forever circling and recircling the same tree. Your life might have nothing to do with their bitter struggle.,,,
q00094,top2000:2969,2925968,3,22,https://www.goodreads.com/work/quotes/2925968?page=3,"My mortal life had been shattered, my soul soaring and then fallen, my vampire life erasing all the small accomplishments and consolations of the man I’d once been.",,,
q00095,top2000:2969,2925968,3,23,https://www.goodreads.com/work/quotes/2925968?page=3,"Jesse Reeves had been my student even more surely than Merrick ever became, and the vampires had swallowed Jesse whole and complete.",,,
q00096,top2000:2969,2925968,3,24,https://www.goodreads.com/work/quotes/2925968?page=3,"I wonder if she had seen the future-that the Talamasca File on the Mayfair Witches would swallow Aaron’s life, as surely as the Vampire Lestat swallowed mine.",,,
q00097,top2000:2969,2925968,3,25,https://www.goodreads.com/work/quotes/2925968?page=3,"This was more tantalizing than I’d ever expected, to be locked once more in conversation with her. And with pleasure I doted upon the changes in her: that her French accent was completely gone now and she sounded almost British, and that from her long years of study overseas. She’d spent some of those years in England with me.",,,
q00098,top2000:2969,2925968,3,26,https://www.goodreads.com/work/quotes/2925968?page=3,"She was tall, and had kept her dark brown hair loose and long all her life, save for a leather barette such as she wore now, which held only her forelocks beneath her head to flow down her back. She wore gold hoops danging from her small earlobes, and her soft white summer clothes had a gypsy flare to them, perhaps because of the red scarf tied around the waist of her full cotton skirt.",,,
q00099,top2000:2969,2925968,3,27,https://www.goodreads.com/work/quotes/2925968?page=3,"Elements we might call Asian or Chinese proliferate in these artifacts, and then there",,,
q00100,top2000:2969,2925968,3,28,https://www.goodreads.com/work/quotes/2925968?page=3,"Yes, I’m saying that I believe we might linger. Of course. Lingering after death for some while is not beyond the realm of science to explain someday—a soul of definable substance detached from the flesh and caught in some energy field that wreaths the planet. It is not beyond imagining, no, not at all. But it doesn’t mean immortality. It doesn’t mean Paradise or an Inferno. It doesn’t mean justice or recognition. It doesn’t mean ecstasy or unending pain.",,,
q00101,top2001:4403,141228,1,0,https://www.goodreads.com/work/quotes/141228,"Imagine life is a game in which you are juggling five balls. The balls are called work, family, health, friends, and integrity. And you're keeping all of them in the air. But one day you finally come to understand that work is a rubber ball. If you drop it, it will bounce back. The other four balls...are made of glass. If you drop one of these, it will be irrevocably scuffed, nicked, perhaps even shattered.",,,
q00102,top2001:4403,141228,1,1,https://www.goodreads.com/work/quotes/141228,"Good memories are like charms...Each is special. You collect them, one by one, until one day you look back and discover they make a long, colorful bracelet.",,,
q00103,top2001:4403,141228,1,2,https://www.goodreads.com/work/quotes/141228,But what is life if you don't live it?,,,
q00104,top2001:4403,141228,1,3,https://www.goodreads.com/work/quotes/141228,"Bad stuff happens.Sometimes it makes no sense at all. Sometimes its unfair.Sometimes, it just plain sucks.Bad stuff happens sometimes.Always remember that, but remember that you have to move on somehow. You just pick your head up and stare at something beautiful like the sky, or the ocean, and you move the hell on.",,,
q00105,top2001:4403,141228,1,4,https://www.goodreads.com/work/quotes/141228,There's a saying I remember from my grandmother: One today is worth two tomorrows.,,,
q00106,top2001:4403,141228,1,5,https://www.goodreads.com/work/quotes/141228,"When its true, when it's right, love can give you the kind of joy that you can't get from any other experience.",,,
q00107,top2001:4403,141228,1,6,https://www.goodreads.com/work/quotes/141228,"Love between two people can last a long time if the people love themselves some, and are ready to give love to another person.",,,
q00108,top2001:4403,141228,1,7,https://www.goodreads.com/work/quotes/141228,"Life is such a miracle, a series of small miracles.It really is, if you learn how to look at it with the right perspective.",,,
q00109,top2001:4403,141228,1,8,https://www.goodreads.com/work/quotes/141228,"To be without love is to be without grace, what matters most in life.We is so much better than I.",,,
q00110,top2001:4403,141228,1,10,https://www.goodreads.com/work/quotes/141228,"I've been looking for you a long time, I just didn't know it. But now I do.",,,
q00111,top2001:4403,141228,1,11,https://www.goodreads.com/work/quotes/141228,We is always so much better than I.,,,
q00112,top2001:4403,141228,1,12,https://www.goodreads.com/work/quotes/141228,Bizarre! That's the only word I can use to describe life sometimes. Just freaking bizarre.,,,
q00113,top2001:4403,141228,1,15,https://www.goodreads.com/work/quotes/141228,"You know how most people dread a birthday... Well, I feel the exact opposite. I feel that every day is an extraordinary gift. Just to be here, and especially to be here with you.",,,
q00114,top2001:4403,141228,1,16,https://www.goodreads.com/work/quotes/141228,Life can be like walking on a high wire. Falling seems a tiny misstep away.,,,
q00115,top2001:4403,141228,1,17,https://www.goodreads.com/work/quotes/141228,"I don't know why, but life is usually more complicated than the plans that we make.",,,
q00116,top2001:4403,141228,1,18,https://www.goodreads.com/work/quotes/141228,"You know, I guess I just don't like to talk a lot about sad things. Now you know my flaw. What good does it do to talk about sad things in the past?",,,
q00117,top2001:4403,141228,1,19,https://www.goodreads.com/work/quotes/141228,"As soon as I left your place, I miss you.",,,
q00118,top2001:4403,141228,1,20,https://www.goodreads.com/work/quotes/141228,"Imagine life is a game in which you are juggling fiveballs. The balls are called work, family, health, friends,and integrity. And you're keeping all of them in the air.But one day you finally come to understand that work is arubber ball. If you drop it, it will bounce back. The otherfour balls-family, health, friends, integrity-are made ofglass. If you drop one of these, it will be irrevocablyscuffed, nicked, perhaps even shattered. And once you trulyunderstand the lesson of the five balls, you will have thebeginnings of balance in your life.",,,
q00119,top2001:4403,141228,1,22,https://www.goodreads.com/work/quotes/141228,"If I never had another thing, Id have everything.",,,
q00120,top2001:4403,141228,1,23,https://www.goodreads.com/work/quotes/141228,"(I loved her so much, and) I can't begin to explain ho lucky it is to find someone you can love that much and who, miracle of miracles, loves you that much back.",,,
q00121,top2001:4403,141228,1,26,https://www.goodreads.com/work/quotes/141228,"There is something so precious about watching your child day after day after day. I want to hold on to every moment, every smile, every single hug and kiss. I suppose it has to do with loving to be needed and needing to give love.",,,
q00122,top2001:4403,141228,2,1,https://www.goodreads.com/work/quotes/141228?page=2,"We is so much better than I. If you need proof, just look at us.",,,
q00123,top2001:4403,141228,2,3,https://www.goodreads.com/work/quotes/141228?page=2,"in the diary, the lesson of the five balls: work, family, health, friends, and integrity",,,
q00124,top2001:4403,141228,2,5,https://www.goodreads.com/work/quotes/141228?page=2,"You are the explosion of carnations in a dark room.Or the unexpected scent of pine miles from the woods of Maine.You are a full moon that gives midnight it's meaning.And the explanation of water For all living things.You are a compass,a sapphire,a bookmark.A rare coin,a smooth stone,a marble.You are an old lore, a small shell,a saved silver dollar.You are a fine quartz,a feathered quill,and a fob from a favorite watch.You are a valentinetattered and loved and reread a hundred times.You are a medal found in the drawer of a once sung hero.You are honey,and cinnamon and West Indies spices,lost from the boatthat was once Marco Polo's.You are a pressed rose,a pearl ring,and a red perfume bottle found near the Nile.You are an old soul from an ancient placea thousand years, and centuriesand millenniums ago.And you have traveled all this wayjust so I could love you.I do.",,,
q00125,top2001:4403,141228,2,10,https://www.goodreads.com/work/quotes/141228?page=2,Don't even become a cynic. Anything but that!,,,
q00126,top2001:4403,141228,2,15,https://www.goodreads.com/work/quotes/141228?page=2,"me in bed—with a honeymoon present. Some of them were small, some were funny jokes, and some were extravagant, but every present came straight",,,
q00127,top2001:87,1213972,1,0,https://www.goodreads.com/work/quotes/1213972,don't sabotage your own greatness by succumbing to failure!,,,
q00128,top2001:87,1213972,1,1,https://www.goodreads.com/work/quotes/1213972,happiness aint got no Ph.D. or no certain amount of zeroes behind it!,,,
q00129,top2001:87,1213972,1,2,https://www.goodreads.com/work/quotes/1213972,"life is like a jigsaw puzzle, you have to see the whole picture, then put it together piece by piece!",,,
q00130,top2001:87,1213972,1,3,https://www.goodreads.com/work/quotes/1213972,"money does not guarantee happiness or peace of mind, it can take your mind off things, distract you, but it can't replace the generic stuff a person needs!",,,
q00131,top2002:2318,2101859,1,0,https://www.goodreads.com/work/quotes/2101859,The great thing about unrequited love is it's the only kind that lasts.,,,
q00132,top2002:2318,2101859,1,1,https://www.goodreads.com/work/quotes/2101859,"In death, we are not defined by what we did or who we were but by what we meant to others. How well we loved and were loved in return.",,,
q00133,top2002:2318,2101859,1,2,https://www.goodreads.com/work/quotes/2101859,People say that time is a great healer. Which people? What are they talking about? I think some feelings you experience in your life are written in indelible ink and the best you can hope for is that they fade a little over the years.,,,
q00134,top2002:2318,2101859,1,3,https://www.goodreads.com/work/quotes/2101859,A father is the template of a man Nature gives a girl,,,
q00135,top2002:2318,2101859,1,4,https://www.goodreads.com/work/quotes/2101859,"Children are the proof we've been here . . . they're where we go to when we die. They're the best thing and the most impossible thing, but there's nothing else . . . Life is a riddle and they are the answer. If there's any answer, it has to be them.",,,
q00136,top2002:2318,2101859,1,6,https://www.goodreads.com/work/quotes/2101859,"Oh, where is the Fairy Godmother of explanations when you need her?",,,
q00137,top2002:2318,2101859,1,7,https://www.goodreads.com/work/quotes/2101859,"When you're young your mother shields you from the world because she thinks you're too young to understand, and when she's old you shield her because she's too old to understand - or to have any more understanding inflicted upon her. The curve of life goes: want to know, know, don't want to know.",,,
q00138,top2002:2318,2101859,1,8,https://www.goodreads.com/work/quotes/2101859,"Women used to have time to make mince pies and had to fake orgasms. Now we can manage the orgasms, but we have to fake the mince pies. And they call this progress.",,,
q00139,top2002:2318,2101859,1,9,https://www.goodreads.com/work/quotes/2101859,"The way I look at it, women in the City are like first-generationimmigrants. You get off the boat, you keep your eyes down, work ashard as you can and do your damnest to ignore the taunts of ignorantnatives who hate you because you look different and you smelldifferent and because one day you might take their job. And you hope. You know it's probably not going to get that much better in your ownlifetime, but just the fact that you occupy the space, the fact thatthey had to put a Tampax dispenser in the toilet - all that makes iteasier for the women who come after you.... The females who comeafter us will scarcely give us a second thought, but they will walk onour bones.",,,
q00140,top2002:2318,2101859,1,10,https://www.goodreads.com/work/quotes/2101859,One of the best things about having children is that it enables you to have the same loving memories as another person - you can summon the same past. Two flashbacks but with a single image.,,,
q00141,top2002:2318,2101859,1,11,https://www.goodreads.com/work/quotes/2101859,". . . to serve so selflessly, you have to subdue something in yourself.",,,
q00142,top2002:2318,2101859,1,12,https://www.goodreads.com/work/quotes/2101859,"‎""There is an easy standoff between the two kinds of mother which sometimes makes it hard for us to talk to each other. I suspect that the non-working mother looks at the working mother with envy and fear because she thinks that the working mum has got away with it. And the working mum looks back with fear and envy because she knows that she has not. In order to keep going in either role, you have to convince yourself that the alternative is bad. The working mother says, because I am more fulfilled as a person I can be a better mother to my children. And sometimes, she may even believe it. The mother who stays home knows that she is giving her kids an advantage, which is something to cling to when your toddler has emptied his beaker of juice over you last clean t-shirt.",,,
q00143,top2002:2318,2101859,1,13,https://www.goodreads.com/work/quotes/2101859,"My mother thinks some disaster has happened if I don't return a phone call from her within twenty-four hours. It's hard to explain that the only chance to return the call will be when a disaster ISN'T happening, stormy being the prevailing climate with surprise outbreaks of calm.",,,
q00144,top2002:2318,2101859,1,14,https://www.goodreads.com/work/quotes/2101859,"Unfortunately, the case for equal opportunities, long established inliberal Western society, cuts no ice in the fundamentalist regime ifthe five-year old. There is no God but Mummy, and Daddy is herprophet.",,,
q00145,top2002:2318,2101859,1,15,https://www.goodreads.com/work/quotes/2101859,"Being your slave, what should I do but tendUpon the hours and times of your desire?I have no precious time at all to spend,Nor services to do till you require.Nor dare I question with my jealous thoughtWhere you may be or your affairs suppose,But like a sad slave stay and think of noughtSave where you are, how happy you make those.",,,
q00146,top2002:2318,2101859,1,16,https://www.goodreads.com/work/quotes/2101859,Dying is totally out of the question.,,,
q00147,top2002:2318,2101859,1,17,https://www.goodreads.com/work/quotes/2101859,"There are some men who will always prefer to deal with another man, any man, rather than a woman ... I can see him struggling to place me: I'm not married to him, clearly I'm not his mother, I didn't go to school with his sister and I'm sure as hell not going to go to bed with him. So what, he must be asking himself as he chews on his pigeon, is this girl doing here? What is she for?",,,
q00148,top2002:2318,2101859,1,18,https://www.goodreads.com/work/quotes/2101859,"...Emily hit the Terrible Twos and I bought a book called Toddler Taming. It was a revelation. The advice on how to deal with small angry immature people who have no idea of limits and were constantly testing their mother applied perfectly to my boss. Instead of treating him as a superior, I began handling him as though he were a tricky small boy. Whenever he was about to do something naughty, I would do my best to distract him; if I wanted him to do something, I always made it look like it was his idea.",,,
q00149,top2002:2318,2101859,1,19,https://www.goodreads.com/work/quotes/2101859,"Men without wives might as well be men without mothers; they are more orphans than widowers. Men without wives, they lose their spines, their ability to walk tall in the world, even to wipe the shaving foam from their ears. Men need women more than women need men; isn’t that the untold secret of the world?",,,
q00150,top2002:2318,2101859,1,21,https://www.goodreads.com/work/quotes/2101859,Becoming a parent was like trying to build a boat while you were at sea.,,,
q00151,top2002:2318,2101859,1,23,https://www.goodreads.com/work/quotes/2101859,"Even the moon gets to put its feet up once a month. Man in the Moon, of course. If it was a Woman in the Moon, she’d never sit down. Well, would she? I",,,
q00152,top2002:480,1450751,1,1,https://www.goodreads.com/work/quotes/1450751,"She felt lately as though she had served her purpose, done her job, and been dispensed with, not only by her children, but by her husband as well.",,,
q00153,top2002:480,1450751,1,2,https://www.goodreads.com/work/quotes/1450751,seemed silly to Faith. And offensive,,,
q00154,top2002:480,1450751,1,5,https://www.goodreads.com/work/quotes/1450751,and she shot him a fiery look. “Whose,,,
q00155,top2002:480,1450751,1,7,https://www.goodreads.com/work/quotes/1450751,you have to show him respect.” “He,,,
q00156,top2002:480,1450751,1,8,https://www.goodreads.com/work/quotes/1450751,we break up over this? I don’t think,,,
q00157,top2002:480,1450751,1,10,https://www.goodreads.com/work/quotes/1450751,dreading the trip. I’ve never seen so much medicine and,,,
q00160,top2005:2703,41601630,1,0,https://www.goodreads.com/work/quotes/41601630,"There are three stages in the work of God: impossible, difficult, done.",,,
q00161,top2005:2703,41601630,1,1,https://www.goodreads.com/work/quotes/41601630,"Every saint has a past, the sixteenth-century poet had said, and every sinner has a future.",,,
q00162,top2005:2703,41601630,1,2,https://www.goodreads.com/work/quotes/41601630,"If thou indeed derive thy light from Heaven, Then, to the measure of that heaven-born light, Shine, Poet! In thy place, and be content. . . —WILLIAM WORDSWORTH",,,
q00163,top2005:2703,41601630,1,3,https://www.goodreads.com/work/quotes/41601630,"him.You are good, O God, and You are faithful. Tenderize and soften our Lenten hearts, we pray, lest they grow brittle and break.",,,
q00164,top2005:2703,41601630,1,4,https://www.goodreads.com/work/quotes/41601630,It’s as important to marry the right life as it is the right person.,,,
q00165,top2005:2703,41601630,1,5,https://www.goodreads.com/work/quotes/41601630,"If the trials of many years were gathered into one, he penned from an old book found on Marge’s shelf, they would overwhelm us; therefore, in pity to our little strength, He sends first one, and then an- other, then removes both, and lays on a third, heavier, perhaps, than either; but all is so wisely measured to our strength that the bruised reed is never broken. We do not enough look at our trials in this continuous and successive view. Each one is sent to teach us something, and altogether they have a lesson which is beyond the power of any to teach alone. H. E. Manning.",,,
q00166,top2005:2703,41601630,1,6,https://www.goodreads.com/work/quotes/41601630,"I believe if I were charged with having a goal, it would be to live without fretting—to live more fully in the moment not always huffing about as I've done in recent years . . . to live humbly—and appreciatively—with whatever God furnishes.",,,
q00167,top2005:2703,41601630,1,7,https://www.goodreads.com/work/quotes/41601630,LOVE IS AN ACT OF ENDLESS FORGIVENESS,,,
q00168,top2005:2703,41601630,1,9,https://www.goodreads.com/work/quotes/41601630,"When we ask God to forgive us—and we must ask—the peace floods in. By emptying ourselves of the guilt and regret, we make room for His grace.",,,
q00169,top2005:2703,41601630,1,11,https://www.goodreads.com/work/quotes/41601630,"The key is relationship with Jesus Christ. If we get that right, the differences usually matter less than we like to think.",,,
q00170,top2005:2703,41601630,1,12,https://www.goodreads.com/work/quotes/41601630,"Why would He want to do anything for me, a spiritual basket case? But here’s the deal. You can trust that He loves you, and trust that He wants to do good things for you . . . because He promises that in His Word.",,,
q00171,top2005:2703,41601630,1,13,https://www.goodreads.com/work/quotes/41601630,Give it up. Let it go. Ask God to help you say the things you can’t say . . . do the things you can’t do . . . feel the emotions you can’t feel.,,,
q00172,top2005:2703,41601630,1,14,https://www.goodreads.com/work/quotes/41601630,"when circumstances sought to prevail against laughter, he laughed anyway.",,,
q00173,top2005:2703,41601630,1,15,https://www.goodreads.com/work/quotes/41601630,"Psalm fifteen,” he told the graveside gathering, “says ‘the cheerful heart hath a continual feast.’ And Proverbs seventeen twenty-two asserts that ‘a merry heart doeth good like a medicine.",,,
q00174,top2005:2703,41601630,1,18,https://www.goodreads.com/work/quotes/41601630,"Why do things have to change all the time? Why can’t they stay the same? Don’t even bother to quote me a carload of scripture verses on change. I just wanna stay mad about it for a while, okay?",,,
q00175,top2005:2703,41601630,1,19,https://www.goodreads.com/work/quotes/41601630,"He prayed the prayer attributed to Saint Francis: “Watch, O Lord, with those who wake or watch or weep tonight, and give your angels and saints charge over those who sleep. Tend your sick ones, O Lord Christ. Rest your weary ones. Bless your dying ones. Soothe your suffering ones. Pity your afflicted ones. Shield your joyous ones. And all for your love’s sake, Amen,” they said. He took her hand, and they lay quiet, the clock ticking on the mantel.“I’m always moved by his petition to ‘shield your joyous ones,’” she said at last. “By his recognition that joy is a terribly fragile thing, and the enemy is bent on stealing it from us. Such a wise thing to ask for.",,,
q00176,top2005:2703,41601630,1,20,https://www.goodreads.com/work/quotes/41601630,"She kissed his cheek, then drew back and looked at him, sobered. ‘Forgive me. We have so much to be thankful for, yet I allow the vagaries of this good life to overwhelm me. You never seem to be overwhelmed.’‘I can’t believe that you have lived with me for seven and a half years, and can say that with a straight face.’‘Alright then. But you handle it better.’‘You handle it just fine, Cavanaugh. Our Lord himself had to get away from the vagaries of life.",,,
q00177,top2005:2703,41601630,1,21,https://www.goodreads.com/work/quotes/41601630,"It makes everything innocent again,” she said. “A winter Eden.",,,
q00178,top2005:2703,41601630,1,22,https://www.goodreads.com/work/quotes/41601630,"George Macdonald wrote this: ‘Man finds it hard to get what he wants, because he does not want the best. God finds it hard to give, because He would give the best and man will not take it.",,,
q00179,top2005:2703,41601630,1,23,https://www.goodreads.com/work/quotes/41601630,"Lord, he prayed, thank You for Your continued grace. Help me fulfill Your plan for my life; give me a heart to hear Your voice. . . . And please, if You would do the same for Dooley . .",,,
q00180,top2005:3596,2317177,1,0,https://www.goodreads.com/work/quotes/2317177,"I always worried someone would notice me, and then when no one did, I felt lonely.",,,
q00181,top2005:3596,2317177,1,1,https://www.goodreads.com/work/quotes/2317177,"There are people we treat wrong and later we're prepared to treat other people right. Perhaps this sounds mercenary, but I feel grateful for these trial relationships, and I would like to think it all evens out - surely, unknowingly, I have served as practice for other people.",,,
q00182,top2005:3596,2317177,1,3,https://www.goodreads.com/work/quotes/2317177,... nothing broke my heart like the slow death of a shared joke that had once seemed genuinely funny.,,,
q00183,top2005:3596,2317177,1,4,https://www.goodreads.com/work/quotes/2317177,"The big occurrences in life, the serious ones, have for me always been nearly impossible to recognize because they never feel big or serious. In the moment, you have to pee, your arm itches, or what people are saying strikes you as melodramatic or sentimental, and it's hard not to smirk. You have a sense of what this type of situation should be like - for one thing, all-consuming - and this isn't it. But then you look back, and it was that; it did happen.",,,
q00184,top2005:3596,2317177,1,5,https://www.goodreads.com/work/quotes/2317177,"I wanted my life to start - but in those rare moments when it seemed like something might actually change, panic shot through me.",,,
q00185,top2005:3596,2317177,1,6,https://www.goodreads.com/work/quotes/2317177,"Before and after... I heard a thousand times that a boy, or a man, can't make you happy, that you have to be happy on your own before you can be happy with another person. All I can say is, I wish it were true.",,,
q00186,top2005:3596,2317177,1,7,https://www.goodreads.com/work/quotes/2317177,"Later on, when I tried to imagine how I might have ruined things, that would occur to me - that I'd so rarely resisted, that I hadn't made it hard enough for him. Maybe it was like gathering your strength and hurling your body against a door you believe to be locked, and then the door opens easily - it wasn't locked at all - and you're standing looking into the room, trying to remember what it was you thought you wanted.",,,
q00187,top2005:3596,2317177,1,8,https://www.goodreads.com/work/quotes/2317177,"I have always found the times when another person recognizes you to be strangely sad; I suspect the pathos of these moments is their rareness, the way they contrast with most daily encounters. That reminder that it can be different, that you need not go through your life unknown but that you probably still will--that is the part that's almost unbearable.",,,
q00188,top2005:3596,2317177,1,9,https://www.goodreads.com/work/quotes/2317177,"The interest I felt in certain guys then confused me, because it wasn't romantic, but I wasn't sure what else it might be. But now I know: I wanted to take up people's time making jokes, to tease the dean in front of the entire school, to call him by a nickname. What I wanted was to be a cocky high-school boy, so fucking sure of my place in the world.",,,
q00189,top2005:3596,2317177,1,10,https://www.goodreads.com/work/quotes/2317177,"And this is how I know that it's all just words, words, words - that fundamentally, they make no difference... Our relationship, for as long as things were good, and in that moment when they could have been good again, was about the irrelevance of words. You feel what you feel, you act as you act, who in the history of the world has ever been convinced by a well-reasoned argument?",,,
q00190,top2005:3596,2317177,1,11,https://www.goodreads.com/work/quotes/2317177,"This possibility was not flattering to me; it was terrifying. There were other things a guy could think I was, and he wouldn't be entirely wrong - nice, or loyal, or maybe interesting. Not that I was always any of those thing, but in certain situations, it was conceivable. But to be seen as pretty was to be fundamentally misunderstood. First of all, I wasn't pretty, and on top of that I didn't take care of myself like a pretty girl did; I wasn't even one of the unpretty girls who passes as pretty through effort and association. If a guy believed my value to lie in my looks, it meant either that he'd somehow been mislead and would eventually be disappointed, or that he had very low standards.",,,
q00191,top2005:3596,2317177,1,12,https://www.goodreads.com/work/quotes/2317177,"If you knew where your happiness came from, it gave you patience. You realized that a lot of the time, you were just waiting out a situation, and that took the pressure off; you no longer looked to every interaction to actually do something for you.",,,
q00192,top2005:3596,2317177,1,13,https://www.goodreads.com/work/quotes/2317177,... it struck me as so hard to believe I was really getting what I wanted; it was always easier to feel the lack of something than the thing itself.,,,
q00193,top2005:3596,2317177,1,14,https://www.goodreads.com/work/quotes/2317177,"At that time in my life, no conclusion was a bad conclusion. Something ended, and you stopped wishing and worrying. You could consider your mistakes, and you might be embarrassed by them, but the box was sealed, the door was shut, you were no longer immersed in the confusing middle.",,,
q00194,top2005:3596,2317177,1,15,https://www.goodreads.com/work/quotes/2317177,"..and I thought how liking a boy was just the same as believing you wanted to know a secret - everything was better when you were denied and could feel tormented by curiousity or loneliness. But the moment of something happening was treacherous. It was just so tiring to have to worry about whether your face was peeling, or to have to laugh at stories that weren’t funny.",,,
q00195,top2005:3596,2317177,1,18,https://www.goodreads.com/work/quotes/2317177,"Sports contained the truth, I decided, the unspoken truth (how quickly we damn ourselves when we start to talk, how small and inglorious we always sound), and it seemed hard to believe that I had never understood this before. They rewarded effortlessness and unself-consciousness; they confirmed that yes, there are rankings of skill and value and that everyone knows what they are (seeing those guys who were subbed with two seconds left before the end of a quarter, I’d think how girls’ coaches were never that heartless); they showed that the best things in the world to be were young and strong and fast. To play a great game of high school basketball-it was something I myself had never done, but I could tell-made you know what it was to be alive. How much in an adult life can compare to that? Granted, there are margaritas, or there’s no homework, but there are also puffy white bagels under neon lights in the conference room, there’s waiting for the plumber, making small talk with your boring neighbor.",,,
q00196,top2005:3596,2317177,1,19,https://www.goodreads.com/work/quotes/2317177,"We all stood and gathered our backpacks and I looked at the floor around my chair to make sure I hadn’t dropped anything. I was terrified of unwittingly leaving behind a scrap of paper on which were written all my private desires and humiliations. The fact that no such scrap of paper existed, that I did not even keep a diary or write letters except bland, earnest, falsely cheerful ones to my family (We lost to St. Francis in soccer, but I think we’ll win our game this Saturday; we are working on self-portraits in art class, and the hardest part for me is the nose) never decreased my fear.",,,
q00197,top2005:3596,2317177,1,20,https://www.goodreads.com/work/quotes/2317177,"Ordinarily, of course, I thought it best to remain inconspicuous, but the gesture had a certain irresistable theatricaility, and an inevitablility. Sometimes you can feel the pull of what other people want from you, and you sacrifice yourself, you risk seeming odd or sunsavory, to keep them entertained.",,,
q00198,top2005:3596,2317177,1,21,https://www.goodreads.com/work/quotes/2317177,"I actually liked the disolation of winter; it was the season when it was okay to be unhappy. If I were to ever kill myself, I thought it would be in the summer.",,,
q00199,top2005:3596,2317177,1,22,https://www.goodreads.com/work/quotes/2317177,"Once I had asked, ‘But are you a Democrat or a Republican?” and Jonathan said, “I’m socially progressive but fiscally conservative,” and Doug Miles, a football player who also came to Sunday breakfast but only ever read the sports section and ignored everyone, lifted his head and said, “Is that like being bisexual?” Which I actually thought was funny, even though I was pretty sure Doug was a jerk.",,,
q00200,top2005:3596,2317177,1,23,https://www.goodreads.com/work/quotes/2317177,"But I never thought of who he wasn't, I never had to explain or defend him to myself, I didn't even care what we talked about.",,,
q00201,top2005:3596,2317177,1,24,https://www.goodreads.com/work/quotes/2317177,"After I’d told her – the mall, the taxi, Cross stroking my hair – she said, ‘Did he kiss you?’‘John and Martin totally would have seen that,’ I said, and as I felt myself implying the circumstances had prevented our kissing, I thought maybe this was why you told stories to other people – for how their possibilities enlarged in the retelling.",,,
q00202,top2005:3596,2317177,1,25,https://www.goodreads.com/work/quotes/2317177,"I decided that I wanted to say to Sin-Jun, I like your skirt. But sometimes speaking is so hard! It's like standing still, then sprinting. I kept rehearsing the sentence in my head, examining it for flaws.",,,
q00203,top2005:3596,2317177,1,26,https://www.goodreads.com/work/quotes/2317177,"She nodded, jotting something in her notebook.You’re writing that down? Has the interview started?”Lee, whenever you’re talking to a reporter, you’re being interviewed.",,,
q00204,top2005:3596,2317177,1,27,https://www.goodreads.com/work/quotes/2317177,"You don't make waves unless there's a reason, and it better be good. Because once you do, that's it. You're a trouble make, and they never think of you any other way.",,,
q00205,top2005:3596,2317177,1,28,https://www.goodreads.com/work/quotes/2317177,"After all, these were not topics you could discuss with someone else; what was there to say to another person about how it felt? You could concoct things you wanted but in certain moments the light shifted or time slowed – on Sundays in particular, time slowed, and occasionally on Saturday afternoons, if you didn’t have a game – and you saw that it was all really nothing. It was just endlessness and what you got or didn’t get would hardly make a difference, and then what was there? The loathsomely familiar room where you lived, your horrible face and body, and the rebuke of other people, how they were unbothered, how you would seem, if you tried to explain, kind of weird and kind of boring and not even original. Why did their lives proceed so easily? Why was it that you needed to convince them and they needed to be convinced and not the other way around? Not, of course, that you would actually succeed if you tried.",,,
q00206,top2005:3596,2317177,1,29,https://www.goodreads.com/work/quotes/2317177,"I couldn’t tell them about Cross, I thought. I couldn’t tell them because Dede liked him and because she wouldn’t believe or understand it, and I couldn’t tell them because I myself was unsure what there was to believe or understand. It wasn’t like he’d kissed me, or made any declarations. What could I claim? For years and years, I felt this way, not just about Cross but about other guys – if they didn’t kiss you, it didn’t mean anything. Their interest in you had been so negligible as, perhaps, to have all been in your head.",,,
q00207,top2005:3596,2317177,2,0,https://www.goodreads.com/work/quotes/2317177?page=2,"When I was in junior high, I used to think I would turn out to be one of the guys, and boys would say, 'Oh, you're so great,' but they wouldn't date me. I thought I wasn't pretty enough. But then I got to Ault and first of all, I'm not really friends with any guys. And then, with you this year, I thought, if Cross will keep hooking up with me, maybe I'm okay after all. But time passed and I never became your girlfriend. And so then I thought, not only was I wrong, but my life turned out to be the opposite of what I expected. Meaning, it wasn't my appearance--that's not the bad thing about me. It's my personality. But how do I know which part? I have no idea. I've tried to think about if it's one thing in isolation or everything together, or what can I do to fix it, or how can I convince you. Then I thought, maybe it is my looks, maybe I was right before. And I never figured it out. Obviously, I didn't. But I've spent a lot of time this year trying. And the reason I'm telling you all this is that I want you to know no one in my life has ever made me feel worse about myself than you.",,,
q00208,top2005:3596,2317177,2,1,https://www.goodreads.com/work/quotes/2317177?page=2,"By the time we met up again, she'd be able to hand her reaction to me as a tidy package: a single square of lasagna in a sealed Tupperware container as opposed to a squalid kitchen with tomato sauce splattered on the counters. And I wouldn't have to be there while she got it in order.",,,
q00209,top2005:3596,2317177,2,2,https://www.goodreads.com/work/quotes/2317177?page=2,"But I was living my life sideway. I did not act on what I wanted, I did not say the things I thought, and being so stifled and clamped all the time left me exhausted; no matter what I was doing, I was always imagining something else.",,,
q00210,top2005:3596,2317177,2,3,https://www.goodreads.com/work/quotes/2317177?page=2,I bet things would be easier for you if you either realized you're not that weird or decided that being weird isn't bad.,,,
q00211,top2005:3596,2317177,2,4,https://www.goodreads.com/work/quotes/2317177?page=2,"I think adults forget just how much faith teenagers can have in them, just how willing to believe that adults, by virtue of being adults, know absolute truths, or that absolute truths are even knowable.",,,
q00212,top2005:3596,2317177,2,6,https://www.goodreads.com/work/quotes/2317177?page=2,"Of course, now I wonder where I had gotten the idea that for you to participate in a gathering, the other people had to really, really want you to be there and that anything short of rabid enthusiasm on their part meant you'd be a nuisance. Where had I gotten the idea that being a nuisance was that big a deal? Sometimes now I think of all the opportunities I didn't take - to get a manicure in town, to watch television in another dorm, to go outside for a snowball fight - and of how refusal became a habit for me, and then I felt it would be conspicuous if I ever did join in.",,,
q00213,top2005:3596,2317177,2,9,https://www.goodreads.com/work/quotes/2317177?page=2,"I cried because I knew for certain that I was leaving home, and abruptly, I did not know if it was such a good idea- I realized that I, like my parents, had never believed I'd actually go.",,,
q00214,top2005:3596,2317177,2,10,https://www.goodreads.com/work/quotes/2317177?page=2,"And I didn't yet understand that just because you can recognize what another person wants and just because that person is older and more powerful than you are, you don't have to give it to them.",,,
q00215,top2005:3596,2317177,2,11,https://www.goodreads.com/work/quotes/2317177?page=2,"It was one thingfor a person who didn't really know me to act distant, but it was quite another for someone to get to know me and then back away.",,,
q00216,top2005:3596,2317177,2,13,https://www.goodreads.com/work/quotes/2317177?page=2,"In the end, there was always your regular life, and no one could deal with it but you.",,,
q00217,top2005:3596,2317177,2,15,https://www.goodreads.com/work/quotes/2317177?page=2,"I heard Gillian say, with a laugh, “At this point, does anyone expect the liberals not to be total hypocrites?” She was oblivious to the possibility that perhaps not everyone present shared her views, and I thought, You’re sixteen. How can you already be a Republican?",,,
q00218,top2005:3596,2317177,2,20,https://www.goodreads.com/work/quotes/2317177?page=2,"This anxiety meant that I spent a lot of time hiding, usually in my room, after any pleasant exchange with another person. And there were rules to the anxiety, practically mathematical in their consistency: The less well you knew the person, the greater the pressure the second time around to be special or charming, if that’s what you thought you’d been the first time; mostly it was about reinforcement. Also: The shorter the time that elapsed from your first encounter to your second, the greater the pressure; hence the lecture-to-library agony. And finally: The better the original interaction, the greater the pressure. Often, my anxiety would set in prior to the end of the interaction—I’d just want it to be over while we all still liked each other, before things turned.",,,
q00219,top2005:3596,2317177,2,21,https://www.goodreads.com/work/quotes/2317177?page=2,"Years later, I heard a minister at a wedding describe marriage as cutting sorrow in half and doubling joy, and what I thought of was not the guy I was seeing then, nor even of some perfect, imaginary husband I might meet later; I thought immediately of Martha.",,,
q00220,top2005:3596,2317177,2,22,https://www.goodreads.com/work/quotes/2317177?page=2,"It was more when things slowed down, during the parts when you were supposed to have fun, that my lack of friends felt obvious- on Saturday nights, when there dances I didn't go to, and during visitation... I spent those times hiding. Most of the other girls propped open their doors for visitation, but we kept ours shut.",,,
q00221,top2005:3596,2317177,2,25,https://www.goodreads.com/work/quotes/2317177?page=2,"The fact that I had no opinion on, for instance, relations between the U.S. And China did nit mean I didn't feel things.",,,
q00222,top2005:3596,2317177,2,26,https://www.goodreads.com/work/quotes/2317177?page=2,I was too young then to understand how simple facts of geography and time can separate people. These are reasons I shouldn’t have wondered what I wondered next,,,
q00223,top2005:3596,2317177,2,28,https://www.goodreads.com/work/quotes/2317177?page=2,"I hated them because they thought I was the same as they were, because if they were right, it would mean I’d failed myself, and because if they were wrong, it would mean I had betrayed them.",,,
q00224,top2005:3596,2317177,2,29,https://www.goodreads.com/work/quotes/2317177?page=2,"In some ways, boys were easier to read than other girls—with boys, it was pursuit and lust, it was effort. With so many girls, it just seemed to be about receiving, or not receiving, rather than trying. It was saying yes or no, but not please, not come on, just this once.",,,
q00225,top2005:3596,2317177,3,0,https://www.goodreads.com/work/quotes/2317177?page=3,"There were other kids at Ault I had a feeling about, kids who came from poorer families than I did and would probably grow up to make a lot more than I would—they’d be surgeons, or investment bankers. But making a lot of money didn’t seem like something I’d be able to control; I’d gotten as far as Ault, but I wasn’t sure I’d get any further. I wasn’t smart or disciplined the way those kids were, I wasn’t driven. Presumably, I’d always be aware of lives like these without living one; I couldn’t confuse familiarity with entitlement.",,,
q00226,top2005:3596,2317177,3,1,https://www.goodreads.com/work/quotes/2317177?page=3,"What would someone else have said? Your friendship means so much to me. I love you. Martha and I had never said I love you to each other; I thought girls who did, especially girls who said it all the time, were showy and hollow. “I’m glad you’re not mad at me,” I said.",,,
q00227,top2005:3596,2317177,3,2,https://www.goodreads.com/work/quotes/2317177?page=3,"In the dining hall, before we split up to find our separate tables, Martha said, “Divide and conquer,” and I detested her for being both ordinary and lucky, when most people at Ault were lucky and lucky, or ordinary and ordinary.",,,
q00228,top2005:3596,2317177,3,3,https://www.goodreads.com/work/quotes/2317177?page=3,"There wasn’t anything in particular about Tig and Diana that reminded me of this fact, nothing about them I especially didn’t trust, it was just that—they existed. They wouldn’t literally be able to hear, but if you had a moment of vulnerability at Ault, someone always found out. Once a thing left your head, you lost your privacy.",,,
q00229,top2005:3596,2317177,3,4,https://www.goodreads.com/work/quotes/2317177?page=3,"And the worst part was that if I were a boy, Aspeth was the kind of pretty, bitchy, unattainable girl I myself would like; certainly I wouldn’t find a so-so girl and then stare hard inside her to see all the ways she was worthwhile.",,,
q00230,top2005:3596,2317177,3,5,https://www.goodreads.com/work/quotes/2317177?page=3,"Well, it’s nice that I was nominated, but I won’t win.” “You might.” Perhaps I should have been more vehement, but really, she probably wouldn’t get it, and I didn’t like acting fake with Martha. Acting fake with everyone else was okay only as long as you had one person with whom you were real.",,,
q00231,top2005:3596,2317177,3,6,https://www.goodreads.com/work/quotes/2317177?page=3,"This desperate aversion to seeming like you wanted anything, or worse, to going after it, stayed with me for years after I left Ault. When I graduated from college, my father told me he was concerned that I didn’t express enough enthusiasm in job interviews, and the comment shocked me. Enthusiasm was a thing you were supposed to show? But wasn’t it a little disgusting, didn’t it seem the same as greed and neediness? Of course you wanted the job, I thought, and the interviewer should know that because why else would you have shown up in his office?",,,
q00232,top2005:3596,2317177,3,7,https://www.goodreads.com/work/quotes/2317177?page=3,"What about tomorrow? Tomorrow’s Saturday, isn’t it?” “I’m pretty sure I have some school stuff.” Already, I was thinking too much. I was thinking that Saturday was loaded in a way Friday wasn’t—we had Saturday classes, so Friday was still a school night, but Saturday was pure weekend. If I went out with Dave on a Saturday night, I was pretty sure we’d be going on a date. “How’s Sunday?” he said. “Sunday I’m off.” What I needed to do was just be calm. I needed to come up with the next words to say, to concentrate only on the immediate task in front of me and not give in to the sense that this moment was a monstrous pulsating flower, a purple and green geometrical blossom like you might see in a kaleidoscope. “Sunday is okay,” I said. “I’ll meet you here.” “In the parking lot?” “It’s kind of hard to find my dorm,” I said. “And they’re weird about letting guys inside.” “Gotcha. What about seven o’clock. Is seven good?” I nodded. “These are gonna be the best mashed potatoes of your life. Poems have been written about these mashed potatoes.” By you? I wanted to teasingly ask him. But I couldn’t because my anxiety was exploding, the flower was swirling outward infinitely.",,,
q00233,top2005:3596,2317177,3,9,https://www.goodreads.com/work/quotes/2317177?page=3,"Out the window, the trees were bare and scrawny-looking, and the road was lined with dirty snow from the week before. I actually liked the desolation of winter; it was the season when it was okay to be unhappy.",,,
q00234,top2005:3596,2317177,3,10,https://www.goodreads.com/work/quotes/2317177?page=3,"In her demeanor, there was something spacey and innocent, something slow and not discontented, and it was these qualities that I found so irritating. But I doubted most people agreed; she was the type about whom most people would say, She wouldn’t hurt a fly. My real frustration with Clara, I think, was that it seemed like she should be insecure but wasn’t.",,,
q00235,top2005:3596,2317177,3,11,https://www.goodreads.com/work/quotes/2317177?page=3,"For the last two years, the weather had been similarly ideal for parents’ weekend, which was unsurprising; Ault often seemed to me like a person who always got what he wanted.",,,
q00236,top2005:3596,2317177,3,13,https://www.goodreads.com/work/quotes/2317177?page=3,"Back on campus, I’d have to navigate the chaos of the locker room (because I hadn’t played in the game, it would seem unnecessary to shower, but I wouldn’t want to be observed not showering) and then the separate chaos of dinner, and then there would be the empty time to fill in the dorm before bed.",,,
q00237,top2005:3596,2317177,3,14,https://www.goodreads.com/work/quotes/2317177?page=3,"Ouch,” Rufina said. Maria poked Rufina again, and Rufina said, “Quit it or I’m reporting you for roommate abuse.” Then she laughed loudly, with her mouth open. The intensity of the laugh so exceeded the exchange that had prompted it that I realized that Rufina must be happy. I had never thought of her as happy before, and I wasn’t sure when it had happened, whether her mood was temporary or permanent.",,,
q00238,top2005:3596,2317177,3,15,https://www.goodreads.com/work/quotes/2317177?page=3,"Maria wasn’t nearly as pretty, and she was heavier, though she, too, wore tight clothes. Also, she wasn’t deferential toward Rufina, she didn’t talk less in groups, and that was something about her that had always impressed me.",,,
q00239,top2005:3596,2317177,3,16,https://www.goodreads.com/work/quotes/2317177?page=3,"I wanted to stay, I think, because the way these boys were, their bluntness, their pleasure in physical acts like wrestling and burping, the way everything was too noisy and disorderly to ever feel awkward—this all seemed perhaps preferable to, truer and more lively than, the way that girls were.",,,
q00240,top2005:3596,2317177,3,17,https://www.goodreads.com/work/quotes/2317177?page=3,"My assumption that she was a scholarship student was, I realized, offensive; it was embarrassing. (It was embarrassing and yet—and yet now, knowing I’d been wrong, I was free to room with her. I could give in, it would be okay. Thinking this felt the way peeing in your pants does when you’re five or six: a complicated relief, one best ignored in the present moment.)",,,
q00241,top2005:3596,2317177,3,20,https://www.goodreads.com/work/quotes/2317177?page=3,"As for the care packages from my own mother, I’d learned to wait until I got back to the dorm to open them. Once she had sent three shiny pink cartons of maxi pads, accompanied by a note that said, in its entirety, Kroger was having a sale. Miss you. Love, Mom.)",,,
q00242,top2005:3596,2317177,3,23,https://www.goodreads.com/work/quotes/2317177?page=3,"This was the problem with me - I didn't know how to talk to people without asking them questions. Some people seemed to find me peculiar and some people were so happy to discuss themselves that they didn't even notice, but either way, it made conversation draining. While the other person's mouth moved, I'd try to think of the next thing to ask.",,,
q00243,top2005:3596,2317177,3,25,https://www.goodreads.com/work/quotes/2317177?page=3,"... but when Martha left, I stayed. I thought that because I was drunk, maybe everything would be different, that as the night waned, Cross would eventually come to me. But instead, when the DJ played ""Stairway to Heaven"" as the last song of the night, Cross slow-danced with Horton Kinnelly and then the song ended and they stood side by side, still close together, Cross rubbing his hand over Norton's back. It all felt both casual and random--in the last four minutes they seemed to have become a couple. And though they had not interacted for the entire night, I understood suddenly that just as I'd been eyeing Cross over the last several hours, he'd been eyeing Horton, or maybe it had been for much longer than that. He too had been saving something for the end, but the difference between Cross and me was that he made choices, he exerted control, his agenda succeeded. Mine didnt. I waited for him, and he didn't look at me. And that was what the rest of senior week was like, though it surprised me less each time, at each party, and by the end of the week, Cross and Horton weren't even waiting until it was late and they were drunk--you'd see them entwined in the hammock at John Brindley's house in the afternoon, or in the kitchen at Emily Phillip's house, Cross sitting on a bar stool and Horton perched on his lap.",,,
q00244,top2005:3596,2317177,3,26,https://www.goodreads.com/work/quotes/2317177?page=3,"... and, not even on purpose, I found myself tuning out. What I thought of was Conchita and me as freshmen, if teaching her to ride a bike behind the infirmary. How long ago that seemed, how far I felt from her now; I couldn't remember talking to her even once during our senior year. And, with graduation, we were about to cut loose from each other completely--the distance between us would be physical and definitive, and perhaps we'd never speak again. It seemed an impossible thought--so often find we all come together at Ault that I had begun to believe life contained reckonings rather than just fade-outs--and yet I also saw then that as more and more years passed, the time Conchita and I had known each other, the time I had known any of my classmates, would feel decreasingly significant; eventually, it would be only a backdrop to our real lives. At some cocktail party years into the future, in an incarnation of myself I could not yet fathom, I woukd, while rummaging for an anecdote, come up with one about a girl I'd known at boarding school whose mother took us out for lunch one day while the family bodyguard sat at the next table. In the telling, I would feel no pinch of longing or regret; I would feel nothing true, nothing at all, in fact, except the wish that my companions find me amusing.",,,
q00245,top2005:3596,2317177,3,27,https://www.goodreads.com/work/quotes/2317177?page=3,"And two, because there was another thing I was mad at Martha for, it had been simmering for the last few days or perhaps for the last few months, and in the same moment, there in the library, I understood exactly what this murky resentment toward her was, and I understood that I would never be able to express it. I resented her for having said, back in October, that she didn't think Cross would be my boyfriend. She had made it true! If she'd said she could picture it, it didn't mean it would have happened. But by saying she couldn't, she'd pretty much sealed that it wouldn't. Had she not understood how literally I took her, how much I trusted her advice? She had discouraged me from being hopeful, and how can you ever forgive a person for that? And how could I ever tell her any of this? It would be too ugly. For me to have messed up, to have done a thing that required her forgiveness, was not atypical. For her to be the one at fault would unbalance our friendship. I would not try to explain anything, and who knew if I could have explained it anyway? The mistake I had made was so public and obvious, and the one she'd made was private and subjective; I was its only witness. No, I would not tell her anything; I would be good old incompetent Lee, lovably flawed Lee, a golden retriever who just can't stay out of the creek and keeps returning to the house with wet, smelly fur.""So you think I betrayed the school?"" I said, and I could tell I sounded cranky, but cranky was (Martha would never know this) something we could recover from--cranky was a far cry from what I actually felt.",,,
q00246,top2005:3596,2317177,4,0,https://www.goodreads.com/work/quotes/2317177?page=4,"... and when I dared to glance at him, he was looking at me in a way that was both predatory and tender (I do not think it's an exaggeration to say that my life since then had been spent in pursuit of that look, and that I have yet to find it a second time in just that balance; perhaps it doesn't, after high school, exist in that balance) and it was because whatever he was about to do was exactly what I wanted while also scaring the hell out of me that I folded my arms and said, ""I'll have to take this all under advisement."" I knew immediately that I'd sounded sarcastic, and I did nothing to correct the impression. I guess that I had meant to sound that way, because this was the most terrifying thing in the world: that he knew me--he did know me, after all--and that knowing each other, we were going to kiss.",,,
q00247,top2005:3596,2317177,4,2,https://www.goodreads.com/work/quotes/2317177?page=4,"It was late May, and as the weather got nicer, seniors were outside on the circle constantly, an even bigger group--after lunch and during free periods and on the weekends--and more than once, as I walked by and pretended not to look at the clock of them, I could make out Aspeth shouting, ""I do not!"" Or another time: ""That's so gross!"" Why didn't I ever join them? I wanted to, but there would be that one unbearable moment after I approached when I stood on the fringes of the group, and they would shade their eyes and look up and wonder why I was there. There was something I would have to say, there was a place in the grass I would have to sit, a posture I would have to sit in. For other people, these decisions seemed effortkess, not decisions at all; for me, they had never stopped being decisions.",,,
q00248,top2005:3596,2317177,4,3,https://www.goodreads.com/work/quotes/2317177?page=4,"After I checked my suitcase, I walked through the terminal crying. When you go to boarding school, you're always leaving your family, not once but over and over and over, and it's not like it is when you're in college because you're older then and you're sort of supposed to be gone from them. I cried because of how guilty I felt, and because of how indulgent my guilt was. Standing in a store that sold bottled water and birthday cards and T-shirts that said Indiana in ornate writing, less than twenty minutes away from my father's house, I missed them so much I was tempted to call my mother and ask her to come wait with me for the plane; she'd have done it. But then she'd know what she'd probably only suspected--how messed up I really was, how much I'd been misleading them for the last four years.It would be much better once I got on the plane, better still back on campus. But while I was in their city, it just seemed like such a mistake that I had ever left home, such an error in judgement on all our parts.",,,
q00249,top2005:3596,2317177,4,4,https://www.goodreads.com/work/quotes/2317177?page=4,"Really, we did not share a vocabulary that would allow for such a conversation; it was far too late to tell her anything.",,,
q00250,top2005:3596,2317177,4,6,https://www.goodreads.com/work/quotes/2317177?page=4,"As I headed around the circle,the air smelled like burning leaves and the campus was shot with that Amber light you see only in the fall, and I felt, as I often did at Ault, both as if I were undeserving and as if the beauty around me was not really mine.",,,
q00251,top2005:3596,2317177,4,8,https://www.goodreads.com/work/quotes/2317177?page=4,"I could not imagined us together. Not as a daily presence in each other's lives, two people who had conversations and made out and sat next to each other in chapel. When I thought of Sin-Jun and Clara--and I did so often--what was hardest to wrap my head around was how they'd been a couple while living in the same room. How had they known when to fool around and when to just sit at their desks when doing homework? Hadn't it been either too intense, too tiring to always be around the person you wanted to impress, or else too familiar? Maybe in such close quarters you have up hope of impressing them and eat there picking your earwax and not caring if you looked cute. But didn't you lose something thrre, too? If that was what people meant by intimacy, it didn't hold much appeal for me--it seemed like you'd be fighting each other for oxygen.",,,
q00252,top2005:3596,2317177,4,9,https://www.goodreads.com/work/quotes/2317177?page=4,"Then I thought of how my life at Ault was a series of interactions and avoidance of interactions in which I pretended not to mind that I was almost always by myself. I could not last for long this way, certainly not for the next three years; I'd been at Ault only seven months, and already, my loneliness felt physically exhausting.",,,
q00253,top2005:3596,2317177,4,10,https://www.goodreads.com/work/quotes/2317177?page=4,"Either Ault was a lot harder than my junior high had been, or I was getting dumber- I suspected both. If I wasn't literally getting dumber, I knew at least that I'd lost the glow that surrounds you when the teachers think you're one of the smart, responsible ones, that glow that shines brighter every time you raise your hand in class to say the perfect thing, or you run out of room in a blue book during an exam and have to ask for a second one.",,,
q00254,top2005:3596,2317177,4,11,https://www.goodreads.com/work/quotes/2317177?page=4,"Anyway, the important thing to remember about Ault is why you applied in the first place. It was for the academics, right? I don't know where you were before, but Ault beats the hell out of the public high school in my town. As for the politics here, what can you do? There's a lot of posturing, but it's all kind of meaningless.",,,
q00255,top2005:3596,2317177,4,12,https://www.goodreads.com/work/quotes/2317177?page=4,"Sure, I believed the worst of myself but - not really. I was always waiting to be proven wrong.",,,
q00256,top2005:3596,2317177,4,13,https://www.goodreads.com/work/quotes/2317177?page=4,"I often messed up with people, it was true, but it rarely happened because I was reading them wrong; it was because I got nervous, or because I could see too clearly that I was not what they wanted. And, in fact, it was in falling short that I truly excelled.",,,
q00257,top2005:3596,2317177,4,14,https://www.goodreads.com/work/quotes/2317177?page=4,Easterners didn’t really care? Niceness for its own sake wasn’t a virtue to them.,,,
q00258,top2005:3596,2317177,4,16,https://www.goodreads.com/work/quotes/2317177?page=4,"No, we were still in the same room, both of us having to breathe and speak in the aftermath of her wink.",,,
q00259,top2005:3596,2317177,4,17,https://www.goodreads.com/work/quotes/2317177?page=4,"She came down to my dorm that night, knocking on the door around nine o'clock. Martha was at the library, and I was eating graham crackers and reading 'Glamour'. She didn't wait for me to open the door but turned the knob herself and stepped inside. Seeing her in the threshold was both surprising and perfectly natural - since I'd left her classroom, my head had been pretty much continuously buzzing with pieces of my conversation, and her presence felt merely like the physical manifestation of what I'd already been imagining.""I'm not interrupting, am I?"" she said.I stopped chewing. ""No.""""Here's what I want."" I could feel the energy coming off her body - she'd had an idea, she'd decided something, she'd walked briskly through the cold air across campus - and how it contrasted with my own inertia, my bad posture, the crumbs dusting the front of my shirt. I sat up straighter.""I want you to cut my hair, "" she said. ""I'll give you a grade for it. And that's how you can make up the paper. Whatever grade I give you for the haircut replaces the F"".I looked at her and felt suddenly, extremely tired. ""How's that for a deal?"" she said.",,,
q00260,top2005:3596,2317177,4,19,https://www.goodreads.com/work/quotes/2317177?page=4,And now I knew myself to be generous with encouragement only when I either did not want the thing the other person sought of did not believe the person would really get it.,,,
q00261,top2005:3596,2317177,4,20,https://www.goodreads.com/work/quotes/2317177?page=4,"Dude,"" he said, ""Calm down."" This was something I hated being told, especially by a boy. My voice might rise half an octave, I thought of telling him, but there's no need to take cover - I will not leap from my chair to embrace you, I will not even shriek with delight.",,,
q00262,top2005:3596,2317177,4,22,https://www.goodreads.com/work/quotes/2317177?page=4,"And the things you said, the walk from chapel to the schoolhouse, your backpack, tests, these were a bridge running above the rushing water of what you actually felt. The goal was: learn to ignore what's down below. Fine if you met someone else who was the same as you, but you had to realize that nothing another person could do would make you feel better about any of it.",,,
q00263,top2005:3596,2317177,4,23,https://www.goodreads.com/work/quotes/2317177?page=4,Where had I gotten the idea that being a nuissance was that big a deal?,,,
q00264,top2005:3596,2317177,4,24,https://www.goodreads.com/work/quotes/2317177?page=4,"...though as secrets went, this wasn't great. The kind I preferred were about specific people.",,,
q00001,top2004:2502,3921305,1,0,https://www.goodreads.com/work/quotes/3921305,And how shall I think of you?' He considered a moment and then laughed. 'Think of me with my nose in a book!,,,
q00002,top2004:2502,3921305,1,1,https://www.goodreads.com/work/quotes/3921305,"Can a magician kill a man by magic?” Lord Wellington asked Strange.Strange frowned. He seemed to dislike the question. “I suppose a magician might,” he admitted, “but a gentleman never could.",,,
q00003,top2004:2502,3921305,1,2,https://www.goodreads.com/work/quotes/3921305,"Time and I have quarrelled. All hours are midnight now. I had a clock and a watch, but I destroyed them both. I could not bear the way they mocked me.",,,
q00004,top2004:2502,3921305,1,3,https://www.goodreads.com/work/quotes/3921305,"She wore a gown the color of storms, shadows, and rain and a necklace of broken promises and regrets.",,,
q00005,top2004:2502,3921305,1,4,https://www.goodreads.com/work/quotes/3921305,"There is nothing in the world so easy to explain as failure - it is, after all, what everybody does all the time.",,,
q00006,top2004:2502,3921305,1,5,https://www.goodreads.com/work/quotes/3921305,"Such nonsense!"" declared Dr Greysteel. ""Whoever heard of cats doing anything useful!""""Except for staring at one in a supercilious manner,"" said Strange. ""That has a sort of moral usefulness, I suppose, in making one feel uncomfortable and encouraging sober reflection upon one's imperfections.",,,
q00007,top2004:2502,3921305,1,6,https://www.goodreads.com/work/quotes/3921305,"I reached out my hand, England's rivers turned and flowed the other way...I reached out my hand, my enemies's blood stopt in their veins...I reached out my hand; thought and memory flew out of my enemies' heads like a flock of starlings;My enemies crumpled like empty sacks.I came to them out of mists and rain;I came to them in dreams at midnight;I came to them in a flock of ravens that filled a northern sky at dawn;When they thought themselves safe I came to them in a cry that broke the silence of a winter wood...The rain made a door for me and I went through it;The stones made a throne for me and I sat upon it;Three kingdoms were given to me to be mine forever;England was given to me to be mine forever.The nameless slave wore a silver crown;The nameless slave was a king in a strange country...The weapons that my enemies raised against me are venerated in Hell as holy relics;Plans that my enemies made against me are preserved as holy texts;Blood that I shed upon ancient battlefields is scraped from the stained earth by Hell's sacristans and placed in a vessel of silver and ivory.I gave magic to England, a valuable inheritanceBut Englishmen have despised my giftMagic shall be written upon the sky by the rain but they shall not be able to read it;Magic shall be written on the faces of the stony hills but their minds shall not be able to contain it;In winter the barren trees shall be a black writing but they shall not understand it...Two magicians shall appear in England...The first shall fear me; the second shall long to behold me;The first shall be governed by thieves and murderers; the second shall conspire at his own destruction;The first shall bury his heart in a dark wood beneath the snow, yet still feel its ache;The second shall see his dearest posession in his enemy's hand...The first shall pass his life alone, he shall be his own gaoler;The second shall tread lonely roads, the storm above his head, seeking a dark tower upon a high hillside...I sit upon a black throne in the shadows but they shall not see me.The rain shall make a door for me and I shall pass through it;The stones shall make a throne for me and I shall sit upon it...The nameless slave shall wear a silver crownThe nameless slave shall be a king in a strange country...",,,
q00008,top2004:2502,3921305,1,7,https://www.goodreads.com/work/quotes/3921305,"Houses, like people, are apt to become rather eccentric if left too much on their own; this house was the architectural equivalent of an old gentleman in a worn dressing-gown and torn slippers, who got up and went to bed at odd times of day, and who kept up a continual conversation with friends no one else could see.",,,
q00009,top2004:2502,3921305,1,8,https://www.goodreads.com/work/quotes/3921305,"He understood for the first time that the world is not dumb at all, but merely waiting for someone to speak to it in a language it understands.",,,
q00010,top2004:2502,3921305,1,9,https://www.goodreads.com/work/quotes/3921305,I have a scholar's love of silence and solitude. To sit and pass hour after hour in idle chatter with a roomful of strangers is to me the worst sort of torment.,,,
q00011,top2004:2502,3921305,1,10,https://www.goodreads.com/work/quotes/3921305,To be more precise it was the color of heartache.,,,
q00012,top2004:2502,3921305,1,11,https://www.goodreads.com/work/quotes/3921305,"..The argument he was conducting with his neighbor as to whether the English magician had gone mad because he was a magician, or because he was English.",,,
q00013,top2004:2502,3921305,1,12,https://www.goodreads.com/work/quotes/3921305,"It has been remarked (by a lady infinitely cleverer than the present author) how kindly disposed the world in general feels to young people who either die or marry. Imagine then the interest that surrounded Miss Wintertowne! No young lady ever had such advantages before: for she died upon the Tuesday, was raised to life in the early hours of Wednesday morning, and was married upon the Thursday; which some people thought too much excitement for one week.",,,
q00014,top2004:2502,3921305,1,13,https://www.goodreads.com/work/quotes/3921305,"Mr. Robinson was a polished sort of person. He was so clean and healthy and pleased about everything that he positively shone - which is only to be expected in a fairy or an angel, but is somewhat disconcerting in an attorney.",,,
q00015,top2004:2502,3921305,1,14,https://www.goodreads.com/work/quotes/3921305,"For, though the room was silent, the silence of half a hundred cats is a peculiar thing, like fifty individual silences all piled one on top of another.",,,
q00016,top2004:2502,3921305,1,15,https://www.goodreads.com/work/quotes/3921305,"Woods were ringed with a colour so soft, so subtle that it could scarcely be said to be a colour at all. It was more the idea of a colour - as if the trees were dreaming green dreams or thinking green thoughts.",,,
q00017,top2004:2502,3921305,1,16,https://www.goodreads.com/work/quotes/3921305,"When he awoke it was dawn. Or something like dawn. The light was watery, dim and incomparably sad. Vast, grey, gloomy hills rose up all around them and in between the hills there was a wide expanse of black bog.Stephen had never seen a landscape so calculated to reduce the onlooker to utter despair in an instant. ""This is one of your kingdoms, I suppose, sir?"" he said. ""My kingdoms?"" exclaimed the gentleman in surprize. ""Oh, no! This is Scotland!",,,
q00018,top2004:2502,3921305,1,17,https://www.goodreads.com/work/quotes/3921305,"Oh! And they read English novels! David! Did you ever look into an English novel? Well, do not trouble yourself. It is nothing but a lot of nonsense about girls with fanciful names getting married.",,,
q00019,top2004:2502,3921305,1,18,https://www.goodreads.com/work/quotes/3921305,"There is nothing else in magic but the wild thought of the bird as it casts itself into the void. There is no creature upon the earth with such potential for magic. Even the least of them may fly straight out of this world and come by chance to the Other Lands. Where does the wind come from that blows upon your face, that fans the pages of your book? Where the harum-scarum magic of small wild creatures meets the magic of Man, where the language of the wind and the rain and the trees can be understood, there we will find the Raven King.",,,
q00020,top2004:2502,3921305,1,19,https://www.goodreads.com/work/quotes/3921305,He gave her his heart. She took it and placed it quietly in the pocket of her gown. No one observed what she did.,,,
q00021,top2004:2502,3921305,1,20,https://www.goodreads.com/work/quotes/3921305,"Well, I suppose one ought not to employ a magician and then complain that he does not behave like other people.",,,
q00022,top2004:2502,3921305,1,22,https://www.goodreads.com/work/quotes/3921305,"It [Ashfair House] was an old fashioned house—the sort of house in fact, as Strange expressed it, which a lady in a novel might like to be persecuted in.",,,
q00023,top2004:2502,3921305,1,23,https://www.goodreads.com/work/quotes/3921305,I have been quite put out of temper this morning and someone ought to die for it.,,,
q00024,top2004:2502,3921305,1,24,https://www.goodreads.com/work/quotes/3921305,"Not long, not long my father saidNot long shall you be oursThe Raven King knows all too wellWhich are the fairest flowers.The priest was all too worldlyThough he prayed and rang his bellThe Raven King three candles litThe priest said it was wellHer arms were all too feebleThough she claimed to love me soThe Raven King stretched out his handShe sighed and let me goThe land is all too shallowIt is painted on the skyAnd trembles like the wind-shook rainWhen the Raven King goes by For always and for alwaysI pray remember meUpon the moors, beneath the starsWith the King’s wild company.",,,
q00025,top2004:2502,3921305,1,25,https://www.goodreads.com/work/quotes/3921305,"What nobility of feeling! To sacrifice your own pleasure to preserve the comfort of others! It is a thing, I confess, that would never occur to me.",,,
q00026,top2004:2502,3921305,1,26,https://www.goodreads.com/work/quotes/3921305,"Mr Norrell determined to establish himself in London with all possible haste. ""You must get a house, Childermass,"" he said. ""Get me a house that says to those that visit it that magic is a respectable profession - no less than Law and a great deal more so than Medicine.""Childermass inquired drily if Mr Norrell wished him to seek out architecture expressive of the proposition that magic was as respectable as the Church?Mr Norrell (who knew there were such things as jokes in the world or people would not write about them in books, but who had never actually been introduced to a joke or shaken its hand) considered a while before replying at last that no, he did not think they could quite claim that.",,,
q00027,top2004:2502,3921305,1,27,https://www.goodreads.com/work/quotes/3921305,The very shapes of the trees were like frozen screams.,,,
q00028,top2004:2502,3921305,1,28,https://www.goodreads.com/work/quotes/3921305,"It is also true that his hair had a reddish tinge and, as everybody knows, no one with red hair can ever truly be said to be handsome.",,,
q00029,top2004:2502,3921305,1,29,https://www.goodreads.com/work/quotes/3921305,"It is curious and we magicians collect curiosities, you know.",,,
q00030,top2004:2502,3921305,2,0,https://www.goodreads.com/work/quotes/3921305?page=2,"I mean that two of any thing is a most uncomfortable number. One may do as he pleases. Six may get along well enough. But two must always struggle for mastery. Two must always watch each other. The eyes of all the world will be on two, uncertain which of them to follow.",,,
q00031,top2004:2502,3921305,2,1,https://www.goodreads.com/work/quotes/3921305?page=2,"You mean to say he became mad deliberately?'...Nothing is more likely,' said the duke.",,,
q00032,top2004:2502,3921305,2,2,https://www.goodreads.com/work/quotes/3921305?page=2,I know magicians and I know magic and I say this: all magicians lie and this one more than most.,,,
q00033,top2004:2502,3921305,2,3,https://www.goodreads.com/work/quotes/3921305?page=2,"It is these black clothes,"" said Strange. ""I am like a leftover piece of funeral, condemned to walk about the Town, frightening people into thinking of their own mortality.",,,
q00034,top2004:2502,3921305,2,5,https://www.goodreads.com/work/quotes/3921305?page=2,"Yet it is true—skin can mean a great deal. Mine means that any man may strike me in a public place and never fear the consequences. It means that my friends do not always like to be seen with me in the street. It means that no matter how many books I read, or languages I master, I will never be anything but a curiosity—like a talking pig or a mathematical horse.",,,
q00035,top2004:2502,3921305,2,6,https://www.goodreads.com/work/quotes/3921305?page=2,"She even learnt the language of a strange country which Senior Cosetti had been told some people believed still existed, although no-one in the world could say where it was. The name of this country was Wales.",,,
q00036,top2004:2502,3921305,2,7,https://www.goodreads.com/work/quotes/3921305?page=2,"I am, as far as I can tell, about a month behind Lord Byron. In every town we stop at we discover innkeepers, postillions, officials, burghers, potboys, and all kinds and sorts of ladies whose brains still seem somewhat deranged from their brief exposure to his lordship. And though my companions are careful to tell people that I am that dreadful being, an English magician, I am clearly nothing in comparison to an English poet and everywhere I go I enjoy the reputation- quite new to me, I assure you- of the quiet, good Englishman, who makes no noise and is no trouble to any one...",,,
q00037,top2004:2502,3921305,2,8,https://www.goodreads.com/work/quotes/3921305?page=2,"you must learn to live as I do - in the face of constant criticism, opposition and censure. That, sir, is the English way.",,,
q00038,top2004:2502,3921305,2,9,https://www.goodreads.com/work/quotes/3921305?page=2,"After two hours it stopped raining and in the same moment the spell broke, which Peroquet and the Admiral and Captain Jumeau knew by a curious twist of their senses, as if they had tasted a string quartet, or been, for a moment, deafened by the sight of colour blue.",,,
q00039,top2004:2502,3921305,2,10,https://www.goodreads.com/work/quotes/3921305?page=2,"There are people in this world, whose lives are nothing but a burden to them. A black veil stands between them and the world. They are utterly alone. They are like shadows in the night, shut off from joy and all gentle human emotions, unable to even give comfort to each other. Their days are full of nothing but darkness, misery and solitude.",,,
q00040,top2004:2502,3921305,2,11,https://www.goodreads.com/work/quotes/3921305?page=2,Ha!' said the tall man drily. 'He was in high luck. Rich old uncles who die are in shockingly short supply.,,,
q00041,top2004:2502,3921305,2,12,https://www.goodreads.com/work/quotes/3921305?page=2,"But the other Ministers considered that to employ a magician was one thing, novelists were quite another and they would not stoop to it.",,,
q00042,top2004:2502,3921305,2,13,https://www.goodreads.com/work/quotes/3921305?page=2,"Some time later there was a knock at his door. He was surprised to find it was now evening and the room was quite dark. The knock sounded again. The landlord was at the door. The landlord began to talk, but Strange could not understand him. This was because the man had a pineapple in his mouth. How he had managed to cram the whole thing in there, Strange could not imagine. Green, spiky leaves emerged slowly out of his mouth and then were sucked back in again as he spoke. Strange wondered if perhaps he ought to go and fetch a knife or a hook and try and fish the pineapple out, in case the landlord should choke. But at the same time he did not care much about it. 'After all,' he thought with some irritation, 'it is his own fault. He put it there.",,,
q00043,top2004:2502,3921305,2,14,https://www.goodreads.com/work/quotes/3921305?page=2,"O, wherever men of my sort used to go, long ago. Wandering on paths that other men have not seen. Behind the sky. On the other side of the rain.",,,
q00044,top2004:2502,3921305,2,15,https://www.goodreads.com/work/quotes/3921305?page=2,Drawing teaches habits of close observation that will always be useful.,,,
q00045,top2004:2502,3921305,2,16,https://www.goodreads.com/work/quotes/3921305?page=2,"If I were you, Mr. Lascelles,"" said Childermass, softly, ""I would speak more guardedly. You are in the north now. In John Uskglass's own country. Our towns and cities and abbeys were built by him. Our laws were made by him. He is our minds and hearts and speech. Were it summer you would see a carpet of tiny flowers beneath every hedgerow, of a bluish-white colour. We call them John’s Farthings. When the weather is contrary and we have warm weather in winter or it rains in summer the country people say that John Uskglass is in love again and neglects his business. And when we are sure of something we say it is as safe as a pebble in John Uskglass’s pocket.” Lascelles laughed. “Far be it from me, Mr. Childermass, to disparage your quaint country sayings. But surely it is one thing to pay lip-service to one’s history and quite another to talk of bringing back a King who numbered Lucifer himself among his allies and overlords? No one wants that, do they? I mean apart from a few Jihannites and madmen?” “I am a North Englishman, Mr. Lascelles,” said Childermass. “Nothing would please me better than that my King should come home. It is what I have wished for all my life.",,,
q00046,top2004:2502,3921305,2,17,https://www.goodreads.com/work/quotes/3921305?page=2,"He was one of those people whose ideas are too lively to be confinedin their brains and spill out into the world to the consternation ofpassers-by. He talked to himself and the expression on his facechanged constantly. Within the space of a single moment he lookedsurprized, insulted, resolute, and angry--emotions which werepresumably the consequences of the energetic conversation he washolding with the ideal people inside his head.",,,
q00047,top2004:2502,3921305,2,18,https://www.goodreads.com/work/quotes/3921305?page=2,"Most of us are naturally inclined to struggle against the restrictions our friends and family impose upon us, but if we are so unfortunate as to lose a loved one, what a difference then! Then the restriction becomes a sacred trust.",,,
q00048,top2004:2502,3921305,2,19,https://www.goodreads.com/work/quotes/3921305?page=2,…any cat he spoke to would stay quite still with an expression of faint surprise on its face as if it had never heard such good sense in all its life nor ever expected to again.,,,
q00049,top2004:2502,3921305,2,20,https://www.goodreads.com/work/quotes/3921305?page=2,"Some years ago there was in the city of York a society of magicians. They met upon the third Wednesday of every month and read each other long, dull papers upon the history of English magic.",,,
q00050,top2004:2502,3921305,2,21,https://www.goodreads.com/work/quotes/3921305?page=2,"Well, surely, you will agree that a great improvement could be made simply by cutting down those trees that crowd about the house so much and darken every room? They grow just as they please – just where the acorn or seed fell, I suppose.” “What?” asked Strange, whose eyes had wandered back to his book during the latter part of the conversation. “The trees,” said Henry. “Which trees?” “Those,” said Henry, pointing out of the window to a whole host of ancient and magnificent oaks, ashes and beech trees. “As far as neighbours go, those trees are quite exemplary. They mind their own affairs and have never troubled me. I rather think that I will return the compliment.” “But they are blocking the light.” “So are you, Henry, but I have not yet taken an axe to you.",,,
q00051,top2004:2502,3921305,2,22,https://www.goodreads.com/work/quotes/3921305?page=2,To a magician there is very little difference between a mirror and a door.,,,
q00052,top2004:2502,3921305,2,23,https://www.goodreads.com/work/quotes/3921305?page=2,"He screamed.Mmm?' inquired the gentleman.I...I would never presume to interrupt you, sir. But the ground appears to be swallowing me up.'It is a bog,' said the gentleman, helpfully.It is certainly a most terrifying substance.",,,
q00053,top2004:2502,3921305,2,25,https://www.goodreads.com/work/quotes/3921305?page=2,It is the right of a traveller to vent their frustration at every minor inconvenience by writing of it to their friends.,,,
q00054,top2004:2502,3921305,2,26,https://www.goodreads.com/work/quotes/3921305?page=2,"But, though French, she was also very brave...",,,
q00055,top2004:2502,3921305,2,27,https://www.goodreads.com/work/quotes/3921305?page=2,"And the name of the one shall be Fearfulness. And the name of the other shall be Arrogance... Well, clearly you are not Fearfulness, so I suppose you must be Arrogance.'This was not very polite.",,,
q00056,top2004:2502,3921305,2,28,https://www.goodreads.com/work/quotes/3921305?page=2,"Byron tilted his head to a very odd angle, half-closed his eyes and composed his features to suggest that he was about to expire from chronic indigestion.",,,
q00057,top2004:2502,3921305,2,29,https://www.goodreads.com/work/quotes/3921305?page=2,"You think that I am angry, but I am not. You think I do not know why you have done what you have done, but I do. You think you have put all your heart into that writing and that every one in England now understands you. What do they understand? Nothing. I understood you before you wrote a word. What you wrote, you wrote for me. For me alone.",,,
q00058,top2004:2502,3921305,3,0,https://www.goodreads.com/work/quotes/3921305?page=3,"May I ask you something?"" Dr Greysteel nodded.""Are you not afraid that it will go out?""""What will go out?"" asked Dr Greysteel.""The candle,"" Strange gestured to Dr Greysteel's forehead. ""The candle inside your head.",,,
q00059,top2004:2502,3921305,3,1,https://www.goodreads.com/work/quotes/3921305?page=3,"With his long hair as ragged as rain and as black as thunder, he would have looked quite at home upon a windswept moor, or lurking in some pitch-black alleyway, or perhaps in a novel by Mrs. Radcliffe.",,,
q00060,top2004:2502,3921305,3,2,https://www.goodreads.com/work/quotes/3921305?page=3,"A patrol had been sent out to look at the road between two towns, but some Portuguese had come along and told the patrol that this was one of the English magician's roads and was certain to disappear in an hour or two taking everyone upon it to Hell - or possibly England.",,,
q00061,top2004:2502,3921305,3,3,https://www.goodreads.com/work/quotes/3921305?page=3,"The next day Mrs Honeyfoot told her husband that John Segundus was exactly what a gentleman should be, but she feared he would never profit by it for it was not the fashion to be modest and quiet and kind-hearted.",,,
q00062,top2004:2502,3921305,3,4,https://www.goodreads.com/work/quotes/3921305?page=3,"It would need someone very remarkable to recover your name, Stephen, someone of rare perspicacity, with extraordinary talents and incomparable nobility of character. Me, in fact.",,,
q00063,top2004:2502,3921305,3,5,https://www.goodreads.com/work/quotes/3921305?page=3,"He had once found himself in a room with Lady Bessborough's long-haired white cat. He happened to be dressed in an immaculate black coat and trousers, and was there thoroughly alarmed by the cat's stalking round and round and making motions as if it proposed to sit upon him. He waited until he believed himself to be unobserved, then he picked it up, opened a window, and tossed it out. Despite falling three storeys to the ground, the cat survived, but one of its legs was never quite right afterward and it always evinced the greatest dislike of gentlemen in black clothes.",,,
q00064,top2004:2502,3921305,3,6,https://www.goodreads.com/work/quotes/3921305?page=3,"Where have they gone?"" ""Wherever magicians used to go. Behind the sky. On the other side of the rain.",,,
q00065,top2004:2502,3921305,3,7,https://www.goodreads.com/work/quotes/3921305?page=3,"Like many spells with unusual names, the Unrobed Ladies was a great deal less exciting than it sounded.",,,
q00066,top2004:2502,3921305,3,9,https://www.goodreads.com/work/quotes/3921305?page=3,"One day,"" he said,""I shall find the right spell and banish the Darkness And on that day I will come to you.",,,
q00067,top2004:2502,3921305,3,10,https://www.goodreads.com/work/quotes/3921305?page=3,"Perhaps I am too tame, too domestic a magician. But how does one work up a little madness? I meet with mad people every day in the street, but I never thought before to wonder how they got mad. Perhaps I should go wandering on lonely moors and barren shores. That is always a popular place for lunatics - in novels and plays at any rate. Perhaps wild England will make me mad.",,,
q00068,top2004:2502,3921305,3,11,https://www.goodreads.com/work/quotes/3921305?page=3,Gentlemen are often invited to stay in other people's houses. Rooms hardly ever are.,,,
q00069,top2004:2502,3921305,3,12,https://www.goodreads.com/work/quotes/3921305?page=3,"And I hope that all my readers are acquainted with an old English Cathedral town or I fear the significance of Mr Norrell’s chusing that particular place will be lost upon them. They must understand that in an old Cathedral town the great old church is not one building among many; it is the building - different from all others in scale, beauty, and solemnity. Even in modern times when an old Cathedral town may have provided itself with all the elegant appurtenances of civic buildings, assembly and meeting rooms (and York was well-stocked with these) the Cathedral rises above them - a witness to the devotion of our forefathers. It is as if the town contains within itself something larger than itself. When going about ones business in the muddle of narrow streets one is sure to lose sight of the Cathedral, but then the town will open out and suddenly it is there, many times taller and many times larger than any other building, and one realizes that one has reached the heart of the town and that all streets and lanes have in some way led here, to a place of mysteries much deeper than any Mr Norrell knew of. Such were Mr Segundus’s thoughts as he entered the Close and stood before the great brooding blue shadow of the Cathedral’s west face.",,,
q00070,top2004:2502,3921305,3,13,https://www.goodreads.com/work/quotes/3921305?page=3,I have always heard that Italian women are rather fierce.,,,
q00071,top2004:2502,3921305,3,14,https://www.goodreads.com/work/quotes/3921305?page=3,"Childermass knew what games the children on street-corners are playing - games that all other grown-ups have long since forgotten. Childermass knew what old people by firesides are thinking of, though no one has asked them in years. Childermass knew what young men hear in the rattling of the drums and the tooting of the pipes that makes them leave their homes and go to be soldiers - and he knew the half-eggcupful of glory and the barrelful of misery that await them. And all that Childermass knew made him smile; and some of what he knew made him laugh out loud; and none of what he knew wrung from him so much as ha'pennyworth of pity.",,,
q00072,top2004:2502,3921305,3,15,https://www.goodreads.com/work/quotes/3921305?page=3,"I am a Book,” said Vinculus, stopping in mid-caper. “I am the Book. It is the task of the Book to bear the words. Which I do. It is the task of the Reader to know what they say.",,,
q00073,top2004:2502,3921305,3,16,https://www.goodreads.com/work/quotes/3921305?page=3,How is a magician to exist without books? Let someone explain that to me. It is like asking a politician to achieve high office without the benefit of bribes or patronage.,,,
q00074,top2004:2502,3921305,3,17,https://www.goodreads.com/work/quotes/3921305?page=3,Like the hero of a fairy-tale Mr Norrell had discovered that the power to do what he wished had been his own all along.,,,
q00075,top2004:2502,3921305,3,18,https://www.goodreads.com/work/quotes/3921305?page=3,..perhaps mortals are not formed for fairy bliss?,,,
q00076,top2004:2502,3921305,3,19,https://www.goodreads.com/work/quotes/3921305?page=3,"Unfortunately, Childermass's French was so strongly accented by his native Yorkshire that Minervois did not understand and asked Strange if Childermass was Dutch.",,,
q00077,top2004:2502,3921305,3,20,https://www.goodreads.com/work/quotes/3921305?page=3,"Mr. Segundus began to suspect that they had an uneventful morning, and that when a strange gentleman had walked into the room and dropt down in a swoon, they were rather pleased than otherwise.",,,
q00078,top2004:2502,3921305,3,21,https://www.goodreads.com/work/quotes/3921305?page=3,And such a pinched-looking ruin of a thing now! I shall advice all the good-looking woman of my acquaintance not to die.,,,
q00079,top2004:2502,3921305,3,22,https://www.goodreads.com/work/quotes/3921305?page=3,[A] smile is the most becomingornament that any lady can wear.,,,
q00080,top2004:2502,3921305,3,23,https://www.goodreads.com/work/quotes/3921305?page=3,"They were Englishmen and, to them, the decline of other nations was the most natural thing in the world. They belonged to a race blessed with so sensitive an appreciation of its own talents (and so doubtful an opinion of anybody else's) that they would not have been at all surprised to learn that the Venetians themselves had been entirely ignorant of the merits of their own city - until Englishmen had come to tell them it was delightful.",,,
q00081,top2004:2502,3921305,3,24,https://www.goodreads.com/work/quotes/3921305?page=3,"Even the Raven King - who was not a fairy, but an Englishman - had a somewhat regrettable habit of abducting men and women and taking them to live with him in his castle in the Other Lands. Now, had you and I the power to seize by magic any human being that took our fancy and the power to keep that person by our side through all eternity, and had we all the world to chuse from, then I dare say our choice might fall on someone a little more captivating than a member of the Learned Society of York Magicians, but this comforting thought did not occur to the gentlemen inside York Cathedral",,,
q00082,top2004:2502,3921305,3,27,https://www.goodreads.com/work/quotes/3921305?page=3,"Besides,” said Mr Norrell, “I really have no desire to write reviews of other people's books. Modern publications upon magic are the most pernicious things in the world, full of misinformation and wrong opinions.” “Then sir, you may say so. The ruder you are, the more the editors will be delighted.” “But it is my own opinions which I wish to make better known, not other people's.” “Ah, but, sir,” said Lascelles, “it is precisely by passing judgements upon other people's work and pointing out their errors that readers can be made to understand your own opinions better. It is the easiest thing in the world to turn a review to one's own ends. One only need mention the book once or twice and for the rest of the article one may develop one's theme just as one chuses. It is, I assure you, what every body else does.” “Hmm,” said Mr Norrell thoughtfully, “you may be right. But, no. It would seem as if I were lending support to what ought never to have been published in the first place.",,,
q00083,top2004:2502,3921305,3,28,https://www.goodreads.com/work/quotes/3921305?page=3,"The Emperor Napoleon Buonaparte had been banished to the island of Elba. However His Imperial Majesty had some doubts wheter a quiet island life would suit him - he was, after all, accustomed to governing a large proportion of the known world.",,,
q00084,top2004:2502,3921305,3,29,https://www.goodreads.com/work/quotes/3921305?page=3,In his madness and his blindness he was Lear and Gloucester combined.,,,
q00085,top2004:2502,3921305,4,2,https://www.goodreads.com/work/quotes/3921305?page=4,"Alexander of Whitby taught that the universe is like a tapestry only parts of which are visible to us at a time. After we are dead, we will see the whole and then it will be clear to us how the different parts relate to each other.",,,
q00086,top2004:2502,3921305,4,3,https://www.goodreads.com/work/quotes/3921305?page=4,This is the genius of my enemy! Lock a door against him and all that happens is that he learns first how to pick a lock and second how to build a better one against you!,,,
q00087,top2004:2502,3921305,4,4,https://www.goodreads.com/work/quotes/3921305?page=4,"He had discovered that it was easier – far easier than any one could have supposed – to make oneself mad, but like all magic it was full of obstacles and frustrations. Even if he succeeded in summoning the fairy (which did not seem very likely), he would be in nocondition to talk to him. Every book he had ever read on the subject urged magicians to be on their guard when dealing with fairies. Just when he needed all his wits, he would have scarcely any wits at all.",,,
q00088,top2004:2502,3921305,4,5,https://www.goodreads.com/work/quotes/3921305?page=4,In peacetime some sort of introduction is generally required to make a person's acquaintance; in war a small eatable will perform the same office.,,,
q00089,top2004:2502,3921305,4,6,https://www.goodreads.com/work/quotes/3921305?page=4,"For this is England where a man's neighbours will never suffer him to live entirely bereft of society, let him be as dry and sour-faced as he may.",,,
q00090,top2004:2502,3921305,4,7,https://www.goodreads.com/work/quotes/3921305?page=4,He did not feel as if he were inside a Pillar of Darkness in the middle of Yorkshire; he felt more as if the rest of the world had fallen away and he and Strange were left alone upon a solitary island or promontory. The idea distressed him a great deal less than one might have supposed. He had never much cared for the world and he bore its loss philosophically.,,,
q00091,top2004:2502,3921305,4,8,https://www.goodreads.com/work/quotes/3921305?page=4,"Sometimes the pain in Childermass’s shoulder escaped from him and ran about the room and hid. When this happened he thought it became a small animal. No one else knew it was there. He supposed he ought to tell them so that they could chase it out. Once he caught sight of it; it had flame-coloured fur, brighter than a fox.",,,
q00092,top2004:2502,3921305,4,9,https://www.goodreads.com/work/quotes/3921305?page=4,"Yes,"" agreed Childermass, ""very great harm! For while he was in the pantry he ate three meat-pies.""""And two cream cheeses,"" added Lucas.Mr. Norrell was forced to admit to himself that this did not seem much like the actions of a great magician",,,
q00093,top2004:2502,3921305,4,10,https://www.goodreads.com/work/quotes/3921305?page=4,"Long, long ago, (said the voice), five hundred years ago or more, on a winter's day at twilight, a young man entered the Church with a young girl with ivy leaves in her hair. There was no one else there but the stones. No one to see him strangle her but the stones. He let her fall dead upon the stones and no one saw but the stones. He was never punished for his sin because there were no witnesses but the stones. The years went by and whenever the man entered the Church and stood among the congregation the stones cried out that this was the man who had murdered the girl with the ivy leaves wound into her hair, but no one ever heard us. But it is not too late! We know where he is buried! In the corner of the south transept! Quick! Quick! Fetch picks! Fetch shovels! Pull up the paving stones. Dig up his bones! Let them be smashed with the shovel! Dash his skull against the pillars and break it! Let the stones have vengeance too! It is not too late! It is not too late!",,,
q00094,top2004:2502,3921305,4,11,https://www.goodreads.com/work/quotes/3921305?page=4,"It is the contention of Mr Norrell of Hanover-square that everything belonging to John Uskglass must be shaken out of modern magic, as one would shake moths and dust out of an old coat. What does he imagine he will have left? If you get rid of John Uskglass you will be left holding the empty air.",,,
q00095,top2004:2502,3921305,4,12,https://www.goodreads.com/work/quotes/3921305?page=4,"He thought he stood upon an English hillside. Rain was falling; it twisted in the air like grey ghosts. Rain fell upon him and he grew thin as rain. Rainwashed away thought, washed away memory, all the good and the bad. He no longer knew his name. Everything was washed away like mud from a stone. Rain filled him up with thoughts and memories of its own. Silver lines of water covered the hillside, like intricate lace, like the veins of an arm. Forgetting that he was, or ever had been, a man, he became the lines of water. He fell into the earth with the rain.He thought he lay beneath the earth, beneath England. Long ages passed; cold and rain seeped through him; stones shifted within him. In the Silence and the Dark he grew vast.He became the earth; he became England. A star looked down on him and spoke tohim.A stone asked him a question and he answered it in its own language. A rivercurled at his side; hills budded beneath his fingers. He opened his mouth and breathed out spring.He thought he was pressed into a thicket in a dark wood in winter. The trees went on forOver dark pillars separated by thin, white slices of winter light. He lookeddown. Young saplings pierced him through and through; they grew up through his body, through his feet and hands. His eye-lids would no longer close because twigs had grown up through them.",,,
q00096,top2004:2502,3921305,4,13,https://www.goodreads.com/work/quotes/3921305?page=4,"John Longridge, the cook at Harley-street, had suffered from low spirits for more than thirty years, and he was quick to welcome Stephen as a newcomer to the freemasonry of melancholy.",,,
q00097,top2004:2502,3921305,4,14,https://www.goodreads.com/work/quotes/3921305?page=4,"It seemed off that anyone could live behind such a high hedge of thorns, and he began to think it would be no great surprize to discover that Mr. Wyvern had been asleep for a hundred years or so. 'Well, I shall not mind that so much,' he thought, 'so long as I am not expected to kiss him.",,,
q00098,top2004:2502,3921305,4,15,https://www.goodreads.com/work/quotes/3921305?page=4,"Whenever I wish to do something, I simply speak to the air – or to the stones – or to the sunlight – or the sea – or to whatever it is and politely request them to help me. And then, since my alliances with these powerful spirits were set in place thousands of years ago, they are only too glad to do whatever I ask.",,,
q00099,top2004:2502,3921305,4,16,https://www.goodreads.com/work/quotes/3921305?page=4,The sky spoke to him.It was a language he had never heard before. He was not even certain there were words. Perhaps it only spoke to him in the black writing the birds made. He was small and unprotected and there was no escape. He was caught between earth and sky as if cupped between two hands. They could crush him if they chose.,,,
q00100,top2004:2502,3921305,4,17,https://www.goodreads.com/work/quotes/3921305?page=4,"The sky spoke to me,” said Childermass. “If what I saw was true, then …” He paused. “Then what?” asked Mr Norrell. In his weakened state Childermass had been thinking aloud. He had meant to say that if what he had seen was true, then everything that Strange and Norrell had ever done was child’s-play and magic was a much stranger and more terrifying thing than any of them had thought of. Strange and Norrell had been merely throwing paper darts about a parlour, while real magic soared and swooped and twisted on great wings in a limitless sky far, far above them.",,,
q00101,top2004:2502,3921305,4,18,https://www.goodreads.com/work/quotes/3921305?page=4,"For the rest of the night he sat by himself under the elm-tree. Until this moment it had never seemed to him that his magicianship set him apart from other men. But now he had glimpsed the wrong side of something. He had the eeriest feeling - as if the world were growing older around him, and the best part of existence - laughter, love and innocence - were slipping irrevocably into the past.",,,
q00102,top2004:2502,3921305,4,19,https://www.goodreads.com/work/quotes/3921305?page=4,"The gentlemen among my readers will smile to themselves and say that women never did understand business, but the ladies may agree with me that Mrs Brandy understood her business very well, for the chief business of Mrs Brandy's life was to make Stephen Black as much in love with her as she was with him.",,,
q00103,top2004:2502,3921305,4,20,https://www.goodreads.com/work/quotes/3921305?page=4,"But, curiously, though Mr. Norrell was able to work feats of the most breath-taking wonder, he was only able to describe them in his usual dry manner, so that Sir Walter was left with the impression that the spectacle of half a thousand stone figures in York Cathedral all speaking together had been rather a dull affair and that he had been fortunate in being elsewhere at the time.",,,
q00104,top2004:2502,3921305,4,21,https://www.goodreads.com/work/quotes/3921305?page=4,"Mr. Norrell did not know a great deal about war, but he suspected that soldiers are not generally your great respecters of books. They might put their dirty fingers on them. They might tear them! They might- horror of horrors!- read them and try the spells!",,,
q00105,top2004:2502,3921305,4,22,https://www.goodreads.com/work/quotes/3921305?page=4,I have no cause to love Mr. Norrell- far from it. But I know this about him: he is a magician first and everything else second- and Jonathan is the same. Books and magic are all either of them really care about.,,,
q00106,top2004:2502,3921305,4,24,https://www.goodreads.com/work/quotes/3921305?page=4,"How quickly was every bad thing discovered to be the fault of the previous administration (an evil set of men who wedded general stupidity to wickedness of purpose). As for the present Ministry, the Foreign Secretary said that not since the days of Antiquity had the world seen gentlemen so virtuous, so misunderstood and so horribly misrepresented by their enemies.",,,
q00107,top2004:2502,3921305,4,25,https://www.goodreads.com/work/quotes/3921305?page=4,"She spoke Basque, which is a language which rarely makes any impression upon the brains of any other race, so that a man may hear it as often and as long as he likes, but never afterwards be able to recall a single syllable of it.",,,
q00108,top2004:2502,3921305,4,27,https://www.goodreads.com/work/quotes/3921305?page=4,"Thaumatomane: a person possessed of a passion for magic and wonders, Dictionary of the English Language by Samuel Johnson.",,,
q00109,top2004:2502,3921305,4,28,https://www.goodreads.com/work/quotes/3921305?page=4,"Soldiers, I am sorry to say, steal everything.” He thought for a moment and then added, “Or at least ours do.” How",,,
q00110,top2004:2502,3921305,4,29,https://www.goodreads.com/work/quotes/3921305?page=4,"Being a politician, he was never dissuaded from giving any body his opinion by the mere fact that they were not inclined to hear it.",,,
