sample_id,stratum,source,post45_title_id,title,author,year,first_week,isbn,oclc,best_rank,weeks_on_list
top1990:3343,top1990,post45_topn,3343,"OH, THE PLACES YOU'LL GO!",Dr. Seuss,1990,1990-02-25,0679805273,20169007.0,1,178
top1990:4734,top1990,post45_topn,4734,THE BURDEN OF PROOF,Scott Turow,1990,1990-06-17,0374117349,21302078.0,1,35
top1990:6019,top1990,post45_topn,6019,THE PLAINS OF PASSAGE,Jean M. Auel,1990,1990-10-21,0517580497,21873762.0,1,29
top1990:4003,top1990,post45_topn,4003,SEPTEMBER,Rosamunde Pilcher,1990,1990-04-22,0312044194,20932164.0,1,26
top1990:4708,top1990,post45_topn,4708,THE BOURNE ULTIMATUM,Robert Ludlum,1990,1990-03-18,0394584082,20320080.0,1,26
top1990:2956,top1990,post45_topn,2956,MEMORIES OF MIDNIGHT,Sidney Sheldon,1990,1990-08-26,0688084885,21336519.0,1,24
top1990:1913,top1990,post45_topn,1913,FOUR PAST MIDNIGHT,Stephen King,1990,1990-09-16,0451170385,21976330.0,1,22
top1990:6721,top1990,post45_topn,6721,THE WITCHING HOUR,Anne Rice,1990,1990-11-11,,21902161.0,2,22
top1990:2974,top1990,post45_topn,2974,MESSAGE FROM NAM,Danielle Steel,1990,1990-06-24,0385299079,20296538.0,2,18
top1990:3575,top1990,post45_topn,3575,POSSESSION,A. S. Byatt,1990,1990-12-23,0394586239,21337703.0,7,18
top1990:1523,top1990,post45_topn,1523,DRAGON,Clive Cussler,1990,1990-05-13,0671626191,21297613.0,3,17
top1990:436,top1990,post45_topn,436,AN INCONVENIENT WOMAN,Dominick Dunne,1990,1990-05-20,0517577631,21197754.0,6,17
top1990:1434,top1990,post45_topn,1434,DEVICES AND DESIRES,P. D. James,1990,1990-01-28,0394580702,19975344.0,1,16
top1990:2618,top1990,post45_topn,2618,LADY BOSS,Jackie Collins,1990,1990-10-07,0671619373,22275142.0,2,16
top1990:4589,top1990,post45_topn,4589,THE BAD PLACE,Dean R. Koontz,1990,1990-01-28,0399134980,20264752.0,1,15
top1990:4134,top1990,post45_topn,4134,SKINNY LEGS AND ALL,Tom Robbins,1990,1990-04-22,0553057758,20669779.0,4,15
top1990:1320,top1990,post45_topn,1320,DAZZLE,Judith Krantz,1990,1990-12-02,0517575019,21333700.0,3,14
top1990:2529,top1990,post45_topn,2529,JURASSIC PARK,Michael Crichton,1990,1990-12-02,0394588169,22511027.0,6,14
top1990:7135,top1990,post45_topn,7135,VINELAND,Thomas Pynchon,1990,1990-01-21,,20219474.0,2,13
top1990:1172,top1990,post45_topn,1172,COYOTE WAITS,Tony Hillerman,1990,1990-07-08,0060163704,21337349.0,3,13
top1990:2762,top1990,post45_topn,2762,LONGSHOT,Dick Francis,1990,1990-10-28,0399135812,21973161.0,3,12
top1990:1097,top1990,post45_topn,1097,COLD HARBOUR,Jack Higgins,1990,1990-01-21,0671684256,20755352.0,4,12
top1990:210,top1990,post45_topn,210,A RULING PASSION,Judith Michael,1990,1990-01-21,0671648918,20529911.0,2,11
top1990:6736,top1990,post45_topn,6736,THE WOMEN IN HIS LIFE,Barbara Taylor Bradford,1990,1990-08-12,,21375944.0,2,11
top1990:5234,top1990,post45_topn,5234,THE GENERAL IN HIS LABYRINTH,Gabriel Garcia Marquez,1990,1990-09-23,0394582586,21595045.0,3,11
top1990:1163,top1990,post45_topn,1163,COUNTERATTACK,W. E. B. Griffin,1990,1990-02-04,039913493X,20218492.0,5,11
top1990:5295,top1990,post45_topn,5295,THE GOLDEN ORANGE,Joseph Wambaugh,1990,1990-05-20,0688094082,20525408.0,5,11
top1990:5282,top1990,post45_topn,5282,THE GOLD COAST,Nelson DeMille,1990,1990-04-29,0446515043,20758738.0,9,11
top1990:2920,top1990,post45_topn,2920,MASQUERADE,Janet Dailey,1990,1990-04-08,0316171425,20594557.0,4,10
top1990:702,top1990,post45_topn,702,BITTER SWEET,LaVyrle Spencer,1990,1990-03-04,,20170432.0,5,10
top1991:5144,top1991,post45_topn,5144,THE FIRM,John Grisham,1991,1991-03-17,0385416342,22108726.0,2,47
top1991:3945,top1991,post45_topn,3945,SCARLETT,Alexandra Ripley,1991,1991-10-13,0446515078,23870219.0,1,34
top1991:6426,top1991,post45_topn,6426,THE SUM OF ALL FEARS,Tom Clancy,1991,1991-08-25,,23287312.0,1,29
top1991:1470,top1991,post45_topn,1470,DISNEY'S BEAUTY AND THE BEAST,NO AUTHOR,1991,1991-12-29,,,3,24
top1991:2833,top1991,post45_topn,2833,"LOVES MUSIC, LOVES TO DANCE",Mary Higgins Clark,1991,1991-05-12,0671673645,23253596.0,1,22
top1991:3179,top1991,post45_topn,3179,NEEDFUL THINGS,Stephen King,1991,1991-10-20,0670839531,23356908.0,2,20
top1991:5002,top1991,post45_topn,5002,THE DOOMSDAY CONSPIRACY,Sidney Sheldon,1991,1991-09-15,0688084893,23383325.0,2,20
top1991:2139,top1991,post45_topn,2139,HEARTBEAT,Danielle Steel,1991,1991-02-24,0385299087,21294230.0,1,19
top1991:2154,top1991,post45_topn,2154,HEIR TO THE EMPIRE,Timothy Zahn,1991,1991-05-26,0553073273,23139515.0,1,19
top1991:3220,top1991,post45_topn,3220,NIGHT OVER WATER,Ken Follett,1991,1991-10-06,0688046606,23690255.0,4,19
top1991:5551,top1991,post45_topn,5551,THE KITCHEN GOD'S WIFE,Amy Tan,1991,1991-06-30,9780399135781,23144220.0,1,18
top1991:517,top1991,post45_topn,517,AS THE CROW FLIES,Jeffrey Archer,1991,1991-05-12,0060179147,22911518.0,3,18
top1991:1096,top1991,post45_topn,1096,COLD FIRE,Dean R. Koontz,1991,1991-01-27,,22422754.0,1,16
top1991:0,top1991,post45_topn,0,"""H"" IS FOR HOMICIDE",Sue Grafton,1991,1991-05-05,080501084X,22812747.0,2,15
top1991:3258,top1991,post45_topn,3258,NO GREATER LOVE,Danielle Steel,1991,1991-11-24,0385299095,57001216.0,2,15
top1991:3452,top1991,post45_topn,3452,PARADISE,Judith McNaught,1991,1991-06-30,0671601296,23462105.0,5,13
top1991:6235,top1991,post45_topn,6235,THE SECRET PILGRIM,John le Carré,1991,1991-01-13,0394588428,22896621.0,1,12
top1991:6245,top1991,post45_topn,6245,THE SEERESS OF KELL,David Eddings,1991,1991-04-14,0345330064,22767556.0,1,12
top1991:1121,top1991,post45_topn,1121,COMEBACK,Dick Francis,1991,1991-11-03,0399136703,24009647.0,3,12
top1991:3431,top1991,post45_topn,3431,OUTER BANKS,Anne Rivers Siddons,1991,1991-07-28,006016249X,23219023.0,5,12
top1991:3756,top1991,post45_topn,3756,REMEMBER,Barbara Taylor Bradford,1991,1991-11-03,0394559584,24373901.0,5,12
top1991:1058,top1991,post45_topn,1058,CIRCLE OF FRIENDS,Maeve Binchy,1991,1991-01-27,0385301499,22108716.0,6,12
top1991:1900,top1991,post45_topn,1900,FORGIVING,LaVyrle Spencer,1991,1991-02-17,0399135995,22110058.0,2,11
top1991:2869,top1991,post45_topn,2869,MAGIC HOUR,Susan Isaacs,1991,1991-02-10,0060165731,22240674.0,4,11
top1991:616,top1991,post45_topn,616,BEAST,Peter Benchley,1991,1991-06-30,0679403558,23216227.0,4,11
top1991:1241,top1991,post45_topn,1241,DAMAGE,Josephine Hart,1991,1991-03-31,0679401350,22511086.0,5,11
top1991:5016,top1991,post45_topn,5016,THE DRUID OF SHANNARA,Terry Brooks,1991,1991-03-17,0345356950,20169970.0,2,10
top1991:603,top1991,post45_topn,603,BATTLEGROUND,W. E. B. Griffin,1991,1991-01-27,0399135502,22949262.0,3,10
top1991:3904,top1991,post45_topn,3904,SAINT MAYBE,Anne Tyler,1991,1991-09-08,0679403612,23691414.0,3,9
top1991:5027,top1991,post45_topn,5027,THE EAGLE HAS FLOWN,Jack Higgins,1991,1991-03-17,0671724584,22983445.0,3,9
top1992:4723,top1992,post45_topn,4723,THE BRIDGES OF MADISON COUNTY,Robert James Waller,1992,1992-08-16,044651652X,24246926.0,1,164
top1992:5993,top1992,post45_topn,5993,THE PELICAN BRIEF,John Grisham,1992,1992-03-15,0385421982,25990887.0,1,49
top1992:2060,top1992,post45_topn,2060,GRIFFIN & SABINE,Nick Bantock,1992,1992-01-26,,,3,47
top1992:7158,top1992,post45_topn,7158,WAITING TO EXHALE,Terry McMillan,1992,1992-05-31,,25048160.0,2,38
top1992:1979,top1992,post45_topn,1979,GERALD'S GAME,Stephen King,1992,1992-07-19,0670846503,25131056.0,1,28
top1992:3894,top1992,post45_topn,3894,SABINE'S NOTEBOOK,Nick Bantock,1992,1992-10-18,0811801802,25201874.0,4,23
top1992:384,top1992,post45_topn,384,ALL THE PRETTY HORSES,Cormac McCarthy,1992,1992-06-07,9780394574745,25704649.0,9,22
top1992:3810,top1992,post45_topn,3810,RISING SUN,Michael Crichton,1992,1992-02-16,0394589424,24216739.0,1,21
top1992:7236,top1992,post45_topn,7236,WHERE IS JOE MERCHANT?,Jimmy Buffett,1992,1992-08-30,,25833688.0,1,19
top1992:6155,top1992,post45_topn,6155,THE ROAD TO OMAHA,Robert Ludlum,1992,1992-03-01,0394573293,24010263.0,2,19
top1992:361,top1992,post45_topn,361,ALL AROUND THE TOWN,Mary Higgins Clark,1992,1992-04-26,0671673653,25509845.0,2,18
top1992:2487,top1992,post45_topn,2487,JEWELS,Danielle Steel,1992,1992-05-17,0385304900,23139620.0,1,16
top1992:5235,top1992,post45_topn,5235,THE GENERAL'S DAUGHTER,Nelson DeMille,1992,1992-11-22,0446513067,26264064.0,5,16
top1992:6388,top1992,post45_topn,6388,THE STARS SHINE DOWN,Sidney Sheldon,1992,1992-10-18,0688084907,26161966.0,1,15
top1992:6460,top1992,post45_topn,6460,THE TALE OF THE BODY THIEF,Anne Rice,1992,1992-10-25,,26703895.0,1,15
top1992:1267,top1992,post45_topn,1267,DARK FORCE RISING,Timothy Zahn,1992,1992-06-07,0553085743,25165094.0,2,15
top1992:3574,top1992,post45_topn,3574,POSSESSING THE SECRET OF JOY,Alice Walker,1992,1992-06-21,0151731527,25373376.0,4,15
top1992:1490,top1992,post45_topn,1490,DOLORES CLAIBORNE,Stephen King,1992,1992-12-06,0670844527,25747136.0,1,14
top1992:3037,top1992,post45_topn,3037,MIXED BLESSINGS,Danielle Steel,1992,1992-11-22,0385299109,24871053.0,1,14
top1992:3902,top1992,post45_topn,3902,SAHARA,Clive Cussler,1992,1992-05-24,0671681559,25410390.0,2,14
top1992:2979,top1992,post45_topn,2979,MEXICO,James A. Michener,1992,1992-11-08,0679416498,25747681.0,3,13
top1992:2483,top1992,post45_topn,2483,JAZZ,Toni Morrison,1992,1992-04-19,0679411674,25048293.0,4,13
top1992:3075,top1992,post45_topn,3075,MOSTLY HARMLESS,Douglas Adams,1992,1992-11-01,0517577402,26158345.0,3,12
top1992:7150,top1992,post45_topn,7150,VOX,Nicholson Baker,1992,1992-02-23,,24065180.0,3,12
top1992:1105,top1992,post45_topn,1105,COLONY,Anne Rivers Siddons,1992,1992-07-19,0060179333,25410571.0,4,12
top1992:1,top1992,post45_topn,1,"""I"" IS FOR INNOCENT",Sue Grafton,1992,1992-04-26,0805010858,25009299.0,2,11
top1992:1777,top1992,post45_topn,1777,FATHERLAND,Robert Harris,1992,1992-07-05,0679412735,24910222.0,5,11
top1992:2186,top1992,post45_topn,2186,HIDEAWAY,Dean R. Koontz,1992,1992-01-26,0399136738,24379074.0,1,10
top1992:5045,top1992,post45_topn,5045,THE ELF QUEEN OF SHANNARA,Terry Brooks,1992,1992-03-15,0345362993,24696394.0,3,10
top1992:3954,top1992,post45_topn,3954,SCRUPLES TWO,Judith Krantz,1992,1992-06-28,0517582287,25246399.0,2,9
top1993:2712,top1993,post45_topn,2712,LIKE WATER FOR CHOCOLATE,Laura Esquivel,1993,1993-04-18,0385420161,25164505.0,3,61
top1993:4852,top1993,post45_topn,4852,THE CLIENT,John Grisham,1993,1993-03-21,038542471X,55502623.0,1,48
top1993:7344,top1993,post45_topn,7344,WITHOUT REMORSE,Tom Clancy,1993,1993-08-29,,28149224.0,1,32
top1993:4155,top1993,post45_topn,4155,SLOW WALTZ IN CEDAR BEND,Robert James Waller,1993,1993-11-07,9780446516532,27812869.0,1,29
top1993:3235,top1993,post45_topn,3235,NIGHTMARES & DREAMSCAPES,Stephen King,1993,1993-10-17,,,2,18
top1993:2632,top1993,post45_topn,2632,LASHER,Anne Rice,1993,1993-10-03,0679412956,27429488.0,2,17
top1993:7101,top1993,post45_topn,7101,VANISHED,Danielle Steel,1993,1993-08-15,,57003608.0,2,17
top1993:1613,top1993,post45_topn,1613,EINSTEIN'S DREAMS,Alan Lightman,1993,1993-02-21,0679416463,26158724.0,5,17
top1993:3518,top1993,post45_topn,3518,PIGS IN HEAVEN,Barbara Kingsolver,1993,1993-06-27,0060168013,27431722.0,6,17
top1993:3540,top1993,post45_topn,3540,PLEADING GUILTY,Scott Turow,1993,1993-06-06,0374234574,28116802.0,2,16
top1993:5293,top1993,post45_topn,5293,THE GOLDEN MEAN,Nick Bantock,1993,1993-09-12,0811802981,27265700.0,4,16
top1993:2333,top1993,post45_topn,2333,I'LL BE SEEING YOU,Mary Higgins Clark,1993,1993-05-09,0671673661,27727642.0,3,14
top1993:3101,top1993,post45_topn,3101,MR. MURDER,Dean Koontz,1993,1993-11-14,0399138749,27937055.0,5,14
top1993:82,top1993,post45_topn,82,A DANGEROUS FORTUNE,Ken Follett,1993,1993-10-24,,28374472.0,5,14
top1993:5887,top1993,post45_topn,5887,THE NIGHT MANAGER,John le Carré,1993,1993-07-18,0679425136,27265926.0,3,13
top1993:6209,top1993,post45_topn,6209,THE SCORPIO ILLUSION,Robert Ludlum,1993,1993-06-06,0553094416,27381684.0,3,13
top1993:1963,top1993,post45_topn,1963,GAI-JIN,James Clavell,1993,1993-05-09,0385310161,27143901.0,4,13
top1993:4356,top1993,post45_topn,4356,STREETS OF LAREDO,Larry McMurtry,1993,1993-08-08,0671792814,27895121.0,3,12
top1993:5577,top1993,post45_topn,5577,THE LAST COMMAND,Timothy Zahn,1993,1993-04-25,0553091867,27068836.0,3,12
top1993:1211,top1993,post45_topn,1211,CRUEL & UNUSUAL,Patricia D. Cornwell,1993,1993-06-27,,,5,12
top1993:1406,top1993,post45_topn,1406,DEGREE OF GUILT,Richard North Patterson,1993,1993-01-31,0679420649,26357073.0,3,11
top1993:3896,top1993,post45_topn,3896,SACRED CLOWNS,Tony Hillerman,1993,1993-10-03,006016767X,28025657.0,3,11
top1993:4164,top1993,post45_topn,4164,SMILLA'S SENSE OF SNOW,Peter Hoeg,1993,1993-10-17,0374266441,28065407.0,9,11
top1993:1526,top1993,post45_topn,1526,DRAGON TEARS,Dean Koontz,1993,1993-01-24,0399137890,26397874.0,1,10
top1993:6463,top1993,post45_topn,6463,THE TALISMANS OF SHANNARA,Terry Brooks,1993,1993-02-28,,27068604.0,2,10
top1993:2,top1993,post45_topn,2,"""J"" IS FOR JUDGMENT",Sue Grafton,1993,1993-04-18,0805019359,26854030.0,3,10
top1993:399,top1993,post45_topn,399,ALONG CAME A SPIDER,James Patterson,1993,1993-02-07,0316693642,25995508.0,4,10
top1993:213,top1993,post45_topn,213,A SEASON IN PURGATORY,Dominick Dunne,1993,1993-05-02,0517583860,27144703.0,5,9
top1993:5409,top1993,post45_topn,5409,THE HOPE,Herman Wouk,1993,1993-12-12,0316955191,28064042.0,5,9
top1993:4683,top1993,post45_topn,4683,THE BOOK OF GUYS,Garrison Keillor,1993,1993-12-19,067084943X,28182310.0,6,9
top1994:4796,top1994,post45_topn,4796,THE CELESTINE PROPHECY,James Redfield,1994,1994-03-06,044651862X,29768419.0,1,165
top1994:3555,top1994,post45_topn,3555,POLITICALLY CORRECT BEDTIME STORIES,James Finn Garner,1994,1994-06-26,002542730X,28377591.0,1,65
top1994:3132,top1994,post45_topn,3132,MUTANT MESSAGE DOWN UNDER,Marlo Morgan,1994,1994-09-11,0060171928,30399301.0,9,31
top1994:4800,top1994,post45_topn,4800,THE CHAMBER,John Grisham,1994,1994-06-12,0385424728,30075172.0,1,27
top1994:5242,top1994,post45_topn,5242,THE GIFT,Danielle Steel,1994,1994-07-31,038531292X,29703045.0,1,26
top1994:1382,top1994,post45_topn,1382,DEBT OF HONOR,Tom Clancy,1994,1994-09-04,0399139540,30739194.0,1,25
top1994:4535,top1994,post45_topn,4535,THE ALIENIST,Caleb Carr,1994,1994-04-17,0679417796,28798086.0,4,24
top1994:1467,top1994,post45_topn,1467,DISCLOSURE,Michael Crichton,1994,1994-01-23,0679419454,28844025.0,1,22
top1994:3300,top1994,post45_topn,3300,NOTHING LASTS FOREVER,Sidney Sheldon,1994,1994-09-25,0688084915,29845917.0,2,18
top1994:3757,top1994,post45_topn,3757,REMEMBER ME,Mary Higgins Clark,1994,1994-05-01,0671867083,30036291.0,1,17
top1994:2435,top1994,post45_topn,2435,INSOMNIA,Stephen King,1994,1994-10-23,0670855030,29703606.0,1,16
top1994:297,top1994,post45_topn,297,ACCIDENT,Danielle Steel,1994,1994-02-20,0385306024,28665752.0,1,16
top1994:4441,top1994,post45_topn,4441,TALTOS,Anne Rice,1994,1994-10-09,067942573X,28889775.0,1,16
top1994:2412,top1994,post45_topn,2412,INCA GOLD,Clive Cussler,1994,1994-05-15,0671681567,29877393.0,2,14
top1994:5715,top1994,post45_topn,5715,THE LOTTERY WINNER,Mary Higgins Clark,1994,1994-11-13,0671867164,31323704.0,5,14
top1994:4904,top1994,post45_topn,4904,THE CROSSING,Cormac McCarthy,1994,1994-06-26,0394574753,29844718.0,3,12
top1994:4938,top1994,post45_topn,4938,THE DAY AFTER TOMORROW,Allan Folsom,1994,1994-04-24,0316288292,28721649.0,3,12
top1994:1765,top1994,post45_topn,1765,FATAL CURE,Robin Cook,1994,1994-01-30,039913879X,29182588.0,4,12
top1994:7314,top1994,post45_topn,7314,WINGS,Danielle Steel,1994,1994-12-04,,57004189.0,3,11
top1994:1472,top1994,post45_topn,1472,DISNEY'S THE LION KING,Don Ferguson,1994,1994-08-07,1570820872,35909943.0,7,11
top1994:4669,top1994,post45_topn,4669,THE BODY FARM,Patricia Cornwell,1994,1994-09-18,0684195976,30035430.0,2,10
top1994:1286,top1994,post45_topn,1286,DARK RIVERS OF THE HEART,Dean Koontz,1994,1994-11-27,0679425241,30320033.0,7,10
top1994:5156,top1994,post45_topn,5156,THE FIST OF GOD,Frederick Forsyth,1994,1994-05-08,0553091263,29595052.0,7,10
top1994:3,top1994,post45_topn,3,"""K"" IS FOR KILLER",Sue Grafton,1994,1994-04-24,0805019367,29703955.0,2,9
top1994:1743,top1994,post45_topn,1743,FAMILY BLESSINGS,LaVyrle Spencer,1994,1994-02-13,0399139060,28797821.0,5,9
top1994:576,top1994,post45_topn,576,BAD LOVE,Jonathan Kellerman,1994,1994-01-23,0553089196,28422909.0,5,9
top1994:4775,top1994,post45_topn,4775,THE CAT WHO CAME TO BREAKFAST,Lilian Jackson Braun,1994,1994-02-27,0399138684,28799226.0,6,9
top1994:229,top1994,post45_topn,229,A SON OF THE CIRCUS,John Irving,1994,1994-09-04,0679434968,29566583.0,7,9
top1994:1679,top1994,post45_topn,1679,EVERYTHING TO GAIN,Barbara Taylor Bradford,1994,1994-07-24,0060177233,30356047.0,4,8
top1994:6653,top1994,post45_topn,6653,THE WATERWORKS,E.L. Doctorow,1994,1994-07-03,,29548564.0,5,8
top1995:5413,top1995,post45_topn,5413,THE HORSE WHISPERER,Nicholas Evans,1995,1995-09-24,0385315236,32466529.0,1,37
top1995:4830,top1995,post45_topn,4830,THE CHRISTMAS BOX,Richard Paul Evans,1995,1995-11-05,0684814994,32625293.0,1,29
top1995:6096,top1995,post45_topn,6096,THE RAINMAKER,John Grisham,1995,1995-04-30,038542471X,55502623.0,1,26
top1995:5711,top1995,post45_topn,5711,THE LOST WORLD,Michael Crichton,1995,1995-10-08,0679419462,32924490.0,1,24
top1995:609,top1995,post45_topn,609,BEACH MUSIC,Pat Conroy,1995,1995-07-16,0385413041,54817555.0,1,22
top1995:1842,top1995,post45_topn,1842,FIVE DAYS IN PARIS,Danielle Steel,1995,1995-12-03,0385315309,32546750.0,1,20
top1995:1125,top1995,post45_topn,1125,COMING HOME,Rosamunde Pilcher,1995,1995-09-10,0312134517,32626096.0,2,18
top1995:809,top1995,post45_topn,809,BORDER MUSIC,Robert James Waller,1995,1995-02-26,,30891634.0,2,18
top1995:3065,top1995,post45_topn,3065,"MORNING, NOON, AND NIGHT",Sidney Sheldon,1995,1995-09-24,0688084923,32392036.0,2,17
top1995:2615,top1995,post45_topn,2615,LADDER OF YEARS,Anne Tyler,1995,1995-04-30,0679439412,31291458.0,3,16
top1995:2950,top1995,post45_topn,2950,MEMNOCH THE DEVIL,Anne Rice,1995,1995-07-30,0679441018,32683203.0,1,15
top1995:2673,top1995,post45_topn,2673,LET ME CALL YOU SWEETHEART,Mary Higgins Clark,1995,1995-05-14,9780684803968,32091232.0,2,15
top1995:3863,top1995,post45_topn,3863,ROSE MADDER,Stephen King,1995,1995-07-02,0670858692,32274180.0,2,14
top1995:4086,top1995,post45_topn,4086,SILENT NIGHT,Mary Higgins Clark,1995,1995-10-22,0684815451,32924074.0,2,14
top1995:5442,top1995,post45_topn,5442,THE HUNDRED SECRET SENSES,Amy Tan,1995,1995-11-05,0399141146,32894903.0,3,14
top1995:3370,top1995,post45_topn,3370,ONCE UPON A MORE ENLIGHTENED TIME,James Finn Garner,1995,1995-05-21,0028604199,32378464.0,7,14
top1995:3556,top1995,post45_topn,3556,POLITICALLY CORRECT HOLIDAY STORIES,James Finn Garner,1995,1995-10-22,0028604202,33101658.0,4,13
top1995:4823,top1995,post45_topn,4823,THE CHILDREN'S BOOK OF VIRTUES,edited by William J. Bennett. Illustrated by Michael Hague,1995,1995-11-12,,,4,13
top1995:3050,top1995,post45_topn,3050,MOO,Jane Smiley,1995,1995-04-09,0679420231,30547826.0,5,13
top1995:2595,top1995,post45_topn,2595,KISS THE GIRLS,James Patterson,1995,1995-01-22,0316693707,30109286.0,3,12
top1995:2708,top1995,post45_topn,2708,LIGHTNING,Danielle Steel,1995,1995-07-30,0385314884,31605068.0,3,11
top1995:4557,top1995,post45_topn,4557,THE APOCALYPSE WATCH,Robert Ludlum,1995,1995-06-04,0553099930,32093801.0,3,11
top1995:3411,top1995,post45_topn,3411,ORIGINAL SIN,P.D. James,1995,1995-02-12,0679438890,30667898.0,4,11
top1995:1239,top1995,post45_topn,1239,DAISY-HEAD MAYZIE,Dr. Seuss,1995,1995-02-19,0679867120,30353431.0,5,11
top1995:5271,top1995,post45_topn,5271,THE GLASS LAKE,Maeve Binchy,1995,1995-03-12,0385313543,31132766.0,5,11
top1995:6723,top1995,post45_topn,6723,THE WITNESS,Sandra Brown,1995,1995-07-02,,31434484.0,5,11
top1995:1939,top1995,post45_topn,1939,FROM POTTER'S FIELD,Patricia Cornwell,1995,1995-08-20,0684195984,31900546.0,1,10
top1995:4063,top1995,post45_topn,4063,SHOCK WAVE,Clive Cussler,1995,1995-12-24,068480297X,33277400.0,3,10
top1995:3512,top1995,post45_topn,3512,PHENOMENAL WOMAN,Maya Angelou,1995,1995-03-26,0679439242,30979258.0,7,10
top1995:3415,top1995,post45_topn,3415,OUR GAME,John le Carré,1995,1995-03-19,0679441816,31970173.0,2,9
top1996:5903,top1996,post45_topn,5903,THE NOTEBOOK,Nicholas Sparks,1996,1996-10-27,0446520802,34321554.0,3,56
top1996:1735,top1996,post45_topn,1735,FALLING UP,Shel Silverstein,1996,1996-06-09,0060248025,34736959.0,3,30
top1996:4957,top1996,post45_topn,4957,THE DEEP END OF THE OCEAN,Jacquelyn Mitchard,1996,1996-09-22,0670865796,33443698.0,1,29
top1996:3608,top1996,post45_topn,3608,PRIMARY COLORS,Anonymous,1996,1996-02-11,,1036772188.0,1,25
top1996:1689,top1996,post45_topn,1689,EXECUTIVE ORDERS,Tom Clancy,1996,1996-09-01,0399142185,34878804.0,1,24
top1996:6484,top1996,post45_topn,6484,THE TENTH INSIGHT,James Redfield,1996,1996-05-12,,34348857.0,2,24
top1996:6178,top1996,post45_topn,6178,THE RUNAWAY JURY,John Grisham,1996,1996-06-02,0385472943,34208175.0,1,23
top1996:2287,top1996,post45_topn,2287,HOW STELLA GOT HER GROOVE BACK,Terry McMillan,1996,1996-05-19,0670869902,34417970.0,1,21
top1996:3056,top1996,post45_topn,3056,MOONLIGHT BECOMES YOU,Mary Higgins Clark,1996,1996-04-21,0684810387,34321030.0,1,17
top1996:349,top1996,post45_topn,349,AIRFRAME,Michael Crichton,1996,1996-12-22,0679446486,35723547.0,1,17
top1996:293,top1996,post45_topn,293,ABSOLUTE POWER,David Baldacci,1996,1996-02-11,0446519960,32665645.0,2,17
top1996:1431,top1996,post45_topn,1431,DESPERATION,Stephen King,1996,1996-10-13,9780670868360,34618058.0,1,15
top1996:5634,top1996,post45_topn,5634,THE LAWS OF OUR FATHERS,Scott Turow,1996,1996-11-03,0374184232,34590928.0,2,14
top1996:6117,top1996,post45_topn,6117,THE REGULATORS,Richard Bachman,1996,1996-10-13,0525941908,34771979.0,2,14
top1996:2330,top1996,post45_topn,2330,I WAS AMELIA EARHART,Jane Mendelsohn,1996,1996-05-12,0679450548,34079054.0,6,14
top1996:2012,top1996,post45_topn,2012,GODS AND GENERALS,Jeff Shaara,1996,1996-06-30,0345404920,34080227.0,9,13
top1996:2436,top1996,post45_topn,2436,INTENSITY,Dean Koontz,1996,1996-01-21,067942525X,33078930.0,1,12
top1996:967,top1996,post45_topn,967,CAUSE OF DEATH,Patricia Cornwell,1996,1996-07-21,,33079081.0,1,12
top1996:2887,top1996,post45_topn,2887,MALICE,Danielle Steel,1996,1996-04-28,0385315201,31657830.0,2,12
top1996:4491,top1996,post45_topn,4491,THAT CAMDEN SUMMER,LaVyrle Spencer,1996,1996-02-11,0399141200,32589092.0,2,12
top1996:5583,top1996,post45_topn,5583,THE LAST DON,Mario Puzo,1996,1996-08-11,0679401431,34150830.0,3,11
top1996:3142,top1996,post45_topn,3142,MY GAL SUNDAY,Mary Higgins Clark,1996,1996-11-03,0684832291,35118045.0,4,11
top1996:4008,top1996,post45_topn,4008,SERVANT OF THE BONES,Anne Rice,1996,1996-08-18,9780679433019,33665194.0,1,10
top1996:4083,top1996,post45_topn,4083,SILENT HONOR,Danielle Steel,1996,1996-11-24,0385313012,34576683.0,1,10
top1996:1687,top1996,post45_topn,1687,EXCLUSIVE,Sandra Brown,1996,1996-07-14,0446519782,34285150.0,3,10
top1996:5107,top1996,post45_topn,5107,THE FALLEN MAN,Tony Hillerman,1996,1996-12-08,006017773X,35212753.0,3,10
top1996:6506,top1996,post45_topn,6506,THE THIRD TWIN,Ken Follett,1996,1996-11-10,,35138575.0,6,10
top1996:2717,top1996,post45_topn,2717,LILY WHITE,Susan Isaacs,1996,1996-07-21,0060176075,34576831.0,8,10
top1996:6660,top1996,post45_topn,6660,THE WEB,Jonathan Kellerman,1996,1996-01-21,,32779900.0,5,9
top1996:456,top1996,post45_topn,456,AND THIS TOO SHALL PASS,E. Lynn Harris,1996,1996-03-10,038548030X,33132796.0,6,9
top1997:2952,top1997,post45_topn,2952,MEMOIRS OF A GEISHA,Arthur Golden,1997,1997-11-02,0375400117,37689141.0,5,62
top1997:1098,top1997,post45_topn,1098,COLD MOUNTAIN,Charles Frazier,1997,1997-07-13,0871136791,36352242.0,1,61
top1997:5276,top1997,post45_topn,5276,THE GOD OF SMALL THINGS,Arundhati Roy,1997,1997-08-17,0679457313,35744382.0,5,31
top1997:5976,top1997,post45_topn,5976,THE PARTNER,John Grisham,1997,1997-03-16,0385472951,38277014.0,1,30
top1997:3542,top1997,post45_topn,3542,PLUM ISLAND,Nelson DeMille,1997,1997-06-08,044651506X,36277962.0,1,20
top1997:2746,top1997,post45_topn,2746,LONDON,Edward Rutherfurd,1997,1997-06-08,0517591812,36528386.0,5,18
top1997:7085,top1997,post45_topn,7085,UP ISLAND,Anne Rivers Siddons,1997,1997-06-15,,36423427.0,4,17
top1997:4239,top1997,post45_topn,4239,SPECIAL DELIVERY,Danielle Steel,1997,1997-07-13,0385316917,36350593.0,1,15
top1997:5647,top1997,post45_topn,5647,THE LETTER,Richard Paul Evans,1997,1997-10-26,0684834723,37451885.0,4,15
top1997:3602,top1997,post45_topn,3602,PRETEND YOU DON'T SEE HER,Mary Higgins Clark,1997,1997-04-27,0684810395,36454987.0,1,14
top1997:6712,top1997,post45_topn,6712,THE WINNER,David Baldacci,1997,1997-12-21,,37513081.0,2,14
top1997:957,top1997,post45_topn,957,CAT & MOUSE,James Patterson,1997,1997-11-23,,,2,14
top1997:64,top1997,post45_topn,64,A CERTAIN JUSTICE,P. D. James,1997,1997-12-14,,37475194.0,3,14
top1997:5238,top1997,post45_topn,5238,THE GHOST,Danielle Steel,1997,1997-11-23,038531695X,37179626.0,1,13
top1997:7070,top1997,post45_topn,7070,UNNATURAL EXPOSURE,Patricia Cornwell,1997,1997-08-03,,35262491.0,1,13
top1997:7138,top1997,post45_topn,7138,VIOLIN,Anne Rice,1997,1997-11-02,,35360666.0,2,13
top1997:5778,top1997,post45_topn,5778,THE MATARESE COUNTDOWN,Robert Ludlum,1997,1997-11-02,0553106678,37260848.0,3,13
top1997:1762,top1997,post45_topn,1762,FAT TUESDAY,Sandra Brown,1997,1997-06-29,0446516325,36343448.0,2,12
top1997:6930,top1997,post45_topn,6930,TOTAL CONTROL,David Baldacci,1997,1997-02-02,,35128189.0,2,12
top1997:1659,top1997,post45_topn,1659,EVENING CLASS,Maeve Binchy,1997,1997-03-02,0385318073,35145972.0,5,12
top1997:1013,top1997,post45_topn,1013,CHASING CEZANNE,Peter Mayle,1997,1997-06-22,0679455116,36959893.0,6,12
top1997:2256,top1997,post45_topn,2256,HORNET'S NEST,Patricia Cornwell,1997,1997-02-02,0399142282,35192245.0,1,11
top1997:1110,top1997,post45_topn,1110,COMANCHE MOON,Larry McMurtry,1997,1997-11-16,0684807548,37300796.0,7,11
top1997:4187,top1997,post45_topn,4187,SOLE SURVIVOR,Dean Koontz,1997,1997-02-23,0679425268,35995392.0,1,10
top1997:35,top1997,post45_topn,35,3001: THE FINAL ODYSSEY,Arthur C. Clarke,1997,1997-03-16,0345315227,35919386.0,2,10
top1997:4616,top1997,post45_topn,4616,THE BEST LAID PLANS,Sidney Sheldon,1997,1997-09-21,0688149111,36556116.0,2,10
top1997:6099,top1997,post45_topn,6099,THE RANCH,Danielle Steel,1997,1997-04-20,0385316348,35262470.0,2,10
top1997:4092,top1997,post45_topn,4092,SILENT WITNESS,Richard North Patterson,1997,1997-01-26,0679450408,35593598.0,3,10
top1997:2360,top1997,post45_topn,2360,IF THIS WORLD WERE MINE,E. Lynn Harris,1997,1997-08-03,0385486553,36807029.0,4,10
top1997:4549,top1997,post45_topn,4549,THE ANGEL OF DARKNESS,Caleb Carr,1997,1997-09-28,0679435328,37107187.0,4,10
top1998:2118,top1998,post45_topn,2118,HARRY POTTER AND THE SORCERER'S STONE,J. K. Rowling,1998,1998-12-27,0590353403,37975719.0,1,82
top1998:6028,top1998,post45_topn,6028,THE POISONWOOD BIBLE,Barbara Kingsolver,1998,1998-11-01,0060175400,38916924.0,2,29
top1998:2975,top1998,post45_topn,2975,MESSAGE IN A BOTTLE,Nicholas Sparks,1998,1998-04-26,0446523569,37878680.0,4,29
top1998:6419,top1998,post45_topn,6419,THE STREET LAWYER,John Grisham,1998,1998-02-22,,57003872.0,1,27
top1998:3707,top1998,post45_topn,3707,RAINBOW SIX,Tom Clancy,1998,1998-08-23,0399143904,39069409.0,1,25
top1998:4378,top1998,post45_topn,4378,SUMMER SISTERS,Judy Blume,1998,1998-06-07,0385324057,38239320.0,2,22
top1998:276,top1998,post45_topn,276,A WIDOW FOR ONE YEAR,John Irving,1998,1998-05-17,0375501371,37955786.0,1,20
top1998:582,top1998,post45_topn,582,BAG OF BONES,Stephen King,1998,1998-10-11,0684853507,39069511.0,1,20
top1998:705,top1998,post45_topn,705,BLACK AND BLUE,Anna Quindlen,1998,1998-02-15,,37044050.0,2,20
top1998:181,top1998,post45_topn,181,A NIGHT WITHOUT ARMOR,Jewel Kilcher,1998,1998-06-14,,,7,20
top1998:156,top1998,post45_topn,156,A MAN IN FULL,Tom Wolfe,1998,1998-11-22,0374270325,39339625.0,1,19
top1998:2322,top1998,post45_topn,2322,I KNOW THIS MUCH IS TRUE,Wally Lamb,1998,1998-07-05,0060391626,39465167.0,1,19
top1998:3453,top1998,post45_topn,3453,PARADISE,Toni Morrison,1998,1998-01-25,0679433740,38117575.0,1,18
top1998:839,top1998,post45_topn,839,BRIDGET JONES'S DIARY,Helen Fielding,1998,1998-06-21,,38884462.0,3,17
top1998:7229,top1998,post45_topn,7229,WHEN THE WIND BLOWS,James Patterson,1998,1998-11-15,,38519044.0,2,14
top1998:6598,top1998,post45_topn,6598,THE VAMPIRE ARMAND,Anne Rice,1998,1998-11-01,,38521516.0,2,13
top1998:7391,top1998,post45_topn,7391,YOU BELONG TO ME,Mary Higgins Clark,1998,1998-05-03,,38433528.0,1,12
top1998:6312,top1998,post45_topn,6312,THE SIMPLE TRUTH,David Baldacci,1998,1998-12-06,0446523321,39045152.0,2,12
top1998:5679,top1998,post45_topn,5679,THE LOCKET,Richard Paul Evans,1998,1998-11-01,0684834731,39733533.0,11,12
top1998:3549,top1998,post45_topn,3549,POINT OF ORIGIN,Patricia Cornwell,1998,1998-07-26,0399143947,38295209.0,1,11
top1998:5552,top1998,post45_topn,5552,THE KLONE AND I,Danielle Steel,1998,1998-07-05,0385323921,57004112.0,1,11
top1998:390,top1998,post45_topn,390,ALL THROUGH THE NIGHT,Mary Higgins Clark,1998,1998-11-01,0684856603,39692215.0,4,11
top1998:7207,top1998,post45_topn,7207,"WELCOME TO THE WORLD, BABY GIRL!",Fannie Flagg,1998,1998-10-11,,39898397.0,4,11
top1998:3447,top1998,post45_topn,3447,PANDORA,Anne Rice,1998,1998-03-29,0375401598,37966504.0,2,10
top1998:5150,top1998,post45_topn,5150,THE FIRST EAGLE,Tony Hillerman,1998,1998-08-16,0060175818,38884222.0,2,10
top1998:5692,top1998,post45_topn,5692,THE LONG ROAD HOME,Danielle Steel,1998,1998-04-19,0385319568,57002577.0,1,9
top1998:1779,top1998,post45_topn,1779,FEAR NOTHING,Dean Koontz,1998,1998-02-01,0553106643,37770737.0,3,9
top1998:2836,top1998,post45_topn,2836,LOW COUNTRY,Anne Rivers Siddons,1998,1998-07-19,0060176164,39011141.0,6,9
top1998:6901,top1998,post45_topn,6901,TODAY I FEEL SILLY & OTHER MOODS THAT MAKE MY DAY,Jamie Lee Curtis,1998,1998-11-08,,,10,9
top1998:3014,top1998,post45_topn,3014,MIRROR IMAGE,Danielle Steel,1998,1998-11-22,0385315090,49013382.0,2,8
top1999:2116,top1999,post45_topn,2116,HARRY POTTER AND THE CHAMBER OF SECRETS,J. K. Rowling,1999,1999-06-20,0439064864,40043650.0,1,57
top1999:2117,top1999,post45_topn,2117,HARRY POTTER AND THE PRISONER OF AZKABAN,J. K. Rowling,1999,1999-09-26,9780439136358,41266045.0,1,43
top1999:6488,top1999,post45_topn,6488,THE TESTAMENT,John Grisham,1999,1999-02-21,,40173200.0,1,30
top1999:4450,top1999,post45_topn,4450,TARA ROAD,Maeve Binchy,1999,1999-03-21,0385333951,39545507.0,3,23
top1999:271,top1999,post45_topn,271,A WALK TO REMEMBER,Nicholas Sparks,1999,1999-10-24,0446525537,40632254.0,4,22
top1999:2095,top1999,post45_topn,2095,HANNIBAL,Thomas Harris,1999,1999-06-27,038529929X,41315462.0,1,18
top1999:5256,top1999,post45_topn,5256,THE GIRL WHO LOVED TOM GORDON,Stephen King,1999,1999-04-25,0684867621,40948415.0,1,18
top1999:7269,top1999,post45_topn,7269,WHITE OLEANDER,Janet Fitch,1999,1999-05-23,,40460011.0,2,18
top1999:6870,top1999,post45_topn,6870,TIMELINE,Michael Crichton,1999,1999-12-05,,39348527.0,4,17
top1999:2144,top1999,post45_topn,2144,HEARTS IN ATLANTIS,Stephen King,1999,1999-10-03,0684853515,41266031.0,4,16
top1999:3505,top1999,post45_topn,3505,PERSONAL INJURIES,Scott Turow,1999,1999-10-17,0374281947,41315518.0,4,15
top1999:530,top1999,post45_topn,530,ASSASSINS,Tim LaHaye and Jerry B. Jenkins,1999,1999-08-22,,,2,14
top1999:5263,top1999,post45_topn,5263,THE GIRLS' GUIDE TO HUNTING AND FISHING,Melissa Bank,1999,1999-06-20,067088300X,40159073.0,7,14
top1999:7199,top1999,post45_topn,7199,WE'LL MEET AGAIN,Mary Higgins Clark,1999,1999-05-09,,40748754.0,1,13
top1999:498,top1999,post45_topn,498,APOLLYON,Tim LaHaye and Jerry B. Jenkins,1999,1999-02-28,,,2,13
top1999:3076,top1999,post45_topn,3076,MOTHER OF PEARL,Melinda Haynes,1999,1999-07-04,0786864850,40230478.0,3,13
top1999:1308,top1999,post45_topn,1308,DAUGHTER OF FORTUNE,Isabel Allende,1999,1999-11-07,006019491X,41076386.0,4,13
top1999:3563,top1999,post45_topn,3563,POP GOES THE WEASEL,James Patterson,1999,1999-11-07,0316693286,40907700.0,3,12
top1999:4295,top1999,post45_topn,4295,STAR WARS: Episode I -- The Phantom Menace,Terry Brooks,1999,1999-05-23,4543023919,48157501.0,1,11
top1999:177,top1999,post45_topn,177,A NEW SONG,Jan Karon,1999,1999-04-25,0670878103,40543233.0,2,11
top1999:2044,top1999,post45_topn,2044,GRANNY DAN,Danielle Steel,1999,1999-07-18,0385317093,40193491.0,2,11
top1999:541,top1999,post45_topn,541,ATLANTIS FOUND,Clive Cussler,1999,1999-12-26,0399145885,41967119.0,4,11
top1999:6,top1999,post45_topn,6,"""O"" IS FOR OUTLAW",Sue Grafton,1999,1999-10-31,0805059555,41049444.0,5,11
top1999:4228,top1999,post45_topn,4228,SOUTHERN CROSS,Patricia Cornwell,1999,1999-01-31,039914465X,39695751.0,1,10
top1999:715,top1999,post45_topn,715,BLACK NOTICE,Patricia Cornwell,1999,1999-08-22,,41211522.0,1,10
top1999:3932,top1999,post45_topn,3932,SAVING FAITH,David Baldacci,1999,1999-11-28,0446525774,42401963.0,5,10
top1999:3996,top1999,post45_topn,3996,SEIZE THE NIGHT,Dean Koontz,1999,1999-01-17,0553106651,39922026.0,2,9
top1999:1595,top1999,post45_topn,1595,EAST OF THE MOUNTAINS,David Guterson,1999,1999-05-09,0151002290,39706973.0,4,9
top1999:2456,top1999,post45_topn,2456,IRRESISTIBLE FORCES,Danielle Steel,1999,1999-11-21,0385319606,57004301.0,4,9
top1999:2302,top1999,post45_topn,2302,HUNTING BADGER,Tony Hillerman,1999,1999-11-28,0060192895,42475625.0,9,9
top2000:4719,top2000,post45_topn,4719,THE BRETHREN,John Grisham,2000,2000-02-20,0385497482,54083777.0,1,31
top2000:3638,top2000,post45_topn,3638,PRODIGAL SUMMER,Barbara Kingsolver,2000,2000-11-05,0060199652,44885231.0,3,22
top2000:4603,top2000,post45_topn,4603,THE BEAR AND THE DRAGON,Tom Clancy,2000,2000-09-10,039914563X,44502350.0,1,21
top2000:5766,top2000,post45_topn,5766,THE MARK,Tim LaHaye and Jerry B. Jenkins,2000,2000-12-03,,,1,21
top2000:5469,top2000,post45_topn,5469,THE INDWELLING,Tim LaHaye and Jerry B. Jenkins,2000,2000-06-11,,,1,19
top2000:4071,top2000,post45_topn,4071,SHOPGIRL,Steve Martin,2000,2000-10-29,0786866586,43864358.0,4,15
top2000:1557,top2000,post45_topn,1557,DROWNING RUTH,Christina Schwarz,2000,2000-10-15,038549971X,43810705.0,1,14
top2000:5605,top2000,post45_topn,5605,THE LAST PRECINCT,Patricia Cornwell,2000,2000-11-05,0399146253,44683434.0,1,14
top2000:6124,top2000,post45_topn,6124,THE RESCUE,Nicholas Sparks,2000,2000-10-08,0446525502,43985509.0,1,14
top2000:5666,top2000,post45_topn,5666,THE LION'S GAME,Nelson DeMille,2000,2000-01-23,0446520659,42719934.0,3,14
top2000:3866,top2000,post45_topn,3866,ROSES ARE RED,James Patterson,2000,2000-12-10,0316693251,43641257.0,2,13
top2000:1965,top2000,post45_topn,1965,GAP CREEK,Robert Morgan,2000,2000-02-06,1565122429,41488832.0,4,13
top2000:635,top2000,post45_topn,635,BEFORE I SAY GOOD-BYE,Mary Higgins Clark,2000,2000-05-07,9780684835983,43849310.0,1,12
top2000:5435,top2000,post45_topn,5435,THE HOUSE ON HOPE STREET,Danielle Steel,2000,2000-07-16,0385333064,43540488.0,1,11
top2000:7326,top2000,post45_topn,7326,WINTER SOLSTICE,Rosamunde Pilcher,2000,2000-08-20,,44039870.0,1,11
top2000:4665,top2000,post45_topn,4665,THE BLUEST EYE,Toni Morrison,2000,2000-05-14,9780452282193,30110136.0,3,11
top2000:1600,top2000,post45_topn,1600,EASY PREY,John Sandford,2000,2000-05-28,039914613X,43445655.0,1,10
top2000:1173,top2000,post45_topn,1173,CRADLE AND ALL,James Patterson,2000,2000-06-11,0316690619,41620319.0,2,10
top2000:2969,top2000,post45_topn,2969,MERRICK,Anne Rice,2000,2000-11-05,0679454489,43115157.0,2,10
top2000:1392,top2000,post45_topn,1392,DECK THE HALLS,Mary Higgins Clark and Carol Higgins Clark,2000,2000-11-12,,,3,10
top2000:3401,top2000,post45_topn,3401,OPEN HOUSE,Elizabeth Berg,2000,2000-09-10,0375501002,42752706.0,3,10
top2000:4076,top2000,post45_topn,4076,SICK PUPPY,Carl Hiaasen,2000,2000-01-23,0679454454,41565087.0,6,10
top2000:662,top2000,post45_topn,662,BEOWULF,translated by Seamus Heaney,2000,2000-03-19,,,8,10
top2000:2268,top2000,post45_topn,2268,HOT SIX,Janet Evanovich,2000,2000-07-09,0312205406,43521047.0,1,9
top2000:2508,top2000,post45_topn,2508,JOURNEY,Danielle Steel,2000,2000-11-19,0385316879,43951851.0,2,9
top2000:1738,top2000,post45_topn,1738,FALSE MEMORY,Dean Koontz,2000,2000-01-16,055310666X,42726206.0,4,9
top2000:6067,top2000,post45_topn,6067,THE PROMETHEUS DECEPTION,Robert Ludlum,2000,2000-11-19,031225346X,44640451.0,4,9
top2000:6662,top2000,post45_topn,6662,THE WEDDING,Danielle Steel,2000,2000-04-23,,31659380.0,1,8
top2000:7330,top2000,post45_topn,7330,WINTER'S HEART,Robert Jordan,2000,2000-11-26,,45066106.0,1,8
top2000:1578,top2000,post45_topn,1578,DUST TO DUST,Tami Hoag,2000,2000-08-20,0553106341,43903772.0,2,8
top2001:4136,top2001,post45_topn,4136,SKIPPING CHRISTMAS,John Grisham,2001,2001-11-25,0385505833,54083800.0,1,35
top2001:4889,top2001,post45_topn,4889,THE CORRECTIONS,Jonathan Franzen,2001,2001-09-23,0374129983,46858728.0,1,29
top2001:182,top2001,post45_topn,182,A PAINTED HOUSE,John Grisham,2001,2001-02-25,038550120X,49559833.0,1,22
top2001:2511,top2001,post45_topn,2511,JOURNEY THROUGH HEARTSONGS,Mattie J. T. Stepanek,2001,2001-11-18,0786869429,56191915.0,1,22
top2001:51,top2001,post45_topn,51,A BEND IN THE ROAD,Nicholas Sparks,2001,2001-10-07,0446527785,46976461.0,2,20
top2001:916,top2001,post45_topn,916,CANE RIVER,Lalita Tademy,2001,2001-07-08,,44683424.0,2,17
top2001:4678,top2001,post45_topn,4678,THE BONESETTER'S DAUGHTER,Amy Tan,2001,2001-03-11,0399146431,44883576.0,2,16
top2001:1543,top2001,post45_topn,1543,DREAMCATCHER,Stephen King,2001,2001-04-08,0743211383,45558901.0,1,15
top2001:710,top2001,post45_topn,710,BLACK HOUSE,Stephen King and Peter Straub,2001,2001-09-30,,,1,15
top2001:28,top2001,post45_topn,28,1ST TO DIE,James Patterson,2001,2001-03-25,0316666009,44728132.0,1,13
top2001:7137,top2001,post45_topn,7137,VIOLETS ARE BLUE,James Patterson,2001,2001-12-09,,46976631.0,2,13
top2001:567,top2001,post45_topn,567,BACK WHEN WE WERE GROWNUPS,Anne Tyler,2001,2001-05-20,0375412530,47965249.0,3,13
top2001:5621,top2001,post45_topn,5621,THE LAST TIME THEY MET,Anita Shreve,2001,2001-04-15,0316781142,45387456.0,8,13
top2001:1425,top2001,post45_topn,1425,DESECRATION,Tim LaHaye and Jerry B. Jenkins,2001,2001-11-18,,,1,12
top2001:3367,top2001,post45_topn,3367,ON THE STREET WHERE YOU LIVE,Mary Higgins Clark,2001,2001-05-06,0743206029,45751658.0,1,12
top2001:4403,top2001,post45_topn,4403,SUZANNE'S DIARY FOR NICHOLAS,James Patterson,2001,2001-08-05,9780316969444,45243224.0,1,12
top2001:87,top2001,post45_topn,87,A DAY LATE AND A DOLLAR SHORT,Terry McMillan,2001,2001-02-04,,44979656.0,1,12
top2001:5148,top2001,post45_topn,5148,THE FIRST COUNSEL,Brad Meltzer,2001,2001-01-28,0446527289,43657051.0,3,12
top2001:4620,top2001,post45_topn,4620,THE BEST-LOVED POEMS OF JACQUELINE KENNEDY ONASSIS,selected by Caroline Kennedy,2001,2001-10-21,,,4,12
top2001:5812,top2001,post45_topn,5812,THE MITFORD SNOWMEN,Jan Karon,2001,2001-10-21,0670030198,48014751.0,8,12
top2001:1940,top2001,post45_topn,1940,FROM THE CORNER OF HIS EYE,Dean Koontz,2001,2001-01-14,0553801341,45100121.0,1,11
top2001:2654,top2001,post45_topn,2654,LEAP OF FAITH,Danielle Steel,2001,2001-07-01,0385332963,44914200.0,1,10
top2001:5199,top2001,post45_topn,5199,THE FOURTH HAND,John Irving,2001,2001-07-22,0375506276,45791398.0,1,10
top2001:5550,top2001,post45_topn,5550,THE KISS,Danielle Steel,2001,2001-11-11,0385335407,45620896.0,1,10
top2001:73,top2001,post45_topn,73,A COMMON LIFE,Jan Karon,2001,2001-04-29,,44045558.0,1,10
top2001:2636,top2001,post45_topn,2636,LAST MAN STANDING,David Baldacci,2001,2001-11-25,0446525804,47665429.0,3,10
top2001:6295,top2001,post45_topn,6295,THE SIGMA PROTOCOL,Robert Ludlum,2001,2001-11-18,0312276885,47746174.0,3,10
top2001:1369,top2001,post45_topn,1369,DEATH IN HOLY ORDERS,P. D. James,2001,2001-04-29,0375412557,45876066.0,7,10
top2001:3943,top2001,post45_topn,3943,SCARLET FEATHER,Maeve Binchy,2001,2001-03-25,0525945938,44676050.0,3,9
top2001:3158,top2001,post45_topn,3158,MYSTIC RIVER,Dennis Lehane,2001,2001-02-18,0688163165,45795641.0,6,9
top2002:5722,top2002,post45_topn,5722,THE LOVELY BONES,Alice Sebold,2002,2002-07-14,0316666343,48495099.0,1,65
top2002:5854,top2002,post45_topn,5854,THE NANNY DIARIES,Emma McLaughlin and Nicola Kraus,2002,2002-03-24,,,1,30
top2002:6436,top2002,post45_topn,6436,THE SUMMONS,John Grisham,2002,2002-02-24,,48258563.0,1,23
top2002:3738,top2002,post45_topn,3738,RED RABBIT,Tom Clancy,2002,2002-08-25,0399148701,49925127.0,1,17
top2002:3606,top2002,post45_topn,3606,PREY,Michael Crichton,2002,2002-12-15,0066214122,50511161.0,1,15
top2002:4599,top2002,post45_topn,4599,THE BEACH HOUSE,James Patterson and Peter de Jonge,2002,2002-06-30,1586212877,49916804.0,1,14
top2002:543,top2002,post45_topn,543,ATONEMENT,Ian McEwan,2002,2002-03-31,0385503954,47665315.0,4,14
top2002:1911,top2002,post45_topn,1911,FOUR BLIND MICE,James Patterson,2002,2002-12-08,0316693006,49719186.0,1,13
top2002:2697,top2002,post45_topn,2697,LIFE OF PI,Yann Martel,2002,2002-12-29,0151008116,47893052.0,10,12
top2002:1681,top2002,post45_topn,1681,EVERYTHING'S EVENTUAL,Stephen King,2002,2002-04-07,0743235150,48876610.0,1,11
top2002:1936,top2002,post45_topn,1936,FROM A BUICK 8,Stephen King,2002,2002-10-13,0743211375,48397452.0,1,11
top2002:3237,top2002,post45_topn,3237,NIGHTS IN RODANTHE,Nicholas Sparks,2002,2002-10-06,0446531332,49576256.0,1,11
top2002:4982,top2002,post45_topn,4982,THE DIARY OF ELLEN RIMBAUER,edited by Joyce Reardon,2002,2002-01-27,,,1,11
top2002:6122,top2002,post45_topn,6122,THE REMNANT,Tim LaHaye and Jerry B. Jenkins,2002,2002-07-21,,,1,11
top2002:6281,top2002,post45_topn,6281,THE SHELTERS OF STONE,Jean M. Auel,2002,2002-05-19,0609610597,48892350.0,1,11
top2002:5048,top2002,post45_topn,5048,THE EMPEROR OF OCEAN PARK,Stephen L. Carter,2002,2002-06-23,9780375413636,47221835.0,3,11
top2002:2318,top2002,post45_topn,2318,I DON'T KNOW HOW SHE DOES IT,Allison Pearson,2002,2002-10-27,0375414053,49584212.0,8,11
top2002:480,top2002,post45_topn,480,ANSWERED PRAYERS,Danielle Steel,2002,2002-11-17,0385335431,50853588.0,1,10
top2002:5797,top2002,post45_topn,5797,THE MILLIONAIRES,Brad Meltzer,2002,2002-01-27,0446527297,48689505.0,3,10
top2002:597,top2002,post45_topn,597,BASKET CASE,Carl Hiaasen,2002,2002-01-20,0375411070,47255262.0,3,10
top2002:3789,top2002,post45_topn,3789,REVERSIBLE ERRORS,Scott Turow,2002,2002-11-17,0374281602,49737067.0,6,10
top2002:4992,top2002,post45_topn,4992,THE DIVE FROM CLAUSEN'S PIER,Ann Packer,2002,2002-06-30,0375412824,47643697.0,8,10
top2002:1235,top2002,post45_topn,1235,DADDY'S LITTLE GIRL,Mary Higgins Clark,2002,2002-05-05,0743206045,48878636.0,1,9
top2002:7083,top2002,post45_topn,7083,UP COUNTRY,Nelson DeMille,2002,2002-02-17,,46976453.0,2,9
top2002:4837,top2002,post45_topn,4837,THE CHRISTMAS TRAIN,David Baldacci,2002,2002-11-24,9780446525732,50625914.0,3,9
top2002:735,top2002,post45_topn,735,BLESSINGS,Anna Quindlen,2002,2002-10-06,,49320534.0,3,9
top2002:256,top2002,post45_topn,256,A THOUSAND COUNTRY ROADS,Robert James Waller,2002,2002-05-12,0971766711,49612337.0,5,9
top2002:1651,top2002,post45_topn,1651,ESTHER'S GIFT,Jan Karon,2002,2002-11-17,0670031216,48579011.0,6,9
top2002:2409,top2002,post45_topn,2409,IN THIS MOUNTAIN,Jan Karon,2002,2002-06-16,0670031046,49288110.0,1,8
top2002:3375,top2002,post45_topn,3375,ONE DOOR AWAY FROM HEAVEN,Dean Koontz,2002,2002-01-13,0553801376,48122843.0,1,8
top2003:4918,top2003,post45_topn,4918,THE DA VINCI CODE,Dan Brown,2003,2003-04-06,9780385504201,50920659.0,1,165
top2003:5159,top2003,post45_topn,5159,THE FIVE PEOPLE YOU MEET IN HEAVEN,Mitch Albom,2003,2003-10-12,0786868716,51969214.0,1,100
top2003:4969,top2003,post45_topn,4969,THE DEVIL WEARS PRADA,Lauren Weisberger,2003,2003-05-04,038550926X,51445918.0,4,24
top2003:5543,top2003,post45_topn,5543,THE KING OF TORTS,John Grisham,2003,2003-02-23,0385508042,51033987.0,1,23
top2003:730,top2003,post45_topn,730,BLEACHERS,John Grisham,2003,2003-09-28,,52644759.0,1,18
top2003:5341,top2003,post45_topn,5341,THE GUARDIAN,Nicholas Sparks,2003,2003-04-27,0446527793,51088144.0,2,14
top2003:6472,top2003,post45_topn,6472,THE TEETH OF THE TIGER,Tom Clancy,2003,2003-08-31,,52424139.0,1,13
top2003:767,top2003,post45_topn,767,BLOW FLY,Patricia Cornwell,2003,2003-11-02,,52891481.0,1,13
top2003:6664,top2003,post45_topn,6664,THE WEDDING,Nicholas Sparks,2003,2003-09-28,,52218692.0,2,13
top2003:1206,top2003,post45_topn,1206,CROSSROADS OF TWILIGHT,Robert Jordan,2003,2003-01-26,0312864590,51304280.0,1,12
top2003:509,top2003,post45_topn,509,ARMAGEDDON,Tim LaHaye and Jerry B. Jenkins,2003,2003-04-27,,,1,12
top2003:5567,top2003,post45_topn,5567,THE LAKE HOUSE,James Patterson,2003,2003-06-29,0316603287,50913549.0,1,10
top2003:4623,top2003,post45_topn,4623,THE BIG BAD WOLF,James Patterson,2003,2003-12-07,0316602906,52478614.0,2,10
top2003:4054,top2003,post45_topn,4054,SHEPHERDS ABIDING,Jan Karon,2003,2003-11-09,0670031208,54778276.0,4,10
top2003:4932,top2003,post45_topn,4932,THE DARK TOWER: Volumes 1-5,Stephen King,2003,2003-11-23,,,2,9
top2003:2497,top2003,post45_topn,2497,JOHNNY ANGEL,Danielle Steel,2003,2003-07-20,0385335490,47099068.0,1,8
top2003:6898,top2003,post45_topn,6898,TO THE NINES,Janet Evanovich,2003,2003-08-03,,51766254.0,1,8
top2003:6224,top2003,post45_topn,6224,THE SECOND TIME AROUND,Mary Higgins Clark,2003,2003-05-04,0743206061,51743454.0,2,8
top2003:4217,top2003,post45_topn,4217,SONS OF FORTUNE,Jeffrey Archer,2003,2003-01-26,0312313195,51298612.0,3,8
top2003:5853,top2003,post45_topn,5853,THE NAMESAKE,Jhumpa Lahiri,2003,2003-09-21,0395927218,51728729.0,4,8
top2003:3900,top2003,post45_topn,3900,SAFE HARBOUR,Danielle Steel,2003,2003-11-23,0385336306,49875190.0,5,8
top2003:6950,top2003,post45_topn,6950,TRADING UP,Candace Bushnell,2003,2003-07-20,,51755835.0,5,8
top2003:4916,top2003,post45_topn,4916,THE CURIOUS INCIDENT OF THE DOG IN THE NIGHT-TIME,Mark Haddon,2003,2003-08-17,0385509456,50604879.0,7,8
top2003:5838,top2003,post45_topn,5838,THE MURDER ROOM,P. D. James,2003,2003-12-07,1400041414,53070196.0,9,8
top2003:3558,top2003,post45_topn,3558,POMPEII,Robert Harris,2003,2003-12-07,0679428895,52773463.0,10,8
top2003:3165,top2003,post45_topn,3165,NAKED PREY,John Sandford,2003,2003-06-01,0399150439,51519580.0,1,7
top2003:5506,top2003,post45_topn,5506,THE JESTER,James Patterson and Andrew Gross,2003,2003-03-23,0316602051,50091810.0,1,7
top2003:4257,top2003,post45_topn,4257,SPLIT SECOND,David Baldacci,2003,2003-10-19,0446530891,53140381.0,2,7
top2003:895,top2003,post45_topn,895,BY THE LIGHT OF THE MOON,Dean Koontz,2003,2003-01-12,,50417358.0,2,7
top2003:3162,top2003,post45_topn,3162,NAKED EMPIRE,Terry Goodkind,2003,2003-08-10,0765305224,52381073.0,3,7
top2004:462,top2004,post45_topn,462,ANGELS & DEMONS,Dan Brown,2004,2004-01-18,,,4,40
top2004:6172,top2004,post45_topn,6172,THE RULE OF FOUR,Ian Caldwell and Dustin Thomason,2004,2004-05-30,0743529731,55077472.0,2,22
top2004:6024,top2004,post45_topn,6024,THE PLOT AGAINST AMERICA,Philip Roth,2004,2004-10-10,0618509283,54929449.0,2,16
top2004:5593,top2004,post45_topn,5593,THE LAST JUROR,John Grisham,2004,2004-02-22,0385510438,53989269.0,1,14
top2004:2311,top2004,post45_topn,2311,I AM CHARLOTTE SIMMONS,Tom Wolfe,2004,2004-11-28,0374281580,54931646.0,3,14
top2004:664,top2004,post45_topn,664,BERGDORF BLONDES,Plum Sykes,2004,2004-04-25,,54997444.0,7,14
top2004:4310,top2004,post45_topn,4310,STATE OF FEAR,Michael Crichton,2004,2004-12-26,0066214130,59011544.0,2,13
top2004:5499,top2004,post45_topn,5499,THE JANE AUSTEN BOOK CLUB,Karen Joy Fowler,2004,2004-05-23,0399151613,52574555.0,7,13
top2004:1998,top2004,post45_topn,1998,GLORIOUS APPEARING,Tim LaHaye and Jerry B. Jenkins,2004,2004-04-18,,,1,12
top2004:3908,top2004,post45_topn,3908,SAM'S LETTERS TO JENNIFER,James Patterson,2004,2004-07-18,0316710571,56794435.0,1,12
top2004:4540,top2004,post45_topn,4540,THE AMATEUR MARRIAGE,Anne Tyler,2004,2004-01-25,1400042070,52729037.0,4,12
top2004:2747,top2004,post45_topn,2747,LONDON BRIDGES,James Patterson,2004,2004-11-28,9780316710596,56012146.0,1,11
top2004:4133,top2004,post45_topn,4133,SKINNY DIP,Carl Hiaasen,2004,2004-08-01,0375411089,54349637.0,2,11
top2004:211,top2004,post45_topn,211,A SALTY PIECE OF LAND,Jimmy Buffett,2004,2004-12-19,0316908452,56600851.0,3,11
top2004:2502,top2004,post45_topn,2502,JONATHAN STRANGE & MR. NORRELL,Susanna Clarke,2004,2004-09-19,,,3,11
top2004:3210,top2004,post45_topn,3210,NIGHT FALL,Nelson DeMille,2004,2004-12-12,0446576638,55124504.0,1,10
top2004:4210,top2004,post45_topn,4210,SONG OF SUSANNAH,Stephen King,2004,2004-06-27,1880418592,55492007.0,1,10
top2004:6946,top2004,post45_topn,6946,TRACE,Patricia Cornwell,2004,2004-09-26,,55044519.0,1,10
top2004:1602,top2004,post45_topn,1602,ECHOES,Danielle Steel,2004,2004-11-14,0385336349,53001441.0,2,9
top2004:4638,top2004,post45_topn,4638,THE BIRTH OF VENUS,Sarah Dunant,2004,2004-03-07,1400060737,52268659.0,9,9
top2004:36,top2004,post45_topn,36,3RD DEGREE,James Patterson and Andrew Gross,2004,2004-03-21,,,1,8
top2004:4469,top2004,post45_topn,4469,TEN BIG ONES,Janet Evanovich,2004,2004-07-11,9780312289720,54432613.0,1,8
top2004:4931,top2004,post45_topn,4931,THE DARK TOWER,Stephen King,2004,2004-10-10,0452261341,17765649.0,1,8
top2004:3239,top2004,post45_topn,3239,NIGHTTIME IS MY TIME,Mary Higgins Clark,2004,2004-04-25,9780743206075,54433044.0,3,8
top2004:722,top2004,post45_topn,722,BLACK WIND,Clive Cussler and Dirk Cussler,2004,2004-12-19,,,4,8
top2004:2954,top2004,post45_topn,2954,MEMORIAL DAY,Vince Flynn,2004,2004-05-23,0743453972,54974459.0,7,8
top2004:207,top2004,post45_topn,207,A REDBIRD CHRISTMAS,Fannie Flagg,2004,2004-11-21,1400063043,55729763.0,8,8
top2004:7422,top2004,post45_topn,7422,“R” IS FOR RICOCHET,Sue Grafton,2004,2004-08-01,,54693097.0,1,7
top2004:3198,top2004,post45_topn,3198,NEW SPRING: The Novel,Robert Jordan,2004,2004-01-25,9780765345455,60562169.0,3,7
top2004:6768,top2004,post45_topn,6768,THE ZERO GAME,Brad Meltzer,2004,2004-02-08,,52575732.0,3,7
top2005:5789,top2005,post45_topn,5789,THE MERMAID CHAIR,Sue Monk Kidd,2005,2005-04-24,0670033944,57068819.0,1,24
top2005:5395,top2005,post45_topn,5395,THE HISTORIAN,Elizabeth Kostova,2005,2005-07-03,9780316011778,56599732.0,1,19
top2005:535,top2005,post45_topn,535,AT FIRST SIGHT,Nicholas Sparks,2005,2005-11-06,0446578770,61131778.0,1,18
top2005:6982,top2005,post45_topn,6982,TRUE BELIEVER,Nicholas Sparks,2005,2005-05-01,,57434266.0,1,17
top2005:2917,top2005,post45_topn,2917,"MARY, MARY",James Patterson,2005,2005-12-04,031615976X,58055394.0,1,15
top2005:4729,top2005,post45_topn,4729,THE BROKER,John Grisham,2005,2005-01-30,0385510454,57236073.0,1,14
top2005:4206,top2005,post45_topn,4206,SON OF A WITCH,Gregory Maguire,2005,2005-10-16,0060548932,60359529.0,2,14
top2005:3593,top2005,post45_topn,3593,PREDATOR,Patricia Cornwell,2005,2005-11-13,0399152830,61200772.0,1,12
top2005:4751,top2005,post45_topn,4751,THE CAMEL CLUB,David Baldacci,2005,2005-11-13,0446577383,60557367.0,3,12
top2005:1045,top2005,post45_topn,1045,CHRIST THE LORD: OUT OF EGYPT,Anne Rice,2005,2005-11-20,0375412018,58843312.0,4,12
top2005:39,top2005,post45_topn,39,4TH OF JULY,James Patterson and Maxine Paetro,2005,2005-05-22,,,1,11
top2005:7423,top2005,post45_topn,7423,“S” IS FOR SILENCE,Sue Grafton,2005,2005-12-25,,60550855.0,1,11
top2005:2702,top2005,post45_topn,2702,LIFEGUARD,James Patterson and Andrew Gross,2005,2005-07-31,,,1,10
top2005:3787,top2005,post45_topn,3787,REVENGE OF THE SITH,Matthew Stover,2005,2005-04-17,0345428838,57186397.0,2,10
top2005:2241,top2005,post45_topn,2241,HONEYMOON,James Patterson and Howard Roughan,2005,2005-03-06,0739449672,57474753.0,1,9
top2005:2603,top2005,post45_topn,2603,KNIFE OF DREAMS,Robert Jordan,2005,2005-10-30,0312873077,60742113.0,1,8
top2005:2703,top2005,post45_topn,2703,LIGHT FROM HEAVEN,Jan Karon,2005,2005-11-27,0670034533,61282074.0,2,8
top2005:3596,top2005,post45_topn,3596,PREP,Curtis Sittenfeld,2005,2005-02-27,1400062314,55099405.0,7,8
top2005:1621,top2005,post45_topn,1621,ELEVEN ON TOP,Janet Evanovich,2005,2005-07-10,0312306261,60188389.0,1,7
top2005:4856,top2005,post45_topn,4856,THE CLOSERS,Michael Connelly,2005,2005-06-05,0316734942,57414458.0,1,7
top2005:6143,top2005,post45_topn,6143,THE RISING,Tim LaHaye and Jerry B. Jenkins,2005,2005-03-20,0842361936,779058056.0,1,7
top2005:3008,top2005,post45_topn,3008,MIRACLE,Danielle Steel,2005,2005-07-17,0385336330,50920663.0,3,7
top2005:3925,top2005,post45_topn,3925,SATURDAY,Ian McEwan,2005,2005-04-10,0385511809,57008266.0,3,7
top2005:990,top2005,post45_topn,990,CHAINFIRE,Terry Goodkind,2005,2005-01-23,,57313436.0,3,7
top2005:1898,top2005,post45_topn,1898,FOREVER ODD,Dean Koontz,2005,2005-12-18,0553804162,61282157.0,4,7
top2005:5765,top2005,post45_topn,5765,THE MARCH,E. L. Doctorow,2005,2005-10-09,0375506713,60596218.0,4,7
top2005:6942,top2005,post45_topn,6942,TOXIC BACHELORS,Danielle Steel,2005,2005-11-13,,56590761.0,4,7
top2005:149,top2005,post45_topn,149,A LONG WAY DOWN,Nick Hornby,2005,2005-06-26,1573223018,56567128.0,5,7
top2005:5659,top2005,post45_topn,5659,THE LIGHTHOUSE,P. D. James,2005,2005-12-11,030726291X,60697223.0,5,7
top2005:6583,top2005,post45_topn,6583,THE UNDOMESTIC GODDESS,Sophie Kinsella,2005,2005-08-07,,60426969.0,5,7
top2006:1882,top2006,post45_topn,1882,FOR ONE MORE DAY,Mitch Albom,2006,2006-10-15,1401303277,70043491.0,1,35
top2006:1196,top2006,post45_topn,1196,CROSS,James Patterson,2006,2006-12-03,0316159794,67375102.0,1,15
top2006:610,top2006,post45_topn,610,BEACH ROAD,James Patterson and Peter de Jonge,2006,2006-05-21,,,1,14
top2006:5615,top2006,post45_topn,5615,THE LAST TEMPLAR,Raymond Khoury,2006,2006-02-05,9780525949411,62866704.0,4,12
top2006:2096,top2006,post45_topn,2096,HANNIBAL RISING,Thomas Harris,2006,2006-12-24,9780385339414,82287375.0,5,12
top2006:7186,top2006,post45_topn,7186,WATER FOR ELEPHANTS,Sara Gruen,2006,2006-06-25,,61362217.0,7,12
top2006:1357,top2006,post45_topn,1357,DEAR JOHN,Nicholas Sparks,2006,2006-11-26,0446528056,70167742.0,1,11
top2006:4505,top2006,post45_topn,4505,THE 5TH HORSEMAN,James Patterson and Maxine Paetro,2006,2006-03-05,,,1,11
top2006:2519,top2006,post45_topn,2519,JUDGE & JURY,James Patterson and Andrew Gross,2006,2006-08-20,,,1,10
top2006:7008,top2006,post45_topn,7008,TWELVE SHARP,Janet Evanovich,2006,2006-07-09,,70078334.0,1,10
top2006:3202,top2006,post45_topn,3202,NEXT,Michael Crichton,2006,2006-12-17,0060872985,73503259.0,2,10
top2006:7290,top2006,post45_topn,7290,WILD FIRE,Nelson DeMille,2006,2006-11-26,,70291934.0,2,10
top2006:4670,top2006,post45_topn,4670,THE BOLEYN INHERITANCE,Philippa Gregory,2006,2006-12-24,0743272501,71810153.0,10,10
top2006:5450,top2006,post45_topn,5450,THE HUSBAND,Dean Koontz,2006,2006-06-18,0553804790,67392945.0,1,9
top2006:7028,top2006,post45_topn,7028,TWO LITTLE GIRLS IN BLUE,Mary Higgins Clark,2006,2006-04-23,,63297986.0,1,9
top2006:978,top2006,post45_topn,978,CELL,Stephen King,2006,2006-02-12,,62712711.0,1,9
top2006:6800,top2006,post45_topn,6800,THIRTEEN MOONS,Charles Frazier,2006,2006-10-22,,74270968.0,2,9
top2006:913,top2006,post45_topn,913,CAN'T WAIT TO GET TO HEAVEN,Fannie Flagg,2006,2006-07-23,,69680148.0,3,9
top2006:6474,top2006,post45_topn,6474,THE TEMPLAR LEGACY,Steve Berry,2006,2006-03-12,,61262471.0,4,9
top2006:464,top2006,post45_topn,464,ANGELS FALL,Nora Roberts,2006,2006-07-30,9780399153723,65167394.0,1,8
top2006:536,top2006,post45_topn,536,AT RISK,Patricia Cornwell,2006,2006-06-11,0399153624,62430939.0,1,8
top2006:6510,top2006,post45_topn,6510,THE THIRTEENTH TALE,Diane Setterfield,2006,2006-10-01,,67361489.0,1,8
top2006:2723,top2006,post45_topn,2723,LISEY'S STORY,Stephen King,2006,2006-11-12,9780743289412,70131202.0,1,7
top2006:3808,top2006,post45_topn,3808,RISE AND SHINE,Anna Quindlen,2006,2006-09-17,0375502246,67393006.0,1,7
top2006:4682,top2006,post45_topn,4682,THE BOOK OF FATE,Brad Meltzer,2006,2006-09-24,0446530999,64592069.0,1,7
top2006:5416,top2006,post45_topn,5416,THE HOSTAGE,W. E. B. Griffin,2006,2006-01-22,0399153144,61151635.0,1,7
top2006:5424,top2006,post45_topn,5424,THE HOUSE,Danielle Steel,2006,2006-03-19,0385338287,60856211.0,1,7
top2006:1126,top2006,post45_topn,1126,COMING OUT,Danielle Steel,2006,2006-07-16,0385338325,58919953.0,2,7
top2006:6482,top2006,post45_topn,6482,THE TENTH CIRCLE,Jodi Picoult,2006,2006-03-26,,61123140.0,2,7
top2006:3173,top2006,post45_topn,3173,NATURE GIRL,Carl Hiaasen,2006,2006-12-03,9780307262998,70208101.0,4,7
top2007:257,top2007,post45_topn,257,A THOUSAND SPLENDID SUNS,Khaled Hosseini,2007,2007-06-10,9781594489501,85783363.0,1,49
top2007:7365,top2007,post45_topn,7365,WORLD WITHOUT END,Ken Follett,2007,2007-10-28,,148728782.0,1,26
top2007:3537,top2007,post45_topn,3537,PLAYING FOR PIZZA,John Grisham,2007,2007-10-14,9780385525008,154309113.0,1,17
top2007:4825,top2007,post45_topn,4825,THE CHOICE,Nicholas Sparks,2007,2007-10-14,9780446579926,154698685.0,2,17
top2007:3247,top2007,post45_topn,3247,NINETEEN MINUTES,Jodi Picoult,2007,2007-03-25,9780743496728,71286730.0,1,13
top2007:4821,top2007,post45_topn,4821,THE CHILDREN OF HÚRIN,J. R. R. Tolkien,2007,2007-05-06,9780618894642,78790549.0,1,13
top2007:1506,top2007,post45_topn,1506,DOUBLE CROSS,James Patterson,2007,2007-12-02,9780316015059,128237623.0,1,12
top2007:4327,top2007,post45_topn,4327,STONE COLD,David Baldacci,2007,2007-11-25,9780446577397,153772808.0,1,12
top2007:6087,top2007,post45_topn,6087,THE QUICKIE,James Patterson and Michael Ledwidge,2007,2007-07-22,,,1,12
top2007:4316,top2007,post45_topn,4316,STEP ON A CRACK,James Patterson and Michael Ledwidge,2007,2007-02-25,9780316013949,731391457.0,1,11
top2007:4507,top2007,post45_topn,4507,THE 6TH TARGET,James Patterson and Maxine Paetro,2007,2007-05-27,,,1,11
top2007:4699,top2007,post45_topn,4699,THE BOURNE BETRAYAL,Eric Van Lustbader,2007,2007-06-24,9780446580373,81861474.0,8,11
top2007:805,top2007,post45_topn,805,BOOK OF THE DEAD,Patricia Cornwell,2007,2007-11-11,,155126690.0,1,10
top2007:3544,top2007,post45_topn,3544,PLUM LOVIN’,Janet Evanovich,2007,2007-02-04,9780312306342,76864675.0,1,9
top2007:3652,top2007,post45_topn,3652,PROTECT AND DEFEND,Vince Flynn,2007,2007-11-18,9780743270410,153578563.0,1,9
top2007:7424,top2007,post45_topn,7424,“T” IS FOR TRESPASS,Sue Grafton,2007,2007-12-23,,154688709.0,1,9
top2007:4935,top2007,post45_topn,4935,THE DARKEST EVENING OF THE YEAR,Dean Koontz,2007,2007-12-16,9780553804829,153581244.0,2,9
top2007:2653,top2007,post45_topn,2653,LEAN MEAN THIRTEEN,Janet Evanovich,2007,2007-07-08,9780312349493,122896800.0,1,8
top2007:7407,top2007,post45_topn,7407,YOU’VE BEEN WARNED,James Patterson and Howard Roughan,2007,2007-09-30,,86090501.0,1,8
top2007:4119,top2007,post45_topn,4119,SISTERS,Danielle Steel,2007,2007-03-04,0385340222,70292157.0,2,8
top2007:7275,top2007,post45_topn,7275,WHITETHORN WOODS,Maeve Binchy,2007,2007-03-25,,74942419.0,2,8
top2007:2233,top2007,post45_topn,2233,HOME TO HOLLY SPRINGS,Jan Karon,2007,2007-11-18,9780670018253,156892038.0,3,8
top2007:4807,top2007,post45_topn,4807,THE CHASE,Clive Cussler,2007,2007-11-25,9780399154386,123767288.0,3,8
top2007:5005,top2007,post45_topn,5005,THE DOUBLE BIND,Chris Bohjalian,2007,2007-03-04,9781400047468,68624142.0,3,8
top2007:3791,top2007,post45_topn,3791,RHETT BUTLER’S PEOPLE,Donald McCaig,2007,2007-11-25,,,5,8
top2007:2319,top2007,post45_topn,2319,I HEARD THAT SONG BEFORE,Mary Higgins Clark,2007,2007-04-22,9780743264914,74666873.0,1,7
top2007:4102,top2007,post45_topn,4102,SIMPLE GENIUS,David Baldacci,2007,2007-05-13,9780446580342,78893211.0,1,7
top2007:4531,top2007,post45_topn,4531,THE ALEXANDRIA LINK,Steve Berry,2007,2007-02-18,0345485750,73515551.0,3,7
top2007:2138,top2007,post45_topn,2138,HEART-SHAPED BOX,Joe Hill,2007,2007-03-04,0061147931,69734622.0,6,7
top2007:4068,top2007,post45_topn,4068,SHOPAHOLIC & BABY,Sophie Kinsella,2007,2007-03-18,,,1,6
top2008:5415,top2008,post45_topn,5415,THE HOST,Stephenie Meyer,2008,2008-05-25,9780316068048,163708271.0,1,59
top2008:6406,top2008,post45_topn,6406,THE STORY OF EDGAR SAWTELLE,David Wroblewski,2008,2008-06-29,,179805747.0,1,39
top2008:5343,top2008,post45_topn,5343,THE GUERNSEY LITERARY AND POTATO PEEL PIE SOCIETY,Mary Ann Shaffer and Annie Barrows,2008,2008-08-17,9780385340991,191089812.0,3,33
top2008:4560,top2008,post45_topn,4560,THE APPEAL,John Grisham,2008,2008-02-17,9780385515047,180190918.0,1,15
top2008:5727,top2008,post45_topn,5727,THE LUCKY ONE,Nicholas Sparks,2008,2008-10-19,9780446579933,233573959.0,1,15
top2008:2818,top2008,post45_topn,2818,LOVE THE ONE YOU’RE WITH,Emily Giffin,2008,2008-06-01,,,2,14
top2008:4835,top2008,post45_topn,4835,THE CHRISTMAS SWEATER,Glenn Beck with Kevin Balfe and Jason Wright,2008,2008-11-30,,,1,13
top2008:5420,top2008,post45_topn,5420,THE HOUR I FIRST BELIEVED,Wally Lamb,2008,2008-11-30,9780060393496,213854514.0,4,12
top2008:1198,top2008,post45_topn,1198,CROSS COUNTRY,James Patterson,2008,2008-12-07,9780316018722,225870340.0,1,11
top2008:3947,top2008,post45_topn,3947,SCARPETTA,Patricia Cornwell,2008,2008-12-21,0399152199,55044519.0,1,11
top2008:1017,top2008,post45_topn,1017,CHASING HARRY WINSTON,Lauren Weisberger,2008,2008-06-15,9780743290111,191933817.0,4,11
top2008:164,top2008,post45_topn,164,A MERCY,Toni Morrison,2008,2008-11-30,9780307264237,212855125.0,5,11
top2008:1476,top2008,post45_topn,1476,DIVINE JUSTICE,David Baldacci,2008,2008-11-23,9780446195508,227926998.0,1,10
top2008:44,top2008,post45_topn,44,7TH HEAVEN,James Patterson and Maxine Paetro,2008,2008-02-24,0316004324,243697494.0,2,10
top2008:1566,top2008,post45_topn,1566,DUMA KEY,Stephen King,2008,2008-02-10,9781416552512,154662628.0,1,9
top2008:3903,top2008,post45_topn,3903,SAIL,James Patterson and Howard Roughan,2008,2008-06-29,,,1,9
top2008:5228,top2008,post45_topn,5228,THE GATE HOUSE,Nelson DeMille,2008,2008-11-16,9780446533423,225870172.0,1,9
top2008:3497,top2008,post45_topn,3497,PEOPLE OF THE BOOK,Geraldine Brooks,2008,2008-01-20,9780670018215,123912702.0,2,9
top2008:3545,top2008,post45_topn,3545,PLUM LUCKY,Janet Evanovich,2008,2008-01-27,9780312377632,156832479.0,1,8
top2008:4381,top2008,post45_topn,4381,SUNDAYS AT TIFFANY’S,James Patterson and Gabrielle Charbonnet,2008,2008-05-18,,,1,8
top2008:997,top2008,post45_topn,997,CHANGE OF HEART,Jodi Picoult,2008,2008-03-23,,166373133.0,1,8
top2008:2531,top2008,post45_topn,2531,JUST AFTER SUNSET,Stephen King,2008,2008-11-30,9781416584087,214067470.0,2,8
top2008:3759,top2008,post45_topn,3759,REMEMBER ME?,Sophie Kinsella,2008,2008-03-16,9780385338721,166358597.0,2,8
top2008:1782,top2008,post45_topn,1782,FEARLESS FOURTEEN,Janet Evanovich,2008,2008-07-06,9780312349516,222722965.0,1,7
top2008:7042,top2008,post45_topn,7042,UNACCUSTOMED EARTH,Jhumpa Lahiri,2008,2008-04-20,,137325020.0,1,7
top2008:4706,top2008,post45_topn,4706,THE BOURNE SANCTION,Eric Van Lustbader,2008,2008-08-17,,,2,7
top2008:1703,top2008,post45_topn,1703,EXTREME MEASURES,Vince Flynn,2008,2008-11-09,9780743270427,227919397.0,1,6
top2008:3069,top2008,post45_topn,3069,MOSCOW RULES,Daniel Silva,2008,2008-08-10,9780399155017,183266931.0,1,6
top2008:4714,top2008,post45_topn,4714,THE BRASS VERDICT,Michael Connelly,2008,2008-11-02,9780316166294,225870367.0,1,6
top2008:5604,top2008,post45_topn,5604,THE LAST PATRIOT,Brad Thor,2008,2008-07-20,9781416543831,192048171.0,1,6
top2009:5381,top2009,post45_topn,5381,THE HELP,Kathryn Stockett,2009,2009-03-29,9780399155345,233548220.0,1,108
top2009:5709,top2009,post45_topn,5709,THE LOST SYMBOL,Dan Brown,2009,2009-10-04,9780385504225,399843314.0,1,29
top2009:1323,top2009,post45_topn,1323,DEAD AND GONE,Charlaine Harris,2009,2009-05-24,9780441017157,268794857.0,1,23
top2009:5611,top2009,post45_topn,5611,THE LAST SONG,Nicholas Sparks,2009,2009-09-27,9780446547567,405107195.0,1,22
top2009:5257,top2009,post45_topn,5257,THE GIRL WHO PLAYED WITH FIRE,Stieg Larsson,2009,2009-08-16,9780307269980,262433336.0,1,21
top2009:4576,top2009,post45_topn,4576,THE ASSOCIATE,John Grisham,2009,2009-02-15,9780385517836,232980206.0,1,14
top2009:2340,top2009,post45_topn,2340,"I, ALEX CROSS",James Patterson,2009,2009-12-06,0316159794,67375102.0,1,13
top2009:2091,top2009,post45_topn,2091,HANDLE WITH CARE,Jodi Picoult,2009,2009-03-22,9780743296410,232979134.0,1,10
top2009:3665,top2009,post45_topn,3665,PURSUIT OF HONOR,Vince Flynn,2009,2009-11-01,9781416595168,456977533.0,2,10
top2009:4045,top2009,post45_topn,4045,SHANGHAI GIRLS,Lisa See,2009,2009-06-14,9781400067114,276228926.0,4,10
top2009:1835,top2009,post45_topn,1835,FIRST FAMILY,David Baldacci,2009,2009-05-10,9780446539753,297206848.0,1,9
top2009:1890,top2009,post45_topn,1890,FORD COUNTY,John Grisham,2009,2009-11-22,9780385532457,317926293.0,1,9
top2009:4223,top2009,post45_topn,4223,SOUTH OF BROAD,Pat Conroy,2009,2009-08-30,9780385413053,264669827.0,1,9
top2009:7053,top2009,post45_topn,7053,UNDER THE DOME,Stephen King,2009,2009-11-29,,310397784.0,1,9
top2009:3884,top2009,post45_topn,3884,RUN FOR YOUR LIFE,James Patterson and Michael Ledwidge,2009,2009-02-22,9780316018746,972127851.0,2,9
top2009:6983,top2009,post45_topn,6983,TRUE BLUE,David Baldacci,2009,2009-11-15,,351329621.0,3,9
top2009:4420,top2009,post45_topn,4420,SWIMSUIT,James Patterson and Maxine Paetro,2009,2009-07-19,,,1,8
top2009:4508,top2009,post45_topn,4508,THE 8TH CONFESSION,James Patterson and Maxine Paetro,2009,2009-05-17,,,1,8
top2009:5231,top2009,post45_topn,5231,THE GATHERING STORM,Robert Jordan and Brandon Sanderson,2009,2009-11-15,,,1,8
top2009:5559,top2009,post45_topn,5559,THE LACUNA,Barbara Kingsolver,2009,2009-11-22,9780060852573,313656952.0,5,8
top2009:2088,top2009,post45_topn,2088,HALF BROKE HORSES,Jeannette Walls,2009,2009-10-25,9781416586289,310397067.0,7,8
top2009:1814,top2009,post45_topn,1814,FINGER LICKIN’ FIFTEEN,Janet Evanovich,2009,2009-07-12,9780312383282,317885755.0,1,7
top2009:2535,top2009,post45_topn,2535,JUST TAKE MY HEART,Mary Higgins Clark,2009,2009-04-26,9781416570868,232979193.0,1,7
top2009:3546,top2009,post45_topn,3546,PLUM SPOOKY,Janet Evanovich,2009,2009-01-25,9780312383329,272306404.0,1,7
top2009:668,top2009,post45_topn,668,BEST FRIENDS FOREVER,Jennifer Weiner,2009,2009-08-02,,318057886.0,1,7
top2009:7425,top2009,post45_topn,7425,“U” IS FOR UNDERTOW,Sue Grafton,2009,2009-12-20,,311777740.0,1,7
top2009:3528,top2009,post45_topn,3528,PIRATE LATITUDES,Michael Crichton,2009,2009-12-13,9780061929373,318430694.0,2,7
top2009:4493,top2009,post45_topn,4493,THAT OLD CAPE MAGIC,Richard Russo,2009,2009-08-23,9780375414961,310399764.0,2,7
top2009:357,top2009,post45_topn,357,ALEX CROSS’S TRIAL,James Patterson and Richard DiLallo,2009,2009-09-13,,,1,6
top2009:6201,top2009,post45_topn,6201,THE SCARECROW,Michael Connelly,2009,2009-06-14,9780316166300,298209030.0,1,6
top2010:5254,top2010,post45_topn,5254,THE GIRL WHO KICKED THE HORNET’S NEST,Stieg Larsson,2010,2010-06-13,,,1,79
top2010:1923,top2010,post45_topn,1923,FREEDOM,Jonathan Franzen,2010,2010-09-19,9780374158460,548616620.0,1,19
top2010:4878,top2010,post45_topn,4878,THE CONFESSION,John Grisham,2010,2010-11-14,9780385528047,645774879.0,1,18
top2010:3859,top2010,post45_topn,3859,ROOM,Emma Donoghue,2010,2010-10-03,9780316098335,542263633.0,8,18
top2010:3901,top2010,post45_topn,3901,SAFE HAVEN,Nicholas Sparks,2010,2010-10-03,9780446547598,548641979.0,1,15
top2010:1728,top2010,post45_topn,1728,FALL OF GIANTS,Ken Follett,2010,2010-10-17,9780525951650,462899076.0,1,14
top2010:4272,top2010,post45_topn,4272,SQUIRREL SEEKS CHIPMUNK,David Sedaris,2010,2010-10-17,9780316038393,548642157.0,5,13
top2010:1335,top2010,post45_topn,1335,DEAD OR ALIVE,Tom Clancy with Grant Blackwood,2010,2010-12-26,,,1,12
top2010:1199,top2010,post45_topn,1199,CROSS FIRE,James Patterson,2010,2010-12-05,9780316036177,490809825.0,1,10
top2010:1330,top2010,post45_topn,1330,DEAD IN THE FAMILY,Charlaine Harris,2010,2010-05-23,9780441018642,457151413.0,1,10
top2010:2158,top2010,post45_topn,2158,HELL'S CORNER,David Baldacci,2010,2010-11-28,9780446195522,606759822.0,1,10
top2010:2284,top2010,post45_topn,2284,HOUSE RULES,Jodi Picoult,2010,2010-03-21,9780743296434,423388522.0,1,9
top2010:3624,top2010,post45_topn,3624,PRIVATE,James Patterson and Maxine Paetro,2010,2010-07-18,,,1,8
top2010:412,top2010,post45_topn,412,AMERICAN ASSASSIN,Vince Flynn,2010,2010-10-31,9781416595205,747819325.0,1,8
top2010:4125,top2010,post45_topn,4125,SIZZLING SIXTEEN,Janet Evanovich,2010,2010-07-11,9780312383305,495781156.0,1,8
top2010:7370,top2010,post45_topn,7370,WORST CASE,James Patterson and Michael Ledwidge,2010,2010-02-21,,778978308.0,1,8
top2010:1950,top2010,post45_topn,1950,"FULL DARK, NO STARS",Stephen King,2010,2010-11-28,9781439192566,555639763.0,2,8
top2010:5665,top2010,post45_topn,5665,THE LION,Nelson DeMille,2010,2010-06-27,9780446580830,464589699.0,2,8
top2010:5978,top2010,post45_topn,5978,THE PASSAGE,Justin Cronin,2010,2010-06-27,9780345504968,290464813.0,3,8
top2010:2926,top2010,post45_topn,2926,MATTERHORN,Karl Marlantes,2010,2010-04-11,9780802119285,501071580.0,7,8
top2010:4510,top2010,post45_topn,4510,THE 9TH JUDGMENT,James Patterson and Maxine Paetro,2010,2010-05-16,,,1,7
top2010:5959,top2010,post45_topn,5959,THE OVERTON WINDOW,Glenn Beck,2010,2010-07-04,9781439184301,466361930.0,1,7
top2010:4285,top2010,post45_topn,4285,STAR ISLAND,Carl Hiaasen,2010,2010-08-15,9780307272584,526027106.0,2,7
top2010:2424,top2010,post45_topn,2424,INNOCENT,Scott Turow,2010,2010-05-23,0374237131,15315809.0,3,7
top2010:288,top2010,post45_topn,288,ABRAHAM LINCOLN: VAMPIRE HUNTER,Seth Grahame-Smith,2010,2010-03-21,9780446563086,458890478.0,4,7
top2010:1410,top2010,post45_topn,1410,DELIVER US FROM EVIL,David Baldacci,2010,2010-05-09,9780446564083,471820927.0,1,6
top2010:3565,top2010,post45_topn,3565,PORT MORTUARY,Patricia Cornwell,2010,2010-12-19,9780399157219,587143187.0,1,6
top2010:40,top2010,post45_topn,40,61 HOURS,Lee Child,2010,2010-06-06,9780385340588,436030133.0,1,6
top2010:6035,top2010,post45_topn,6035,THE POSTCARD KILLERS,James Patterson and Liza Marklund,2010,2010-09-05,,,1,6
top2010:6121,top2010,post45_topn,6121,THE REMBRANDT AFFAIR,Daniel Silva,2010,2010-08-08,9780399156588,456171767.0,1,6
top2011:81,top2011,post45_topn,81,A DANCE WITH DRAGONS,George R. R. Martin,2011,2011-07-31,,191922936.0,1,86
top2011:5973,top2011,post45_topn,5973,THE PARIS WIFE,Paula McLain,2011,2011-03-13,9780345521309,642842926.0,7,31
top2011:15,top2011,post45_topn,15,11/22/63,Stephen King,2011,2011-11-27,9781451627282,706026997.0,1,21
top2011:4618,top2011,post45_topn,4618,THE BEST OF ME,Nicholas Sparks,2011,2011-10-30,9780446547659,740595318.0,1,17
top2011:5670,top2011,post45_topn,5670,THE LITIGATORS,John Grisham,2011,2011-11-13,9780385535137,732788050.0,1,16
top2011:4311,top2011,post45_topn,4311,STATE OF WONDER,Ann Patchett,2011,2011-06-26,0062049801,649701863.0,3,15
top2011:1365,top2011,post45_topn,1365,DEATH COMES TO PEMBERLEY,P. D. James,2011,2011-12-25,9780307959850,769623772.0,3,13
top2011:5571,top2011,post45_topn,5571,THE LAND OF PAINTED CAVES,Jean M. Auel,2011,2011-04-17,9780517580516,636565825.0,1,11
top2011:1336,top2011,post45_topn,1336,DEAD RECKONING,Charlaine Harris,2011,2011-05-22,9780441020317,679931000.0,1,10
top2011:2552,top2011,post45_topn,2552,KILL ALEX CROSS,James Patterson,2011,2011-12-04,9780316198738,707967708.0,1,9
top2011:3309,top2011,post45_topn,3309,NOW YOU SEE HER,James Patterson and Michael Ledwidge,2011,2011-07-17,,,1,9
top2011:5131,top2011,post45_topn,5131,THE FIFTH WITNESS,Michael Connelly,2011,2011-04-24,9780316069359,668192488.0,1,9
top2011:26,top2011,post45_topn,26,1Q84,Haruki Murakami,2011,2011-11-13,9780307593313,701017688.0,2,9
top2011:4107,top2011,post45_topn,4107,SING YOU HOME,Jodi Picoult,2011,2011-03-20,9781439102725,646112723.0,2,9
top2011:4567,top2011,post45_topn,4567,THE ART OF FIELDING,Chad Harbach,2011,2011-09-25,9780316126694,707964854.0,6,9
top2011:4169,top2011,post45_topn,4169,SMOKIN' SEVENTEEN,Janet Evanovich,2011,2011-07-10,9780345527684,676726592.0,1,8
top2011:6322,top2011,post45_topn,6322,THE SIXTH MAN,David Baldacci,2011,2011-05-08,9780446573108,668192333.0,1,8
top2011:6854,top2011,post45_topn,6854,TICK TOCK,James Patterson and Michael Ledwidge,2011,2011-02-13,,,1,8
top2011:7219,top2011,post45_topn,7219,WHAT THE NIGHT KNOWS,Dean Koontz,2011,2011-01-16,,548412868.0,1,8
top2011:14,top2011,post45_topn,14,10TH ANNIVERSARY,James Patterson and Maxine Paetro,2011,2011-05-22,,,2,8
top2011:3394,top2011,post45_topn,3394,ONE SUMMER,David Baldacci,2011,2011-07-03,9780446583145,668192312.0,2,8
top2011:5769,top2011,post45_topn,5769,THE MARRIAGE PLOT,Jeffrey Eugenides,2011,2011-10-30,9780374203054,709673914.0,2,8
top2011:98,top2011,post45_topn,98,A DISCOVERY OF WITCHES,Deborah Harkness,2011,2011-02-27,,635459436.0,2,8
top2011:1701,top2011,post45_topn,1701,EXPLOSIVE EIGHTEEN,Janet Evanovich,2011,2011-12-11,9780345527714,757838249.0,1,7
top2011:335,top2011,post45_topn,335,AGAINST ALL ENEMIES,Tom Clancy with Peter Telep,2011,2011-07-03,,,1,7
top2011:4524,top2011,post45_topn,4524,THE AFFAIR,Lee Child,2011,2011-10-16,9780385344326,704383266.0,1,7
top2011:7410,top2011,post45_topn,7410,ZERO DAY,David Baldacci,2011,2011-11-20,,709669396.0,1,7
top2011:4839,top2011,post45_topn,4839,THE CHRISTMAS WEDDING,James Patterson and Richard DiLallo,2011,2011-11-06,,,2,7
top2011:5882,top2011,post45_topn,5882,THE NIGHT CIRCUS,Erin Morgenstern,2011,2011-10-02,9780385534635,691204158.0,2,7
top2011:2336,top2011,post45_topn,2336,I'LL WALK ALONE,Mary Higgins Clark,2011,2011-04-24,9781439180969,699788757.0,3,7
top2012:2023,top2012,post45_topn,2023,GONE GIRL,Gillian Flynn,2012,2012-06-24,9780307588364,753624684.0,1,80
top2012:6093,top2012,post45_topn,6093,THE RACKETEER,John Grisham,2012,2012-11-11,9780385535144,793326683.0,1,18
top2012:4772,top2012,post45_topn,4772,THE CASUAL VACANCY,J. K. Rowling,2012,2012-10-14,9780316228534,799893657.0,1,15
top2012:6524,top2012,post45_topn,6524,THE TIME KEEPER,Mitch Albom,2012,2012-09-23,,788292762.0,1,15
top2012:901,top2012,post45_topn,901,CALICO JOE,John Grisham,2012,2012-04-29,,759916032.0,1,15
top2012:7323,top2012,post45_topn,7323,WINTER OF THE WORLD,Ken Follett,2012,2012-10-07,,757471420.0,1,14
top2012:5475,top2012,post45_topn,5475,THE INNOCENT,David Baldacci,2012,2012-05-06,9780446572996,756585752.0,1,12
top2012:6166,top2012,post45_topn,6166,THE ROUND HOUSE,Louise Erdrich,2012,2012-10-21,9780062065247,778314690.0,12,12
top2012:1202,top2012,post45_topn,1202,CROSS ROADS,Wm. Paul Young,2012,2012-12-02,,,6,11
top2012:2555,top2012,post45_topn,2555,KILL SHOT,Vince Flynn,2012,2012-02-26,9781416595205,747819325.0,1,10
top2012:5180,top2012,post45_topn,5180,THE FORGOTTEN,David Baldacci,2012,2012-12-09,9780446573054,794361680.0,2,10
top2012:6570,top2012,post45_topn,6570,THE TWELVE TRIBES OF HATTIE,Ayana Mathis,2012,2012-12-30,,769990363.0,6,10
top2012:1404,top2012,post45_topn,1404,DEFENDING JACOB,William Landay,2012,2012-02-19,9780385344227,709890466.0,3,9
top2012:16,top2012,post45_topn,16,11TH HOUR,James Patterson and Maxine Paetro,2012,2012-05-27,,,1,8
top2012:3635,top2012,post45_topn,3635,PRIVATE: #1 SUSPECT,James Patterson and Maxine Paetro,2012,2012-01-22,,,1,8
top2012:4025,top2012,post45_topn,4025,SHADOW OF NIGHT,Deborah Harkness,2012,2012-07-29,9780670023486,760974138.0,1,8
top2012:5596,top2012,post45_topn,5596,THE LAST MAN,Vince Flynn,2012,2012-12-02,9781416595212,780483849.0,1,8
top2012:6706,top2012,post45_topn,6706,THE WIND THROUGH THE KEYHOLE,Stephen King,2012,2012-05-13,,741542778.0,1,8
top2012:2971,top2012,post45_topn,2971,"MERRY CHRISTMAS, ALEX CROSS",James Patterson,2012,2012-12-02,9780316210683,755213289.0,2,8
top2012:1853,top2012,post45_topn,1853,FLIGHT BEHAVIOR,Barbara Kingsolver,2012,2012-11-25,9780062124265,778416501.0,3,8
top2012:852,top2012,post45_topn,852,BRING UP THE BODIES,Hilary Mantel,2012,2012-05-27,,773667451.0,3,8
top2012:5654,top2012,post45_topn,5654,THE LIGHT BETWEEN OCEANS,M. L. Stedman,2012,2012-08-19,9781451681734,760977596.0,4,8
top2012:2751,top2012,post45_topn,2751,LONE WOLF,Jodi Picoult,2012,2012-03-18,9781439102749,741542620.0,1,7
top2012:3304,top2012,post45_topn,3304,NOTORIOUS NINETEEN,Janet Evanovich,2012,2012-12-09,9780345527745,804921449.0,1,7
top2012:3629,top2012,post45_topn,3629,PRIVATE GAMES,James Patterson and Mark Sullivan,2012,2012-03-04,9780750540025,899988795.0,1,7
top2012:6828,top2012,post45_topn,6828,THREAT VECTOR,Tom Clancy with Mark Greaney,2012,2012-12-23,,,1,7
top2012:2743,top2012,post45_topn,2743,LOCKED ON,Tom Clancy with Mark Greaney,2012,2012-01-01,,,2,7
top2012:7242,top2012,post45_topn,7242,WHERE WE BELONG,Emily Giffin,2012,2012-08-12,,759914192.0,2,7
top2012:914,top2012,post45_topn,914,CANADA,Richard Ford,2012,2012-06-10,,757482803.0,5,7
top2012:1349,top2012,post45_topn,1349,DEADLOCKED,Charlaine Harris,2012,2012-05-20,9781937007447,747529893.0,1,6
top2013:5300,top2013,post45_topn,5300,THE GOLDFINCH,Donna Tartt,2013,2013-11-10,9780316055437,855491725.0,1,60
top2013:2418,top2013,post45_topn,2418,INFERNO,Dan Brown,2013,2013-06-02,9780385537858,824345998.0,1,29
top2013:5452,top2013,post45_topn,5452,THE HUSBAND'S SECRET,Liane Moriarty,2013,2013-08-25,9780399159343,835611284.0,9,26
top2013:455,top2013,post45_topn,455,AND THE MOUNTAINS ECHOED,Khaled Hosseini,2013,2013-06-09,9781594631764,829999614.0,2,24
top2013:4426,top2013,post45_topn,4426,SYCAMORE ROW,John Grisham,2013,2013-11-10,9780385537131,844752219.0,1,22
top2013:1483,top2013,post45_topn,1483,DOCTOR SLEEP,Stephen King,2013,2013-10-13,1476727651,793575424.0,1,21
top2013:5695,top2013,post45_topn,5695,THE LONGEST RIDE,Nicholas Sparks,2013,2013-10-06,9781455520657,829744527.0,1,16
top2013:5154,top2013,post45_topn,5154,THE FIRST PHONE CALL FROM HEAVEN,Mitch Albom,2013,2013-12-01,0062294377,851566394.0,1,15
top2013:163,top2013,post45_topn,163,A MEMORY OF LIGHT,Robert Jordan and Brandon Sanderson,2013,2013-01-27,,,1,12
top2013:4914,top2013,post45_topn,4914,THE CUCKOO'S CALLING,Robert Galbraith,2013,2013-08-04,9780316206846,819383765.0,1,11
top2013:5912,top2013,post45_topn,5912,THE OCEAN AT THE END OF THE LANE,Neil Gaiman,2013,2013-07-07,9780062255655,813286810.0,1,10
top2013:4475,top2013,post45_topn,4475,TENTH OF DECEMBER,George Saunders,2013,2013-01-27,9780812993806,785558855.0,2,10
top2013:3892,top2013,post45_topn,3892,S.,Doug Dorst,2013,2013-11-17,9780316201643,842877804.0,7,10
top2013:1127,top2013,post45_topn,1127,COMMAND AUTHORITY,Tom Clancy with Mark Greaney,2013,2013-12-22,,,1,9
top2013:1201,top2013,post45_topn,1201,CROSS MY HEART,James Patterson,2013,2013-12-15,9780316210911,827082618.0,1,9
top2013:275,top2013,post45_topn,275,A WEEK IN WINTER,Maeve Binchy,2013,2013-03-03,9780307273574,818292968.0,1,9
top2013:5397,top2013,post45_topn,5397,THE HIT,David Baldacci,2013,2013-05-12,9781455521210,828921079.0,1,9
top2013:5281,top2013,post45_topn,5281,THE GODS OF GUILT,Michael Connelly,2013,2013-12-22,9780316069519,851566395.0,3,9
top2013:578,top2013,post45_topn,578,BAD MONKEY,Carl Hiaasen,2013,2013-06-30,9780307272591,830681331.0,3,9
top2013:356,top2013,post45_topn,356,"ALEX CROSS, RUN",James Patterson,2013,2013-03-10,9780316097512,794921987.0,1,8
top2013:6411,top2013,post45_topn,6411,THE STORYTELLER,Jodi Picoult,2013,2013-03-17,,825049131.0,1,8
top2013:2692,top2013,post45_topn,2692,LIFE AFTER LIFE,Kate Atkinson,2013,2013-04-21,9780316176484,806015209.0,3,8
top2013:4984,top2013,post45_topn,4984,THE DINNER,Herman Koch,2013,2013-03-03,9780770437855,798058782.0,7,8
top2013:3187,top2013,post45_topn,3187,NEVER GO BACK,Lee Child,2013,2013-09-22,9780385344340,846520327.0,1,7
top2013:4432,top2013,post45_topn,4432,TAKEDOWN TWENTY,Janet Evanovich,2013,2013-12-08,9780345542885,846551876.0,1,7
top2013:5067,top2013,post45_topn,5067,THE ENGLISH GIRL,Daniel Silva,2013,2013-08-04,9780062073167,851175530.0,1,7
top2013:2576,top2013,post45_topn,2576,KING AND MAXWELL,David Baldacci,2013,2013-12-08,0446530891,53140381.0,2,7
top2013:6593,top2013,post45_topn,6593,THE VALLEY OF AMAZEMENT,Amy Tan,2013,2013-11-24,,858872564.0,4,7
top2013:1234,top2013,post45_topn,1234,DADDY'S GONE A HUNTING,Mary Higgins Clark,2013,2013-04-28,9781451668940,828775834.0,1,6
top2013:18,top2013,post45_topn,18,12TH OF NEVER,James Patterson and Maxine Paetro,2013,2013-05-19,9781780890296,834363215.0,1,6
top2014:381,top2014,post45_topn,381,ALL THE LIGHT WE CANNOT SEE,Anthony Doerr,2014,2014-05-25,9781476746586,852226410.0,1,132
top2014:5485,top2014,post45_topn,5485,THE INVENTION OF WINGS,Sue Monk Kidd,2014,2014-01-26,9780670024780,849719161.0,1,27
top2014:2048,top2014,post45_topn,2048,GRAY MOUNTAIN,John Grisham,2014,2014-11-09,9780385537148,877911289.0,1,20
top2014:1609,top2014,post45_topn,1609,EDGE OF ETERNITY,Ken Follett,2014,2014-10-05,9780525953098,860755389.0,1,15
top2014:691,top2014,post45_topn,691,BIG LITTLE LIES,Liane Moriarty,2014,2014-08-17,,881453612.0,1,15
top2014:4204,top2014,post45_topn,4204,SOMEWHERE SAFE WITH SOMEBODY GOOD,Jan Karon,2014,2014-09-21,9780399167447,870098164.0,2,15
top2014:5071,top2014,post45_topn,5071,THE ESCAPE,David Baldacci,2014,2014-12-07,9781455521197,872420678.0,1,13
top2014:2662,top2014,post45_topn,2662,LEAVING TIME,Jodi Picoult,2014,2014-11-02,9780345544926,884139270.0,1,12
top2014:4696,top2014,post45_topn,4696,THE BOSTON GIRL,Anita Diamant,2014,2014-12-28,1439199353,884882199.0,6,12
top2014:2250,top2014,post45_topn,2250,HOPE TO DIE,James Patterson,2014,2014-12-14,9780316210966,872420262.0,1,11
top2014:3099,top2014,post45_topn,3099,MR. MERCEDES,Stephen King,2014,2014-06-22,9781476754451,865452311.0,1,10
top2014:3504,top2014,post45_topn,3504,PERSONAL,Lee Child,2014,2014-09-21,9780804178747,883748100.0,1,10
top2014:3790,top2014,post45_topn,3790,REVIVAL,Stephen King,2014,2014-11-30,9781476770383,870919860.0,1,10
top2014:7377,top2014,post45_topn,7377,WRITTEN IN MY OWN HEART'S BLOOD,Diana Gabaldon,2014,2014-06-29,,863801651.0,1,10
top2014:6307,top2014,post45_topn,6307,THE SILKWORM,Robert Galbraith,2014,2014-07-06,9780316206877,870782382.0,2,10
top2014:6468,top2014,post45_topn,6468,THE TARGET,David Baldacci,2014,2014-05-11,,855905319.0,1,9
top2014:4741,top2014,post45_topn,4741,THE BURNING ROOM,Michael Connelly,2014,2014-11-23,9780316225939,871788516.0,2,9
top2014:3614,top2014,post45_topn,3614,PRINCE LESTAT,Anne Rice,2014,2014-11-16,9780307962522,873763262.0,3,9
top2014:4312,top2014,post45_topn,4312,STATION ELEVEN,Emily St. John Mandel,2014,2014-10-19,9780385353304,866615101.0,10,8
top2014:1106,top2014,post45_topn,1106,COLORLESS TSUKURU TAZAKI AND HIS YEARS OF PILGRIMAGE,Haruki Murakami,2014,2014-08-31,9780385352109,865157958.0,1,7
top2014:2446,top2014,post45_topn,2446,INVISIBLE,James Patterson and David Ellis,2014,2014-07-13,,,1,7
top2014:3021,top2014,post45_topn,3021,MISSING YOU,Harlan Coben,2014,2014-04-06,9780525953494,852221722.0,1,7
top2014:4685,top2014,post45_topn,4685,THE BOOK OF LIFE,Deborah Harkness,2014,2014-08-03,9780670025596,878301024.0,1,7
top2014:6928,top2014,post45_topn,6928,TOP SECRET TWENTY-ONE,Janet Evanovich,2014,2014-07-06,,880541543.0,1,7
top2014:7068,top2014,post45_topn,7068,UNLUCKY 13,James Patterson and Maxine Paetro,2014,2014-05-25,,,1,7
top2014:1852,top2014,post45_topn,1852,FLESH AND BLOOD,Patricia Cornwell,2014,2014-11-30,9780062325341,890802303.0,3,7
top2014:4320,top2014,post45_topn,4320,STILL LIFE WITH BREAD CRUMBS,Anna Quindlen,2014,2014-02-16,9781400065752,841228330.0,3,7
top2014:2713,top2014,post45_topn,2713,LILA,Marilynne Robinson,2014,2014-10-26,9780374187613,863100259.0,4,7
top2014:1345,top2014,post45_topn,1345,DEADLINE,John Sandford,2014,2014-10-26,9780399162374,884439956.0,1,6
top2014:2338,top2014,post45_topn,2338,I'VE GOT YOU UNDER MY SKIN,Mary Higgins Clark,2014,2014-04-20,9781476749068,864789681.0,1,6
top2015:5895,top2015,post45_topn,5895,THE NIGHTINGALE,Kristin Hannah,2015,2015-02-22,9780312577223,892304693.0,3,80
top2015:5251,top2015,post45_topn,5251,THE GIRL ON THE TRAIN,Paula Hawkins,2015,2015-02-01,9781594633669,886879900.0,1,77
top2015:2000,top2015,post45_topn,2000,GO SET A WATCHMAN,Harper Lee,2015,2015-08-02,9780062409850,902725212.0,1,33
top2015:330,top2015,post45_topn,330,AFTER YOU,Jojo Moyes,2015,2015-10-18,9780525426592,926051462.0,3,20
top2015:3851,top2015,post45_topn,3851,ROGUE LAWYER,John Grisham,2015,2015-11-08,9780385539432,913098460.0,1,19
top2015:3992,top2015,post45_topn,3992,SEE ME,Nicholas Sparks,2015,2015-11-01,9781455520619,907096993.0,1,18
top2015:2844,top2015,post45_topn,2844,LUCKIEST GIRL ALIVE,Jessica Knoll,2015,2015-05-31,9781476789637,883147884.0,7,16
top2015:234,top2015,post45_topn,234,A SPOOL OF BLUE THREAD,Anne Tyler,2015,2015-03-01,9781101874271,897346174.0,3,13
top2015:4598,top2015,post45_topn,4598,THE BAZAAR OF BAD DREAMS,Stephen King,2015,2015-11-22,9781501111679,911135109.0,1,11
top2015:5250,top2015,post45_topn,5250,THE GIRL IN THE SPIDER'S WEB,David Lagercrantz,2015,2015-09-27,9780385354288,922639657.0,2,11
top2015:1810,top2015,post45_topn,1810,FINDERS KEEPERS,Stephen King,2015,2015-06-21,9781501100079,894747093.0,1,10
top2015:2958,top2015,post45_topn,2958,MEMORY MAN,David Baldacci,2015,2015-05-10,9781455559824,902869119.0,1,10
top2015:135,top2015,post45_topn,135,A KNIGHT OF THE SEVEN KINGDOMS,George R. R. Martin,2015,2015-10-25,9780345533487,851572779.0,2,10
top2015:5348,top2015,post45_topn,5348,THE GUILTY,David Baldacci,2015,2015-12-06,9781455586424,907157472.0,2,10
top2015:5736,top2015,post45_topn,5736,THE MAGIC STRINGS OF FRANKIE PRESTO,Mitch Albom,2015,2015-11-29,9780062294418,907128139.0,4,9
top2015:1774,top2015,post45_topn,1774,FATES AND FURIES,Lauren Groff,2015,2015-10-04,9781594634475,900623942.0,7,9
top2015:2403,top2015,post45_topn,2403,IN THE UNLIKELY EVENT,Judy Blume,2015,2015-06-21,9781101875049,904528759.0,4,8
top2015:6176,top2015,post45_topn,6176,THE RUMOR,Elin Hilderbrand,2015,2015-07-05,9780316334525,903052102.0,6,8
top2015:1200,top2015,post45_topn,1200,CROSS JUSTICE,James Patterson,2015,2015-12-13,9780316407045,904421373.0,1,7
top2015:20,top2015,post45_topn,20,14TH DEADLY SIN,James Patterson and Maxine Paetro,2015,2015-05-24,,,1,7
top2015:2883,top2015,post45_topn,2883,MAKE ME,Lee Child,2015,2015-09-27,9780804178778,908698981.0,1,7
top2015:5068,top2015,post45_topn,5068,THE ENGLISH SPY,Daniel Silva,2015,2015-07-19,9780062320131,902688544.0,1,7
top2015:6969,top2015,post45_topn,6969,TRICKY TWENTY-TWO,Janet Evanovich,2015,2015-12-06,,913098478.0,1,7
top2015:4905,top2015,post45_topn,4905,THE CROSSING,Michael Connelly,2015,2015-11-22,9780316225885,914296403.0,2,7
top2015:539,top2015,post45_topn,539,AT THE WATER'S EDGE,Sara Gruen,2015,2015-04-19,9780385523233,887605582.0,6,7
top2015:5673,top2015,post45_topn,5673,THE LITTLE PARIS BOOKSHOP,Nina George,2015,2015-07-19,9780553418774,894183660.0,11,7
top2015:3693,top2015,post45_topn,3693,RADIANT ANGEL,Nelson DeMille,2015,2015-06-14,9780446580854,890625614.0,1,6
top2015:5836,top2015,post45_topn,5836,THE MURDER HOUSE,James Patterson and David Ellis,2015,2015-10-18,,,1,6
top2015:6446,top2015,post45_topn,6446,THE SURVIVOR,Vince Flynn and Kyle Mills,2015,2015-10-25,,,1,6
top2015:6417,top2015,post45_topn,6417,THE STRANGER,Harlan Coben,2015,2015-04-12,,881888089.0,2,6
top2016:116,top2016,post45_topn,116,A GENTLEMAN IN MOSCOW,Amor Towles,2016,2016-09-25,9780670026197,944380324.0,6,59
top2016:6581,top2016,post45_topn,6581,THE UNDERGROUND RAILROAD,Colson Whitehead,2016,2016-08-21,,933420484.0,1,37
top2016:4157,top2016,post45_topn,4157,SMALL GREAT THINGS,Jodi Picoult,2016,2016-10-30,9780345544957,952139156.0,1,23
top2016:6678,top2016,post45_topn,6678,THE WHISTLER,John Grisham,2016,2016-11-13,,940933213.0,1,22
top2016:7022,top2016,post45_topn,7022,TWO BY TWO,Nicholas Sparks,2016,2016-10-23,,948339462.0,1,21
top2016:6728,top2016,post45_topn,6728,THE WOMAN IN CABIN 10,Ruth Ware,2016,2016-08-07,,945072389.0,4,19
top2016:1132,top2016,post45_topn,1132,COMMONWEALTH,Ann Patchett,2016,2016-10-02,9780062491794,932576291.0,1,18
top2016:5865,top2016,post45_topn,5865,THE NEST,Cynthia D'Aprix Sweeney,2016,2016-04-10,9780062414212,944179970.0,2,17
top2016:637,top2016,post45_topn,637,BEFORE THE FALL,Noah Hawley,2016,2016-06-19,9781455561780,949888737.0,2,14
top2016:3225,top2016,post45_topn,3225,NIGHT SCHOOL,Lee Child,2016,2016-11-27,9780804178808,950004263.0,1,11
top2016:5261,top2016,post45_topn,5261,THE GIRLS,Emma Cline,2016,2016-07-03,9780812998603,907585910.0,2,11
top2016:6757,top2016,post45_topn,6757,THE WRONG SIDE OF GOODBYE,Michael Connelly,2016,2016-11-20,,940361429.0,2,11
top2016:1203,top2016,post45_topn,1203,CROSS THE LINE,James Patterson,2016,2016-12-11,9780316407090,941443361.0,1,10
top2016:3145,top2016,post45_topn,3145,MY NAME IS LUCY BARTON,Elizabeth Strout,2016,2016-01-31,9781400067695,909538731.0,1,10
top2016:5597,top2016,post45_topn,5597,THE LAST MILE,David Baldacci,2016,2016-05-08,9781455586455,921166356.0,1,10
top2016:3263,top2016,post45_topn,3263,NO MAN'S LAND,David Baldacci,2016,2016-12-04,9781455586516,948309412.0,2,10
top2016:1638,top2016,post45_topn,1638,END OF WATCH,Stephen King,2016,2016-06-26,9781501129742,923565776.0,1,9
top2016:6989,top2016,post45_topn,6989,TRULY MADLY GUILTY,Liane Moriarty,2016,2016-08-14,,921032875.0,1,8
top2016:21,top2016,post45_topn,21,15TH AFFAIR,James Patterson and Maxine Paetro,2016,2016-05-22,,,1,7
top2016:2223,top2016,post45_topn,2223,HOME,Harlan Coben,2016,2016-10-09,9780525955108,944380318.0,1,7
top2016:4653,top2016,post45_topn,4653,THE BLACK WIDOW,Daniel Silva,2016,2016-07-31,9780062320230,946965463.0,1,7
top2016:7000,top2016,post45_topn,7000,TURBO TWENTY-THREE,Janet Evanovich,2016,2016-12-04,,936143452.0,1,7
top2016:1704,top2016,post45_topn,1704,EXTREME PREY,John Sandford,2016,2016-05-15,9780399176050,916592782.0,1,6
top2016:1834,top2016,post45_topn,1834,FIRST COMES LOVE,Emily Giffin,2016,2016-07-17,9780345546920,919683002.0,1,6
top2016:1874,top2016,post45_topn,1874,FOOL ME ONCE,Harlan Coben,2016,2016-04-10,9780525955092,918995095.0,1,6
top2016:3725,top2016,post45_topn,3725,RAZOR GIRL,Carl Hiaasen,2016,2016-09-25,9780385349741,932385571.0,2,6
top2016:2173,top2016,post45_topn,2173,HERE'S TO US,Elin Hilderbrand,2016,2016-07-03,9780316375146,939558942.0,3,6
top2016:6918,top2016,post45_topn,6918,TOM CLANCY: TRUE FAITH AND ALLEGIANCE,Mark Greaney,2016,2016-12-25,,961923813.0,3,6
top2016:4812,top2016,post45_topn,4812,THE CHEMIST,Stephanie Meyer,2016,2016-11-27,,,5,6
top2016:6428,top2016,post45_topn,6428,THE SUMMER BEFORE THE WAR,Helen Simonson,2016,2016-04-10,,908698965.0,7,6
top2017:640,top2017,post45_topn,640,BEFORE WE WERE YOURS,Lisa Wingate,2017,2017-08-06,,958413467.0,6,54
top2017:2728,top2017,post45_topn,2728,LITTLE FIRES EVERYWHERE,Celeste Ng,2017,2017-10-01,9780735224292,969973342.0,4,48
top2017:3409,top2017,post45_topn,3409,ORIGIN,Dan Brown,2017,2017-10-22,9780385514231,968162738.0,1,24
top2017:6161,top2017,post45_topn,6161,THE ROOSTER BAR,John Grisham,2017,2017-11-12,9780385541176,981579009.0,1,19
top2017:2441,top2017,post45_topn,2441,INTO THE WATER,Paula Hawkins,2017,2017-05-21,9780735211209,965140679.0,1,17
top2017:72,top2017,post45_topn,72,A COLUMN OF FIRE,Ken Follett,2017,2017-10-01,,967056952.0,1,15
top2017:910,top2017,post45_topn,910,CAMINO ISLAND,John Grisham,2017,2017-06-25,,972949855.0,1,15
top2017:3287,top2017,post45_topn,3287,NORSE MYTHOLOGY,Neil Gaiman,2017,2017-02-26,9780393609097,953222837.0,1,14
top2017:4144,top2017,post45_topn,4144,SLEEPING BEAUTIES,Stephen King and Owen King,2017,2017-10-15,,,1,14
top2017:5794,top2017,post45_topn,5794,THE MIDNIGHT LINE,Lee Child,2017,2017-11-26,9780399593482,1000297822.0,1,12
top2017:1636,top2017,post45_topn,1636,END GAME,David Baldacci,2017,2017-12-03,9781455586608,973797727.0,3,11
top2017:5160,top2017,post45_topn,5160,THE FIX,David Baldacci,2017,2017-05-07,9781455586561,980871336.0,1,10
top2017:5994,top2017,post45_topn,5994,THE PEOPLE VS. ALEX CROSS,James Patterson,2017,2017-12-10,9780316273909,975859895.0,1,10
top2017:7044,top2017,post45_topn,7044,UNCOMMON TYPE,Tom Hanks,2017,2017-11-05,,972640151.0,3,10
top2017:7027,top2017,post45_topn,7027,TWO KINDS OF TRUTH,Michael Connelly,2017,2017-11-19,,973796531.0,2,9
top2017:513,top2017,post45_topn,513,ARTEMIS,Andy Weir,2017,2017-12-03,9780553448122,982437430.0,4,9
top2017:2719,top2017,post45_topn,2719,LINCOLN IN THE BARDO,George Saunders,2017,2017-03-05,9780812995343,942885124.0,1,8
top2017:5258,top2017,post45_topn,5258,THE GIRL WHO TAKES AN EYE FOR AN EYE,David Lagercrantz,2017,2017-10-01,9780451494320,981575982.0,2,8
top2017:5457,top2017,post45_topn,5457,THE IDENTICALS,Elin Hilderbrand,2017,2017-07-02,9780316375191,960277133.0,2,8
top2017:4108,top2017,post45_topn,4108,"SING, UNBURIED, SING",Jesmyn Ward,2017,2017-10-15,9781501126062,1001340693.0,5,8
top2017:22,top2017,post45_topn,22,16TH SEDUCTION,James Patterson and Maxine Paetro,2017,2017-05-21,,,1,7
top2017:3189,top2017,post45_topn,3189,NEVER NEVER,James Patterson and Candice Fox,2017,2017-02-05,,,1,7
top2017:4645,top2017,post45_topn,4645,THE BLACK BOOK,James Patterson and David Ellis,2017,2017-04-16,,,1,7
top2017:5627,top2017,post45_topn,5627,THE LATE SHOW,Michael Connelly,2017,2017-08-06,9780316225984,971339086.0,1,7
top2017:5810,top2017,post45_topn,5810,THE MISTRESS,Danielle Steel,2017,2017-01-22,9780345531117,946693282.0,1,7
top2017:1527,top2017,post45_topn,1527,DRAGON TEETH,Michael Crichton,2017,2017-06-11,9780062473356,973413865.0,2,7
top2017:2897,top2017,post45_topn,2897,MANHATTAN BEACH,Jennifer Egan,2017,2017-10-22,9781476716732,975110465.0,3,7
top2017:4813,top2017,post45_topn,4813,THE CHEMIST,Stephenie Meyer,2017,2017-01-08,9780316387835,953630036.0,7,7
top2017:137,top2017,post45_topn,137,A LEGACY OF SPIES,John le Carré,2017,2017-09-24,9780735225114,1001287725.0,1,6
top2017:2016,top2017,post45_topn,2016,GOLDEN PREY,John Sandford,2017,2017-05-14,9780399184574,954669337.0,1,6
top2018:7239,top2018,post45_topn,7239,WHERE THE CRAWDADS SING,Delia Owens,2018,2018-09-23,,1016305674.0,1,114
top2018:6729,top2018,post45_topn,6729,THE WOMAN IN THE WINDOW,A.J. Finn,2018,2018-01-21,,982044067.0,1,31
top2018:1818,top2018,post45_topn,1818,FIRE AND BLOOD,George R.R. Martin,2018,2018-12-09,9781524796280,1061503913.0,1,23
top2018:6105,top2018,post45_topn,6105,THE RECKONING,John Grisham,2018,2018-11-11,9780385544153,1039905624.0,1,22
top2018:5322,top2018,post45_topn,5322,THE GREAT ALONE,Kristin Hannah,2018,2018-02-25,9780312577230,1001807491.0,1,21
top2018:5955,top2018,post45_topn,5955,THE OUTSIDER,Stephen King,2018,2018-06-10,9781501180989,1027737322.0,1,21
top2018:6043,top2018,post45_topn,6043,THE PRESIDENT IS MISSING,Bill Clinton and James Patterson,2018,2018-06-24,,,1,18
top2018:1057,top2018,post45_topn,1057,CIRCE,Madeline Miller,2018,2018-04-29,9780316556347,1029608347.0,1,16
top2018:1666,top2018,post45_topn,1666,EVERY BREATH,Nicholas Sparks,2018,2018-11-04,9781538728529,1030446221.0,1,16
top2018:3244,top2018,post45_topn,3244,NINE PERFECT STRANGERS,Liane Moriarty,2018,2018-11-25,9781250069825,1043044677.0,2,14
top2018:6779,top2018,post45_topn,6779,THERE THERE,Tommy Orange,2018,2018-06-24,,1003830622.0,6,14
top2018:5104,top2018,post45_topn,5104,THE FALLEN,David Baldacci,2018,2018-05-06,9781538761397,1000584215.0,1,12
top2018:5879,top2018,post45_topn,5879,THE NEXT PERSON YOU MEET IN HEAVEN,Mitch Albom,2018,2018-10-28,9780062294449,1035312424.0,1,12
top2018:3473,top2018,post45_topn,3473,PAST TENSE,Lee Child,2018,2018-11-25,9780399593512,1059796715.0,1,11
top2018:2758,top2018,post45_topn,2758,LONG ROAD TO MERCY,David Baldacci,2018,2018-12-02,9781538761571,1028521687.0,2,11
top2018:430,top2018,post45_topn,430,AN AMERICAN MARRIAGE,Tayari Jones,2018,2018-02-25,9781616208776,967202434.0,2,11
top2018:7224,top2018,post45_topn,7224,WHEN LIFE GIVES YOU LULULEMONS,Lauren Weisberger,2018,2018-06-24,,1006790629.0,7,11
top2018:1620,top2018,post45_topn,1620,ELEVATION,Stephen King,2018,2018-11-18,9781982102319,1042997986.0,1,10
top2018:6700,top2018,post45_topn,6700,THE WIFE BETWEEN US,Greer Hendricks and Sarah Pekkanen,2018,2018-01-28,,,2,10
top2018:5997,top2018,post45_topn,5997,THE PERFECT COUPLE,Elin Hilderbrand,2018,2018-07-08,9780316375269,1038520001.0,2,9
top2018:1288,top2018,post45_topn,1288,DARK SACRED NIGHT,Michael Connelly,2018,2018-11-18,9780316421546,1020450924.0,3,9
top2018:233,top2018,post45_topn,233,A SPARK OF LIGHT,Jodi Picoult,2018,2018-10-21,9780345544988,1027810759.0,1,8
top2018:393,top2018,post45_topn,393,ALL WE EVER WANTED,Emily Giffin,2018,2018-07-15,9780399178924,1023814893.0,2,8
top2018:2764,top2018,post45_topn,2764,LOOK ALIVE TWENTY-FIVE,Janet Evanovich,2018,2018-12-02,9780399179228,1049577570.0,1,7
top2018:4498,top2018,post45_topn,4498,THE 17TH SUSPECT,James Patterson and Maxine Paetro,2018,2018-05-20,,,1,7
top2018:5948,top2018,post45_topn,5948,THE OTHER WOMAN,Daniel Silva,2018,2018-08-05,9780062834829,1029577394.0,1,7
top2018:4321,top2018,post45_topn,4321,STILL ME,Jojo Moyes,2018,2018-02-18,9780399562457,1022978374.0,2,7
top2018:4451,top2018,post45_topn,4451,TARGET: ALEX CROSS,James Patterson,2018,2018-12-09,9780316273947,1043045282.0,2,7
top2018:5464,top2018,post45_topn,5464,THE IMMORTALISTS,Chloe Benjamin,2018,2018-01-28,9780735213180,968151453.0,7,7
top2018:2337,top2018,post45_topn,2337,I'VE GOT MY EYES ON YOU,Mary Higgins Clark,2018,2018-04-22,9781501171680,989963891.0,1,6
top2019:6303,top2019,post45_topn,6303,THE SILENT PATIENT,Alex Michaelides,2019,2019-02-24,9781250301697,1083205705.0,1,56
top2019:5265,top2019,post45_topn,5265,THE GIVER OF STARS,Jojo Moyes,2019,2019-10-27,0399562486,1085635712.0,6,31
top2019:5026,top2019,post45_topn,5026,THE DUTCH HOUSE,Ann Patchett,2019,2019-10-13,9780062963673,1090006765.0,4,30
top2019:5479,top2019,post45_topn,5479,THE INSTITUTE,Stephen King,2019,2019-09-29,9781982110567,1120189373.0,1,20
top2019:5342,top2019,post45_topn,5342,THE GUARDIANS,John Grisham,2019,2019-11-10,9780385544184,1121264124.0,1,18
top2019:6489,top2019,post45_topn,6489,THE TESTAMENTS,Margaret Atwood,2019,2019-09-29,,1098191298.0,1,14
top2019:6649,top2019,post45_topn,6649,THE WATER DANCER,Ta-Nehisi Coates,2019,2019-10-13,,1085585289.0,1,12
top2019:3349,top2019,post45_topn,3349,"OLIVE, AGAIN",Elizabeth Strout,2019,2019-11-10,9780812996548,1085218721.0,7,12
top2019:166,top2019,post45_topn,166,A MINUTE TO MIDNIGHT,David Baldacci,2019,2019-12-08,9781538761601,1126278726.0,1,11
top2019:431,top2019,post45_topn,431,AN ANONYMOUS GIRL,Greer Hendricks and Sarah Pekkanen,2019,2019-01-27,,,1,11
top2019:776,top2019,post45_topn,776,BLUE MOON,Lee Child,2019,2019-11-24,,1108811440.0,1,11
top2019:5880,top2019,post45_topn,5880,THE NICKEL BOYS,Colson Whitehead,2019,2019-08-04,9780385537070,1051775497.0,3,11
top2019:3743,top2019,post45_topn,3743,REDEMPTION,David Baldacci,2019,2019-05-05,9781538761410,1090824496.0,1,10
top2019:1067,top2019,post45_topn,1067,CITY OF GIRLS,Elizabeth Gilbert,2019,2019-06-23,9781594634734,1089884084.0,2,10
top2019:4374,top2019,post45_topn,4374,SUMMER OF '69,Elin Hilderbrand,2019,2019-07-07,9780316420013,1056779542.0,1,9
top2019:1237,top2019,post45_topn,1237,DAISY JONES & THE SIX,Taylor Jenkins Reid,2019,2019-03-24,,,3,9
top2019:6385,top2019,post45_topn,6385,THE STARLESS SEA,Erin Morgenstern,2019,2019-11-24,9780385541213,1076376934.0,3,9
top2019:3377,top2019,post45_topn,3377,ONE GOOD DEED,David Baldacci,2019,2019-08-11,9781538750568,1098292900.0,1,8
top2019:7020,top2019,post45_topn,7020,TWISTED TWENTY-SIX,Janet Evanovich,2019,2019-12-01,,1107428151.0,1,8
top2019:1193,top2019,post45_topn,1193,CRISS CROSS,James Patterson,2019,2019-12-15,9780316526883,1126668468.0,3,8
top2019:3286,top2019,post45_topn,3286,NORMAL PEOPLE,Sally Rooney,2019,2019-05-05,9781984822178,1091358447.0,3,8
top2019:3883,top2019,post45_topn,3883,RUN AWAY,Harlan Coben,2019,2019-04-07,9781538748466,1048660317.0,2,7
top2019:4499,top2019,post45_topn,4499,THE 18TH ABDUCTION,James Patterson and Maxine Paetro,2019,2019-05-19,,,2,7
top2019:1683,top2019,post45_topn,1683,EVVIE DRAKE STARTS OVER,Linda Holmes,2019,2019-07-14,9780525619246,1055686096.0,3,7
top2019:2795,top2019,post45_topn,2795,LOST ROSES,Martha Hall Kelly,2019,2019-04-28,9781524796372,1044540759.0,3,7
top2019:3115,top2019,post45_topn,3115,MRS. EVERYTHING,Jennifer Weiner,2019,2019-06-30,9781501133480,1078953677.0,3,7
top2019:979,top2019,post45_topn,979,CELTIC EMPIRE,Clive Cussler and Dirk Cussler,2019,2019-04-07,,1034247813.0,3,7
top2019:525,top2019,post45_topn,525,"ASK AGAIN, YES",Mary Beth Keane,2019,2019-06-16,9781982106980,1048660179.0,5,7
top2019:5609,top2019,post45_topn,5609,THE LAST ROMANTICS,Tara Conklin,2019,2019-02-24,9780062358202,1083265156.0,6,7
top2019:5871,top2019,post45_topn,5871,THE NEW GIRL,Daniel Silva,2019,2019-08-04,9780062834836,1096315741.0,1,6
top2020:414,top2020,post45_topn,414,AMERICAN DIRT,Jeanine Cummins,2020,2020-02-09,1250209765,1097575695.0,1,34
top2020:6601,top2020,post45_topn,6601,THE VANISHING HALF,Brit Bennett,2020,2020-06-21,,1119471005.0,1,25
top2020:5345,top2020,post45_topn,5345,THE GUEST LIST,Lucy Foley,2020,2020-06-21,9780062868930,1112256614.0,3,20
top2020:2357,top2020,post45_topn,2357,IF IT BLEEDS,Stephen King,2020,2020-05-10,9781982137977,1149221888.0,1,18
top2020:911,top2020,post45_topn,911,CAMINO WINDS,John Grisham,2020,2020-05-17,,1129027376.0,1,17
top2020:4361,top2020,post45_topn,4361,SUCH A FUN AGE,Kiley Reid,2020,2020-01-19,052554190X,1090706582.0,3,13
top2020:33,top2020,post45_topn,33,28 SUMMERS,Elin Hilderbrand,2020,2020-07-05,9780316420044,1156321402.0,1,11
top2020:482,top2020,post45_topn,482,ANXIOUS PEOPLE,Fredrik Backman,2020,2020-09-27,9781501160837,1190752212.0,1,11
top2020:693,top2020,post45_topn,693,BIG SUMMER,Jennifer Weiner,2020,2020-05-24,,1136058942.0,5,11
top2020:5075,top2020,post45_topn,5075,THE EVENING AND THE MORNING,Ken Follett,2020,2020-10-04,9780525954989,1128063850.0,1,9
top2020:7161,top2020,post45_topn,7161,WALK THE WIRE,David Baldacci,2020,2020-05-10,,1148327144.0,2,9
top2020:2978,top2020,post45_topn,2978,MEXICAN GOTHIC,Silvia Moreno-Garcia,2020,2020-07-19,0525620788,1121602979.0,9,9
top2020:4691,top2020,post45_topn,4691,THE BOOK OF TWO WAYS,Jodi Picoult,2020,2020-10-11,9781984818355,1135093256.0,1,8
top2020:6126,top2020,post45_topn,6126,THE RETURN,Nicholas Sparks,2020,2020-10-18,9781538728574,1132239277.0,1,8
top2020:1356,top2020,post45_topn,1356,DEAR EDWARD,Ann Napolitano,2020,2020-01-26,9781984854780,1082327363.0,2,8
top2020:5804,top2020,post45_topn,5804,THE MIRROR & THE LIGHT,Hilary Mantel,2020,2020-03-29,,,1,7
top2020:5938,top2020,post45_topn,5938,THE ORDER,Daniel Silva,2020,2020-08-02,9780062834843,1161986965.0,1,7
top2020:4710,top2020,post45_topn,4710,THE BOY FROM THE WOODS,Harlan Coben,2020,2020-04-05,9781538748145,1119745493.0,2,7
top2020:1718,top2020,post45_topn,1718,FAIR WARNING,Michael Connelly,2020,2020-06-14,9780316543019,1154211954.0,3,7
top2020:2385,top2020,post45_topn,2385,IN FIVE YEARS,Rebecca Serle,2020,2020-03-29,9781982137441,1105951478.0,5,7
top2020:259,top2020,post45_topn,259,A TIME FOR MERCY,John Grisham,2020,2020-11-01,0385545967,1152996142.0,1,6
top2020:740,top2020,post45_topn,740,BLINDSIDE,James Patterson and James O. Born,2020,2020-03-15,,,1,6
top2020:3176,top2020,post45_topn,3176,NEAR DARK,Brad Thor,2020,2020-08-09,9781982104061,1144734020.0,2,6
top2020:6216,top2020,post45_topn,6216,THE SEARCHER,Tana French,2020,2020-10-25,9780735224650,1146553756.0,3,6
top2020:5488,top2020,post45_topn,5488,THE INVISIBLE LIFE OF ADDIE LARUE,V.E. Schwab,2020,2020-10-25,,,4,6
top2020:6430,top2020,post45_topn,6430,THE SUMMER HOUSE,James Patterson and Brendan DuBois,2020,2020-06-28,,1155203308.0,4,6
top2020:4687,top2020,post45_topn,4687,THE BOOK OF LONGINGS,Sue Monk Kidd,2020,2020-05-10,9780525429760,1122804357.0,5,6
top2020:148,top2020,post45_topn,148,A LONG PETAL OF THE SEA,Isabel Allende,2020,2020-02-09,9781984820150,1099567935.0,8,6
top2020:4688,top2020,post45_topn,4688,THE BOOK OF LOST FRIENDS,Lisa Wingate,2020,2020-04-26,9781984819888,1124909841.0,8,6
top2020:2187,top2020,post45_topn,2187,HIDEAWAY,Nora Roberts,2020,2020-06-14,9781250207104,1112276895.0,2,5
