sample_id,cohort,year,title,author,source_books_file,gr_book_id,gr_work_id,gr_title,work_page_title,book_title_status,work_title_status,duplicate_work_id,verdict,reason
top1931:5304,pilot,1931,THE GOOD EARTH,Pearl S. Buck,books_top3_1931_1995.csv,1078,2346070,The Good Earth,The Good Earth,pass,pass,,pass,
top1931:2878,pilot,1931,MAID IN WAITING,John Galsworthy,books_top3_1931_1995.csv,1729347,1726812,Maid in Waiting,Maid in Waiting,pass,pass,,pass,
top1931:7209,pilot,1931,WESTWARD PASSAGE,Margaret Ayer Barnes,books_top3_1931_1995.csv,46228253,71206171,Westward Passage,Westward Passage,pass,pass,,pass,
top1932:5193,pilot,1932,THE FOUNTAIN,Charles Morgan,books_top3_1931_1995.csv,36127,36036,The Fountain,The Fountain,pass,pass,,pass,
top1932:2916,pilot,1932,MARY'S NECK,Booth Tarkington,books_top3_1931_1995.csv,13550632,19117544,Mary's Neck,Mary's Neck,pass,pass,,pass,
top1932:1865,pilot,1932,FLOWERING WILDERNESS,John Galsworthy,books_top3_1931_1995.csv,1380929,1726810,Flowering Wilderness,Flowering Wilderness,pass,pass,,pass,
top1933:481,pilot,1933,ANTHONY ADVERSE,Hervey Allen,books_top3_1931_1995.csv,1755883,1753744,Anthony Adverse,Anthony Adverse,pass,pass,,pass,
top1933:472,pilot,1933,ANN VICKERS,Sinclair Lewis,books_top3_1931_1995.csv,703003,689295,Ann Vickers,Ann Vickers,pass,pass,,pass,
top1933:518,pilot,1933,AS THE EARTH TURNS,Gladys Hasty Carroll,books_top3_1931_1995.csv,1059921,1046505,As the Earth Turns,As the Earth Turns,pass,pass,,pass,
top1934:2031,pilot,1934,"GOOD-BYE, MR. CHIPS",James Hilton,books_top3_1931_1995.csv,413617,2147442,"Good-Bye, Mr. Chips","Good-Bye, Mr. Chips",pass,pass,,pass,
top1934:4182,pilot,1934,SO RED THE ROSE,Stark Young,books_top3_1931_1995.csv,123752196,145132841,SO RED THE ROSE,SO RED THE ROSE,pass,pass,,pass,
top1934:2626,pilot,1934,LAMB IN HIS BOSOM,Caroline Miller,books_top3_1931_1995.csv,267478,259320,Lamb in His Bosom,Lamb in His Bosom,pass,pass,,pass,
top1935:2055,pilot,1935,GREEN LIGHT,Lloyd C. Douglas,books_top3_1931_1995.csv,759187,745296,Green Light,Green Light,pass,pass,,pass,
top1935:2467,pilot,1935,IT CAN'T HAPPEN HERE,Sinclair Lewis,books_top3_1931_1995.csv,40692733,1296784,It Can't Happen Here by Sinclair Lewis: Dystopia's Wake: Unveiling the Shadows of Tomorrow in It Can't Happen Here,It Can't Happen Here,pass,pass,,pass,
top1935:3338,pilot,1935,OF TIME AND THE RIVER,Thomas Wolfe,books_top3_1931_1995.csv,12451,14752,Of Time and the River: A Legend of Man's Hunger in his Youth,Of Time and the River,pass,pass,,pass,
top1936:2026,pilot,1936,GONE WITH THE WIND,Margaret Mitchell,books_top3_1931_1995.csv,34689759,3358283,Gone with the Wind,Gone With the Wind,pass,pass,,pass,
top1936:1558,pilot,1936,DRUMS ALONG THE MOHAWK,Walter D. Edmonds,books_top3_1931_1995.csv,167069,161335,Drums Along the Mohawk,Drums Along the Mohawk,pass,pass,,pass,
top1936:5608,pilot,1936,THE LAST PURITAN,George Santayana,books_top3_1931_1995.csv,403281,2124658,The Last Puritan: A Memoir in the Form of a Novel,The Last Puritan,pass,pass,,pass,
top1937:4844,pilot,1937,THE CITADEL,A. J. Cronin,books_top3_1931_1995.csv,634747,621034,The Citadel,The Citadel,pass,pass,,pass,
top1937:3291,pilot,1937,NORTHWEST PASSAGE,Kenneth Roberts,books_top3_1931_1995.csv,103171,2484967,Northwest Passage,Northwest Passage,pass,pass,,pass,
top1937:6097,pilot,1937,THE RAINS CAME,Louis Bromfield,books_top3_1931_1995.csv,396988,386462,The Rains Came,The Rains Came,pass,pass,,pass,
top1938:6760,pilot,1938,THE YEARLING,Marjorie Kinnan Rawlings,books_top3_1931_1995.csv,170973550,583534,The Yearling - Marjorie Kinnan Rawlings - The Franklin Library - Thomas Allen Illustrations,The Yearling,pass,pass,,pass,
top1938:389,pilot,1938,ALL THIS AND HEAVEN TOO,Rachel Field,books_top3_1931_1995.csv,1397878,2710160,"All This, and Heaven Too","All This, and Heaven Too",pass,pass,,pass,
top1938:3727,pilot,1938,REBECCA,Daphne Du Maurier,books_top3_1931_1995.csv,636993,267287709,Rebecca,Rebecca,pass,pass,,pass,
top1939:5317,pilot,1939,THE GRAPES OF WRATH,John Steinbeck,books_top3_1931_1995.csv,18114322,2931549,The Grapes of Wrath,The Grapes of Wrath,pass,pass,OF MICE AND MEN | THE GRAPES OF WRATH,pass,work ID also assigned to: OF MICE AND MEN | THE GRAPES OF WRATH
top1939:2600,pilot,1939,KITTY FOYLE,Christopher Morley,books_top3_1931_1995.csv,2235096,2240933,Kitty Foyle,Kitty Foyle,pass,pass,,pass,
top1939:5861,pilot,1939,THE NAZARENE,Sholem Asch,books_top3_1931_1995.csv,165907465,1183864,THE NAZARENE. Signed by Sholem Asch.,The Nazarene,pass,pass,,pass,
top1940:2286,pilot,1940,HOW GREEN WAS MY VALLEY,Richard Llewellyn,books_top3_1931_1995.csv,40496,2329482,How Green Was My Valley,How Green Was My Valley,pass,pass,,pass,
top1940:3120,pilot,1940,MRS. MINIVER,Jan Struther,books_top3_1931_1995.csv,60643589,1108185,Mrs. Miniver by Jan Struther: A Heartfelt Portrait of Everyday Life and Resilience,Mrs. Miniver,pass,pass,,pass,
top1940:1886,pilot,1940,FOR WHOM THE BELL TOLLS,Ernest Hemingway,books_top3_1931_1995.csv,46170,2252079,For Whom the Bell Tolls,For Whom the Bell Tolls,pass,pass,,pass,
top1941:5530,pilot,1941,THE KEYS OF THE KINGDOM,A. J. Cronin,books_top3_1931_1995.csv,184803,2429749,The Keys of the Kingdom,The Keys of the Kingdom,pass,pass,,pass,
top1941:6439,pilot,1941,THE SUN IS MY UNDOING,Marguerite Steen,books_top3_1931_1995.csv,232741752,433186,"The sun is my undoing, by Marguerite Steen",The Sun Is My Undoing,pass,pass,,pass,
top1941:3715,pilot,1941,RANDOM HARVEST,James Hilton,books_top3_1931_1995.csv,153279627,6860,"Random Harvest by James Hilton: A Heartwarming Tale of Love, Memory, and Redemption",Random Harvest,pass,pass,,pass,
top1942:6157,pilot,1942,THE ROBE,Lloyd C. Douglas,books_top3_1931_1995.csv,60395731,467637,The Robe by Lloyd C. Douglas: A Tale of Redemption and Spiritual Awakening,The Robe,pass,pass,,pass,
top1942:6594,pilot,1942,THE VALLEY OF DECISION,Marcia Davenport,books_top3_1931_1995.csv,136456,131509,The Valley Of Decision,The Valley Of Decision,pass,pass,,pass,
top1942:6355,pilot,1942,THE SONG OF BERNADETTE,Franz Werfel,books_top3_1931_1995.csv,234722022,249846164,the Song of Bernadette,the Song of Bernadette,pass,pass,,pass,
top1943:263,pilot,1943,A TREE GROWS IN BROOKLYN,Betty Smith,books_top3_1931_1995.csv,148061217,833257,A Tree Grows In Brooklyn by Betty Smith,A Tree Grows in Brooklyn,pass,pass,,pass,
top1943:4179,pilot,1943,SO LITTLE TIME,John P. Marquand,books_top3_1931_1995.csv,1069159,1055830,So Little Time,So Little Time,pass,pass,,pass,
top1943:4559,pilot,1943,THE APOSTLE,Sholem Asch,books_top3_1931_1995.csv,628995,2158407,The Apostle,The Apostle,pass,pass,,pass,
top1944:1896,pilot,1944,FOREVER AMBER,Kathleen Winsor,books_top3_1931_1995.csv,22012574,2522906,Forever Amber / Kathleen Winsor,Forever Amber,pass,pass,,pass,
top1944:4344,pilot,1944,STRANGE FRUIT,Lillian Smith,books_top3_1931_1995.csv,163686658,801643,Strange Fruit,Strange Fruit,pass,pass,,pass,
top1944:1589,pilot,1944,EARTH AND HIGH HEAVEN,Gwenthalyn Graham,books_top3_1931_1995.csv,,,,,missing_title,missing_title,,unmapped,no Goodreads work ID
top1945:926,pilot,1945,CAPTAIN FROM CASTILLE,Samuel Shellaburger,books_top3_1931_1995.csv,,,,,missing_title,missing_title,,unmapped,no Goodreads work ID
top1945:4651,pilot,1945,THE BLACK ROSE,Thomas B. Costain,books_top3_1931_1995.csv,401921,517534,The Black Rose,The Black Rose,pass,pass,,pass,
top1945:142,pilot,1945,A LION IS IN THE STREETS,Adria Locke Langley,books_top3_1931_1995.csv,3199179,3232391,A Lion Is In The Streets,A Lion Is In The Streets,pass,pass,,pass,
top1946:5803,pilot,1946,THE MIRACLE OF THE BELLS,Russell Janney,books_top3_1931_1995.csv,29929411,1433380,Miracle of the Bells,The Miracle Of The Bells,pass,pass,,pass,
top1946:5205,pilot,1946,THE FOXES OF HARROW,Frank Yerby,books_top3_1931_1995.csv,1269821,1258743,The Foxes of Harrow,The Foxes of Harrow,pass,pass,,pass,
top1946:6812,pilot,1946,THIS SIDE OF INNOCENCE,Taylor Caldwell,books_top3_1931_1995.csv,133779026,3112047,This Side of Innocence by Taylor Caldwell,This Side of Innocence,pass,pass,,pass,
top1947:2605,pilot,1947,KNOCK ON ANY DOOR,Willard Motley,books_top3_1931_1995.csv,257127,249195,Knock on Any Door,Knock on Any Door,pass,pass,,pass,
top1947:2281,pilot,1947,HOUSE DIVIDED,Ben Ames Williams,books_top3_1931_1995.csv,428669,417675,House Divided,House Divided,pass,pass,,pass,
top1947:4640,pilot,1947,THE BISHOP'S MANTLE,Agnes Sligh Turnbull,books_top3_1931_1995.csv,425878,414936,The Bishop's Mantle,The Bishop's Mantle,pass,pass,,pass,
top1948:4625,pilot,1948,THE BIG FISHERMAN,Lloyd C. Douglas,books_top3_1931_1995.csv,778667,764696,The Big Fisherman,The Big Fisherman,pass,pass,THE BIG FISHERMAN | WHITE BANNERS,pass,work ID also assigned to: THE BIG FISHERMAN | WHITE BANNERS
top1948:5848,pilot,1948,THE NAKED AND THE DEAD,Norman Mailer,books_top3_1931_1995.csv,12467,2223651,The naked and the dead,The Naked and the Dead,pass,pass,,pass,
top1948:1458,pilot,1948,DINNER AT ANTOINE'S,Frances Parkinson Keyes,books_top3_1931_1995.csv,128865,2197195,Dinner at Antoine's,Dinner at Antoine's,pass,pass,,pass,
top1949:5038,pilot,1949,THE EGYPTIAN,Mika Waltari,books_top3_1931_1995.csv,364826,2072467,The Egyptian,سینوهه,pass,pass,,pass_alias,The Egyptian is published under the translated title Sinuhe/سینوهه.
top1949:3548,pilot,1949,POINT OF NO RETURN,John P. Marquand,books_top3_1931_1995.csv,279416,271021,Point of No Return,Point of No Return,pass,pass,,pass,
top1949:205,pilot,1949,A RAGE TO LIVE,John O'Hara,books_top3_1931_1995.csv,503994,2846792,A Rage to Live,A Rage to Live,pass,pass,,pass,
top1950:4758,pilot,1950,THE CARDINAL,Henry Morton Robinson,books_top3_1931_1995.csv,1866494,1867260,The Cardinal,The Cardinal,pass,pass,,pass,
top1950:2518,pilot,1950,JUBILEE TRAIL,Gwen Bristow,books_top3_1931_1995.csv,74725,1787863,Jubilee Trail,Jubilee Trail,pass,pass,,pass,
top1950:4990,pilot,1950,THE DISENCHANTED,Budd Schulberg,books_top3_1931_1995.csv,1293866,1282972,The Disenchanted,The Disenchanted,pass,pass,,pass,
top1951:4749,pilot,1951,THE CAINE MUTINY,Herman Wouk,books_top3_1931_1995.csv,368772,1059565,The Caine Mutiny,The Caine Mutiny,pass,pass,,pass,
top1951:1938,pilot,1951,FROM HERE TO ETERNITY,James Jones,books_top3_1931_1995.csv,116114,2504920,From Here to Eternity,From Here to Eternity,pass,pass,,pass,
top1951:4907,pilot,1951,THE CRUEL SEA,Nicholas Monsarrat,books_top3_1931_1995.csv,183586,1104357,The Cruel Sea,The Cruel Sea,pass,pass,,pass,
top1952:6310,pilot,1952,THE SILVER CHALICE,Thomas B. Costain,books_top3_1931_1995.csv,122771,2219799,The Silver Chalice,The Silver Chalice,pass,pass,,pass,
top1952:1594,pilot,1952,EAST OF EDEN,John Steinbeck,books_top3_1931_1995.csv,4406,2574991,East of Eden,East of Eden,pass,pass,,pass,
top1952:5437,pilot,1952,THE HOUSES IN BETWEEN,Howard Spring,books_top3_1931_1995.csv,1016637,1002761,The Houses in Between,The Houses in Between,pass,pass,,pass,
top1953:5386,pilot,1953,THE HIGH AND THE MIGHTY,Ernest K. Gann,books_top3_1931_1995.csv,990079,975573,The High and the Mighty,The High and the Mighty,pass,pass,,pass,
top1953:1428,pilot,1953,DESIREE,Annemarie Selinko,books_top3_1931_1995.csv,84049,845141,Désirée,Désirée,pass,pass,,pass,
top1953:599,pilot,1953,BATTLE CRY,Leon Uris,books_top3_1931_1995.csv,131728982,42163,"Battle Cry by Uris, Leon. (Avon,2005) [Mass Market Paperback]",Battle Cry,pass,pass,,pass,
top1954:3294,pilot,1954,NOT AS A STRANGER,Morton Thompson,books_top3_1931_1995.csv,1877857,1878854,Not As a Stranger,Not As a Stranger,pass,pass,,pass,
top1954:3274,pilot,1954,NO TIME FOR SERGEANTS,Mac Hyman,books_top3_1931_1995.csv,236716242,252253448,NO TIME FOR SERGEANTS,NO TIME FOR SERGEANTS,pass,pass,,pass,
top1954:6611,pilot,1954,THE VIEW FROM POMPEY'S HEAD,Hamilton Basso,books_top3_1931_1995.csv,208637054,214761096,The View From Pompey's Head,The View From Pompey's Head,pass,pass,,pass,
top1955:549,pilot,1955,AUNTIE MAME,Patrick Dennis,books_top3_1931_1995.csv,187060,2248207,Auntie Mame: An Irreverent Escapade,Auntie Mame,pass,pass,,pass,
top1955:457,pilot,1955,ANDERSONVILLE,MacKinlay Kantor,books_top3_1931_1995.csv,77239,74658,Andersonville,Andersonville,pass,pass,,pass,
top1955:5750,pilot,1955,THE MAN IN THE GRAY FLANNEL SUIT,Sloan Wilson,books_top3_1931_1995.csv,90886,87701,The Man in the Gray Flannel Suit,The Man in the Gray Flannel Suit,pass,pass,,pass,
top1956:3507,pilot,1956,PEYTON PLACE,Grace Metalious,books_top3_1931_1995.csv,526869,37258,Peyton Place,Peyton Place,pass,pass,,pass,
top1956:1135,pilot,1956,COMPULSION,Meyer Levin,books_top3_1931_1995.csv,22750385,364986,Compulsion,Compulsion,pass,pass,,pass,
top1956:5591,pilot,1956,THE LAST HURRAH,Edwin O'Connor,books_top3_1931_1995.csv,199999558,1177687,The Last Hurrah,The Last Hurrah,pass,pass,,pass,
top1957:3713,pilot,1957,RALLY ROUND THE FLAG BOYS!,Max Schulman,books_top3_1931_1995.csv,,,,,missing_title,missing_title,,unmapped,no Goodreads work ID
top1957:892,pilot,1957,BY LOVE POSSESSED,James Gould Cozzens,books_top3_1931_1995.csv,603190,589762,By Love Possessed,By Love Possessed,pass,pass,,pass,
top1957:771,pilot,1957,BLUE CAMELLIA,Frances Parkinson Keyes,books_top3_1931_1995.csv,2191475,2197196,Blue Camellia,Blue Camellia,pass,pass,,pass,
top1958:1699,pilot,1958,EXODUS,Leon Uris,books_top3_1931_1995.csv,42697,804397,Exodus,Exodus,pass,pass,,pass,
top1958:6574,pilot,1958,THE UGLY AMERICAN,William J. Lederer and Eugene Burdick,books_top3_1931_1995.csv,40180100,3085087,The Ugly American,The Ugly American,pass,pass,,pass,
top1958:447,pilot,1958,ANATOMY OF A MURDER,Robert Traver,books_top3_1931_1995.csv,994663,2285757,Anatomy of a Murder,Anatomy of a Murder,pass,pass,,pass,
top1959:319,pilot,1959,ADVISE AND CONSENT,Allen Drury,books_top3_1931_1995.csv,159346,153802,Advise and Consent,Advise and Consent,pass,pass,,pass,
top1959:2126,pilot,1959,HAWAII,James A. Michener,books_top3_1931_1995.csv,12658,1056841,Hawaii,Hawaii,pass,pass,,pass,
top1959:1355,pilot,1959,DEAR AND GLORIOUS PHYSICIAN,Taylor Caldwell,books_top3_1931_1995.csv,59097,755652,Dear and Glorious Physician,Dear and Glorious Physician,pass,pass,,pass,
top1960:6887,pilot,1960,TO KILL A MOCKINGBIRD,Harper Lee,books_top3_1931_1995.csv,137656240,3275794,"To Kill a Mockingbird by Lee, Harper (2010) Paperback",To Kill a Mockingbird,pass,pass,,pass,
top1960:5599,pilot,1960,THE LAST OF THE JUST,Andre Schwarz-Bart,books_top3_1931_1995.csv,253292,245453,The Last of the Just,The Last of the Just,pass,pass,,pass,
top1960:5646,pilot,1960,THE LEOPARD,Guiseppe di Lampedusa,books_top3_1931_1995.csv,625094,1132275,The Leopard,The Leopard,pass,pass,,pass,
top1961:4529,pilot,1961,THE AGONY AND THE ECSTASY,Irving Stone,books_top3_1931_1995.csv,321552,1504548,The Agony and the Ecstasy,The Agony and the Ecstasy,pass,pass,,pass,
top1961:1919,pilot,1961,FRANNY AND ZOOEY,J.D. Salinger,books_top3_1931_1995.csv,181130,55846478,The Catcher in the Rye/Franny and Zooey/Nine Stories/Raise High the Roof Beam,The Catcher in the Rye/Franny and Zooey/Nine Stories/Raise High the Roof Beam,title_mismatch('The Catcher in the Rye/Franny and Zooey/Nine Stories/Raise High the Roof Beam'),title_mismatch('The Catcher in the Rye/Franny and Zooey/Nine Stories/Raise High the Roof Beam'),,mismatch,book page: title_mismatch('The Catcher in the Rye/Franny and Zooey/Nine Stories/Raise High the Roof Beam'); work page: title_mismatch('The Catcher in the Rye/Franny and Zooey/Nine Stories/Raise High the Roof Beam')
top1961:4764,pilot,1961,THE CARPETBAGGERS,Harold Robbins,books_top3_1931_1995.csv,308581,1887073,The Carpetbaggers,The Carpetbaggers,pass,pass,,pass,
top1962:4011,pilot,1962,SEVEN DAYS IN MAY,Fletcher Knebel and Charles W. Bailey II,books_top3_1931_1995.csv,133319671,778848,Seven Days in May,Seven Days in May,pass,pass,,pass,
top1962:4059,pilot,1962,SHIP OF FOOLS,Katherine Anne Porter,books_top3_1931_1995.csv,410760,232329,Ship of Fools,Ship of Fools,pass,pass,,pass,
top1962:1360,pilot,1962,DEARLY BELOVED,Anne Morrow Lindbergh,books_top3_1931_1995.csv,110028,106045,Dearly Beloved,Dearly Beloved,pass,pass,,pass,
top1963:5339,pilot,1963,THE GROUP,Mary McCarthy,books_top3_1931_1995.csv,387348,1496165,"The Group: Mary McCarthy's Celebrated Novel of Vassar Women, Friendship, and Ambition in 1930s New York",The Group,pass,pass,,pass,
top1963:6289,pilot,1963,THE SHOES OF THE FISHERMAN,Morris L. West,books_top3_1931_1995.csv,315272,306106,The Shoes of the Fisherman,The Shoes of the Fisherman,pass,pass,,pass,
top1963:6606,pilot,1963,THE VENETIAN AFFAIR,Helen MacInnes,books_top3_1931_1995.csv,146893607,1323899,The Venetian Affair,The Venetian Affair,pass,pass,,pass,
top1964:6381,pilot,1964,THE SPY WHO CAME IN FROM THE COLD,John le Carré,books_top3_1931_1995.csv,19494,1177001,The Spy Who Came in from the Cold,The Spy Who Came In from the Cold,pass,pass,,pass,
top1964:2178,pilot,1964,HERZOG,Saul Bellow,books_top3_1931_1995.csv,6551,2088454,Herzog,Herzog,pass,pass,,pass,
top1964:5745,pilot,1964,THE MAN,Irving Wallace,books_top3_1931_1995.csv,551932,1885405,The Man,The Man,pass,pass,,pass,
top1965:6366,pilot,1965,THE SOURCE,James Michener,books_top3_1931_1995.csv,12657,1251662,The Source,The Source,pass,pass,,pass,
top1965:7086,pilot,1965,UP THE DOWN STAIRCASE,Bel Kaufman,books_top3_1931_1995.csv,129856693,154741,Up the Down Staircase by Bel Kaufman,Up the Down Staircase,pass,pass,,pass,
top1965:2271,pilot,1965,HOTEL,Arthur Hailey,books_top3_1931_1995.csv,124920,2727285,Hotel,Hotel,pass,pass,,pass,
top1966:7095,pilot,1966,VALLEY OF THE DOLLS,Jacqueline Susann,books_top3_1931_1995.csv,581811,1203845,Valley of the Dolls,Valley of the Dolls,pass,pass,,pass,
top1966:6232,pilot,1966,THE SECRET OF SANTA VITTORIA,Robert Crichton,books_top3_1931_1995.csv,7685,10761,The Secret of Santa Vittoria,The Secret of Santa Vittoria,pass,pass,,pass,
top1966:4428,pilot,1966,TAI-PAN,James Clavell,books_top3_1931_1995.csv,132078437,1755754,Tai-Pan,Tai-Pan,pass,pass,,pass,
top1967:6929,pilot,1967,TOPAZ,Leon Uris,books_top3_1931_1995.csv,368819,2784864,Topaz,Topaz,pass,pass,,pass,
top1967:4879,pilot,1967,THE CONFESSIONS OF NAT TURNER,William Styron,books_top3_1931_1995.csv,577283,1607259,The Confessions of Nat Turner,The Confessions of Nat Turner,pass,pass,,pass,
top1967:3864,pilot,1967,ROSEMARY'S BABY,Ira Levin,books_top3_1931_1995.csv,228296,883024,Rosemary's Baby,Rosemary’s Baby,pass,pass,,pass,
top1968:350,pilot,1968,AIRPORT,Arthur Hailey,books_top3_1931_1995.csv,124918,120317,Airport,Airport,pass,pass,,pass,
top1968:6186,pilot,1968,THE SALZBURG CONNECTION,Helen MacInnes,books_top3_1931_1995.csv,230619,2290204,The Salzburg Connection,The Salzburg Connection,pass,pass,,pass,
top1968:4482,pilot,1968,TESTIMONY OF TWO MEN,Taylor Caldwell,books_top3_1931_1995.csv,59102,2618812,Testimony of Two Men,Testimony of Two Men,pass,pass,,pass,
top1969:5279,pilot,1969,THE GODFATHER,Mario Puzo,books_top3_1931_1995.csv,22034,266624,The Godfather,The Godfather,pass,pass,,pass,
top1969:5206,pilot,1969,THE FRENCH LIEUTENANT'S WOMAN,John Fowles,books_top3_1931_1995.csv,56034,1816464,The French Lieutenant's Woman,The French Lieutenant’s Woman,pass,pass,,pass,
top1969:3566,pilot,1969,PORTNOY'S COMPLAINT,Philip Roth,books_top3_1931_1995.csv,43945,911489,Portnoy's Complaint,Portnoy’s Complaint,pass,pass,,pass,
top1970:2816,pilot,1970,LOVE STORY,Erich Segal,books_top3_1931_1995.csv,73968,816372,Love Story,Love Story,pass,pass,,pass,
top1970:3671,pilot,1970,QB VII,Leon Uris,books_top3_1931_1995.csv,426825,69653,QB VII,QB VII,pass,pass,,pass,
top1970:4911,pilot,1970,THE CRYSTAL CAVE,Mary Stewart,books_top3_1931_1995.csv,82192,1864677,The Crystal Cave,The Crystal Cave,pass,pass,,pass,
top1971:6709,pilot,1971,THE WINDS OF WAR,Herman Wouk,books_top3_1931_1995.csv,21484,1936731,The Winds of War,The Winds of War,pass,pass,THE WINDS OF WAR | WAR AND REMEMBRANCE,pass,work ID also assigned to: THE WINDS OF WAR | WAR AND REMEMBRANCE
top1971:5081,pilot,1971,THE EXORCIST,William Peter Blatty,books_top3_1931_1995.csv,179780,1945267,The Exorcist,The Exorcist,pass,pass,,pass,
top1971:4939,pilot,1971,THE DAY OF THE JACKAL,Frederick Forsyth,books_top3_1931_1995.csv,540020,1792180,The Day of the Jackal,The Day of the Jackal,pass,pass,,pass,
top1972:2501,pilot,1972,JONATHAN LIVINGSTON SEAGULL,Richard Bach,books_top3_1931_1995.csv,71728,1743336,Jonathan Livingston Seagull,Jonathan Livingston Seagull,pass,pass,,pass,
top1972:5914,pilot,1972,THE ODESSA FILE,Frederick Forsyth,books_top3_1931_1995.csv,149572,1274575,The Odessa File,The Odessa File,pass,pass,,pass,
top1972:6743,pilot,1972,THE WORD,Irving Wallace,books_top3_1931_1995.csv,551931,539171,The Word,The Word,pass,pass,,pass,
top1973:886,pilot,1973,BURR,Gore Vidal,books_top3_1931_1995.csv,150293882,1702196,Burr by Gore Vidal,Burr,pass,pass,,pass,
top1973:3369,pilot,1973,ONCE IS NOT ENOUGH,Jacqueline Susann,books_top3_1931_1995.csv,131155,1030327,Once Is Not Enough,Once Is Not Enough,pass,pass,,pass,
top1973:5401,pilot,1973,THE HOLLOW HILLS,Mary Stewart,books_top3_1931_1995.csv,116343,1282681,The Hollow Hills,The Hollow Hills,pass,pass,,pass,
top1974:982,pilot,1974,CENTENNIAL,James Michener.,books_top3_1931_1995.csv,133430,14948,Centennial,Centennial,pass,pass,,pass,
top1974:2482,pilot,1974,JAWS,Peter Benchley,books_top3_1931_1995.csv,126232,2318370,Jaws,Jaws,pass,pass,,pass,
top1974:6874,pilot,1974,"TINKER, TAILOR, SOLDIER, SPY",John le Carré,books_top3_1931_1995.csv,10073506,2491780,"Tinker, Tailor, Soldier, Spy","Tinker, Tailor, Soldier, Spy",pass,pass,,pass,
top1975:3699,pilot,1975,RAGTIME,E. L. Doctorow,books_top3_1931_1995.csv,175675,551195,Ragtime,Ragtime,pass,pass,,pass,
top1975:5815,pilot,1975,THE MONEYCHANGERS,Arthur Hailey,books_top3_1931_1995.csv,124923,120315,The Moneychangers,The Moneychangers,pass,pass,,pass,
top1975:2769,pilot,1975,LOOKING FOR MR. GOODBAR,Judith Rossner,books_top3_1931_1995.csv,166982,161255,Looking for Mr. Goodbar,Looking for Mr. Goodbar,pass,pass,,pass,
top1976:6971,pilot,1976,TRINITY,Leon Uris,books_top3_1931_1995.csv,42696,363317,Trinity,Trinity,pass,pass,,pass,
top1976:4899,pilot,1976,THE CRASH OF '79,Paul E. Erdman,books_top3_1931_1995.csv,67264,65228,The Crash of '79,The Crash of '79,pass,pass,,pass,
top1976:4148,pilot,1976,SLEEPING MURDER,Agatha Christie,books_top3_1931_1995.csv,16300,739878,Sleeping Murder,Sleeping Murder,pass,pass,,pass,
top1977:2363,pilot,1977,ILLUSIONS,Richard Bach,books_top3_1931_1995.csv,29946,30365,Illusions: The Adventures of a Reluctant Messiah,Illusions,pass,pass,,pass,
top1977:6308,pilot,1977,THE SILMARILLION,J.R.R. Tolkien,books_top3_1931_1995.csv,7332,4733799,The Silmarillion,The Silmarillion,pass,pass,,pass,
top1977:6511,pilot,1977,THE THORN BIRDS,Colleen McCullough,books_top3_1931_1995.csv,3412,816449,The Thorn Birds,The Thorn Birds,pass,pass,,pass,
top1978:7166,pilot,1978,WAR AND REMEMBRANCE,Herman Wouk,books_top3_1931_1995.csv,143021454,1936731,War and Remembrance (Wwii) by Herman Wouk,The Winds of War,pass,title_mismatch('The Winds of War'),THE WINDS OF WAR | WAR AND REMEMBRANCE,mismatch,work page: title_mismatch('The Winds of War'); work ID also assigned to: THE WINDS OF WAR | WAR AND REMEMBRANCE
top1978:1023,pilot,1978,CHESAPEAKE,James A. Michener,books_top3_1931_1995.csv,12661,1200992,Chesapeake,Chesapeake,pass,pass,,pass,
top1978:1664,pilot,1978,EVERGREEN,Belva Plain,books_top3_1931_1995.csv,182496,1279777,Evergreen,Evergreen,pass,pass,,pass,
top1979:4218,pilot,1979,SOPHIE'S CHOICE,William Styron,books_top3_1931_1995.csv,228560,2912834,Sophie's Choice,Sophie’s Choice,pass,pass,,pass,
top1979:5777,pilot,1979,THE MATARESE CIRCLE,Robert Ludlum,books_top3_1931_1995.csv,31231,2254814,The Matarese Circle,The Matarese Circle,pass,pass,,pass,
top1979:6507,pilot,1979,THE THIRD WORLD WAR: August 1985,General Sir John Hackett and Other Top-ranking NATO Generals and Advisors,books_top3_1931_1995.csv,136171229,1365663,The Third World War August 1985,The Third World War,pass,pass,,pass_alias,The Goodreads work omits the subtitle August 1985.
top1980:3696,pilot,1980,RAGE OF ANGELS,Sidney Sheldon,books_top3_1931_1995.csv,43328,1475717,Rage of Angels,Rage of Angels,pass,pass,,pass,
top1980:4897,pilot,1980,THE COVENANT,James A. Michener,books_top3_1931_1995.csv,12663,1017593,The Covenant: A Novel,The Covenant,pass,pass,,pass,
top1980:3621,pilot,1980,PRINCESS DAISY,Judith Krantz,books_top3_1931_1995.csv,56893,900492,Princess Daisy,Princess Daisy,pass,pass,,pass,
top1981:3278,pilot,1981,NOBLE HOUSE,James Clavell,books_top3_1931_1995.csv,390711,1486259,Noble House,Noble House,pass,pass,,pass,
top1981:2036,pilot,1981,GORKY PARK,Martin Cruz Smith,books_top3_1931_1995.csv,762806,90322,Gorky Park,Gorky Park,pass,pass,,pass,
top1981:2921,pilot,1981,MASQUERADE,Kit Williams,books_top3_1931_1995.csv,137610744,1120802,MASQUERADE by Kit Williams,Masquerade,pass,pass,,pass,
top1982:6595,pilot,1982,THE VALLEY OF HORSES,Jean M. Auel,books_top3_1931_1995.csv,40493,630903,The Valley of Horses,The Valley of Horses,pass,pass,,pass,
top1982:5974,pilot,1982,THE PARSIFAL MOSAIC,Robert Ludlum,books_top3_1931_1995.csv,251823,244020,The Parsifal Mosaic,The Parsifal Mosaic,pass,pass,,pass,
top1982:4231,pilot,1982,SPACE,James A. Michener,books_top3_1931_1995.csv,644949,1360492,Space,Space,pass,pass,,pass,
top1983:5851,pilot,1983,THE NAME OF THE ROSE,Umberto Eco,books_top3_1931_1995.csv,119073,3138328,The Name of the Rose,The Name of the Rose,pass,pass,,pass,
top1983:3550,pilot,1983,POLAND,James A. Michener,books_top3_1931_1995.csv,769896,892330,Poland,Poland,pass,pass,,pass,
top1983:7278,pilot,1983,WHO KILLED THE ROBINS FAMILY?,Thomas Chastain,books_top3_1931_1995.csv,123976047,145375929,who killed the robins family,who killed the robins family,pass,pass,,pass,
top1984:4746,pilot,1984,THE BUTTER BATTLE BOOK,Dr. Seuss,books_top3_1931_1995.csv,275325,218092,The BUTTER BATTLE BOOK.,The Butter Battle Book,pass,pass,,pass,
top1984:9,pilot,1984,"''. . . AND LADIES OF THE CLUB,''",Helen Hooven Santmyer,books_top3_1931_1995.csv,576666,1480967,...And Ladies of the Club,...And Ladies of the Club,pass,pass,,pass,
top1984:4564,pilot,1984,THE AQUITAINE PROGRESSION,Robert Ludlum,books_top3_1931_1995.csv,31268,680939,The Aquitaine Progression,The Aquitaine Progression,pass,pass,,pass,
top1985:2624,pilot,1985,LAKE WOBEGON DAYS,Garrison Keillor,books_top3_1931_1995.csv,77244,897867,Lake Wobegon Days,Lake Wobegon Days,pass,pass,,pass,
top1985:5744,pilot,1985,THE MAMMOTH HUNTERS,Jean M. Auel,books_top3_1931_1995.csv,49824,927520,The Mammoth Hunters,The Mammoth Hunters,pass,pass,,pass,
top1985:2361,pilot,1985,IF TOMORROW COMES,Sidney Sheldon,books_top3_1931_1995.csv,14554,1742291,If Tomorrow Comes,If Tomorrow Comes,pass,pass,,pass,
top1986:3741,pilot,1986,RED STORM RISING,Tom Clancy,books_top3_1931_1995.csv,318525,5054712,Red Storm Rising,Red Storm Rising,pass,pass,,pass,
top1986:6051,pilot,1986,THE PRINCE OF TIDES,Pat Conroy,books_top3_1931_1995.csv,16735,1312477,The Prince of Tides,The Prince of Tides,pass,pass,,pass,
top1986:2466,pilot,1986,IT,Stephen King,books_top3_1931_1995.csv,830502,150259,It,It,pass,pass,,pass,
top1987:4679,pilot,1987,THE BONFIRE OF THE VANITIES,Tom Wolfe,books_top3_1931_1995.csv,2666,1080201,The Bonfire of the Vanities,The Bonfire of the Vanities,pass,pass,,pass,
top1987:3600,pilot,1987,PRESUMED INNOCENT,Scott Turow,books_top3_1931_1995.csv,425029,7732,Presumed Innocent,Presumed Innocent,pass,pass,,pass,
top1987:3480,pilot,1987,PATRIOT GAMES,Tom Clancy,books_top3_1931_1995.csv,32682,5054702,Patriot Games,Patriot Games,pass,pass,,pass,
top1988:6278,pilot,1988,THE SHELL SEEKERS,Rosamunde Pilcher,books_top3_1931_1995.csv,37095,517040,The Shell Seekers,The Shell Seekers,pass,pass,,pass,
top1988:4759,pilot,1988,THE CARDINAL OF THE KREMLIN,Tom Clancy,books_top3_1931_1995.csv,382549,17028815,The Cardinal of the Kremlin,The Cardinal of the Kremlin,pass,pass,,pass,
top1988:2809,pilot,1988,LOVE IN THE TIME OF CHOLERA,Gabriel Garcia Marquez,books_top3_1931_1995.csv,,,,,missing_title,missing_title,,unmapped,no Goodreads work ID
top1989:1079,pilot,1989,CLEAR AND PRESENT DANGER,Tom Clancy,books_top3_1931_1995.csv,32669,5054704,Clear and Present Danger,Clear and Present Danger,pass,pass,,pass,
top1989:5515,pilot,1989,THE JOY LUCK CLUB,Amy Tan,books_top3_1931_1995.csv,7763,1955658,The Joy Luck Club,The Joy Luck Club,pass,pass,,pass,
top1989:4438,pilot,1989,TALES FROM MARGARITAVILLE,Jimmy Buffett,books_top3_1931_1995.csv,42818,42283,Tales from Margaritaville: Fictional Facts and Factual Fictions,Tales from Margaritaville,pass,pass,,pass,
top1990:3343,pilot,1990,"OH, THE PLACES YOU'LL GO!",Dr. Seuss,books_top3_1931_1995.csv,191139,2125304,"Oh, the Places You’ll Go!","Oh, the Places You’ll Go!",pass,pass,,pass,
top1990:4734,pilot,1990,THE BURDEN OF PROOF,Scott Turow,books_top3_1931_1995.csv,4035,1732833,The Burden of Proof,The Burden of Proof,pass,pass,,pass,
top1990:6019,pilot,1990,THE PLAINS OF PASSAGE,Jean M. Auel,books_top3_1931_1995.csv,74389,1377315,The Plains of Passage,The Plains of Passage,pass,pass,,pass,
top1991:5144,pilot,1991,THE FIRM,John Grisham,books_top3_1931_1995.csv,452235,220589870,The Firm,The Firm,pass,pass,,pass,
top1991:3945,pilot,1991,SCARLETT,Alexandra Ripley,books_top3_1931_1995.csv,73062,2103634,Scarlett,Scarlett,pass,pass,,pass,
top1991:6426,pilot,1991,THE SUM OF ALL FEARS,Tom Clancy,books_top3_1931_1995.csv,34993,5054706,The Sum of All Fears,The Sum of All Fears,pass,pass,,pass,
top1992:4723,pilot,1992,THE BRIDGES OF MADISON COUNTY,Robert James Waller,books_top3_1931_1995.csv,83674,3338995,The Bridges of Madison County,The Bridges of Madison County,pass,pass,,pass,
top1992:5993,pilot,1992,THE PELICAN BRIEF,John Grisham,books_top3_1931_1995.csv,32499,490324,The Pelican Brief,The Pelican Brief,pass,pass,,pass,
top1992:2060,pilot,1992,GRIFFIN & SABINE,Nick Bantock,books_top3_1931_1995.csv,381102,981140,Griffin & Sabine,Griffin & Sabine,pass,pass,,pass,
top1993:2712,pilot,1993,LIKE WATER FOR CHOCOLATE,Laura Esquivel,books_top3_1931_1995.csv,6952,1172473,Like Water for Chocolate,Like Water for Chocolate,pass,pass,,pass,
top1993:4852,pilot,1993,THE CLIENT,John Grisham,books_top3_1931_1995.csv,5359,137715,The Client,The Client,pass,pass,THE CLIENT | THE RAINMAKER,pass,work ID also assigned to: THE CLIENT | THE RAINMAKER
top1993:7344,pilot,1993,WITHOUT REMORSE,Tom Clancy,books_top3_1931_1995.csv,134099066,5054709,Without Remorse by Tom Clancy,Without Remorse,pass,pass,,pass,
top1994:4796,pilot,1994,THE CELESTINE PROPHECY,James Redfield,books_top3_1931_1995.csv,50063639,2603195,The Celestine Prophecy,The Celestine Prophecy,pass,pass,,pass,
top1994:3555,pilot,1994,POLITICALLY CORRECT BEDTIME STORIES,James Finn Garner,books_top3_1931_1995.csv,132380,127514,Politically Correct Bedtime Stories,Politically Correct Bedtime Stories,pass,pass,,pass,
top1994:3132,pilot,1994,MUTANT MESSAGE DOWN UNDER,Marlo Morgan,books_top3_1931_1995.csv,32349,3289577,Mutant Message Down Under,Mutant Message Down Under,pass,pass,,pass,
top1995:5413,pilot,1995,THE HORSE WHISPERER,Nicholas Evans,books_top3_1931_1995.csv,479415,467825,The Horse Whisperer,The Horse Whisperer,pass,pass,,pass,
top1995:4830,pilot,1995,THE CHRISTMAS BOX,Richard Paul Evans,books_top3_1931_1995.csv,161361,2493019,The Christmas Box,The Christmas Box,pass,pass,,pass,
top1995:6096,pilot,1995,THE RAINMAKER,John Grisham,books_top3_1931_1995.csv,5359,137715,The Client,The Client,title_mismatch('The Client'),title_mismatch('The Client'),THE CLIENT | THE RAINMAKER,mismatch,book page: title_mismatch('The Client'); work page: title_mismatch('The Client'); work ID also assigned to: THE CLIENT | THE RAINMAKER
top1932:5855,pilot,1932,THE NARROW CORNER,W. Someset Maugham,books_top3_1931_1995_zero_label_more.csv,,,,,missing_title,missing_title,,unmapped,no Goodreads work ID
top1932:2875,pilot,1932,MAGNOLIA STREET,Louis Golding,books_top3_1931_1995_zero_label_more.csv,2463730,2470926,Magnolia Street,Magnolia Street,pass,pass,,pass,
top1933:7341,pilot,1933,WITHIN THIS PRESENT,Margaret Ayer Barnes,books_top3_1931_1995_zero_label_more.csv,12489495,17474483,Within This Present,Within This Present,pass,pass,,pass,
top1933:2731,pilot,1933,"LITTLE MAN, WHAT NOW?",Hans Fallada,books_top3_1931_1995_zero_label_more.csv,466354,454727,"Little Man, What Now?","Little Man, What Now?",pass,pass,,pass,
top1937:453,pilot,1937,AND SO - VICTORIA,Vaughan Wilkins,books_top3_1931_1995_zero_label_more.csv,6522744,6714659,And So - Victoria,And So - Victoria,pass,pass,,pass,
top1937:6761,pilot,1937,THE YEARS,Virginia Woolf,books_top3_1931_1995_zero_label_more.csv,18852,2970368,The Years,The Years,pass,pass,,pass,
top1942:6064,pilot,1942,THE PRODIGAL WOMEN,Nancy Hale,books_top3_1931_1995_zero_label_more.csv,2977275,3007640,The Prodigal Women,The Prodigal Women,pass,pass,,pass,
top1942:1525,pilot,1942,DRAGON SEED,Pearl S. Buck,books_top3_1931_1995_zero_label_more.csv,93517,1548866,Dragon Seed,Dragon Seed,pass,pass,,pass,
top1945:5195,pilot,1945,THE FOUNTAINHEAD,Ayn Rand,books_top3_1931_1995_zero_label_more.csv,2122,3331807,The Fountainhead,The Fountainhead,pass,pass,,pass,
top1945:6687,pilot,1945,THE WHITE TOWER,James Ramsey Ullman,books_top3_1931_1995_zero_label_more.csv,710790,697057,The White Tower,The White Tower,pass,pass,,pass,
top1946:3093,pilot,1946,MR. ADAM,Pat Frank,books_top3_1931_1995_zero_label_more.csv,3135492,3166915,Mr. Adam,Mr. Adam,pass,pass,,pass,
top1946:5438,pilot,1946,THE HUCKSTERS,Frederic Wakeman,books_top3_1931_1995_zero_label_more.csv,153033,147715,The Hucksters,The Hucksters,pass,pass,,pass,
top1947:1978,pilot,1947,GENTLEMAN'S AGREEMENT,Laura Z. Hobson,books_top3_1931_1995_zero_label_more.csv,13568094,895000,Gentleman's Agreement,Gentleman's Agreement,pass,pass,,pass,
top1947:5816,pilot,1947,THE MONEYMAN,Thomas B. Costain,books_top3_1931_1995_zero_label_more.csv,401942,391346,The Moneyman,The Moneyman,pass,pass,,pass,
top1949:1776,pilot,1949,FATHER OF THE BRIDE,Edward Streeter,books_top3_1931_1995_zero_label_more.csv,1142897,42136148,Father of the Bride,Father of the Bride,pass,pass,,pass,
top1949:2912,pilot,1949,MARY,Sholem Asch,books_top3_1931_1995_zero_label_more.csv,85929022,110416689,MARY.,MARY.,pass,pass,,pass,
top1950:2516,pilot,1950,JOY STREET,Frances Parkinson Keyes,books_top3_1931_1995_zero_label_more.csv,2238478,829306,Joy Street,Joy Street,pass,pass,,pass,
top1950:6633,pilot,1950,THE WALL,John Hersey,books_top3_1931_1995_zero_label_more.csv,128565271,148954003,The Wall,The Wall,pass,pass,,pass,
top1953:687,pilot,1953,BEYOND THIS PLACE,A.J. Cronin,books_top3_1931_1995_zero_label_more.csv,1458918,2429750,Beyond This Place,Beyond This Place,pass,pass,,pass,
top1953:5125,pilot,1953,THE FEMALE,Paul Wellman,books_top3_1931_1995_zero_label_more.csv,5959661,1383018,The Female,Wanita,pass,pass,,pass_alias,Wanita is a translated title for The Female by Paul I. Wellman.
top1954:2811,pilot,1954,LOVE IS ETERNAL,Irving Stone,books_top3_1931_1995_zero_label_more.csv,158417,3095258,Love is Eternal,Love is Eternal,pass,pass,,pass,
top1954:2913,pilot,1954,MARY ANNE,Daphne du Maurier,books_top3_1931_1995_zero_label_more.csv,144371103,2186383,Mary Anne (VMC) by Daphne Du Maurier,Mary Anne,pass,pass,,pass,
top1957:6200,pilot,1957,THE SCAPEGOAT,Daphne du Maurier,books_top3_1931_1995_zero_label_more.csv,18869971,2278127,The Scapegoat,The Scapegoat,pass,pass,,pass,
top1957:5575,pilot,1957,THE LAST ANGRY MAN,Gerald Green,books_top3_1931_1995_zero_label_more.csv,2816254,2842187,The Last Angry Man,The Last Angry Man,pass,pass,,pass,
top1984:2718,pilot,1984,LINCOLN,Gore Vidal,books_top3_1931_1995_zero_label_more.csv,8716,658163,Lincoln,Lincoln,pass,pass,,pass,
top1984:5202,pilot,1984,THE FOURTH PROTOCOL,Frederick Forsyth,books_top3_1931_1995_zero_label_more.csv,327255,1493348,The Fourth Protocol,The Fourth Protocol,pass,pass,,pass,
top1932:6279,pilot,1932,THE SHELTERED LIFE,Ellen Glasgow,books_top3_1931_1995_zero_label_final.csv,266873,258750,The Sheltered Life,The Sheltered Life,pass,pass,,pass,
top1932:4216,pilot,1932,SONS,Pearl S. Buck,books_top3_1931_1995_zero_label_final.csv,40776308,3258094,Sons,Sons,pass,pass,,pass,
top1933:3382,pilot,1933,ONE MORE RIVER,John Galsworthy,books_top3_1931_1995_zero_label_final.csv,2805250,1726813,One More River,One More River,pass,pass,,pass,
top1933:5574,pilot,1933,THE LAST ADAM,James G. Cozzens,books_top3_1931_1995_zero_label_final.csv,1209224,1197595,The Last Adam,The Last Adam,pass,pass,,pass,
top1946:1596,pilot,1946,EAST RIVER,Sholem Asch,books_top3_1931_1995_zero_label_final.csv,947216,615345,East River,East River,pass,pass,,pass,
top1946:5547,pilot,1946,THE KING'S GENERAL,Daphne du Maurier,books_top3_1931_1995_zero_label_final.csv,18869969,627187,The King's General,The King's General,pass,pass,,pass,
top1949:2671,pilot,1949,LET LOVE COME LAST,Taylor Caldwell,books_top3_1931_1995_zero_label_final.csv,40678023,2050239,Let Love Come Last: A Novel,Let Love Come Last,pass,pass,,pass,
top1949:5756,pilot,1949,THE MAN WITH THE GOLDEN ARM,Nelson Algren,books_top3_1931_1995_zero_label_final.csv,228602474,826056,The Man with the Golden Arm by Nelson Algren,The Man with the Golden Arm,pass,pass,,pass,
top1950:5676,pilot,1950,THE LITTLE WORLD OF DON CAMILLO,Giovanni Guareschi,books_top3_1931_1995_zero_label_final.csv,66878,64845,The Little World Of Don Camillo,The Little World of Don Camillo,pass,pass,,pass,
top1950:2239,pilot,1950,HOMEWARD BORNE,Ruth Chatterton,books_top3_1931_1995_zero_label_final.csv,4577998,4627389,Homeward Borne,Homeward Borne,pass,pass,,pass,
top1953:2779,pilot,1953,LORD VANITY,Samuel Shellabarger,books_top3_1931_1995_zero_label_final.csv,547398,534663,Lord Vanity,Lord Vanity,pass,pass,,pass,
top1953:5565,pilot,1953,THE LADY OF ARLINGTON,Harnett T. Kane,books_top3_1931_1995_zero_label_final.csv,1882965,1884058,Lady of Arlington : A Novel Based on the Life of Mrs. Robert E. Lee,Lady of Arlington,pass,pass,,pass,
top1954:4999,pilot,1954,THE DOLLMAKER,Harriette Arnow,books_top3_1931_1995_zero_label_final.csv,600335,586935,The Dollmaker,The Dollmaker,pass,pass,,pass,
top1954:555,pilot,1954,AWAY ALL BOATS,Kenneth Dodson,books_top3_1931_1995_zero_label_final.csv,1835865,1835851,Away All Boats,Away All Boats,pass,pass,,pass,
top1931:7031,pilot,1931,TWO PEOPLE,A. A. Milne,books_top3_1931_1995_under_two_more.csv,5960371,6133119,Two People,Two People,pass,pass,,pass,
top1931:859,pilot,1931,BROOME STAGES,Clemance Dane,books_top3_1931_1995_under_two_more.csv,,,,,missing_title,missing_title,,unmapped,no Goodreads work ID
top1931:413,pilot,1931,AMERICAN BEAUTY,Edna Ferber,books_top3_1931_1995_under_two_more.csv,2055202,1263065,American Beauty,American Beauty,pass,pass,,pass,
top1932:847,pilot,1932,BRIGHT SKIN,Julia Peterkin,books_top3_1931_1995_under_two_more.csv,1489396,1480633,Bright Skin,Bright Skin,pass,pass,,pass,
top1932:4639,pilot,1932,THE BISHOP'S JAEGERS,Thorne Smith,books_top3_1931_1995_under_two_more.csv,42926411,1630739,The Bishop's Jaegers,The Bishop's Jaegers,pass,pass,,pass,
top1932:2421,pilot,1932,INHERITANCE,Phyllis Bentley,books_top3_1931_1995_under_two_more.csv,6436778,6626360,Inheritance,Inheritance,pass,pass,,pass,
top1933:3383,pilot,1933,ONE MORE SPRING,Robert Nathan,books_top3_1931_1995_under_two_more.csv,1215441,1203884,One More Spring,One More Spring,pass,pass,,pass,
top1933:5118,pilot,1933,THE FARM,Louis Bromfield,books_top3_1931_1995_under_two_more.csv,1943847,1946483,The Farm,The Farm,pass,pass,,pass,
top1933:3701,pilot,1933,RAIN IN THE DOORWAY,Thorne Smith,books_top3_1931_1995_under_two_more.csv,43173605,894610,Rain In The Doorway,Rain in the Doorway,pass,pass,,pass,
top1934:2791,pilot,1934,LOST HORIZON,James Hilton,books_top3_1931_1995_under_two_more.csv,39092290,1180015,Lost Horizon: A Novel,Lost Horizon,pass,pass,,pass,
top1934:5191,pilot,1934,THE FORTY DAYS OF MUSA DAGH,Franz Werfel,books_top3_1931_1995_under_two_more.csv,438323,1079358,The Forty Days of Musa Dagh,The Forty Days of Musa Dagh,pass,pass,,pass,
top1934:7359,pilot,1934,WORK OF ART,Sinclair Lewis,books_top3_1931_1995_under_two_more.csv,761334,747428,Work of Art,Work of Art,pass,pass,,pass,
top1936:7382,pilot,1936,YANG AND YIN,Alice Tisdale Hobart,books_top3_1931_1995_under_two_more.csv,12693664,17823584,Yang And Yin: A Novel of an American Doctor in China,Yang And Yin,pass,pass,,pass,
top1936:4234,pilot,1936,SPARKENBROKE,Charles Morgan,books_top3_1931_1995_under_two_more.csv,2143080,2148570,Sparkenbroke,Sparkenbroke,pass,pass,,pass,
top1936:7259,pilot,1936,WHITE BANNERS,Lloyd C. Douglas,books_top3_1931_1995_under_two_more.csv,25860863,764696,White Banners,The Big Fisherman,pass,title_mismatch('The Big Fisherman'),THE BIG FISHERMAN | WHITE BANNERS,mismatch,work page: title_mismatch('The Big Fisherman'); work ID also assigned to: THE BIG FISHERMAN | WHITE BANNERS
top1937:6769,pilot,1937,THEATRE,Somerset Maugham,books_top3_1931_1995_under_two_more.csv,31326,1908840,Theatre,Theatre,pass,pass,,pass,
top1937:5956,pilot,1937,THE OUTWARD ROOM,Millen Brand,books_top3_1931_1995_under_two_more.csv,8320645,6887022,The Outward Room,The Outward Room,pass,pass,,pass,
top1937:3337,pilot,1937,OF MICE AND MEN,John Steinbeck,books_top3_1931_1995_under_two_more.csv,18114322,2931549,The Grapes of Wrath,The Grapes of Wrath,title_mismatch('The Grapes of Wrath'),title_mismatch('The Grapes of Wrath'),OF MICE AND MEN | THE GRAPES OF WRATH,mismatch,book page: title_mismatch('The Grapes of Wrath'); work page: title_mismatch('The Grapes of Wrath'); work ID also assigned to: OF MICE AND MEN | THE GRAPES OF WRATH
top1938:3150,pilot,1938,"MY SON, MY SON!",Howard Spring,books_top3_1931_1995_under_two_more.csv,1016639,1002763,"My Son, My Son","My Son, My Son",pass,pass,,pass,
top1938:5825,pilot,1938,THE MORTAL STORM,Phyllis Bottome,books_top3_1931_1995_under_two_more.csv,1906079,1907891,The Mortal Storm,The Mortal Storm,pass,pass,,pass,
top1938:6832,pilot,1938,THREE HARBOURS,F. Van Wyck Mason,books_top3_1931_1995_under_two_more.csv,7953338,1857851,Three Harbours,Three Harbours,pass,pass,,pass,
top1939:1649,pilot,1939,ESCAPE,Ethel Vance,books_top3_1931_1995_under_two_more.csv,4743823,4808445,Escape,Escape,pass,pass,,pass,
top1939:3039,pilot,1939,MOMENT IN PEKING,Lin Yutang,books_top3_1931_1995_under_two_more.csv,1320195,1309540,Moment in Peking,Moment in Peking,pass,pass,,pass,
top1939:7285,pilot,1939,WICKFORD POINT,John P. Marquand,books_top3_1931_1995_under_two_more.csv,309852,1055852,Wickford Point,Wickford Point,pass,pass,,pass,
top1941:6803,pilot,1941,THIS ABOVE ALL,Eric Knight,books_top3_1931_1995_under_two_more.csv,2070171,2075414,This Above All,This Above All,pass,pass,,pass,
top1941:7313,pilot,1941,WINDSWEPT,Mary Ellen Chase,books_top3_1931_1995_under_two_more.csv,206140,199505,Windswept,Windswept,pass,pass,,pass,
top1941:287,pilot,1941,ABOVE SUSPICION,Helen McInnes,books_top3_1931_1995_under_two_more.csv,,,,,missing_title,missing_title,,unmapped,no Goodreads work ID
top1942:450,pilot,1942,AND NOW TOMORROW,Rachel Field,books_top3_1931_1995_under_two_more.csv,723668,709897,And Now Tomorrow,And Now Tomorrow,pass,pass,,pass,
top1942:5820,pilot,1942,THE MOON IS DOWN,John Steinbeck,books_top3_1931_1995_under_two_more.csv,12722,21887652,The Moon Is Down,The Moon Is Down,pass,pass,,pass,
top1942:533,pilot,1942,ASSIGNMENT IN BRITTANY,Helen MacInnes,books_top3_1931_1995_under_two_more.csv,139244,2913447,Assignment in Brittany,Assignment in Brittany,pass,pass,,pass,
top1943:2298,pilot,1943,HUNGRY HILL,Daphne du Maurier,books_top3_1931_1995_under_two_more.csv,18869978,712322,Hungry Hill,Hungry Hill,pass,pass,,pass,
top1943:5439,pilot,1943,THE HUMAN COMEDY,William Saroyan,books_top3_1931_1995_under_two_more.csv,28305,1327085,The Human Comedy,The Human Comedy,pass,pass,,pass,
top1943:3122,pilot,1943,MRS. PARKINGTON,Louis Bromfield,books_top3_1931_1995_under_two_more.csv,7860860,2351475,Mrs. Parkington,Mrs. Parkington,pass,pass,,pass,
top1944:6102,pilot,1944,THE RAZOR'S EDGE,Somerset Maugham,books_top3_1931_1995_under_two_more.csv,31196,2095259,The Razor’s Edge,The Razor’s Edge,pass,pass,,pass,
top1944:5334,pilot,1944,THE GREEN YEARS,A. J. Cronin,books_top3_1931_1995_under_two_more.csv,716780,621045,The Green Years,The Green Years,pass,pass,,pass,
top1944:50,pilot,1944,A BELL FOR ADANO,John Hersey,books_top3_1931_1995_under_two_more.csv,167899074,1798417,A Bell for Adano - John Hersey - The Franklin Library - Gary Kelley Illustrations,A Bell for Adano,pass,pass,,pass,
top1945:4183,pilot,1945,SO WELL REMEMBERED,James Hilton,books_top3_1931_1995_under_two_more.csv,413616,402843,So Well Remembered,So Well Remembered,pass,pass,,pass,
top1945:6753,pilot,1945,"THE WORLD, THE FLESH AND FATHER SMITH",Bruce Marshall,books_top3_1931_1995_under_two_more.csv,17786842,3403638,"The World, the Flesh, and Father Smith","The World, the Flesh, and Father Smith",pass,pass,,pass,
top1945:6149,pilot,1945,THE RIVER ROAD,Frances Parkinson Keyes,books_top3_1931_1995_under_two_more.csv,843671,2197194,The River Road,The River Road,pass,pass,,pass,
top1946:3027,pilot,1946,MISTER ROBERTS,Thomas Heggen,books_top3_1931_1995_under_two_more.csv,2472016,2479213,Mister Roberts,Mister Roberts,pass,pass,,pass,
top1946:505,pilot,1946,ARCH OF TRIUMPH,Erich Maria Remarque,books_top3_1931_1995_under_two_more.csv,672948,78113139,Arch of Triumph,Arch of Triumph,pass,pass,,pass,
top1946:558,pilot,1946,B.F.'s DAUGHTER,John P. Marquand,books_top3_1931_1995_under_two_more.csv,142410045,158066812,B.F.'s Daughter,B.F.'s Daughter,pass,pass,,pass,
top1947:2857,pilot,1947,LYDIA BAILEY,Kenneth Roberts,books_top3_1931_1995_under_two_more.csv,128764531,1263721,Lydia Bailey by Kenneth Lewis Roberts,Lydia Bailey,pass,pass,,pass,
top1947:6619,pilot,1947,THE VIXENS,Frank Yerby,books_top3_1931_1995_under_two_more.csv,1269831,1258753,The Vixens,The Vixens,pass,pass,,pass,
top1947:909,pilot,1947,CAME A CAVALIER,Frances Parkinson Keyes,books_top3_1931_1995_under_two_more.csv,608903,829275,Came A Cavalier,Came A Cavalier,pass,pass,,pass,
top1948:6765,pilot,1948,THE YOUNG LIONS,Irwin Shaw,books_top3_1931_1995_under_two_more.csv,315511,306344,The Young Lions,The Young Lions,pass,pass,,pass,
top1948:3709,pilot,1948,RAINTREE COUNTY,Ross Lockridge,books_top3_1931_1995_under_two_more.csv,257233,249300,Raintree County,Raintree County,pass,pass,,pass,
top1948:1215,pilot,1948,"CRY, THE BELOVED COUNTRY",Alan Paton,books_top3_1931_1995_under_two_more.csv,133387586,59082,"Cry, The Beloved Country by Alan Paton","Cry, the Beloved Country",pass,pass,,pass,
top1949:3607,pilot,1949,PRIDE'S CASTLE,Frank Yerby,books_top3_1931_1995_under_two_more.csv,1446970,1437672,Pride's castle,Pride's castle,pass,pass,,pass,
top1949:4715,pilot,1949,THE BRAVE BULLS,Tom Lea,books_top3_1931_1995_under_two_more.csv,1627737,1621811,The Brave Bulls: A Novel,The Brave Bulls,pass,pass,,pass,
top1949:1229,pilot,1949,CUTLASS EMPIRE,F. Van Wyck Mason,books_top3_1931_1995_under_two_more.csv,1263363,1252229,Cutlass Empire,Cutlass Empire,pass,pass,,pass,
top1950:4286,pilot,1950,STAR MONEY,Kathleen Winsor,books_top3_1931_1995_under_two_more.csv,1775060,1773390,Star Money,Star Money,pass,pass,,pass,
top1950:4518,pilot,1950,THE ADVENTURER,Mika Waltari,books_top3_1931_1995_under_two_more.csv,59284,236793,The Adventurer,The Adventurer,pass,pass,,pass,
top1950:302,pilot,1950,ACROSS THE RIVER AND INTO THE TREES,Ernest Hemingway,books_top3_1931_1995_under_two_more.csv,10778,25300427,Across the River and into the Trees,Across the River and into the Trees,pass,pass,,pass,
top1952:5314,pilot,1952,THE GOWN OF GLORY,Agnes Sligh Turnbull,books_top3_1931_1995_under_two_more.csv,7973185,1760423,The Gown of Glory,The Gown of Glory,pass,pass,,pass,
top1952:3138,pilot,1952,MY COUSIN RACHEL,Daphne du Maurier,books_top3_1931_1995_under_two_more.csv,18869970,623258,My Cousin Rachel,My Cousin Rachel,pass,pass,,pass,
top1952:4315,pilot,1952,STEAMBOAT GOTHIC,Frances Parkinson Keyes,books_top3_1931_1995_under_two_more.csv,843752,829283,Steamboat Gothic,Steamboat Gothic,pass,pass,,pass,
top1953:6863,pilot,1953,TIME AND TIME AGAIN,James Hilton,books_top3_1931_1995_under_two_more.csv,199203,192706,Time and Time Again,Time and Time Again,pass,pass,,pass,
top1953:2014,pilot,1953,GOLDEN ADMIRAL,Francis Van Wyck Mason,books_top3_1931_1995_under_two_more.csv,133611365,1251436,Golden admiral: A novel of Sir Francis Drake and the Armada,Golden Admiral,pass,pass,,pass,
top1953:2590,pilot,1953,"KISS ME AGAIN, STRANGER",Daphne du Maurier,books_top3_1931_1995_under_two_more.csv,919029,74007102,"Kiss Me Again, Stranger","Kiss Me Again, Stranger",pass,pass,,pass,
top1954:2545,pilot,1954,KATHERINE,Anya Seton,books_top3_1931_1995_under_two_more.csv,33609,2372397,Katherine,Katherine,pass,pass,,pass,
top1954:3192,pilot,1954,"NEVER VICTORIOUS, NEVER DEFEATED",Taylor Caldwell,books_top3_1931_1995_under_two_more.csv,41044675,2054778,"Never Victorious, Never Defeated: A Novel","Never Victorious, Never Defeated",pass,pass,,pass,
top1954:6168,pilot,1954,THE ROYAL BOX,Frances Parkinson Keyes,books_top3_1931_1995_under_two_more.csv,2234806,2240643,The Royal Box,The Royal Box,pass,pass,,pass,
top1956:1497,pilot,1956,DON'T GO NEAR THE WATER,William Brinkley,books_top3_1931_1995_under_two_more.csv,1017661,1003785,Don't Go Near the Water,Don't Go Near the Water,pass,pass,,pass,
top1956:2374,pilot,1956,IMPERIAL WOMAN,Pearl S. Buck,books_top3_1931_1995_under_two_more.csv,93521,1610546,Imperial Woman,Imperial Woman,pass,pass,,pass,
top1956:5761,pilot,1956,THE MANDARINS,Simone de Beauvoir,books_top3_1931_1995_under_two_more.csv,19528,20761,The Mandarins,The Mandarins,pass,pass,,pass,
top1957:3363,pilot,1957,ON THE BEACH,Nevil Shute,books_top3_1931_1995_under_two_more.csv,38180,963772,On the Beach,On the Beach,pass,pass,,pass,
top1957:6750,pilot,1957,THE WORLD OF SUZIE WONG,Richard Mason,books_top3_1931_1995_under_two_more.csv,701773,688078,The World of Suzie Wong,The World of Suzie Wong,pass,pass,,pass,
top1957:3758,pilot,1957,REMEMBER ME TO GOD,Myron S. Kaufmann,books_top3_1931_1995_under_two_more.csv,2603768,2628414,Remember Me to God,Remember Me to God,pass,pass,,pass,
top1958:1484,pilot,1958,DOCTOR ZHIVAGO,Boris Pasternak,books_top3_1931_1995_under_two_more.csv,130669514,3288400,Doctor Zhivago By Boris Pasternak -1958- 1st American Edition HC/DJ [Hardcover] Boris Pasternak,Doctor Zhivago,pass,pass,,pass,
top1958:2745,pilot,1958,LOLITA,Vladimir Nabokov,books_top3_1931_1995_under_two_more.csv,9216051,1268631,Lolita,Lolita,pass,pass,,pass,
top1958:6715,pilot,1958,THE WINTHROP WOMAN,Anya Seton,books_top3_1931_1995_under_two_more.csv,36253,2208750,The Winthrop Woman,The Winthrop Woman,pass,pass,,pass,
top1959:4970,pilot,1959,THE DEVIL'S ADVOCATE,Morris L. West,books_top3_1931_1995_under_two_more.csv,56961,55489,The Devil's Advocate.,The Devil's Advocate,pass,pass,,pass,
top1959:3111,pilot,1959,MRS. ARRIS GOES TO PARIS,Paul Gallico,books_top3_1931_1995_under_two_more.csv,338670,1427262,Mrs. 'Arris Goes to Paris,Mrs. 'Arris Goes to Paris,pass,pass,,pass,
top1959:2619,pilot,1959,LADY CHATTERLY'S LOVER,D.H. Lawrence,books_top3_1931_1995_under_two_more.csv,368966,1338683,John Thomas and Lady Jane: 2,John Thomas and Lady Jane,title_mismatch('John Thomas and Lady Jane: 2'),title_mismatch('John Thomas and Lady Jane'),,mismatch,book page: title_mismatch('John Thomas and Lady Jane: 2'); work page: title_mismatch('John Thomas and Lady Jane')
top1962:6058,pilot,1962,THE PRIZE,Irving Wallace,books_top3_1931_1995_under_two_more.csv,478146,689607,The Prize,The Prize,pass,pass,,pass,
top1962:1715,pilot,1962,FAIL-SAFE,Eugene Burdick and Harvey Wheeler,books_top3_1931_1995_under_two_more.csv,354259,1458945,Fail-Safe,Fail-Safe,pass,pass,,pass,
top1962:7404,pilot,1962,YOUNGBLOOD HAWKE,Herman Wouk,books_top3_1931_1995_under_two_more.csv,42990,769149,Youngblood Hawke,Youngblood Hawke,pass,pass,,pass,
top1968:1167,pilot,1968,COUPLES,John Updike,books_top3_1931_1995_under_two_more.csv,11662,1034115,Couples,Couples,pass,pass,,pass,
top1968:7102,pilot,1968,VANISHED,Fletcher Knebel,books_top3_1931_1995_under_two_more.csv,738702,3159373,Vanished,Vanished,pass,pass,,pass,
top1968:3155,pilot,1968,MYRA BRECKINRIDGE,Gore Vidal,books_top3_1931_1995_under_two_more.csv,86036,894788,Myra Breckinridge,Myra Breckinridge,pass,pass,,pass,
top1976:23,pilot,1976,1876,Gore Vidal,books_top3_1931_1995_under_two_more.csv,88890,2901963,1876,1876,pass,pass,,pass,
top1976:1489,pilot,1976,DOLORES,Jacqueline Susann,books_top3_1931_1995_under_two_more.csv,1215381,1447196,Dolores,Dolores,pass,pass,,pass,
top1976:4338,pilot,1976,STORM WARNING,Jack Higgins,books_top3_1931_1995_under_two_more.csv,486695,474975,Storm Warning: A Novel,Storm Warning,pass,pass,,pass,
top1979:6383,pilot,1979,THE STAND,Stephen King,books_top3_1931_1995_under_two_more.csv,87591651,1742269,The Stand,The Stand,pass,pass,,pass,
top1979:6972,pilot,1979,TRIPLE,Ken Follett,books_top3_1931_1995_under_two_more.csv,127799397,1877354,Triple (Signet) by Ken Follett,Triple,pass,pass,,pass,
top1979:4944,pilot,1979,THE DEAD ZONE,Stephen King,books_top3_1931_1995_under_two_more.csv,233667,1803,Firestarter,Firestarter,title_mismatch('Firestarter'),title_mismatch('Firestarter'),,mismatch,book page: title_mismatch('Firestarter'); work page: title_mismatch('Firestarter')
top1983:5671,pilot,1983,THE LITTLE DRUMMER GIRL,John le Carré,books_top3_1931_1995_under_two_more.csv,19003,1129162,The Little Drummer Girl,The Little Drummer Girl,pass,pass,,pass,
top1983:3506,pilot,1983,PET SEMATARY,Stephen King,books_top3_1931_1995_under_two_more.csv,33124137,150017,Pet Sematary,Pet Sematary,pass,pass,,pass,
top1983:1047,pilot,1983,CHRISTINE,Stephen King,books_top3_1931_1995_under_two_more.csv,10629,1150571,Christine,Christine,pass,pass,,pass,
top1984:5352,pilot,1984,THE HAJ,Leon Uris,books_top3_1931_1995_under_two_more.csv,42691,798555,The Haj,The Haj,pass,pass,,pass,
top1984:6293,pilot,1984,THE SICILIAN,Mario Puzo,books_top3_1931_1995_under_two_more.csv,22026,812174,The Sicilian,The Sicilian,pass,pass,,pass,
top1984:6462,pilot,1984,THE TALISMAN,Stephen King and Peter Straub,books_top3_1931_1995_under_two_more.csv,244838081,3324421,The Talisman,The Talisman,pass,pass,,pass,
top1988:352,pilot,1988,ALASKA,James A. Michener,books_top3_1931_1995_under_two_more.csv,42953,1987481,Alaska,Alaska,pass,pass,,pass,
top1988:831,pilot,1988,BREATHING LESSONS,Anne Tyler,books_top3_1931_1995_under_two_more.csv,123646012,3766822,Breathing Lessons by Anne Tyler,Breathing Lessons,pass,pass,,pass,
top1988:5454,pilot,1988,THE ICARUS AGENDA,Robert Ludlum,books_top3_1931_1995_under_two_more.csv,573201,41691,The Icarus Agenda,The Icarus Agenda,pass,pass,,pass,
top1990:4003,pilot,1990,SEPTEMBER,Rosamunde Pilcher,books_top3_1931_1995_under_two_more.csv,116053,6958004,September,September,pass,pass,,pass,
top1990:4708,pilot,1990,THE BOURNE ULTIMATUM,Robert Ludlum,books_top3_1931_1995_under_two_more.csv,31259,31538,The Bourne Ultimatum,The Bourne Ultimatum,pass,pass,,pass,
top1990:2956,pilot,1990,MEMORIES OF MIDNIGHT,Sidney Sheldon,books_top3_1931_1995_under_two_more.csv,106648,2324921,Memories of Midnight,Memories of Midnight,pass,pass,,pass,
top1992:7158,pilot,1992,WAITING TO EXHALE,Terry McMillan,books_top3_1931_1995_under_two_more.csv,131318124,806956,"Waiting to Exhale by McMillan, Terry. (Pocket,2001) [Mass Market Paperback]",Waiting to Exhale,pass,pass,,pass,
top1992:1979,pilot,1992,GERALD'S GAME,Stephen King,books_top3_1931_1995_under_two_more.csv,32692,4847031,Gerald's Game,Gerald's Game,pass,pass,,pass,
top1992:3894,pilot,1992,SABINE'S NOTEBOOK,Nick Bantock,books_top3_1931_1995_under_two_more.csv,85730,981141,Sabine's Notebook,Sabine's Notebook,pass,pass,,pass,
top2016:116,modern,2016,A GENTLEMAN IN MOSCOW,Amor Towles,books_topn.csv,34066798,45743836,A Gentleman in Moscow,A Gentleman in Moscow,pass,pass,,pass,
top2016:6581,modern,2016,THE UNDERGROUND RAILROAD,Colson Whitehead,books_topn.csv,,,,,missing_title,missing_title,,unmapped,no Goodreads work ID
top2016:4157,modern,2016,SMALL GREAT THINGS,Jodi Picoult,books_topn.csv,41021501,45950662,Small Great Things,Small Great Things,pass,pass,,pass,
top2016:6678,modern,2016,THE WHISTLER,John Grisham,books_topn.csv,29354916,49477649,The Whistler,The Whistler,pass,pass,,pass,
top2016:7022,modern,2016,TWO BY TWO,Nicholas Sparks,books_topn.csv,40669990,50407655,Two by Two,Two by Two,pass,pass,,pass,
top2016:6728,modern,2016,THE WOMAN IN CABIN 10,Ruth Ware,books_topn.csv,234979532,48209164,The Woman in Cabin 10,The Woman in Cabin 10,pass,pass,,pass,
top2016:1132,modern,2016,COMMONWEALTH,Ann Patchett,books_topn.csv,28214365,48242398,Commonwealth,Commonwealth,pass,pass,,pass,
top2016:5865,modern,2016,THE NEST,Cynthia D'Aprix Sweeney,books_topn.csv,54870219,45630747,The Nest,The Nest,pass,pass,,pass,
top2016:637,modern,2016,BEFORE THE FALL,Noah Hawley,books_topn.csv,40670008,42901355,Before the Fall,Before the Fall,pass,pass,,pass,
top2016:3225,modern,2016,NIGHT SCHOOL,Lee Child,books_topn.csv,28077464,48079305,Night School,Night School,pass,pass,,pass,
top2016:5261,modern,2016,THE GIRLS,Emma Cline,books_topn.csv,26893819,42856015,The Girls,The Girls,pass,pass,,pass,
top2016:6757,modern,2016,THE WRONG SIDE OF GOODBYE,Michael Connelly,books_topn.csv,29154543,49404119,The Wrong Side of Goodbye,The Wrong Side of Goodbye,pass,pass,,pass,
top2016:1203,modern,2016,CROSS THE LINE,James Patterson,books_topn.csv,28936152,49155192,Cross the Line,Cross the Line,pass,pass,,pass,
top2016:3145,modern,2016,MY NAME IS LUCY BARTON,Elizabeth Strout,books_topn.csv,25893709,45584499,My Name Is Lucy Barton,My Name Is Lucy Barton,pass,pass,,pass,
top2016:5597,modern,2016,THE LAST MILE,David Baldacci,books_topn.csv,26245853,46239650,The Last Mile,The Last Mile,pass,pass,,pass,
top2016:3263,modern,2016,NO MAN'S LAND,David Baldacci,books_topn.csv,29467945,49744435,No Man's Land,No Man's Land,pass,pass,,pass,
top2016:1638,modern,2016,END OF WATCH,Stephen King,books_topn.csv,25526965,45313982,End of Watch,End of Watch,pass,pass,,pass,
top2016:6989,modern,2016,TRULY MADLY GUILTY,Liane Moriarty,books_topn.csv,27831371,49997474,Truly Madly Guilty,Truly Madly Guilty,pass,pass,,pass,
top2016:21,modern,2016,15TH AFFAIR,James Patterson and Maxine Paetro,books_topn.csv,25613617,45424865,15th Affair,15th Affair,pass,pass,,pass,
top2016:2223,modern,2016,HOME,Harlan Coben,books_topn.csv,29430007,49018983,Home,Home,pass,pass,,pass,
top2016:4653,modern,2016,THE BLACK WIDOW,Daniel Silva,books_topn.csv,27213121,47255119,The Black Widow,The Black Widow,pass,pass,,pass,
top2016:7000,modern,2016,TURBO TWENTY-THREE,Janet Evanovich,books_topn.csv,28686830,48881943,Turbo Twenty-Three,Turbo Twenty-Three,pass,pass,,pass,
top2016:1704,modern,2016,EXTREME PREY,John Sandford,books_topn.csv,26025992,45949484,Extreme Prey,Extreme Prey,pass,pass,,pass,
top2016:1834,modern,2016,FIRST COMES LOVE,Emily Giffin,books_topn.csv,26192467,46165271,First Comes Love,First Comes Love,pass,pass,,pass,
top2016:1874,modern,2016,FOOL ME ONCE,Harlan Coben,books_topn.csv,26109394,45536239,Fool Me Once,Fool Me Once,pass,pass,,pass,
top2016:3725,modern,2016,RAZOR GIRL,Carl Hiaasen,books_topn.csv,28185972,48301883,Razor Girl,Razor Girl,pass,pass,,pass,
top2016:2173,modern,2016,HERE'S TO US,Elin Hilderbrand,books_topn.csv,27161845,47201116,Here's to Us,Here's to Us,pass,pass,,pass,
top2016:6918,modern,2016,TOM CLANCY: TRUE FAITH AND ALLEGIANCE,Mark Greaney,books_topn.csv,,,,,missing_title,missing_title,,unmapped,no Goodreads work ID
top2016:4812,modern,2016,THE CHEMIST,Stephanie Meyer,books_topn.csv,,,,,missing_title,missing_title,,unmapped,no Goodreads work ID
top2016:6428,modern,2016,THE SUMMER BEFORE THE WAR,Helen Simonson,books_topn.csv,25776122,45625060,The Summer Before the War,The Summer Before the War,pass,pass,,pass,
top2017:640,modern,2017,BEFORE WE WERE YOURS,Lisa Wingate,books_topn.csv,32148570,52786185,Before We Were Yours,Before We Were Yours,pass,pass,,pass,
top2017:2728,modern,2017,LITTLE FIRES EVERYWHERE,Celeste Ng,books_topn.csv,34273236,94930152,Little Fires Everywhere,Little Fires Everywhere,pass,pass,,pass,
top2017:3409,modern,2017,ORIGIN,Dan Brown,books_topn.csv,32307358,52935032,Origin,Origin,pass,pass,,pass,
top2017:6161,modern,2017,THE ROOSTER BAR,John Grisham,books_topn.csv,34201164,55245348,The Rooster Bar,The Rooster Bar,pass,pass,,pass,
top2017:2441,modern,2017,INTO THE WATER,Paula Hawkins,books_topn.csv,33151805,53837721,Into the Water,Into the Water,pass,pass,,pass,
top2017:72,modern,2017,A COLUMN OF FIRE,Ken Follett,books_topn.csv,33571713,50861690,A Column of Fire,A Column of Fire,pass,pass,,pass,
top2017:910,modern,2017,CAMINO ISLAND,John Grisham,books_topn.csv,34121119,55155150,Camino Island,Camino Island,pass,pass,,pass,
top2017:3287,modern,2017,NORSE MYTHOLOGY,Neil Gaiman,books_topn.csv,37903770,51396954,Norse Mythology,Norse Mythology,pass,pass,,pass,
top2017:4144,modern,2017,SLEEPING BEAUTIES,Stephen King and Owen King,books_topn.csv,34466922,51153790,Sleeping Beauties,Sleeping Beauties,pass,pass,,pass,
top2017:5794,modern,2017,THE MIDNIGHT LINE,Lee Child,books_topn.csv,33378951,54120408,The Midnight Line,The Midnight Line,pass,pass,,pass,
top2017:1636,modern,2017,END GAME,David Baldacci,books_topn.csv,34368113,55447683,End Game,End Game,pass,pass,,pass,
top2017:5160,modern,2017,THE FIX,David Baldacci,books_topn.csv,31562247,52114850,The Fix,The Fix,pass,pass,,pass,
top2017:5994,modern,2017,THE PEOPLE VS. ALEX CROSS,James Patterson,books_topn.csv,34522506,55259296,The People vs. Alex Cross,The People vs. Alex Cross,pass,pass,,pass,
top2017:7044,modern,2017,UNCOMMON TYPE,Tom Hanks,books_topn.csv,34389773,55448020,Uncommon Type,Uncommon Type,pass,pass,,pass,
top2017:7027,modern,2017,TWO KINDS OF TRUTH,Michael Connelly,books_topn.csv,34390820,55484655,Two Kinds of Truth,Two Kinds of Truth,pass,pass,,pass,
top2017:513,modern,2017,ARTEMIS,Andy Weir,books_topn.csv,34928122,56402016,Artemis,Artemis,pass,pass,,pass,
top2017:2719,modern,2017,LINCOLN IN THE BARDO,George Saunders,books_topn.csv,29906980,50281866,Lincoln in the Bardo,Lincoln in the Bardo,pass,pass,,pass,
top2017:5258,modern,2017,THE GIRL WHO TAKES AN EYE FOR AN EYE,David Lagercrantz,books_topn.csv,32599492,53178961,The Girl Who Takes an Eye for an Eye,The Girl Who Takes an Eye for an Eye,pass,pass,,pass,
top2017:5457,modern,2017,THE IDENTICALS,Elin Hilderbrand,books_topn.csv,32498122,53827907,The Identicals,The Identicals,pass,pass,,pass,
top2017:4108,modern,2017,"SING, UNBURIED, SING",Jesmyn Ward,books_topn.csv,32920226,53537916,"Sing, Unburied, Sing","Sing, Unburied, Sing",pass,pass,,pass,
top2017:22,modern,2017,16TH SEDUCTION,James Patterson and Maxine Paetro,books_topn.csv,30079418,50499424,16th Seduction,16th Seduction,pass,pass,,pass,
top2017:3189,modern,2017,NEVER NEVER,James Patterson and Candice Fox,books_topn.csv,27993244,47995160,Never Never,Never Never,pass,pass,,pass,
top2017:4645,modern,2017,THE BLACK BOOK,James Patterson and David Ellis,books_topn.csv,146572667,51277882,The Black Book & David Ellis,The Black Book,pass,pass,,pass,
top2017:5627,modern,2017,THE LATE SHOW,Michael Connelly,books_topn.csv,34091380,55105895,The Late Show,The Late Show,pass,pass,,pass,
top2017:5810,modern,2017,THE MISTRESS,Danielle Steel,books_topn.csv,29974914,50372552,The Mistress: A Novel,The Mistress,pass,pass,,pass,
top2017:1527,modern,2017,DRAGON TEETH,Michael Crichton,books_topn.csv,31287693,51948646,Dragon Teeth,Dragon Teeth,pass,pass,,pass,
top2017:2897,modern,2017,MANHATTAN BEACH,Jennifer Egan,books_topn.csv,34467031,55587075,Manhattan Beach,Manhattan Beach,pass,pass,,pass,
top2017:4813,modern,2017,THE CHEMIST,Stephenie Meyer,books_topn.csv,32940867,51814255,The Chemist,The Chemist,pass,pass,,pass,
top2017:137,modern,2017,A LEGACY OF SPIES,John le Carré,books_topn.csv,34496624,55619118,A Legacy of Spies,A Legacy of Spies,pass,pass,,pass,
top2017:2016,modern,2017,GOLDEN PREY,John Sandford,books_topn.csv,31379212,52068093,Golden Prey,Golden Prey,pass,pass,,pass,
top2018:7239,modern,2018,WHERE THE CRAWDADS SING,Delia Owens,books_topn.csv,245286238,58589364,Where the Crawdads Sing,Where the Crawdads Sing,pass,pass,,pass,
top2018:6729,modern,2018,THE WOMAN IN THE WINDOW,A.J. Finn,books_topn.csv,40389527,52941950,The Woman in the Window,The Woman in the Window,pass,pass,,pass,
top2018:1818,modern,2018,FIRE AND BLOOD,George R.R. Martin,books_topn.csv,39943621,61841009,Fire & Blood,Fire & Blood,pass,pass,,pass,
top2018:6105,modern,2018,THE RECKONING,John Grisham,books_topn.csv,38389488,60046737,The Reckoning,The Reckoning,pass,pass,,pass,
top2018:5322,modern,2018,THE GREAT ALONE,Kristin Hannah,books_topn.csv,34912895,56275107,The Great Alone,The Great Alone,pass,pass,,pass,
top2018:5955,modern,2018,THE OUTSIDER,Stephen King,books_topn.csv,36124936,57566471,The Outsider,The Outsider,pass,pass,,pass,
top2018:6043,modern,2018,THE PRESIDENT IS MISSING,Bill Clinton and James Patterson,books_topn.csv,35121576,56401872,The President is Missing: The political thriller of the decade,The President Is Missing,pass,pass,,pass,
top2018:1057,modern,2018,CIRCE,Madeline Miller,books_topn.csv,35959740,53043399,Circe,Circe,pass,pass,,pass,
top2018:1666,modern,2018,EVERY BREATH,Nicholas Sparks,books_topn.csv,38212843,59884849,Every Breath,Every Breath,pass,pass,,pass,
top2018:3244,modern,2018,NINE PERFECT STRANGERS,Liane Moriarty,books_topn.csv,39280445,62505329,Nine Perfect Strangers,Nine Perfect Strangers,pass,pass,,pass,
top2018:6779,modern,2018,THERE THERE,Tommy Orange,books_topn.csv,36692478,58040066,There There,There There,pass,pass,,pass,
top2018:5104,modern,2018,THE FALLEN,David Baldacci,books_topn.csv,36004075,57517787,The Fallen,The Fallen,pass,pass,,pass,
top2018:5879,modern,2018,THE NEXT PERSON YOU MEET IN HEAVEN,Mitch Albom,books_topn.csv,38718233,60297683,The Next Person You Meet in Heaven,The Next Person You Meet in Heaven,pass,pass,,pass,
top2018:3473,modern,2018,PAST TENSE,Lee Child,books_topn.csv,34019122,55016620,Past Tense,Past Tense,pass,pass,,pass,
top2018:2758,modern,2018,LONG ROAD TO MERCY,David Baldacci,books_topn.csv,39088984,60663852,Long Road to Mercy,Long Road to Mercy,pass,pass,,pass,
top2018:430,modern,2018,AN AMERICAN MARRIAGE,Tayari Jones,books_topn.csv,33590210,54403192,An American Marriage,An American Marriage,pass,pass,,pass,
top2018:7224,modern,2018,WHEN LIFE GIVES YOU LULULEMONS,Lauren Weisberger,books_topn.csv,36373647,59202201,When Life Gives You Lululemons,When Life Gives You Lululemons,pass,pass,,pass,
top2018:1620,modern,2018,ELEVATION,Stephen King,books_topn.csv,38355410,60021532,Elevation,Elevation,pass,pass,,pass,
top2018:6700,modern,2018,THE WIFE BETWEEN US,Greer Hendricks and Sarah Pekkanen,books_topn.csv,34189556,55227731,The Wife Between Us,The Wife Between Us,pass,pass,,pass,
top2018:5997,modern,2018,THE PERFECT COUPLE,Elin Hilderbrand,books_topn.csv,34840184,56071748,The Perfect Couple,The Perfect Couple,pass,pass,,pass,
top2018:1288,modern,2018,DARK SACRED NIGHT,Michael Connelly,books_topn.csv,38204677,59873434,Dark Sacred Night,Dark Sacred Night,pass,pass,,pass,
top2018:233,modern,2018,A SPARK OF LIGHT,Jodi Picoult,books_topn.csv,39072210,60625260,A Spark of Light,A Spark of Light,pass,pass,,pass,
top2018:393,modern,2018,ALL WE EVER WANTED,Emily Giffin,books_topn.csv,36344555,58025501,All We Ever Wanted,All We Ever Wanted,pass,pass,,pass,
top2018:2764,modern,2018,LOOK ALIVE TWENTY-FIVE,Janet Evanovich,books_topn.csv,38325516,59980530,Look Alive Twenty-Five,Look Alive Twenty-Five,pass,pass,,pass,
top2018:4498,modern,2018,THE 17TH SUSPECT,James Patterson and Maxine Paetro,books_topn.csv,52536710,56552193,The 17th Suspect,17th Suspect,pass,pass,,pass,
top2018:5948,modern,2018,THE OTHER WOMAN,Daniel Silva,books_topn.csv,36421604,58119745,The Other Woman,The Other Woman,pass,pass,,pass,
top2018:4321,modern,2018,STILL ME,Jojo Moyes,books_topn.csv,41839602,57291583,Still Me,Still Me,pass,pass,,pass,
top2018:4451,modern,2018,TARGET: ALEX CROSS,James Patterson,books_topn.csv,42286254,60192904,Target: Alex Cross,Target,pass,pass,,pass_alias,Target is the shortened market title for Target: Alex Cross.
top2018:5464,modern,2018,THE IMMORTALISTS,Chloe Benjamin,books_topn.csv,30288282,50766250,The Immortalists,The Immortalists,pass,pass,,pass,
top2018:2337,modern,2018,I'VE GOT MY EYES ON YOU,Mary Higgins Clark,books_topn.csv,35297310,56664157,I've Got My Eyes on You,I've Got My Eyes on You,pass,pass,,pass,
top2019:6303,modern,2019,THE SILENT PATIENT,Alex Michaelides,books_topn.csv,40097951,59752778,The Silent Patient,The Silent Patient,pass,pass,,pass,
top2019:5265,modern,2019,THE GIVER OF STARS,Jojo Moyes,books_topn.csv,43925876,68351635,The Giver of Stars,The Giver of Stars,pass,pass,,pass,
top2019:5026,modern,2019,THE DUTCH HOUSE,Ann Patchett,books_topn.csv,44318414,68864841,The Dutch House,The Dutch House,pass,pass,,pass,
top2019:5479,modern,2019,THE INSTITUTE,Stephen King,books_topn.csv,43798285,68147322,The Institute,The Institute,pass,pass,,pass,
top2019:5342,modern,2019,THE GUARDIANS,John Grisham,books_topn.csv,43701061,68001983,The Guardians,The Guardians,pass,pass,,pass,
top2019:6489,modern,2019,THE TESTAMENTS,Margaret Atwood,books_topn.csv,42975172,66802198,The Testaments,The Testaments,pass,pass,,pass,
top2019:6649,modern,2019,THE WATER DANCER,Ta-Nehisi Coates,books_topn.csv,43982054,68378686,The Water Dancer,The Water Dancer,pass,pass,,pass,
top2019:3349,modern,2019,"OLIVE, AGAIN",Elizabeth Strout,books_topn.csv,43984883,66502791,"Olive, Again","Olive, Again",pass,pass,,pass,
top2019:166,modern,2019,A MINUTE TO MIDNIGHT,David Baldacci,books_topn.csv,44422464,68804946,A Minute to Midnight,A Minute to Midnight,pass,pass,,pass,
top2019:431,modern,2019,AN ANONYMOUS GIRL,Greer Hendricks and Sarah Pekkanen,books_topn.csv,39863515,61659722,An Anonymous Girl,An Anonymous Girl,pass,pass,,pass,
top2019:776,modern,2019,BLUE MOON,Lee Child,books_topn.csv,43903354,67932542,Blue Moon,Blue Moon,pass,pass,,pass,
top2019:5880,modern,2019,THE NICKEL BOYS,Colson Whitehead,books_topn.csv,42270835,65893762,The Nickel Boys,The Nickel Boys,pass,pass,,pass,
top2019:3743,modern,2019,REDEMPTION,David Baldacci,books_topn.csv,41064227,64136783,Redemption,Redemption,pass,pass,,pass,
top2019:1067,modern,2019,CITY OF GIRLS,Elizabeth Gilbert,books_topn.csv,42135029,65729493,City of Girls,City of Girls,pass,pass,,pass,
top2019:4374,modern,2019,SUMMER OF '69,Elin Hilderbrand,books_topn.csv,42283286,66244148,Summer of '69,Summer of '69,pass,pass,,pass,
top2019:1237,modern,2019,DAISY JONES & THE SIX,Taylor Jenkins Reid,books_topn.csv,62684904,146860337,4 Book Taylor Jenkins Reid Collection: After I Do / Daisy Jones & The Six / Maybe in Another Life / One True Loves,4 Book Taylor Jenkins Reid Collection,collection_or_multiwork,collection_or_multiwork,,mismatch,book page: collection_or_multiwork; work page: collection_or_multiwork
top2019:6385,modern,2019,THE STARLESS SEA,Erin Morgenstern,books_topn.csv,43575115,66444785,The Starless Sea,The Starless Sea,pass,pass,,pass,
top2019:3377,modern,2019,ONE GOOD DEED,David Baldacci,books_topn.csv,44016314,68280408,One Good Deed,One Good Deed,pass,pass,,pass,
top2019:7020,modern,2019,TWISTED TWENTY-SIX,Janet Evanovich,books_topn.csv,44906255,69563939,Twisted Twenty-Six,Twisted Twenty-Six,pass,pass,,pass,
top2019:1193,modern,2019,CRISS CROSS,James Patterson,books_topn.csv,45287924,68467881,Criss Cross,Criss Cross,pass,pass,,pass,
top2019:3286,modern,2019,NORMAL PEOPLE,Sally Rooney,books_topn.csv,41057294,59141209,Normal People,Normal People,pass,pass,,pass,
top2019:3883,modern,2019,RUN AWAY,Harlan Coben,books_topn.csv,44781614,58800691,Run Away,Run Away,pass,pass,,pass,
top2019:4499,modern,2019,THE 18TH ABDUCTION,James Patterson and Maxine Paetro,books_topn.csv,40010477,61961463,The 18th Abduction,The 18th Abduction,pass,pass,,pass,
top2019:1683,modern,2019,EVVIE DRAKE STARTS OVER,Linda Holmes,books_topn.csv,40514431,62869040,Evvie Drake Starts Over,Evvie Drake Starts Over,pass,pass,,pass,
top2019:2795,modern,2019,LOST ROSES,Martha Hall Kelly,books_topn.csv,40988979,55023202,Lost Roses,Lost Roses,pass,pass,,pass,
top2019:3115,modern,2019,MRS. EVERYTHING,Jennifer Weiner,books_topn.csv,41592780,64930505,Mrs. Everything,Mrs. Everything,pass,pass,,pass,
top2019:979,modern,2019,CELTIC EMPIRE,Clive Cussler and Dirk Cussler,books_topn.csv,38607766,60217067,Celtic Empire,Celtic Empire,pass,pass,,pass,
top2019:525,modern,2019,"ASK AGAIN, YES",Mary Beth Keane,books_topn.csv,42201996,60897878,"Ask Again, Yes","Ask Again, Yes",pass,pass,,pass,
top2019:5609,modern,2019,THE LAST ROMANTICS,Tara Conklin,books_topn.csv,35068465,56363927,The Last Romantics,The Last Romantics,pass,pass,,pass,
top2019:5871,modern,2019,THE NEW GIRL,Daniel Silva,books_topn.csv,42791437,66551216,The New Girl,The New Girl,pass,pass,,pass,
top2020:414,modern,2020,AMERICAN DIRT,Jeanine Cummins,books_topn.csv,45046527,69749472,American Dirt,American Dirt,pass,pass,,pass,
top2020:6601,modern,2020,THE VANISHING HALF,Brit Bennett,books_topn.csv,51791252,73423787,The Vanishing Half,The Vanishing Half,pass,pass,,pass,
top2020:5345,modern,2020,THE GUEST LIST,Lucy Foley,books_topn.csv,52656911,73094861,The Guest List,The Guest List,pass,pass,,pass,
top2020:2357,modern,2020,IF IT BLEEDS,Stephen King,books_topn.csv,46015758,70552618,If It Bleeds,If It Bleeds,pass,pass,,pass,
top2020:911,modern,2020,CAMINO WINDS,John Grisham,books_topn.csv,49123131,74404361,Camino Winds,Camino Winds,pass,pass,,pass,
top2020:4361,modern,2020,SUCH A FUN AGE,Kiley Reid,books_topn.csv,43923951,63995465,Such a Fun Age,Such a Fun Age,pass,pass,,pass,
top2020:33,modern,2020,28 SUMMERS,Elin Hilderbrand,books_topn.csv,52588078,71307449,28 Summers,28 Summers,pass,pass,,pass,
top2020:482,modern,2020,ANXIOUS PEOPLE,Fredrik Backman,books_topn.csv,49127718,67840009,Anxious People,Anxious People,pass,pass,,pass,
top2020:693,modern,2020,BIG SUMMER,Jennifer Weiner,books_topn.csv,52755548,73726844,Big Summer,Big Summer,pass,pass,,pass,
top2020:5075,modern,2020,THE EVENING AND THE MORNING,Ken Follett,books_topn.csv,49239093,73816656,The Evening and the Morning,The Evening and the Morning,pass,pass,,pass,
top2020:7161,modern,2020,WALK THE WIRE,David Baldacci,books_topn.csv,52838845,72766935,Walk the Wire,Walk the Wire,pass,pass,,pass,
top2020:2978,modern,2020,MEXICAN GOTHIC,Silvia Moreno-Garcia,books_topn.csv,53152636,229519519,Mexican Gothic,Mexican Gothic,pass,pass,,pass,
top2020:4691,modern,2020,THE BOOK OF TWO WAYS,Jodi Picoult,books_topn.csv,50265329,75184216,The Book of Two Ways,The Book of Two Ways,pass,pass,,pass,
top2020:6126,modern,2020,THE RETURN,Nicholas Sparks,books_topn.csv,49405179,74692564,The Return,The Return,pass,pass,,pass,
top2020:1356,modern,2020,DEAR EDWARD,Ann Napolitano,books_topn.csv,45294613,70009499,Dear Edward,Dear Edward,pass,pass,,pass,
top2020:5804,modern,2020,THE MIRROR & THE LIGHT,Hilary Mantel,books_topn.csv,54860229,18853327,The Mirror & the Light,The Mirror & the Light,pass,pass,,pass,
top2020:5938,modern,2020,THE ORDER,Daniel Silva,books_topn.csv,48676759,73784177,The Order,The Order,pass,pass,,pass,
top2020:4710,modern,2020,THE BOY FROM THE WOODS,Harlan Coben,books_topn.csv,51204046,196502079,The Boy from the Woods,The Boy from the Woods,pass,pass,,pass,
top2020:1718,modern,2020,FAIR WARNING,Michael Connelly,books_topn.csv,48985654,73339118,Fair Warning,Fair Warning,pass,pass,,pass,
top2020:2385,modern,2020,IN FIVE YEARS,Rebecca Serle,books_topn.csv,50093704,71431652,In Five Years,In Five Years,pass,pass,,pass,
top2020:259,modern,2020,A TIME FOR MERCY,John Grisham,books_topn.csv,53529219,81396031,A Time for Mercy,A Time for Mercy,pass,pass,,pass,
top2020:740,modern,2020,BLINDSIDE,James Patterson and James O. Born,books_topn.csv,46207650,70013994,Blindside,Blindside,pass,pass,,pass,
top2020:3176,modern,2020,NEAR DARK,Brad Thor,books_topn.csv,48496518,73727816,Near Dark,Near Dark,pass,pass,,pass,
top2020:6216,modern,2020,THE SEARCHER,Tana French,books_topn.csv,52661162,78466518,The Searcher,The Searcher,pass,pass,,pass,
top2020:5488,modern,2020,THE INVISIBLE LIFE OF ADDIE LARUE,V.E. Schwab,books_topn.csv,50623864,46895612,The Invisible Life of Addie LaRue,The Invisible Life of Addie LaRue,pass,pass,,pass,
top2020:6430,modern,2020,THE SUMMER HOUSE,James Patterson and Brendan DuBois,books_topn.csv,52588702,73673841,The Summer House,The Summer House,pass,pass,,pass,
top2020:4687,modern,2020,THE BOOK OF LONGINGS,Sue Monk Kidd,books_topn.csv,52698452,73711176,The Book of Longings,The Book of Longings,pass,pass,,pass,
top2020:148,modern,2020,A LONG PETAL OF THE SEA,Isabel Allende,books_topn.csv,46042377,69307454,A Long Petal of the Sea,A Long Petal of the Sea,pass,pass,,pass,
top2020:4688,modern,2020,THE BOOK OF LOST FRIENDS,Lisa Wingate,books_topn.csv,53025903,73839603,The Book of Lost Friends,The Book of Lost Friends,pass,pass,,pass,
top2020:2187,modern,2020,HIDEAWAY,Nora Roberts,books_topn.csv,51172162,70507887,Hideaway,Hideaway,pass,pass,,pass,
top2021:THE LAST THING HE TOLD ME|Laura Dave,modern,2021,THE LAST THING HE TOLD ME,Laura Dave,books_topn.csv,54981009,85761718,The Last Thing He Told Me,The Last Thing He Told Me,pass,pass,,pass,
top2021:THE LINCOLN HIGHWAY|Amor Towles,modern,2021,THE LINCOLN HIGHWAY,Amor Towles,books_topn.csv,57109107,89372632,The Lincoln Highway,The Lincoln Highway,pass,pass,,pass,
top2021:THE FOUR WINDS|Kristin Hannah,modern,2021,THE FOUR WINDS,Kristin Hannah,books_topn.csv,53138081,79888572,The Four Winds,The Four Winds,pass,pass,,pass,
top2021:CLOUD CUCKOO LAND|Anthony Doerr,modern,2021,CLOUD CUCKOO LAND,Anthony Doerr,books_topn.csv,56783258,88757679,Cloud Cuckoo Land,Cloud Cuckoo Land,pass,pass,,pass,
top2021:BILLY SUMMERS|Stephen King,modern,2021,BILLY SUMMERS,Stephen King,books_topn.csv,56852407,88930370,Billy Summers,Billy Summers,pass,pass,,pass,
top2021:THE JUDGE'S LIST|John Grisham,modern,2021,THE JUDGE'S LIST,John Grisham,books_topn.csv,57865158,90580510,The Judge's List,The Judge's List,pass,pass,,pass,
top2021:THE STRANGER IN THE LIFEBOAT|Mitch Albom,modern,2021,THE STRANGER IN THE LIFEBOAT,Mitch Albom,books_topn.csv,56922594,89019212,The Stranger in the Lifeboat,The Stranger in the Lifeboat,pass,pass,,pass,
top2021:THE WISH|Nicholas Sparks,modern,2021,THE WISH,Nicholas Sparks,books_topn.csv,56625098,89665142,The Wish,The Wish,pass,pass,,pass,
top2021:PROJECT HAIL MARY|Andy Weir,modern,2021,PROJECT HAIL MARY,Andy Weir,books_topn.csv,54493401,79106958,Project Hail Mary,Project Hail Mary,pass,pass,,pass,
top2021:MALIBU RISING|Taylor Jenkins Reid,modern,2021,MALIBU RISING,Taylor Jenkins Reid,books_topn.csv,55404546,74581401,Malibu Rising,Malibu Rising,pass,pass,,pass,
top2021:THE HILL WE CLIMB|Amanda Gorman,modern,2021,THE HILL WE CLIMB,Amanda Gorman,books_topn.csv,56914101,90207932,The Hill We Climb: An Inaugural Poem for the Country,The Hill We Climb,pass,pass,,pass,
top2021:THE PRESIDENT'S DAUGHTER|James Patterson and Bill Clint,modern,2021,THE PRESIDENT'S DAUGHTER,James Patterson and Bill Clinton,books_topn.csv,53402402,82566564,The President's Daughter,The President's Daughter,pass,pass,,pass,
top2021:WISH YOU WERE HERE|Jodi Picoult,modern,2021,WISH YOU WERE HERE,Jodi Picoult,books_topn.csv,57701764,90948637,Wish You Were Here,Wish You Were Here,pass,pass,,pass,
top2021:SOOLEY|John Grisham,modern,2021,SOOLEY,John Grisham,books_topn.csv,56844943,88860523,Sooley,Sooley,pass,pass,,pass,
top2021:THE PAPER PALACE|Miranda Cowley Heller,modern,2021,THE PAPER PALACE,Miranda Cowley Heller,books_topn.csv,55994372,75853893,The Paper Palace,The Paper Palace,pass,pass,,pass,
top2021:GOLDEN GIRL|Elin Hilderbrand,modern,2021,GOLDEN GIRL,Elin Hilderbrand,books_topn.csv,55643278,85907561,Golden Girl,Golden Girl,pass,pass,,pass,
top2021:APPLES NEVER FALL|Liane Moriarty,modern,2021,APPLES NEVER FALL,Liane Moriarty,books_topn.csv,56143578,87454091,Apples Never Fall,Apples Never Fall,pass,pass,,pass,
top2021:STATE OF TERROR|Hillary Rodham Clinton and Lou,modern,2021,STATE OF TERROR,Hillary Rodham Clinton and Louise Penny,books_topn.csv,56898262,89502697,State of Terror,State of Terror,pass,pass,,pass,
top2021:KLARA AND THE SUN|Kazuo Ishiguro,modern,2021,KLARA AND THE SUN,Kazuo Ishiguro,books_topn.csv,54120408,84460796,Klara and the Sun,Klara and the Sun,pass,pass,,pass,
top2021:GO TELL THE BEES THAT I AM GONE|Diana Gabaldon,modern,2021,GO TELL THE BEES THAT I AM GONE,Diana Gabaldon,books_topn.csv,57699848,41817159,Go Tell the Bees That I Am Gone,Go Tell the Bees That I Am Gone,pass,pass,,pass,
top2021:CALL US WHAT WE CARRY|Amanda Gorman,modern,2021,CALL US WHAT WE CARRY,Amanda Gorman,books_topn.csv,56805404,88721681,Call Us What We Carry,Call Us What We Carry,pass,pass,,pass,
top2021:HARLEM SHUFFLE|Colson Whitehead,modern,2021,HARLEM SHUFFLE,Colson Whitehead,books_topn.csv,54626223,85227984,Harlem Shuffle,Harlem Shuffle,pass,pass,,pass,
top2021:A GAMBLING MAN|David Baldacci,modern,2021,A GAMBLING MAN,David Baldacci,books_topn.csv,54592511,84789102,A Gambling Man,A Gambling Man,pass,pass,,pass,
"top2021:BEAUTIFUL WORLD, WHERE ARE YOU|Sally Rooney",modern,2021,"BEAUTIFUL WORLD, WHERE ARE YOU",Sally Rooney,books_topn.csv,75555793,88516904,"Beautiful World, Where Are You","Beautiful World, Where Are You",pass,pass,,pass,
top2021:THE MAIDENS|Alex Michaelides,modern,2021,THE MAIDENS,Alex Michaelides,books_topn.csv,45300567,70020242,The Maidens,The Maidens,pass,pass,,pass,
top2021:THE LOST APOTHECARY|Sarah Penner,modern,2021,THE LOST APOTHECARY,Sarah Penner,books_topn.csv,53288434,74516135,The Lost Apothecary,The Lost Apothecary,pass,pass,,pass,
top2021:A COURT OF SILVER FLAMES|Sarah J. Maas,modern,2021,A COURT OF SILVER FLAMES,Sarah J. Maas,books_topn.csv,53138095,51666936,A ​Court of Silver Flames,A ​Court of Silver Flames,pass,pass,,pass,
top2021:LIFE AFTER DEATH|Sister Souljah,modern,2021,LIFE AFTER DEATH,Sister Souljah,books_topn.csv,54304128,84736752,Life After Death,Life After Death,pass,pass,,pass,
top2021:WIN|Harlan Coben,modern,2021,WIN,Harlan Coben,books_topn.csv,53916157,82580621,Win,Win,pass,pass,,pass,
top2021:THE CELLIST|Daniel Silva,modern,2021,THE CELLIST,Daniel Silva,books_topn.csv,55693186,84787002,The Cellist,The Cellist,pass,pass,,pass,
top2022:LESSONS IN CHEMISTRY|Bonnie Garmus,modern,2022,LESSONS IN CHEMISTRY,Bonnie Garmus,books_topn.csv,242528917,90356333,Lessons in Chemistry,Lessons in Chemistry,pass,pass,,pass,
top2022:DEMON COPPERHEAD|Barbara Kingsolver,modern,2022,DEMON COPPERHEAD,Barbara Kingsolver,books_topn.csv,60194162,94935539,Demon Copperhead,Demon Copperhead,pass,pass,,pass,
top2022:REMARKABLY BRIGHT CREATURES|Shelby Van Pelt,modern,2022,REMARKABLY BRIGHT CREATURES,Shelby Van Pelt,books_topn.csv,58733693,90375164,Remarkably Bright Creatures,Remarkably Bright Creatures,pass,pass,,pass,
"top2022:TOMORROW, AND TOMORROW, AND TOMORROW|Gabrielle Zevin",modern,2022,"TOMORROW, AND TOMORROW, AND TOMORROW",Gabrielle Zevin,books_topn.csv,58784475,89167797,"Tomorrow, and Tomorrow, and Tomorrow","Tomorrow, and Tomorrow, and Tomorrow",pass,pass,,pass,
top2022:FAIRY TALE|Stephen King,modern,2022,FAIRY TALE,Stephen King,books_topn.csv,60177373,94912019,Fairy Tale,Fairy Tale,pass,pass,,pass,
top2022:MAD HONEY|Jodi Picoult and Jennifer Finn,modern,2022,MAD HONEY,Jodi Picoult and Jennifer Finney Boylan,books_topn.csv,59912428,94339228,Mad Honey,Mad Honey,pass,pass,,pass,
top2022:THE PARIS APARTMENT|Lucy Foley,modern,2022,THE PARIS APARTMENT,Lucy Foley,books_topn.csv,58468990,91789725,The Paris Apartment,The Paris Apartment,pass,pass,,pass,
top2022:THE BOYS FROM BILOXI|John Grisham,modern,2022,THE BOYS FROM BILOXI,John Grisham,books_topn.csv,61065355,96316901,The Boys from Biloxi,The Boys from Biloxi,pass,pass,,pass,
"top2022:RUN, ROSE, RUN|Dolly Parton and James Patters",modern,2022,"RUN, ROSE, RUN",Dolly Parton and James Patterson,books_topn.csv,58505877,91888499,"Run, Rose, Run","Run, Rose, Run",pass,pass,,pass,
top2022:DREAMLAND|Nicholas Sparks,modern,2022,DREAMLAND,Nicholas Sparks,books_topn.csv,60279823,164933392,Dreamland,Dreamland,pass,pass,,pass,
top2022:ONE ITALIAN SUMMER|Rebecca Serle,modern,2022,ONE ITALIAN SUMMER,Rebecca Serle,books_topn.csv,58438583,91709184,One Italian Summer,One Italian Summer,pass,pass,,pass,
top2022:SPARRING PARTNERS|John Grisham,modern,2022,SPARRING PARTNERS,John Grisham,books_topn.csv,60148895,94849488,Sparring Partners,Sparring Partners,pass,pass,,pass,
top2022:THE MAID|Nita Prose,modern,2022,THE MAID,Nita Prose,books_topn.csv,55196813,86048177,The Maid,The Maid,pass,pass,,pass,
top2022:THE HOTEL NANTUCKET|Elin Hilderbrand,modern,2022,THE HOTEL NANTUCKET,Elin Hilderbrand,books_topn.csv,59227941,86476191,The Hotel Nantucket,The Hotel Nantucket,pass,pass,,pass,
top2022:THE 6:20 MAN|David Baldacci,modern,2022,THE 6:20 MAN,David Baldacci,books_topn.csv,59586621,93815874,The 6:20 Man,The 6,pass,pass,,pass_alias,Goodreads truncates the work heading to The 6; the book page is exact.
top2022:VERITY|Colleen Hoover,modern,2022,VERITY,Colleen Hoover,books_topn.csv,59344312,64581304,Verity,Verity,pass,pass,,pass,
top2022:HORSE|Geraldine Brooks,modern,2022,HORSE,Geraldine Brooks,books_topn.csv,59109077,85529891,Horse,Horse,pass,pass,,pass,
top2022:DREAM TOWN|David Baldacci,modern,2022,DREAM TOWN,David Baldacci,books_topn.csv,58767158,90047618,Dream Town,Dream Town,pass,pass,,pass,
top2022:ALL GOOD PEOPLE HERE|Ashley Flowers with Alex Kiest,modern,2022,ALL GOOD PEOPLE HERE,Ashley Flowers with Alex Kiester,books_topn.csv,60142750,94893718,All Good People Here,All Good People Here,pass,pass,,pass,
top2022:NO PLAN B|Lee Child and Andrew Child,modern,2022,NO PLAN B,Lee Child and Andrew Child,books_topn.csv,60048804,94678707,No Plan B,No Plan B,pass,pass,,pass,
top2022:GOING ROGUE|Janet Evanovich,modern,2022,GOING ROGUE,Janet Evanovich,books_topn.csv,60321048,95095664,Going Rogue: Rise and Shine Twenty-Nine,Going Rogue,pass,pass,,pass,
top2022:TRIPLE CROSS|James Patterson,modern,2022,TRIPLE CROSS,James Patterson,books_topn.csv,61263566,95211551,Triple Cross,Triple Cross,pass,pass,,pass,
top2022:OUR MISSING HEARTS|Celeste Ng,modern,2022,OUR MISSING HEARTS,Celeste Ng,books_topn.csv,60149573,94900794,Our Missing Hearts,Our Missing Hearts,pass,pass,,pass,
top2022:HOUSE OF SKY AND BREATH|Sarah J. Maas,modern,2022,HOUSE OF SKY AND BREATH,Sarah J. Maas,books_topn.csv,40132775,62252869,House of Sky and Breath,House of Sky and Breath,pass,pass,,pass,
top2022:22 SECONDS|James Patterson and Maxine Pae,modern,2022,22 SECONDS,James Patterson and Maxine Paetro,books_topn.csv,58936687,92260780,22 Seconds,22 Seconds,pass,pass,,pass,
top2022:BABEL|R.F. Kuang,modern,2022,BABEL,R.F. Kuang,books_topn.csv,57945316,90789229,Babel,Babel,pass,pass,,pass,
top2022:SEA OF TRANQUILITY|Emily St,modern,2022,SEA OF TRANQUILITY,Emily St,books_topn.csv,58446227,92408226,Sea of Tranquility,Sea of Tranquility,pass,pass,,pass,
top2022:THE IT GIRL|Ruth Ware,modern,2022,THE IT GIRL,Ruth Ware,books_topn.csv,59345249,93504080,The It Girl,The It Girl,pass,pass,,pass,
top2022:PORTRAIT OF AN UNKNOWN WOMAN|Daniel Silva,modern,2022,PORTRAIT OF AN UNKNOWN WOMAN,Daniel Silva,books_topn.csv,59609728,94234128,Portrait of an Unknown Woman,Portrait of an Unknown Woman,pass,pass,,pass,
top2022:LONG SHADOWS|David Baldacci,modern,2022,LONG SHADOWS,David Baldacci,books_topn.csv,60395678,95175285,Long Shadows,Long Shadows,pass,pass,,pass,
top2023:FOURTH WING|Rebecca Yarros,modern,2023,FOURTH WING,Rebecca Yarros,books_topn.csv,61431922,96945623,Fourth Wing,Fourth Wing,pass,pass,,pass,
top2023:THE NIGHTINGALE|Kristin Hannah,modern,2023,THE NIGHTINGALE,Kristin Hannah,books_topn.csv,21853621,41125521,The Nightingale,The Nightingale,pass,pass,,pass,
top2023:IRON FLAME|Rebecca Yarros,modern,2023,IRON FLAME,Rebecca Yarros,books_topn.csv,90202302,114498467,Iron Flame,Iron Flame,pass,pass,,pass,
top2023:THE COVENANT OF WATER|Abraham Verghese,modern,2023,THE COVENANT OF WATER,Abraham Verghese,books_topn.csv,180357146,24501146,The Covenant of Water,The Covenant of Water,pass,pass,,pass,
top2023:THE HEAVEN & EARTH GROCERY STORE|James McBride,modern,2023,THE HEAVEN & EARTH GROCERY STORE,James McBride,books_topn.csv,65678550,100130221,The Heaven & Earth Grocery Store,The Heaven & Earth Grocery Store,pass,pass,,pass,
top2023:TOM LAKE|Ann Patchett,modern,2023,TOM LAKE,Ann Patchett,books_topn.csv,63241104,99138080,Tom Lake,Tom Lake,pass,pass,,pass,
top2023:HELLO BEAUTIFUL|Ann Napolitano,modern,2023,HELLO BEAUTIFUL,Ann Napolitano,books_topn.csv,61771675,97397727,Hello Beautiful,Hello Beautiful,pass,pass,,pass,
top2023:HAPPY PLACE|Emily Henry,modern,2023,HAPPY PLACE,Emily Henry,books_topn.csv,61718053,97321939,Happy Place,Happy Place,pass,pass,,pass,
top2023:HOLLY|Stephen King,modern,2023,HOLLY,Stephen King,books_topn.csv,65916344,106237905,Holly,Holly,pass,pass,,pass,
top2023:THE EXCHANGE|John Grisham,modern,2023,THE EXCHANGE,John Grisham,books_topn.csv,123285511,145425245,The Exchange,The Exchange,pass,pass,,pass,
top2023:THE LITTLE LIAR|Mitch Albom,modern,2023,THE LITTLE LIAR,Mitch Albom,books_topn.csv,112975105,135508967,The Little Liar,The Little Liar,pass,pass,,pass,
top2023:THE FIVE-STAR WEEKEND|Elin Hilderbrand,modern,2023,THE FIVE-STAR WEEKEND,Elin Hilderbrand,books_topn.csv,62873996,98667873,The Five-Star Weekend,The Five-Star Weekend,pass,pass,,pass,
top2023:SIMPLY LIES|David Baldacci,modern,2023,SIMPLY LIES,David Baldacci,books_topn.csv,61198195,96474859,Simply Lies,Simply Lies,pass,pass,,pass,
top2023:THE HOUSE IN THE PINES|Ana Reyes,modern,2023,THE HOUSE IN THE PINES,Ana Reyes,books_topn.csv,61251242,95091014,The House in the Pines,The House in the Pines,pass,pass,,pass,
top2023:SOMEONE ELSE'S SHOES|Jojo Moyes,modern,2023,SOMEONE ELSE'S SHOES,Jojo Moyes,books_topn.csv,62971668,97343126,Someone Else's Shoes,Someone Else's Shoes,pass,pass,,pass,
top2023:THE SECRET|Lee Child and Andrew Child,modern,2023,THE SECRET,Lee Child and Andrew Child,books_topn.csv,62983544,98804121,The Secret,The Secret,pass,pass,,pass,
top2023:THE EDGE|David Baldacci,modern,2023,THE EDGE,David Baldacci,books_topn.csv,123024036,126769365,The Edge,The Edge,pass,pass,,pass,
top2023:NONE OF THIS IS TRUE|Lisa Jewell,modern,2023,NONE OF THIS IS TRUE,Lisa Jewell,books_topn.csv,62334530,98147299,None of This Is True,None of This Is True,pass,pass,,pass,
top2023:PINEAPPLE STREET|Jenny Jackson,modern,2023,PINEAPPLE STREET,Jenny Jackson,books_topn.csv,61246258,90438160,Pineapple Street,Pineapple Street,pass,pass,,pass,
top2023:YELLOWFACE|R.F. Kuang,modern,2023,YELLOWFACE,R.F. Kuang,books_topn.csv,62047984,93525972,Yellowface,Yellowface,pass,pass,,pass,
top2023:IDENTITY|Nora Roberts,modern,2023,IDENTITY,Nora Roberts,books_topn.csv,61885098,97563952,Identity,Identity,pass,pass,,pass,
top2023:THE HOUSE OF WOLVES|James Patterson and Mike Lupic,modern,2023,THE HOUSE OF WOLVES,James Patterson and Mike Lupica,books_topn.csv,61346460,96735702,The House of Wolves,The House of Wolves,pass,pass,,pass,
top2023:HANG THE MOON|Jeannette Walls,modern,2023,HANG THE MOON,Jeannette Walls,books_topn.csv,61272702,96610909,Hang the Moon,Hang the Moon,pass,pass,,pass,
top2023:I HAVE SOME QUESTIONS FOR YOU|Rebecca Makkai,modern,2023,I HAVE SOME QUESTIONS FOR YOU,Rebecca Makkai,books_topn.csv,61053829,96219558,I Have Some Questions for You,I Have Some Questions for You,pass,pass,,pass,
top2023:THE ARMOR OF LIGHT|Ken Follett,modern,2023,THE ARMOR OF LIGHT,Ken Follett,books_topn.csv,81067992,103303948,The Armor of Light,The Armor of Light,pass,pass,,pass,
top2023:RESURRECTION WALK|Michael Connelly,modern,2023,RESURRECTION WALK,Michael Connelly,books_topn.csv,85766771,109629439,Resurrection Walk,Resurrection Walk,pass,pass,,pass,
top2023:ALEX CROSS MUST DIE|James Patterson,modern,2023,ALEX CROSS MUST DIE,James Patterson,books_topn.csv,123193295,144444686,Alex Cross Must Die,Alex Cross Must Die,pass,pass,,pass,
top2023:STORM WATCH|C.J. Box,modern,2023,STORM WATCH,C.J. Box,books_topn.csv,61225421,95992919,Storm Watch,Storm Watch,pass,pass,,pass,
top2023:I WILL FIND YOU|Harlan Coben,modern,2023,I WILL FIND YOU,Harlan Coben,books_topn.csv,61392437,96851293,I Will Find You,I Will Find You,pass,pass,,pass,
top2023:DIRTY THIRTY|Janet Evanovich,modern,2023,DIRTY THIRTY,Janet Evanovich,books_topn.csv,101144259,124544932,Dirty Thirty,Dirty Thirty,pass,pass,,pass,
top2024:THE WOMEN|Kristin Hannah,modern,2024,THE WOMEN,Kristin Hannah,books_topn.csv,127305853,161751839,The Women,The Women,pass,pass,,pass,
top2024:JAMES|Percival Everett,modern,2024,JAMES,Percival Everett,books_topn.csv,173754979,181379063,James,James,pass,pass,,pass,
top2024:THE GOD OF THE WOODS|Liz Moore,modern,2024,THE GOD OF THE WOODS,Liz Moore,books_topn.csv,199698485,204225210,The God of the Woods,The God of the Woods,pass,pass,,pass,
top2024:THE WEDDING PEOPLE|Alison Espach,modern,2024,THE WEDDING PEOPLE,Alison Espach,books_topn.csv,198902277,183467489,The Wedding People,The Wedding People,pass,pass,,pass,
top2024:ALL THE COLORS OF THE DARK|Chris Whitaker,modern,2024,ALL THE COLORS OF THE DARK,Chris Whitaker,books_topn.csv,215153740,178254142,All the Colors of the Dark,All the Colors of the Dark,pass,pass,,pass,
top2024:COUNTING MIRACLES|Nicholas Sparks,modern,2024,COUNTING MIRACLES,Nicholas Sparks,books_topn.csv,205126997,211126290,Counting Miracles,Counting Miracles,pass,pass,,pass,
top2024:INTERMEZZO|Sally Rooney,modern,2024,INTERMEZZO,Sally Rooney,books_topn.csv,208931300,215458376,Intermezzo,Intermezzo,pass,pass,,pass,
top2024:YOU LIKE IT DARKER|Stephen King,modern,2024,YOU LIKE IT DARKER,Stephen King,books_topn.csv,201242757,198174115,You Like It Darker,You Like It Darker,pass,pass,,pass,
top2024:FIRST LIE WINS|Ashley Elston,modern,2024,FIRST LIE WINS,Ashley Elston,books_topn.csv,164444179,93554364,First Lie Wins,First Lie Wins,pass,pass,,pass,
top2024:FUNNY STORY|Emily Henry,modern,2024,FUNNY STORY,Emily Henry,books_topn.csv,194802722,196167481,Funny Story,Funny Story,pass,pass,,pass,
top2024:HOUSE OF FLAME AND SHADOW|Sarah J. Maas,modern,2024,HOUSE OF FLAME AND SHADOW,Sarah J. Maas,books_topn.csv,52857700,79052208,House of Flame and Shadow,House of Flame and Shadow,pass,pass,,pass,
top2024:CAMINO GHOSTS|John Grisham,modern,2024,CAMINO GHOSTS,John Grisham,books_topn.csv,199550833,203958481,Camino Ghosts,Camino Ghosts,pass,pass,,pass,
top2024:ERUPTION|Michael Crichton and James Pat,modern,2024,ERUPTION,Michael Crichton and James Patterson,books_topn.csv,199372731,203804096,Eruption,Eruption,pass,pass,,pass,
top2024:SWAN SONG|Elin Hilderbrand,modern,2024,SWAN SONG,Elin Hilderbrand,books_topn.csv,200484931,205229721,Swan Song,Swan Song,pass,pass,,pass,
top2024:IN TOO DEEP|Lee Child and Andrew Child,modern,2024,IN TOO DEEP,Lee Child and Andrew Child,books_topn.csv,204432624,205425271,In Too Deep,In Too Deep,pass,pass,,pass,
top2024:A CALAMITY OF SOULS|David Baldacci,modern,2024,A CALAMITY OF SOULS,David Baldacci,books_topn.csv,198494052,201382123,A Calamity of Souls,A Calamity of Souls,pass,pass,,pass,
top2024:HERE ONE MOMENT|Liane Moriarty,modern,2024,HERE ONE MOMENT,Liane Moriarty,books_topn.csv,208516656,214641805,Here One Moment,Here One Moment,pass,pass,,pass,
top2024:A FATE INKED IN BLOOD|Danielle L. Jensen,modern,2024,A FATE INKED IN BLOOD,Danielle L. Jensen,books_topn.csv,165940202,96236889,A Fate Inked in Blood,A Fate Inked in Blood,pass,pass,,pass,
top2024:GOTHIKANA|RuNyx,modern,2024,GOTHIKANA,RuNyx,books_topn.csv,57426932,89011108,Gothikana,Gothikana,pass,pass,,pass,
top2024:TO DIE FOR|David Baldacci,modern,2024,TO DIE FOR,David Baldacci,books_topn.csv,209507783,215645394,To Die For,To Die For,pass,pass,,pass,
top2024:NOW OR NEVER|Janet Evanovich,modern,2024,NOW OR NEVER,Janet Evanovich,books_topn.csv,207299449,213369659,Now or Never,Now or Never,pass,pass,,pass,
top2024:TABLE FOR TWO|Amor Towles,modern,2024,TABLE FOR TWO,Amor Towles,books_topn.csv,195474144,197155589,Table for Two,Table for Two,pass,pass,,pass,
top2024:SMALL THINGS LIKE THESE|Claire Keegan,modern,2024,SMALL THINGS LIKE THESE,Claire Keegan,books_topn.csv,58662236,86476810,Small Things Like These,Small Things Like These,pass,pass,,pass,
top2024:BY ANY OTHER NAME|Jodi Picoult,modern,2024,BY ANY OTHER NAME,Jodi Picoult,books_topn.csv,203337138,203783776,By Any Other Name,By Any Other Name,pass,pass,,pass,
top2024:THE WAITING|Michael Connelly,modern,2024,THE WAITING,Michael Connelly,books_topn.csv,206119050,212029785,The Waiting,The Waiting,pass,pass,,pass,
top2024:THE FURY|Alex Michaelides,modern,2024,THE FURY,Alex Michaelides,books_topn.csv,123206645,144528265,The Fury,The Fury,pass,pass,,pass,
top2024:TELL ME EVERYTHING|Elizabeth Strout,modern,2024,TELL ME EVERYTHING,Elizabeth Strout,books_topn.csv,204811915,210725615,Tell Me Everything,Tell Me Everything,pass,pass,,pass,
top2024:THE HOUSE OF CROSS|James Patterson,modern,2024,THE HOUSE OF CROSS,James Patterson,books_topn.csv,209456063,212373849,The House of Cross,The House of Cross,pass,pass,,pass,
top2024:THE SPELLSHOP|Sarah Beth Durst,modern,2024,THE SPELLSHOP,Sarah Beth Durst,books_topn.csv,217206125,196658469,The Spellshop,The Spellshop,pass,pass,,pass,
top2024:THE GAMES GODS PLAY|Abigail Owen,modern,2024,THE GAMES GODS PLAY,Abigail Owen,books_topn.csv,197363933,199932098,The Games Gods Play,The Games Gods Play,pass,pass,,pass,
top2025:ONYX STORM|Rebecca Yarros,modern,2025,ONYX STORM,Rebecca Yarros,books_topn.csv,209439446,207399469,Onyx Storm,Onyx Storm,pass,pass,,pass,
top2025:BROKEN COUNTRY|Clare Leslie Hall,modern,2025,BROKEN COUNTRY,Clare Leslie Hall,books_topn.csv,214151202,220415204,Broken Country,Broken Country,pass,pass,,pass,
top2025:MY FRIENDS|Fredrik Backman,modern,2025,MY FRIENDS,Fredrik Backman,books_topn.csv,217163697,223642719,My Friends,My Friends,pass,pass,,pass,
top2025:GREAT BIG BEAUTIFUL LIFE|Emily Henry,modern,2025,GREAT BIG BEAUTIFUL LIFE,Emily Henry,books_topn.csv,218559595,225306597,Great Big Beautiful Life,Great Big Beautiful Life,pass,pass,,pass,
top2025:ATMOSPHERE|Taylor Jenkins Reid,modern,2025,ATMOSPHERE,Taylor Jenkins Reid,books_topn.csv,220817728,225087477,Atmosphere,Atmosphere,pass,pass,,pass,
top2025:THE SECRET OF SECRETS|Dan Brown,modern,2025,THE SECRET OF SECRETS,Dan Brown,books_topn.csv,223889699,231355010,The Secret of Secrets,The Secret of Secrets,pass,pass,,pass,
top2025:NEVER FLINCH|Stephen King,modern,2025,NEVER FLINCH,Stephen King,books_topn.csv,221633230,77380630,Never Flinch,Never Flinch,pass,pass,,pass,
top2025:ALCHEMISED|SenLinYu,modern,2025,ALCHEMISED,SenLinYu,books_topn.csv,222490389,213749120,Alchemised,Alchemised,pass,pass,,pass,
top2025:THE INTRUDER|Freida McFadden,modern,2025,THE INTRUDER,Freida McFadden,books_topn.csv,231819058,246431398,The Intruder,The Intruder,pass,pass,,pass,
top2025:GONE BEFORE GOODBYE|Reese Witherspoon and Harlan C,modern,2025,GONE BEFORE GOODBYE,Reese Witherspoon and Harlan Coben,books_topn.csv,219385951,226318016,Gone Before Goodbye,Gone Before Goodbye,pass,pass,,pass,
top2025:THE PERFECT DIVORCE|Jeneva Rose,modern,2025,THE PERFECT DIVORCE,Jeneva Rose,books_topn.csv,219240806,225546597,The Perfect Divorce,The Perfect Divorce,pass,pass,,pass,
top2025:THE KNIGHT AND THE MOTH|Rachel Gillig,modern,2025,THE KNIGHT AND THE MOTH,Rachel Gillig,books_topn.csv,205335957,211353763,The Knight and the Moth,The Knight and the Moth,pass,pass,,pass,
top2025:THE WIDOW|John Grisham,modern,2025,THE WIDOW,John Grisham,books_topn.csv,229004506,240486633,The Widow,The Widow,pass,pass,,pass,
top2025:TWICE|Mitch Albom,modern,2025,TWICE,Mitch Albom,books_topn.csv,223688905,230769136,Twice,Twice,pass,pass,,pass,
top2025:QUICKSILVER|Callie Hart,modern,2025,QUICKSILVER,Callie Hart,books_topn.csv,217536270,218359160,Quicksilver,Quicksilver,pass,pass,,pass,
top2025:THE EMPEROR OF GLADNESS|Ocean Vuong,modern,2025,THE EMPEROR OF GLADNESS,Ocean Vuong,books_topn.csv,219848315,225566947,The Emperor of Gladness,The Emperor of Gladness,pass,pass,,pass,
top2025:THE CORRESPONDENT|Virginia Evans,modern,2025,THE CORRESPONDENT,Virginia Evans,books_topn.csv,223001257,223739260,The Correspondent,The Correspondent,pass,pass,,pass,
top2025:DUNGEON CRAWLER CARL|Matt Dinniman,modern,2025,DUNGEON CRAWLER CARL,Matt Dinniman,books_topn.csv,211721806,76027608,Dungeon Crawler Carl,Dungeon Crawler Carl,pass,pass,,pass,
top2025:SAY YOU'LL REMEMBER ME|Abby Jimenez,modern,2025,SAY YOU'LL REMEMBER ME,Abby Jimenez,books_topn.csv,216437557,222857051,Say You'll Remember Me,Say You'll Remember Me,pass,pass,,pass,
top2025:BURY OUR BONES IN THE MIDNIGHT SOIL|V.E. Schwab,modern,2025,BURY OUR BONES IN THE MIDNIGHT SOIL,V.E. Schwab,books_topn.csv,215020997,154547320,Bury Our Bones in the Midnight Soil,Bury Our Bones in the Midnight Soil,pass,pass,,pass,
top2025:STRANGERS IN TIME|David Baldacci,modern,2025,STRANGERS IN TIME,David Baldacci,books_topn.csv,217182446,223663793,Strangers in Time,Strangers in Time,pass,pass,,pass,
top2025:THE ACADEMY|Elin Hilderbrand and Shelby Cu,modern,2025,THE ACADEMY,Elin Hilderbrand and Shelby Cunningham,books_topn.csv,223541023,230606513,The Academy,The Academy,pass,pass,,pass,
top2025:NOT QUITE DEAD YET|,modern,2025,NOT QUITE DEAD YET,,books_topn.csv,220223963,227154164,Not Quite Dead Yet,Not Quite Dead Yet,pass,pass,,pass,
top2025:KATABASIS|R.F. Kuang,modern,2025,KATABASIS,R.F. Kuang,books_topn.csv,210223811,209877287,Katabasis,Katabasis,pass,pass,,pass,
top2025:REMAIN|Nicholas Sparks with M. Night ,modern,2025,REMAIN,Nicholas Sparks with M. Night Shyamalan,books_topn.csv,228691222,239991947,Remain,Remain,pass,pass,,pass,
top2025:SUMMER IN THE CITY|Alex Aster,modern,2025,SUMMER IN THE CITY,Alex Aster,books_topn.csv,216405550,222823197,Summer in the City,Summer in the City,pass,pass,,pass,
top2025:NIGHTSHADE|Michael Connelly,modern,2025,NIGHTSHADE,Michael Connelly,books_topn.csv,221508547,228486916,Nightshade,Nightshade,pass,pass,,pass,
top2025:THE FIRST GENTLEMAN|Bill Clinton and James Patters,modern,2025,THE FIRST GENTLEMAN,Bill Clinton and James Patterson,books_topn.csv,220301347,227106899,The First Gentleman,The First Gentleman,pass,pass,,pass,
top2025:EXIT STRATEGY|Lee Child and Andrew Child,modern,2025,EXIT STRATEGY,Lee Child and Andrew Child,books_topn.csv,223927256,227732759,Exit Strategy,Exit Strategy,pass,pass,,pass,
top2025:BUCKEYE|Patrick Ryan,modern,2025,BUCKEYE,Patrick Ryan,books_topn.csv,221251828,228216436,Buckeye,Buckeye,pass,pass,,pass,
top1996:5903,hist,1996,THE NOTEBOOK,Nicholas Sparks,books_topn5_1996_2016.csv,33648131,1498135,The Notebook,The Notebook,pass,pass,,pass,
top1996:1735,hist,1996,FALLING UP,Shel Silverstein,books_topn5_1996_2016.csv,30120,2501867,Falling Up,Falling Up,pass,pass,,pass,
top1996:4957,hist,1996,THE DEEP END OF THE OCEAN,Jacquelyn Mitchard,books_topn5_1996_2016.csv,5161,1207024,The Deep End of the Ocean,The Deep End of the Ocean,pass,pass,,pass,
top1996:3608,hist,1996,PRIMARY COLORS,Anonymous,books_topn5_1996_2016.csv,261444,753125,Primary Colors,Primary Colors,pass,pass,,pass,
top1996:1689,hist,1996,EXECUTIVE ORDERS,Tom Clancy,books_topn5_1996_2016.csv,19675,5054711,Executive Orders,Executive Orders,pass,pass,,pass,
top1997:2952,hist,1997,MEMOIRS OF A GEISHA,Arthur Golden,books_topn5_1996_2016.csv,929,1558965,Memoirs of a Geisha,Memoirs of a Geisha,pass,pass,,pass,
top1997:1098,hist,1997,COLD MOUNTAIN,Charles Frazier,books_topn5_1996_2016.csv,10920,1006369,Cold Mountain,Cold Mountain,pass,pass,,pass,
top1997:5276,hist,1997,THE GOD OF SMALL THINGS,Arundhati Roy,books_topn5_1996_2016.csv,9777,810135,The God of Small Things,The God of Small Things,pass,pass,,pass,
top1997:5976,hist,1997,THE PARTNER,John Grisham,books_topn5_1996_2016.csv,931362,220641547,The Partner/All God's Children/Medusa's Child/Only Son,The Partner/All God's Children/Medusa's Child/Only Son,"title_mismatch(""The Partner/All God's Children/Medusa's Child/Only Son"")","title_mismatch(""The Partner/All God's Children/Medusa's Child/Only Son"")",,mismatch,"book page: title_mismatch(""The Partner/All God's Children/Medusa's Child/Only Son""); work page: title_mismatch(""The Partner/All God's Children/Medusa's Child/Only Son"")"
top1997:3542,hist,1997,PLUM ISLAND,Nelson DeMille,books_topn5_1996_2016.csv,33810,2309,Plum Island,Plum Island,pass,pass,,pass,
top1998:2118,hist,1998,HARRY POTTER AND THE SORCERER'S STONE,J. K. Rowling,books_topn5_1996_2016.csv,42844155,4640799,Harry Potter and the Sorcerer's Stone,Harry Potter and the Philosopher's Stone,pass,pass,,pass_alias,Sorcerer's Stone and Philosopher's Stone are market titles for one work.
top1998:6028,hist,1998,THE POISONWOOD BIBLE,Barbara Kingsolver,books_topn5_1996_2016.csv,7244,810663,The Poisonwood Bible,The Poisonwood Bible,pass,pass,,pass,
top1998:2975,hist,1998,MESSAGE IN A BOTTLE,Nicholas Sparks,books_topn5_1996_2016.csv,3478,1622450,Message in a Bottle,Message in a Bottle,pass,pass,,pass,
top1998:6419,hist,1998,THE STREET LAWYER,John Grisham,books_topn5_1996_2016.csv,1916023,1040524,The Street Lawyer,The Street Lawyer,pass,pass,,pass,
top1998:3707,hist,1998,RAINBOW SIX,Tom Clancy,books_topn5_1996_2016.csv,5720,5054705,Rainbow Six,Rainbow Six,pass,pass,,pass,
top1999:2116,hist,1999,HARRY POTTER AND THE CHAMBER OF SECRETS,J. K. Rowling,books_topn5_1996_2016.csv,15881,6231171,Harry Potter and the Chamber of Secrets,Harry Potter and the Chamber of Secrets,pass,pass,,pass,
top1999:2117,hist,1999,HARRY POTTER AND THE PRISONER OF AZKABAN,J. K. Rowling,books_topn5_1996_2016.csv,5,2402163,Harry Potter and the Prisoner of Azkaban,Harry Potter and the Prisoner of Azkaban,pass,pass,,pass,
top1999:6488,hist,1999,THE TESTAMENT,John Grisham,books_topn5_1996_2016.csv,5348,2777175,The Testament,The Testament,pass,pass,,pass,
top1999:4450,hist,1999,TARA ROAD,Maeve Binchy,books_topn5_1996_2016.csv,5196,2485770,Tara Road,Tara Road,pass,pass,,pass,
top1999:271,hist,1999,A WALK TO REMEMBER,Nicholas Sparks,books_topn5_1996_2016.csv,35545737,3143497,A Walk to Remember,A Walk to Remember,pass,pass,,pass,
top2000:4719,hist,2000,THE BRETHREN,John Grisham,books_topn5_1996_2016.csv,5354,1854517,The Brethren,The Brethren,pass,pass,,pass,
top2000:3638,hist,2000,PRODIGAL SUMMER,Barbara Kingsolver,books_topn5_1996_2016.csv,14249,718772,Prodigal Summer,Prodigal Summer,pass,pass,,pass,
top2000:4603,hist,2000,THE BEAR AND THE DRAGON,Tom Clancy,books_topn5_1996_2016.csv,19687,17028926,The Bear and the Dragon,The Bear and the Dragon,pass,pass,,pass,
top2000:5766,hist,2000,THE MARK,Tim LaHaye and Jerry B. Jenkins,books_topn5_1996_2016.csv,134314682,122832,The Mark: The Beast Rules the World,The Mark,pass,pass,,pass,
top2000:5469,hist,2000,THE INDWELLING,Tim LaHaye and Jerry B. Jenkins,books_topn5_1996_2016.csv,126199691,709790,The Indwelling (The Beast Takes Possession) by Tim Lahaye & Jerry B. Jenkins Hardback 2000,The Indwelling,pass,pass,,pass,
top2001:4136,hist,2001,SKIPPING CHRISTMAS,John Grisham,books_topn5_1996_2016.csv,5357,1588709,Skipping Christmas,Skipping Christmas,pass,pass,,pass,
top2001:4889,hist,2001,THE CORRECTIONS,Jonathan Franzen,books_topn5_1996_2016.csv,3805,941200,The Corrections,The Corrections,pass,pass,,pass,
top2001:182,hist,2001,A PAINTED HOUSE,John Grisham,books_topn5_1996_2016.csv,5360,1125216,A Painted House,A Painted House,pass,pass,,pass,
top2001:2511,hist,2001,JOURNEY THROUGH HEARTSONGS,Mattie J. T. Stepanek,books_topn5_1996_2016.csv,572762,559779,Journey Through Heartsongs,Journey Through Heartsongs,pass,pass,,pass,
top2001:51,hist,2001,A BEND IN THE ROAD,Nicholas Sparks,books_topn5_1996_2016.csv,3463,1498124,A Bend in the Road,A Bend in the Road,pass,pass,,pass,
top2002:5722,hist,2002,THE LOVELY BONES,Alice Sebold,books_topn5_1996_2016.csv,12232938,1145090,The Lovely Bones,The Lovely Bones,pass,pass,,pass,
top2002:5854,hist,2002,THE NANNY DIARIES,Emma McLaughlin and Nicola Kraus,books_topn5_1996_2016.csv,228333,221139,The Nanny Diaries,The Nanny Diaries,pass,pass,,pass,
top2002:6436,hist,2002,THE SUMMONS,John Grisham,books_topn5_1996_2016.csv,5352,270452,The Summons,The Summons,pass,pass,,pass,
top2002:3738,hist,2002,RED RABBIT,Tom Clancy,books_topn5_1996_2016.csv,19707,5054714,Red Rabbit,Red Rabbit,pass,pass,,pass,
top2002:3606,hist,2002,PREY,Michael Crichton,books_topn5_1996_2016.csv,83763,1258566,Prey,Prey,pass,pass,,pass,
top2003:4918,hist,2003,THE DA VINCI CODE,Dan Brown,books_topn5_1996_2016.csv,55019161,2982101,The Da Vinci Code,The Da Vinci Code,pass,pass,,pass,
top2003:5159,hist,2003,THE FIVE PEOPLE YOU MEET IN HEAVEN,Mitch Albom,books_topn5_1996_2016.csv,3431,2561472,The Five People You Meet in Heaven,The Five People You Meet in Heaven,pass,pass,,pass,
top2003:4969,hist,2003,THE DEVIL WEARS PRADA,Lauren Weisberger,books_topn5_1996_2016.csv,5139,38765,The Devil Wears Prada,The Devil Wears Prada,pass,pass,,pass,
top2003:5543,hist,2003,THE KING OF TORTS,John Grisham,books_topn5_1996_2016.csv,5356,3137817,The King of Torts,The King of Torts,pass,pass,,pass,
top2003:730,hist,2003,BLEACHERS,John Grisham,books_topn5_1996_2016.csv,2200789,6365798,Bleachers,Bleachers,pass,pass,,pass,
top2004:462,hist,2004,ANGELS & DEMONS,Dan Brown,books_topn5_1996_2016.csv,960,3338963,Angels & Demons,Angels & Demons,pass,pass,,pass,
top2004:6172,hist,2004,THE RULE OF FOUR,Ian Caldwell and Dustin Thomason,books_topn5_1996_2016.csv,18431,3805,The Rule of Four,The Rule of Four,pass,pass,,pass,
top2004:6024,hist,2004,THE PLOT AGAINST AMERICA,Philip Roth,books_topn5_1996_2016.csv,703,911456,The Plot Against America,The Plot Against America,pass,pass,,pass,
top2004:5593,hist,2004,THE LAST JUROR,John Grisham,books_topn5_1996_2016.csv,5346,1022242,The Last Juror,The Last Juror,pass,pass,,pass,
top2004:2311,hist,2004,I AM CHARLOTTE SIMMONS,Tom Wolfe,books_topn5_1996_2016.csv,231,1005335,I Am Charlotte Simmons,I Am Charlotte Simmons,pass,pass,,pass,
top2005:5789,hist,2005,THE MERMAID CHAIR,Sue Monk Kidd,books_topn5_1996_2016.csv,6976,1408375,The Mermaid Chair,The Mermaid Chair,pass,pass,,pass,
top2005:5395,hist,2005,THE HISTORIAN,Elizabeth Kostova,books_topn5_1996_2016.csv,30236962,3061272,The Historian,The Historian,pass,pass,,pass,
top2005:535,hist,2005,AT FIRST SIGHT,Nicholas Sparks,books_topn5_1996_2016.csv,15924,1498113,At First Sight,At First Sight,pass,pass,,pass,
top2005:6982,hist,2005,TRUE BELIEVER,Nicholas Sparks,books_topn5_1996_2016.csv,131219160,1625592,True Believer by Nicholas Sparks,True Believer,pass,pass,,pass,
top2005:2917,hist,2005,"MARY, MARY",James Patterson,books_topn5_1996_2016.csv,84736,3267280,"Mary, Mary","Mary, Mary",pass,pass,,pass,
top2006:1882,hist,2006,FOR ONE MORE DAY,Mitch Albom,books_topn5_1996_2016.csv,10929,3125926,For One More Day,For One More Day,pass,pass,,pass,
top2006:1196,hist,2006,CROSS,James Patterson,books_topn5_1996_2016.csv,13128,3295810,Cross,Cross,pass,pass,"CROSS | I, ALEX CROSS",pass,"work ID also assigned to: CROSS | I, ALEX CROSS"
top2006:610,hist,2006,BEACH ROAD,James Patterson and Peter de Jonge,books_topn5_1996_2016.csv,85733,3373979,Beach Road,Beach Road,pass,pass,,pass,
top2006:5615,hist,2006,THE LAST TEMPLAR,Raymond Khoury,books_topn5_1996_2016.csv,46438,143448,The Last Templar,The Last Templar,pass,pass,,pass,
top2006:2096,hist,2006,HANNIBAL RISING,Thomas Harris,books_topn5_1996_2016.csv,32416,46673,Hannibal Rising,Hannibal Rising,pass,pass,,pass,
top2007:257,hist,2007,A THOUSAND SPLENDID SUNS,Khaled Hosseini,books_topn5_1996_2016.csv,128029,3271379,A Thousand Splendid Suns,A Thousand Splendid Suns,pass,pass,,pass,
top2007:7365,hist,2007,WORLD WITHOUT END,Ken Follett,books_topn5_1996_2016.csv,132577657,2845518,World Without End by Ken Follett,World Without End,pass,pass,,pass,
top2007:3537,hist,2007,PLAYING FOR PIZZA,John Grisham,books_topn5_1996_2016.csv,1205297,3090264,Playing for Pizza,Playing for Pizza,pass,pass,,pass,
top2007:4825,hist,2007,THE CHOICE,Nicholas Sparks,books_topn5_1996_2016.csv,25402194,2416287,The Choice,The Choice,pass,pass,,pass,
top2007:3247,hist,2007,NINETEEN MINUTES,Jodi Picoult,books_topn5_1996_2016.csv,14866,3375915,Nineteen Minutes,Nineteen Minutes,pass,pass,,pass,
top2008:5415,hist,2008,THE HOST,Stephenie Meyer,books_topn5_1996_2016.csv,1656001,3328799,The Host,The Host,pass,pass,,pass,
top2008:6406,hist,2008,THE STORY OF EDGAR SAWTELLE,David Wroblewski,books_topn5_1996_2016.csv,2731276,2168242,The Story of Edgar Sawtelle,The Story of Edgar Sawtelle,pass,pass,,pass,
top2008:5343,hist,2008,THE GUERNSEY LITERARY AND POTATO PEEL PIE SOCIETY,Mary Ann Shaffer and Annie Barrows,books_topn5_1996_2016.csv,39832183,2754161,The Guernsey Literary and Potato Peel Pie Society,The Guernsey Literary and Potato Peel Pie Society,pass,pass,,pass,
top2008:4560,hist,2008,THE APPEAL,John Grisham,books_topn5_1996_2016.csv,1248179,2934427,The Appeal,The Appeal,pass,pass,,pass,
top2008:5727,hist,2008,THE LUCKY ONE,Nicholas Sparks,books_topn5_1996_2016.csv,3063499,3094402,The Lucky One,The Lucky One,pass,pass,,pass,
top2009:5381,hist,2009,THE HELP,Kathryn Stockett,books_topn5_1996_2016.csv,4667024,4717423,The Help,The Help,pass,pass,,pass,
top2009:5709,hist,2009,THE LOST SYMBOL,Dan Brown,books_topn5_1996_2016.csv,6411961,6600281,The Lost Symbol,The Lost Symbol,pass,pass,,pass,
top2009:1323,hist,2009,DEAD AND GONE,Charlaine Harris,books_topn5_1996_2016.csv,5161066,5228078,Dead and Gone,Dead and Gone,pass,pass,,pass,
top2009:5611,hist,2009,THE LAST SONG,Nicholas Sparks,books_topn5_1996_2016.csv,6400090,6588800,The Last Song,The Last Song,pass,pass,,pass,
top2009:5257,hist,2009,THE GIRL WHO PLAYED WITH FIRE,Stieg Larsson,books_topn5_1996_2016.csv,5060378,6976108,The Girl Who Played with Fire,The Girl Who Played with Fire,pass,pass,,pass,
top2010:5254,hist,2010,THE GIRL WHO KICKED THE HORNET’S NEST,Stieg Larsson,books_topn5_1996_2016.csv,6892870,12883496,The Girl Who Kicked the Hornet’s Nest,The Girl Who Kicked the Hornet’s Nest,pass,pass,,pass,
top2010:1923,hist,2010,FREEDOM,Jonathan Franzen,books_topn5_1996_2016.csv,7905092,9585796,Freedom,Freedom,pass,pass,,pass,
top2010:4878,hist,2010,THE CONFESSION,John Grisham,books_topn5_1996_2016.csv,7933437,11286470,The Confession,The Confession,pass,pass,,pass,
top2010:3859,hist,2010,ROOM,Emma Donoghue,books_topn5_1996_2016.csv,31685789,9585076,Room,Room,pass,pass,,pass,
top2010:3901,hist,2010,SAFE HAVEN,Nicholas Sparks,books_topn5_1996_2016.csv,40603730,10829530,Safe Haven,Safe Haven,pass,pass,,pass,
top2011:81,hist,2011,A DANCE WITH DRAGONS,George R. R. Martin,books_topn5_1996_2016.csv,10664113,2936175,A Dance with Dragons,A Dance with Dragons,pass,pass,,pass,
top2011:5973,hist,2011,THE PARIS WIFE,Paula McLain,books_topn5_1996_2016.csv,8683812,13556031,The Paris Wife,The Paris Wife,pass,pass,,pass,
top2011:15,hist,2011,11/22/63,Stephen King,books_topn5_1996_2016.csv,10644930,15553789,11/22/63,11/22/63,pass,pass,,pass,
top2011:4618,hist,2011,THE BEST OF ME,Nicholas Sparks,books_topn5_1996_2016.csv,10766509,15677976,The Best of Me,The Best of Me,pass,pass,,pass,
top2011:5670,hist,2011,THE LITIGATORS,John Grisham,books_topn5_1996_2016.csv,11600163,16542344,The Litigators,The Litigators,pass,pass,,pass,
top2012:2023,hist,2012,GONE GIRL,Gillian Flynn,books_topn5_1996_2016.csv,19288043,13306276,Gone Girl,Gone Girl,pass,pass,,pass,
top2012:6093,hist,2012,THE RACKETEER,John Grisham,books_topn5_1996_2016.csv,13573236,19153727,The Racketeer,The Racketeer,pass,pass,,pass,
top2012:4772,hist,2012,THE CASUAL VACANCY,J. K. Rowling,books_topn5_1996_2016.csv,13497818,19926990,The Casual Vacancy,The Casual Vacancy,pass,pass,,pass,
top2012:6524,hist,2012,THE TIME KEEPER,Mitch Albom,books_topn5_1996_2016.csv,144504293,19426990,The Time Keeper by Mitch Albom,The Time Keeper,pass,pass,,pass,
top2012:901,hist,2012,CALICO JOE,John Grisham,books_topn5_1996_2016.csv,136826368,18245549,Calico Joe by John Grisham (3-Jan-2013) Paperback,Calico Joe,pass,pass,,pass,
top2013:5300,hist,2013,THE GOLDFINCH,Donna Tartt,books_topn5_1996_2016.csv,17333223,24065147,The Goldfinch,The Goldfinch,pass,pass,,pass,
top2013:2418,hist,2013,INFERNO,Dan Brown,books_topn5_1996_2016.csv,17212231,23841765,Inferno,Inferno,pass,pass,,pass,
top2013:5452,hist,2013,THE HUSBAND'S SECRET,Liane Moriarty,books_topn5_1996_2016.csv,17802724,23986788,The Husband's Secret,The Husband's Secret,pass,pass,,pass,
top2013:455,hist,2013,AND THE MOUNTAINS ECHOED,Khaled Hosseini,books_topn5_1996_2016.csv,16115612,21933087,And the Mountains Echoed,And the Mountains Echoed,pass,pass,,pass,
top2013:4426,hist,2013,SYCAMORE ROW,John Grisham,books_topn5_1996_2016.csv,17288661,25046757,Sycamore Row,Sycamore Row,pass,pass,,pass,
top2014:381,hist,2014,ALL THE LIGHT WE CANNOT SEE,Anthony Doerr,books_topn5_1996_2016.csv,18143977,25491300,All the Light We Cannot See,All the Light We Cannot See,pass,pass,,pass,
top2014:5485,hist,2014,THE INVENTION OF WINGS,Sue Monk Kidd,books_topn5_1996_2016.csv,18079776,25387072,The Invention of Wings,The Invention of Wings,pass,pass,,pass,
top2014:2048,hist,2014,GRAY MOUNTAIN,John Grisham,books_topn5_1996_2016.csv,20707959,40030582,Gray Mountain,Gray Mountain,pass,pass,,pass,
top2014:1609,hist,2014,EDGE OF ETERNITY,Ken Follett,books_topn5_1996_2016.csv,23190986,25660399,Edge of Eternity,Edge of Eternity,pass,pass,,pass,
top2014:691,hist,2014,BIG LITTLE LIES,Liane Moriarty,books_topn5_1996_2016.csv,33516773,27570886,Big Little Lies,Big Little Lies,pass,pass,,pass,
top2015:5895,hist,2015,THE NIGHTINGALE,Kristin Hannah,books_topn5_1996_2016.csv,21853621,41125521,The Nightingale,The Nightingale,pass,pass,,pass,
top2015:5251,hist,2015,THE GIRL ON THE TRAIN,Paula Hawkins,books_topn5_1996_2016.csv,22557272,41107568,The Girl on the Train,The Girl on the Train,pass,pass,,pass,
top2015:2000,hist,2015,GO SET A WATCHMAN,Harper Lee,books_topn5_1996_2016.csv,24817626,44458285,Go Set a Watchman,Go Set a Watchman,pass,pass,,pass,
top2015:330,hist,2015,AFTER YOU,Jojo Moyes,books_topn5_1996_2016.csv,27774596,44693518,After You,After You,pass,pass,,pass,
top2015:3851,hist,2015,ROGUE LAWYER,John Grisham,books_topn5_1996_2016.csv,25387351,45137948,Rogue Lawyer,Rogue Lawyer,pass,pass,,pass,
top1996:6484,hist,1996,THE TENTH INSIGHT,James Redfield,books_topn5_more_1996_2015.csv,13105,2591755,The Tenth Insight: Holding the Vision,The Tenth Insight,pass,pass,,pass,
top1996:6178,hist,1996,THE RUNAWAY JURY,John Grisham,books_topn5_more_1996_2015.csv,24192,1022176,The Runaway Jury,The Runaway Jury,pass,pass,,pass,
top1996:2287,hist,1996,HOW STELLA GOT HER GROOVE BACK,Terry McMillan,books_topn5_more_1996_2015.csv,122205,558576,How Stella Got Her Groove Back,How Stella Got Her Groove Back,pass,pass,,pass,
top1996:3056,hist,1996,MOONLIGHT BECOMES YOU,Mary Higgins Clark,books_topn5_more_1996_2015.csv,237114,1492888,Moonlight Becomes You,Moonlight Becomes You,pass,pass,,pass,
top1996:349,hist,1996,AIRFRAME,Michael Crichton,books_topn5_more_1996_2015.csv,7667,997270,Airframe,Airframe,pass,pass,,pass,
top1997:2746,hist,1997,LONDON,Edward Rutherfurd,books_topn5_more_1996_2015.csv,12407442,3139753,London,London,pass,pass,,pass,
top1997:7085,hist,1997,UP ISLAND,Anne Rivers Siddons,books_topn5_more_1996_2015.csv,104218,260422,Up Island,Up Island,pass,pass,,pass,
top1997:4239,hist,1997,SPECIAL DELIVERY,Danielle Steel,books_topn5_more_1996_2015.csv,59839,1050581,Special Delivery,Special Delivery,pass,pass,,pass,
top1997:5647,hist,1997,THE LETTER,Richard Paul Evans,books_topn5_more_1996_2015.csv,199796,2918712,The Letter,The Letter,pass,pass,,pass,
top1997:3602,hist,1997,PRETEND YOU DON'T SEE HER,Mary Higgins Clark,books_topn5_more_1996_2015.csv,43357,1493470,Pretend You Don't See Her,Pretend You Don't See Her,pass,pass,,pass,
top1998:4378,hist,1998,SUMMER SISTERS,Judy Blume,books_topn5_more_1996_2015.csv,57233514,2055065,Summer Sisters,Summer Sisters,pass,pass,,pass,
top1998:276,hist,1998,A WIDOW FOR ONE YEAR,John Irving,books_topn5_more_1996_2015.csv,4659,3359767,A Widow for One Year,A Widow for One Year,pass,pass,,pass,
top1998:582,hist,1998,BAG OF BONES,Stephen King,books_topn5_more_1996_2015.csv,10589,3254516,Bag of Bones,Bag of Bones,pass,pass,,pass,
top1998:705,hist,1998,BLACK AND BLUE,Anna Quindlen,books_topn5_more_1996_2015.csv,5157,2349447,Black and Blue,Black and Blue,pass,pass,,pass,
top1998:181,hist,1998,A NIGHT WITHOUT ARMOR,Jewel Kilcher,books_topn5_more_1996_2015.csv,,,,,missing_title,missing_title,,unmapped,no Goodreads work ID
top1999:2095,hist,1999,HANNIBAL,Thomas Harris,books_topn5_more_1996_2015.csv,32418,2992500,Hannibal,Hannibal,pass,pass,,pass,
top1999:5256,hist,1999,THE GIRL WHO LOVED TOM GORDON,Stephen King,books_topn5_more_1996_2015.csv,11564,1836389,The Girl Who Loved Tom Gordon,The Girl Who Loved Tom Gordon,pass,pass,,pass,
top1999:7269,hist,1999,WHITE OLEANDER,Janet Fitch,books_topn5_more_1996_2015.csv,32234,1223333,White Oleander,White Oleander,pass,pass,,pass,
top1999:6870,hist,1999,TIMELINE,Michael Crichton,books_topn5_more_1996_2015.csv,7669,1525987,Timeline,Timeline,pass,pass,,pass,
top1999:2144,hist,1999,HEARTS IN ATLANTIS,Stephen King,books_topn5_more_1996_2015.csv,11602,3166850,Hearts in Atlantis,Hearts in Atlantis,pass,pass,,pass,
top2000:4071,hist,2000,SHOPGIRL,Steve Martin,books_topn5_more_1996_2015.csv,10873,1028908,Shopgirl,Shopgirl,pass,pass,,pass,
top2000:1557,hist,2000,DROWNING RUTH,Christina Schwarz,books_topn5_more_1996_2015.csv,5171,1737200,Drowning Ruth,Drowning Ruth,pass,pass,,pass,
top2000:5605,hist,2000,THE LAST PRECINCT,Patricia Cornwell,books_topn5_more_1996_2015.csv,320167,865958,The Last Precinct,The Last Precinct,pass,pass,,pass,
top2000:6124,hist,2000,THE RESCUE,Nicholas Sparks,books_topn5_more_1996_2015.csv,3462,1268663,The Rescue,The Rescue,pass,pass,,pass,
top2000:5666,hist,2000,THE LION'S GAME,Nelson DeMille,books_topn5_more_1996_2015.csv,33808,2319,The Lion's Game,The Lion's Game,pass,pass,,pass,
top2001:916,hist,2001,CANE RIVER,Lalita Tademy,books_topn5_more_1996_2015.csv,5167,2028071,Cane River,Cane River,pass,pass,,pass,
top2001:4678,hist,2001,THE BONESETTER'S DAUGHTER,Amy Tan,books_topn5_more_1996_2015.csv,12555,1898187,The Bonesetter's Daughter,The Bonesetter's Daughter,pass,pass,,pass,
top2001:1543,hist,2001,DREAMCATCHER,Stephen King,books_topn5_more_1996_2015.csv,11570,643924,Dreamcatcher,Dreamcatcher,pass,pass,,pass,
top2001:710,hist,2001,BLACK HOUSE,Stephen King and Peter Straub,books_topn5_more_1996_2015.csv,97126,93620,The Talisman and Black House,The Talisman and Black House,title_mismatch('The Talisman and Black House'),title_mismatch('The Talisman and Black House'),,mismatch,book page: title_mismatch('The Talisman and Black House'); work page: title_mismatch('The Talisman and Black House')
top2001:28,hist,2001,1ST TO DIE,James Patterson,books_topn5_more_1996_2015.csv,13137,1711194,1st to Die,1st to Die,pass,pass,,pass,
top2002:4599,hist,2002,THE BEACH HOUSE,James Patterson and Peter de Jonge,books_topn5_more_1996_2015.csv,7510,22576,The Beach House,The Beach House,pass,pass,,pass,
top2002:543,hist,2002,ATONEMENT,Ian McEwan,books_topn5_more_1996_2015.csv,6867,2307233,Atonement,Atonement,pass,pass,,pass,
top2002:1911,hist,2002,FOUR BLIND MICE,James Patterson,books_topn5_more_1996_2015.csv,53625,1831604,Four Blind Mice,Four Blind Mice,pass,pass,,pass,
top2002:2697,hist,2002,LIFE OF PI,Yann Martel,books_topn5_more_1996_2015.csv,4214,1392700,Life of Pi,Life of Pi,pass,pass,,pass,
top2002:1681,hist,2002,EVERYTHING'S EVENTUAL,Stephen King,books_topn5_more_1996_2015.csv,10579,2330175,Everything's Eventual: 14 Dark Tales,Everything's Eventual,pass,pass,,pass,
top2003:5341,hist,2003,THE GUARDIAN,Nicholas Sparks,books_topn5_more_1996_2015.csv,15925,810630,The Guardian,The Guardian,pass,pass,,pass,
top2003:6472,hist,2003,THE TEETH OF THE TIGER,Tom Clancy,books_topn5_more_1996_2015.csv,19674,5054715,The Teeth of the Tiger,The Teeth of the Tiger,pass,pass,,pass,
top2003:767,hist,2003,BLOW FLY,Patricia Cornwell,books_topn5_more_1996_2015.csv,31623,1454733,Blow Fly,Blow Fly,pass,pass,,pass,
top2003:6664,hist,2003,THE WEDDING,Nicholas Sparks,books_topn5_more_1996_2015.csv,3466,1208014,The Wedding,The Wedding,pass,pass,,pass,
top2003:1206,hist,2003,CROSSROADS OF TWILIGHT,Robert Jordan,books_topn5_more_1996_2015.csv,113435,195579,Crossroads of Twilight,Crossroads of Twilight,pass,pass,,pass,
top2004:664,hist,2004,BERGDORF BLONDES,Plum Sykes,books_topn5_more_1996_2015.csv,127729917,98,"Bergdorf Blondes by Sykes, Plum (2006) Paperback",Bergdorf Blondes,pass,pass,,pass,
top2004:4310,hist,2004,STATE OF FEAR,Michael Crichton,books_topn5_more_1996_2015.csv,15860,1749610,State of Fear,State of Fear,pass,pass,,pass,
top2004:5499,hist,2004,THE JANE AUSTEN BOOK CLUB,Karen Joy Fowler,books_topn5_more_1996_2015.csv,2152,3498000,The Jane Austen Book Club,The Jane Austen Book Club,pass,pass,,pass,
top2004:1998,hist,2004,GLORIOUS APPEARING,Tim LaHaye and Jerry B. Jenkins,books_topn5_more_1996_2015.csv,34520188,577477,Glorious Appearing: The End Of Days (Left Behind),Glorious Appearing,pass,pass,,pass,
top2004:3908,hist,2004,SAM'S LETTERS TO JENNIFER,James Patterson,books_topn5_more_1996_2015.csv,80568,3164888,Sam's Letters to Jennifer,Sam's Letters to Jennifer,pass,pass,,pass,
top2005:4729,hist,2005,THE BROKER,John Grisham,books_topn5_more_1996_2015.csv,1110,3204998,The Broker,The Broker,pass,pass,,pass,
top2005:4206,hist,2005,SON OF A WITCH,Gregory Maguire,books_topn5_more_1996_2015.csv,13521,845295,Son of a Witch,Son of a Witch,pass,pass,,pass,
top2005:3593,hist,2005,PREDATOR,Patricia Cornwell,books_topn5_more_1996_2015.csv,6528,947822,Predator,Predator,pass,pass,,pass,
top2005:4751,hist,2005,THE CAMEL CLUB,David Baldacci,books_topn5_more_1996_2015.csv,15158,2571396,The Camel Club,The Camel Club,pass,pass,,pass,
top2005:1045,hist,2005,CHRIST THE LORD: OUT OF EGYPT,Anne Rice,books_topn5_more_1996_2015.csv,25347,2926176,Out of Egypt,Out of Egypt,pass,pass,,pass_alias,Out of Egypt is the shortened work title for Christ the Lord: Out of Egypt.
top2006:7186,hist,2006,WATER FOR ELEPHANTS,Sara Gruen,books_topn5_more_1996_2015.csv,43641,3441236,Water for Elephants,Water for Elephants,pass,pass,,pass,
top2006:1357,hist,2006,DEAR JOHN,Nicholas Sparks,books_topn5_more_1996_2015.csv,5526,3222389,Dear John,Dear John,pass,pass,,pass,
top2006:4505,hist,2006,THE 5TH HORSEMAN,James Patterson and Maxine Paetro,books_topn5_more_1996_2015.csv,49233765,3132603,The 5th Horseman,5th Horseman,pass,pass,,pass,
top2006:2519,hist,2006,JUDGE & JURY,James Patterson and Andrew Gross,books_topn5_more_1996_2015.csv,13130,2513160,Judge & Jury,Judge & Jury,pass,pass,,pass,
top2006:7008,hist,2006,TWELVE SHARP,Janet Evanovich,books_topn5_more_1996_2015.csv,3507,3095104,Twelve Sharp,Twelve Sharp,pass,pass,,pass,
top2007:4821,hist,2007,THE CHILDREN OF HÚRIN,J. R. R. Tolkien,books_topn5_more_1996_2015.csv,597790,5725966,The Children of Húrin,The Children of Húrin,pass,pass,,pass,
top2007:1506,hist,2007,DOUBLE CROSS,James Patterson,books_topn5_more_1996_2015.csv,552887,3357637,Double Cross,Double Cross,pass,pass,,pass,
top2007:4327,hist,2007,STONE COLD,David Baldacci,books_topn5_more_1996_2015.csv,627984,614327,Stone Cold,Stone Cold,pass,pass,,pass,
top2007:6087,hist,2007,THE QUICKIE,James Patterson and Michael Ledwidge,books_topn5_more_1996_2015.csv,13133,1872234,The Quickie,The Quickie,pass,pass,,pass,
top2007:4316,hist,2007,STEP ON A CRACK,James Patterson and Michael Ledwidge,books_topn5_more_1996_2015.csv,45169,1384747,Step on a Crack,Step on a Crack,pass,pass,,pass,
top2008:2818,hist,2008,LOVE THE ONE YOU’RE WITH,Emily Giffin,books_topn5_more_1996_2015.csv,149058569,1470370,Love the One You're With by Emily Giffin (5-Mar-2009) Paperback,Love the One You're With,pass,pass,,pass,
top2008:4835,hist,2008,THE CHRISTMAS SWEATER,Glenn Beck with Kevin Balfe and Jason Wright,books_topn5_more_1996_2015.csv,3268926,3132696,The Christmas Sweater,The Christmas Sweater,pass,pass,,pass,
top2008:5420,hist,2008,THE HOUR I FIRST BELIEVED,Wally Lamb,books_topn5_more_1996_2015.csv,3086160,3811636,The Hour I First Believed,The Hour I First Believed,pass,pass,,pass,
top2008:1198,hist,2008,CROSS COUNTRY,James Patterson,books_topn5_more_1996_2015.csv,1713912,6634474,Cross Country,Cross Country,pass,pass,,pass,
top2008:3947,hist,2008,SCARPETTA,Patricia Cornwell,books_topn5_more_1996_2015.csv,6530,2503909,Trace,Trace,title_mismatch('Trace'),title_mismatch('Trace'),,mismatch,book page: title_mismatch('Trace'); work page: title_mismatch('Trace')
top2009:4576,hist,2009,THE ASSOCIATE,John Grisham,books_topn5_more_1996_2015.csv,3613997,3656764,The Associate,The Associate,pass,pass,,pass,
top2009:2340,hist,2009,"I, ALEX CROSS",James Patterson,books_topn5_more_1996_2015.csv,13128,3295810,Cross,Cross,title_mismatch('Cross'),title_mismatch('Cross'),"CROSS | I, ALEX CROSS",mismatch,"book page: title_mismatch('Cross'); work page: title_mismatch('Cross'); work ID also assigned to: CROSS | I, ALEX CROSS"
top2009:2091,hist,2009,HANDLE WITH CARE,Jodi Picoult,books_topn5_more_1996_2015.csv,3720975,3764682,Handle with Care,Handle with Care,pass,pass,,pass,
top2009:3665,hist,2009,PURSUIT OF HONOR,Vince Flynn,books_topn5_more_1996_2015.csv,6339304,6525245,Pursuit of Honor,Pursuit of Honor,pass,pass,,pass,
top2009:4045,hist,2009,SHANGHAI GIRLS,Lisa See,books_topn5_more_1996_2015.csv,5960325,5991850,Shanghai Girls,Shanghai Girls,pass,pass,,pass,
top2010:1728,hist,2010,FALL OF GIANTS,Ken Follett,books_topn5_more_1996_2015.csv,7315573,8842841,Fall of Giants,Fall of Giants,pass,pass,,pass,
top2010:4272,hist,2010,SQUIRREL SEEKS CHIPMUNK,David Sedaris,books_topn5_more_1996_2015.csv,7857195,10995406,Squirrel Seeks Chipmunk,Squirrel Seeks Chipmunk,pass,pass,,pass,
top2010:1335,hist,2010,DEAD OR ALIVE,Tom Clancy with Grant Blackwood,books_topn5_more_1996_2015.csv,164188909,12502746,"Dead or Alive by Tom Clancy, Grant Blackwood",Dead or Alive,pass,pass,,pass,
top2010:1199,hist,2010,CROSS FIRE,James Patterson,books_topn5_more_1996_2015.csv,7856305,9629311,Cross Fire,Cross Fire,pass,pass,,pass,
top2010:1330,hist,2010,DEAD IN THE FAMILY,Charlaine Harris,books_topn5_more_1996_2015.csv,7091488,6902804,Dead in the Family,Dead in the Family,pass,pass,,pass,
top2011:4311,hist,2011,STATE OF WONDER,Ann Patchett,books_topn5_more_1996_2015.csv,9118135,14893776,State of Wonder,State of Wonder,pass,pass,,pass,
top2011:1365,hist,2011,DEATH COMES TO PEMBERLEY,P. D. James,books_topn5_more_1996_2015.csv,12875355,17822238,Death Comes to Pemberley,Death Comes to Pemberley,pass,pass,,pass,
top2011:5571,hist,2011,THE LAND OF PAINTED CAVES,Jean M. Auel,books_topn5_more_1996_2015.csv,8318666,13167950,The Land of Painted Caves,The Land of Painted Caves,pass,pass,,pass,
top2011:1336,hist,2011,DEAD RECKONING,Charlaine Harris,books_topn5_more_1996_2015.csv,7981206,12401364,Dead Reckoning,Dead Reckoning,pass,pass,,pass,
top2011:2552,hist,2011,KILL ALEX CROSS,James Patterson,books_topn5_more_1996_2015.csv,10343389,15246115,Kill Alex Cross,Kill Alex Cross,pass,pass,,pass,
top2012:7323,hist,2012,WINTER OF THE WORLD,Ken Follett,books_topn5_more_1996_2015.csv,12959233,18116611,Winter of the World,Winter of the World,pass,pass,,pass,
top2012:5475,hist,2012,THE INNOCENT,David Baldacci,books_topn5_more_1996_2015.csv,12849385,17594837,The Innocent,The Innocent,pass,pass,,pass,
top2012:6166,hist,2012,THE ROUND HOUSE,Louise Erdrich,books_topn5_more_1996_2015.csv,13602426,19195697,The Round House,The Round House,pass,pass,,pass,
top2012:1202,hist,2012,CROSS ROADS,Wm. Paul Young,books_topn5_more_1996_2015.csv,135873405,21421904,Cross Roads,Cross Roads,pass,pass,,pass,
top2012:2555,hist,2012,KILL SHOT,Vince Flynn,books_topn5_more_1996_2015.csv,10816297,15729967,Kill Shot,Kill Shot,pass,pass,,pass,
top2013:1483,hist,2013,DOCTOR SLEEP,Stephen King,books_topn5_more_1996_2015.csv,16130549,17851499,Doctor Sleep,Doctor Sleep,pass,pass,,pass,
top2013:5695,hist,2013,THE LONGEST RIDE,Nicholas Sparks,books_topn5_more_1996_2015.csv,17407748,24248331,The Longest Ride,The Longest Ride,pass,pass,,pass,
top2013:5154,hist,2013,THE FIRST PHONE CALL FROM HEAVEN,Mitch Albom,books_topn5_more_1996_2015.csv,17888952,25035204,The First Phone Call from Heaven,The First Phone Call from Heaven,pass,pass,,pass,
top2013:163,hist,2013,A MEMORY OF LIGHT,Robert Jordan and Brandon Sanderson,books_topn5_more_1996_2015.csv,16006282,21771164,By Grace and Banners Fallen: Prologue to A Memory of Light,By Grace and Banners Fallen,title_mismatch('By Grace and Banners Fallen: Prologue to A Memory of Light'),title_mismatch('By Grace and Banners Fallen'),,mismatch,book page: title_mismatch('By Grace and Banners Fallen: Prologue to A Memory of Light'); work page: title_mismatch('By Grace and Banners Fallen')
top2013:4914,hist,2013,THE CUCKOO'S CALLING,Robert Galbraith,books_topn5_more_1996_2015.csv,16160797,22002305,The Cuckoo's Calling,The Cuckoo's Calling,pass,pass,,pass,
top2014:4204,hist,2014,SOMEWHERE SAFE WITH SOMEBODY GOOD,Jan Karon,books_topn5_more_1996_2015.csv,20702311,40022168,Somewhere Safe with Somebody Good,Somewhere Safe with Somebody Good,pass,pass,,pass,
top2014:5071,hist,2014,THE ESCAPE,David Baldacci,books_topn5_more_1996_2015.csv,20767918,40105061,The Escape,The Escape,pass,pass,,pass,
top2014:2662,hist,2014,LEAVING TIME,Jodi Picoult,books_topn5_more_1996_2015.csv,18816603,26757264,Leaving Time,Leaving Time,pass,pass,,pass,
top2014:4696,hist,2014,THE BOSTON GIRL,Anita Diamant,books_topn5_more_1996_2015.csv,22450859,21890979,The Boston Girl,The Boston Girl,pass,pass,,pass,
top2014:2250,hist,2014,HOPE TO DIE,James Patterson,books_topn5_more_1996_2015.csv,20800147,40144215,Hope to Die,Hope to Die,pass,pass,,pass,
top2015:3992,hist,2015,SEE ME,Nicholas Sparks,books_topn5_more_1996_2015.csv,24820165,44460981,See Me,See Me,pass,pass,,pass,
top2015:2844,hist,2015,LUCKIEST GIRL ALIVE,Jessica Knoll,books_topn5_more_1996_2015.csv,22609317,42099141,Luckiest Girl Alive,Luckiest Girl Alive,pass,pass,,pass,
top2015:234,hist,2015,A SPOOL OF BLUE THREAD,Anne Tyler,books_topn5_more_1996_2015.csv,28814772,41711673,A Spool of Blue Thread,A Spool of Blue Thread,pass,pass,,pass,
top2015:4598,hist,2015,THE BAZAAR OF BAD DREAMS,Stephen King,books_topn5_more_1996_2015.csv,23512999,43116154,The Bazaar of Bad Dreams,The Bazaar of Bad Dreams,pass,pass,,pass,
top2015:5250,hist,2015,THE GIRL IN THE SPIDER'S WEB,David Lagercrantz,books_topn5_more_1996_2015.csv,25074850,27669153,The Girl in the Spider's Web,The Girl in the Spider's Web,pass,pass,,pass,
top1997:6712,hist,1997,THE WINNER,David Baldacci,books_topn5_1996_2015_to10.csv,113138,1369417,The Winner,The Winner,pass,pass,,pass,
top1998:156,hist,1998,A MAN IN FULL,Tom Wolfe,books_topn5_1996_2015_to10.csv,86172,1997693,A Man in Full,A Man in Full,pass,pass,,pass,
top2000:3866,hist,2000,ROSES ARE RED,James Patterson,books_topn5_1996_2015_to10.csv,79378,22566,Roses Are Red,Roses Are Red,pass,pass,,pass,
top2001:7137,hist,2001,VIOLETS ARE BLUE,James Patterson,books_topn5_1996_2015_to10.csv,79379,1827952,Violets Are Blue,Violets Are Blue,pass,pass,,pass,
top2013:5912,hist,2013,THE OCEAN AT THE END OF THE LANE,Neil Gaiman,books_topn5_1996_2015_to10.csv,18505792,21500681,The Ocean at the End of the Lane,The Ocean at the End of the Lane,pass,pass,,pass,
top1996:293,hist,1996,ABSOLUTE POWER,David Baldacci,books_topn5_1996_2015_to10.csv,15159,2837,Absolute Power,Absolute Power,pass,pass,,pass,
top1996:1431,hist,1996,DESPERATION,Stephen King,books_topn5_1996_2015_to10.csv,10584,14015,Desperation,Desperation,pass,pass,,pass,
top1996:5634,hist,1996,THE LAWS OF OUR FATHERS,Scott Turow,books_topn5_1996_2015_to10.csv,4682,32792,The Laws Of Our Fathers,The Laws of Our Fathers,pass,pass,,pass,
top1996:6117,hist,1996,THE REGULATORS,Richard Bachman,books_topn5_1996_2015_to10.csv,10596,955346,The Regulators,The Regulators,pass,pass,,pass,
top1996:2330,hist,1996,I WAS AMELIA EARHART,Jane Mendelsohn,books_topn5_1996_2015_to10.csv,767526,2702591,I WAS AMELIA EARHART.,I Was Amelia Earhart,pass,pass,,pass,
top1997:957,hist,1997,CAT & MOUSE,James Patterson,books_topn5_1996_2015_to10.csv,21436,2983256,Cat & Mouse,Cat & Mouse,pass,pass,,pass,
top1997:64,hist,1997,A CERTAIN JUSTICE,P. D. James,books_topn5_1996_2015_to10.csv,29204,2781025,A Certain Justice,A Certain Justice,pass,pass,,pass,
top1997:5238,hist,1997,THE GHOST,Danielle Steel,books_topn5_1996_2015_to10.csv,59849,1461240,The Ghost,The Ghost,pass,pass,,pass,
top1997:7070,hist,1997,UNNATURAL EXPOSURE,Patricia Cornwell,books_topn5_1996_2015_to10.csv,128504879,2589885,"Unnatural Exposure by Cornwell, Patricia [Berkley,2008] (Mass Market Paperback) Reissue",Unnatural Exposure,pass,pass,,pass,
top1998:2322,hist,1998,I KNOW THIS MUCH IS TRUE,Wally Lamb,books_topn5_1996_2015_to10.csv,227711,1191096,I Know This Much Is True,I Know This Much Is True,pass,pass,,pass,
top2000:1965,hist,2000,GAP CREEK,Robert Morgan,books_topn5_1996_2015_to10.csv,77398,879027,Gap Creek,Gap Creek,pass,pass,,pass,
top2000:635,hist,2000,BEFORE I SAY GOOD-BYE,Mary Higgins Clark,books_topn5_1996_2015_to10.csv,691775,1612744,Before I Say Good-Bye,Before I Say Goodbye,pass,pass,,pass,
top2000:5435,hist,2000,THE HOUSE ON HOPE STREET,Danielle Steel,books_topn5_1996_2015_to10.csv,528659,1516725,The House on Hope Street,The House on Hope Street,pass,pass,,pass,
top2000:7326,hist,2000,WINTER SOLSTICE,Rosamunde Pilcher,books_topn5_1996_2015_to10.csv,116054,2067411,Winter Solstice,Winter Solstice,pass,pass,,pass,
top2001:567,hist,2001,BACK WHEN WE WERE GROWNUPS,Anne Tyler,books_topn5_1996_2015_to10.csv,31178,2731250,Back When We Were Grownups,Back When We Were Grownups,pass,pass,,pass,
top2001:5621,hist,2001,THE LAST TIME THEY MET,Anita Shreve,books_topn5_1996_2015_to10.csv,96082,7403922,The Last Time They Met,The Last Time They Met,pass,pass,,pass,
top2002:1936,hist,2002,FROM A BUICK 8,Stephen King,books_topn5_1996_2015_to10.csv,22076,2818729,From a Buick 8,From a Buick 8,pass,pass,,pass,
top2002:3237,hist,2002,NIGHTS IN RODANTHE,Nicholas Sparks,books_topn5_1996_2015_to10.csv,15926,943470,Nights in Rodanthe,Nights in Rodanthe,pass,pass,,pass,
top2002:4982,hist,2002,THE DIARY OF ELLEN RIMBAUER,edited by Joyce Reardon,books_topn5_1996_2015_to10.csv,,,,,missing_title,missing_title,,unmapped,no Goodreads work ID
top2002:6122,hist,2002,THE REMNANT,Tim LaHaye and Jerry B. Jenkins,books_topn5_1996_2015_to10.csv,27530,2172654,The Remnant,The Remnant,pass,pass,,pass,
top2003:509,hist,2003,ARMAGEDDON,Tim LaHaye and Jerry B. Jenkins,books_topn5_1996_2015_to10.csv,27525,411077,Armageddon: The Cosmic Battle of the Ages,Armageddon,pass,pass,,pass,
top2003:5567,hist,2003,THE LAKE HOUSE,James Patterson,books_topn5_1996_2015_to10.csv,110444,106431,The Lake House,The Lake House,pass,pass,,pass,
top2004:4540,hist,2004,THE AMATEUR MARRIAGE,Anne Tyler,books_topn5_1996_2015_to10.csv,15764,838459,The Amateur Marriage,The Amateur Marriage,pass,pass,,pass,
top2004:2747,hist,2004,LONDON BRIDGES,James Patterson,books_topn5_1996_2015_to10.csv,13151,3236105,London Bridges,London Bridges,pass,pass,,pass,
top2004:4133,hist,2004,SKINNY DIP,Carl Hiaasen,books_topn5_1996_2015_to10.csv,13079,817175,Skinny Dip,Skinny Dip,pass,pass,,pass,
top2005:39,hist,2005,4TH OF JULY,James Patterson and Maxine Paetro,books_topn5_1996_2015_to10.csv,33668,15334,4th of July,4th of July,pass,pass,,pass,
top2005:7423,hist,2005,“S” IS FOR SILENCE,Sue Grafton,books_topn5_1996_2015_to10.csv,128511770,137034,"S is for Silence by Grafton, Sue [A Marian Wood Book/Putnam,2005]",S is for Silence,pass,pass,,pass,
top2005:2702,hist,2005,LIFEGUARD,James Patterson and Andrew Gross,books_topn5_1996_2015_to10.csv,86424,260314,Lifeguard,Lifeguard,pass,pass,,pass,
top2006:3202,hist,2006,NEXT,Michael Crichton,books_topn5_1996_2015_to10.csv,7661,2821071,Next,Next,pass,pass,,pass,
top2006:7290,hist,2006,WILD FIRE,Nelson DeMille,books_topn5_1996_2015_to10.csv,1849,2834249,Wild Fire,Wild Fire,pass,pass,,pass,
top2006:4670,hist,2006,THE BOLEYN INHERITANCE,Philippa Gregory,books_topn5_1996_2015_to10.csv,16180,816515,The Boleyn Inheritance,The Boleyn Inheritance,pass,pass,,pass,
top2006:5450,hist,2006,THE HUSBAND,Dean Koontz,books_topn5_1996_2015_to10.csv,16429,944272,The Husband,The Husband,pass,pass,,pass,
top2006:7028,hist,2006,TWO LITTLE GIRLS IN BLUE,Mary Higgins Clark,books_topn5_1996_2015_to10.csv,154423,1612722,Two Little Girls in Blue,Two Little Girls in Blue,pass,pass,,pass,
top2007:4507,hist,2007,THE 6TH TARGET,James Patterson and Maxine Paetro,books_topn5_1996_2015_to10.csv,13131,15302,The 6th Target,The 6th Target,pass,pass,,pass,
top2007:4699,hist,2007,THE BOURNE BETRAYAL,Eric Van Lustbader,books_topn5_1996_2015_to10.csv,70087,1173089,The Bourne Betrayal,The Bourne Betrayal,pass,pass,,pass,
top2007:805,hist,2007,BOOK OF THE DEAD,Patricia Cornwell,books_topn5_1996_2015_to10.csv,6526,3602953,Book of the Dead,Book of the Dead,pass,pass,,pass,
top2008:1017,hist,2008,CHASING HARRY WINSTON,Lauren Weisberger,books_topn5_1996_2015_to10.csv,426775,2902978,Chasing Harry Winston,Chasing Harry Winston,pass,pass,,pass,
top2008:164,hist,2008,A MERCY,Toni Morrison,books_topn5_1996_2015_to10.csv,3009435,3039966,A Mercy,A Mercy,pass,pass,,pass,
top2009:1835,hist,2009,FIRST FAMILY,David Baldacci,books_topn5_1996_2015_to10.csv,5509321,5617267,First Family,First Family,pass,pass,,pass,
top2009:1890,hist,2009,FORD COUNTY,John Grisham,books_topn5_1996_2015_to10.csv,6398972,6587666,Ford County,Ford County,pass,pass,,pass,
top2009:4223,hist,2009,SOUTH OF BROAD,Pat Conroy,books_topn5_1996_2015_to10.csv,6135237,6264122,South of Broad,South of Broad,pass,pass,,pass,
top2009:7053,hist,2009,UNDER THE DOME,Stephen King,books_topn5_1996_2015_to10.csv,18528452,35554137,Under the Dome: Part One,Under the Dome,pass,pass,,pass,
top2010:2158,hist,2010,HELL'S CORNER,David Baldacci,books_topn5_1996_2015_to10.csv,8045080,15254849,Hell's Corner,Hell's Corner,pass,pass,,pass,
top2010:2284,hist,2010,HOUSE RULES,Jodi Picoult,books_topn5_1996_2015_to10.csv,6614960,6809039,House Rules,House Rules,pass,pass,,pass,
top2011:3309,hist,2011,NOW YOU SEE HER,James Patterson and Michael Ledwidge,books_topn5_1996_2015_to10.csv,7926569,11240905,Now You See Her,Now You See Her,pass,pass,,pass,
top2011:5131,hist,2011,THE FIFTH WITNESS,Michael Connelly,books_topn5_1996_2015_to10.csv,9681098,14183705,The Fifth Witness,The Fifth Witness,pass,pass,,pass,
top2012:5180,hist,2012,THE FORGOTTEN,David Baldacci,books_topn5_1996_2015_to10.csv,15842230,21412154,The Forgotten,The Forgotten,pass,pass,,pass,
top2013:4475,hist,2013,TENTH OF DECEMBER,George Saunders,books_topn5_1996_2015_to10.csv,13641208,19256026,Tenth of December,Tenth of December,pass,pass,,pass,
top2013:3892,hist,2013,S.,Doug Dorst,books_topn5_1996_2015_to10.csv,7826998,10879824,The Surf Guru: Stories,The Surf Guru,title_mismatch('The Surf Guru: Stories'),title_mismatch('The Surf Guru'),,mismatch,book page: title_mismatch('The Surf Guru: Stories'); work page: title_mismatch('The Surf Guru')
top2013:1127,hist,2013,COMMAND AUTHORITY,Tom Clancy with Mark Greaney,books_topn5_1996_2015_to10.csv,18342283,25897610,Command Authority,Command Authority,pass,pass,,pass,
top2013:1201,hist,2013,CROSS MY HEART,James Patterson,books_topn5_1996_2015_to10.csv,17333277,24064581,Cross My Heart,Cross My Heart,pass,pass,,pass,
top1996:2012,hist,1996,GODS AND GENERALS,Jeff Shaara,books_topn5_1996_2015_to10_more.csv,29925,30342,Gods and Generals,Gods and Generals,pass,pass,,pass,
top1996:2436,hist,1996,INTENSITY,Dean Koontz,books_topn5_1996_2015_to10_more.csv,32439,442737,Intensity,Intensity,pass,pass,,pass,
top1996:967,hist,1996,CAUSE OF DEATH,Patricia Cornwell,books_topn5_1996_2015_to10_more.csv,6541,2408,Cause of Death,Cause of Death,pass,pass,,pass,
top1997:7138,hist,1997,VIOLIN,Anne Rice,books_topn5_1996_2015_to10_more.csv,31333,2925978,Violin,Violin,pass,pass,,pass,
top1997:5778,hist,1997,THE MATARESE COUNTDOWN,Robert Ludlum,books_topn5_1996_2015_to10_more.csv,573202,3246881,The Matarese Countdown,The Matarese Countdown,pass,pass,,pass,
top1997:1762,hist,1997,FAT TUESDAY,Sandra Brown,books_topn5_1996_2015_to10_more.csv,30374,13538690,Fat Tuesday,Fat Tuesday,pass,pass,,pass,
top2000:4665,hist,2000,THE BLUEST EYE,Toni Morrison,books_topn5_1996_2015_to10_more.csv,11337,1987778,The Bluest Eye,The Bluest Eye,pass,pass,,pass,
top2000:1600,hist,2000,EASY PREY,John Sandford,books_topn5_1996_2015_to10_more.csv,6838,1515166,Easy Prey,Easy Prey,pass,pass,,pass,
top2001:1425,hist,2001,DESECRATION,Tim LaHaye and Jerry B. Jenkins,books_topn5_1996_2015_to10_more.csv,421962,1008407,Desecration: An Experience in Sound and Drama,Desecration,pass,pass,,pass,
top2001:3367,hist,2001,ON THE STREET WHERE YOU LIVE,Mary Higgins Clark,books_topn5_1996_2015_to10_more.csv,41490,1080696,On the Street Where You Live,On the Street Where You Live,pass,pass,,pass,
top2002:6281,hist,2002,THE SHELTERS OF STONE,Jean M. Auel,books_topn5_1996_2015_to10_more.csv,46544,2982200,The Shelters of Stone,The Shelters of Stone,pass,pass,,pass,
top2002:5048,hist,2002,THE EMPEROR OF OCEAN PARK,Stephen L. Carter,books_topn5_1996_2015_to10_more.csv,108505,104562,The Emperor of Ocean Park,The Emperor of Ocean Park,pass,pass,,pass,
top2003:4623,hist,2003,THE BIG BAD WOLF,James Patterson,books_topn5_1996_2015_to10_more.csv,6588,1877371,The Big Bad Wolf,The Big Bad Wolf,pass,pass,,pass,
top2003:4054,hist,2003,SHEPHERDS ABIDING,Jan Karon,books_topn5_1996_2015_to10_more.csv,71783,1756312,Shepherds Abiding,Shepherds Abiding,pass,pass,,pass,
top2004:211,hist,2004,A SALTY PIECE OF LAND,Jimmy Buffett,books_topn5_1996_2015_to10_more.csv,196766,2943315,A Salty Piece of Land,A Salty Piece of Land,pass,pass,,pass,
top2005:3787,hist,2005,REVENGE OF THE SITH,Matthew Stover,books_topn5_1996_2015_to10_more.csv,35458,476816,Star Wars: Revenge of the Sith,Star Wars,pass,pass,,pass_alias,The work title Star Wars is shortened; the book page names Revenge of the Sith.
top2005:2241,hist,2005,HONEYMOON,James Patterson and Howard Roughan,books_topn5_1996_2015_to10_more.csv,13147,2172512,Honeymoon,Honeymoon,pass,pass,,pass,
top2005:2603,hist,2005,KNIFE OF DREAMS,Robert Jordan,books_topn5_1996_2015_to10_more.csv,13888,987750,Knife of Dreams,Knife of Dreams,pass,pass,,pass,
top2006:978,hist,2006,CELL,Stephen King,books_topn5_1996_2015_to10_more.csv,10567,3017730,Cell,Cell,pass,pass,,pass,
top2006:6800,hist,2006,THIRTEEN MOONS,Charles Frazier,books_topn5_1996_2015_to10_more.csv,33896,2414732,Thirteen Moons,Thirteen Moons,pass,pass,,pass,
top2006:913,hist,2006,CAN'T WAIT TO GET TO HEAVEN,Fannie Flagg,books_topn5_1996_2015_to10_more.csv,199530,3263283,Can't Wait to Get to Heaven,Can't Wait to Get to Heaven,pass,pass,,pass,
top2007:3544,hist,2007,PLUM LOVIN’,Janet Evanovich,books_topn5_1996_2015_to10_more.csv,6419,1087783,Plum Lovin',Plum Lovin',pass,pass,,pass,
top2009:3884,hist,2009,RUN FOR YOUR LIFE,James Patterson and Michael Ledwidge,books_topn5_1996_2015_to10_more.csv,3188186,3221117,Run for Your Life,Run for Your Life,pass,pass,,pass,
top2009:6983,hist,2009,TRUE BLUE,David Baldacci,books_topn5_1996_2015_to10_more.csv,6528034,6719993,True Blue,True Blue,pass,pass,,pass,
top2011:26,hist,2011,1Q84,Haruki Murakami,books_topn5_1996_2015_to10_more.csv,10357575,18160093,1Q84,1Q84,pass,pass,,pass,
top2013:275,hist,2013,A WEEK IN WINTER,Maeve Binchy,books_topn5_1996_2015_to10_more.csv,15990489,21746515,A Week in Winter,A Week in Winter,pass,pass,,pass,
top2013:5397,hist,2013,THE HIT,David Baldacci,books_topn5_1996_2015_to10_more.csv,15791154,21512735,The Hit,The Hit,pass,pass,,pass,
top1997:6930,hist,1997,TOTAL CONTROL,David Baldacci,books_topn5_1996_2015_to10_final.csv,226791,3181762,Total Control,Total Control,pass,pass,,pass,
top1997:1659,hist,1997,EVENING CLASS,Maeve Binchy,books_topn5_1996_2015_to10_final.csv,41967,1004459,Evening Class,Evening Class,pass,pass,,pass,
top2000:1173,hist,2000,CRADLE AND ALL,James Patterson,books_topn5_1996_2015_to10_final.csv,5575,3035972,Cradle and All,Cradle and All,pass,pass,,pass,
top2000:2969,hist,2000,MERRICK,Anne Rice,books_topn5_1996_2015_to10_final.csv,43781,2925968,Merrick,Merrick,pass,pass,,pass,
top2001:4403,hist,2001,SUZANNE'S DIARY FOR NICHOLAS,James Patterson,books_topn5_1996_2015_to10_final.csv,7494,141228,Suzanne's Diary for Nicholas,Suzanne's Diary for Nicholas,pass,pass,,pass,
top2001:87,hist,2001,A DAY LATE AND A DOLLAR SHORT,Terry McMillan,books_topn5_1996_2015_to10_final.csv,122209,1213972,A Day Late and a Dollar Short,A Day Late and a Dollar Short,pass,pass,,pass,
top2003:4932,hist,2003,THE DARK TOWER: Volumes 1-5,Stephen King,books_topn5_1996_2015_to10_final.csv,,,,,missing_title,missing_title,,unmapped,no Goodreads work ID
top2003:2497,hist,2003,JOHNNY ANGEL,Danielle Steel,books_topn5_1996_2015_to10_final.csv,82795,1912772,Johnny Angel,Johnny Angel,pass,pass,,pass,
top2002:2318,hist,2002,I DON'T KNOW HOW SHE DOES IT,Allison Pearson,books_topn5_1996_2015_to10_final.csv,39045,2101859,I Don't Know How She Does It,I Don't Know How She Does It,pass,pass,,pass,
top2002:480,hist,2002,ANSWERED PRAYERS,Danielle Steel,books_topn5_1996_2015_to10_final.csv,59879,1450751,Answered Prayers,Answered Prayers,pass,pass,,pass,
top2004:2502,hist,2004,JONATHAN STRANGE & MR. NORRELL,Susanna Clarke,books_topn5_1996_2015_to10_final.csv,7221800,21833625,"Jonathan Strange & Mr. Norrell, Jilid II","Jonathan Strange & Mr. Norrell, Jilid II","title_mismatch('Jonathan Strange & Mr. Norrell, Jilid II')","title_mismatch('Jonathan Strange & Mr. Norrell, Jilid II')",,mismatch,"book page: title_mismatch('Jonathan Strange & Mr. Norrell, Jilid II'); work page: title_mismatch('Jonathan Strange & Mr. Norrell, Jilid II')"
top2005:2703,hist,2005,LIGHT FROM HEAVEN,Jan Karon,books_topn5_1996_2015_to10_final.csv,78673,41601630,Light from Heaven,Light from Heaven,pass,pass,,pass,
top2005:3596,hist,2005,PREP,Curtis Sittenfeld,books_topn5_1996_2015_to10_final.csv,9844,2317177,Prep,Prep,pass,pass,,pass,
top1997:1013,hist,1997,CHASING CEZANNE,Peter Mayle,books_topn5_1996_2015_to10_round3.csv,40191,245911,Chasing Cezanne,Chasing Cezanne,pass,pass,,pass,
top2001:5148,hist,2001,THE FIRST COUNSEL,Brad Meltzer,books_topn5_1996_2015_to10_round3.csv,512314,500291,The First Counsel,The First Counsel,pass,pass,,pass,
top2001:4620,hist,2001,THE BEST-LOVED POEMS OF JACQUELINE KENNEDY ONASSIS,selected by Caroline Kennedy,books_topn5_1996_2015_to10_round3.csv,,,,,missing_title,missing_title,,unmapped,no Goodreads work ID
top2002:5797,hist,2002,THE MILLIONAIRES,Brad Meltzer,books_topn5_1996_2015_to10_round3.csv,85319,2705389,The Millionaires,The Millionaires,pass,pass,,pass,
top2002:597,hist,2002,BASKET CASE,Carl Hiaasen,books_topn5_1996_2015_to10_round3.csv,13063,25591382,Basket Case,Basket Case,pass,pass,,pass,
top2003:6898,hist,2003,TO THE NINES,Janet Evanovich,books_topn5_1996_2015_to10_round3.csv,40331,826485,To the Nines,To the Nines,pass,pass,,pass,
top2004:3210,hist,2004,NIGHT FALL,Nelson DeMille,books_topn5_1996_2015_to10_round3.csv,40940631,706023,Night Fall,Night Fall,pass,pass,,pass,
top1997:2256,hist,1997,HORNET'S NEST,Patricia Cornwell,books_topn5_1996_2015_to10_round4.csv,392217,1434181,Hornet's Nest,Hornet's Nest,pass,pass,,pass,
top1997:1110,hist,1997,COMANCHE MOON,Larry McMurtry,books_topn5_1996_2015_to10_round4.csv,54807,1167241,Comanche Moon,Comanche Moon,pass,pass,,pass,
top1997:4187,hist,1997,SOLE SURVIVOR,Dean Koontz,books_topn5_1996_2015_to10_round4.csv,16431,2925779,Sole Survivor,Sole Survivor,pass,pass,,pass,
top2001:5812,hist,2001,THE MITFORD SNOWMEN,Jan Karon,books_topn5_1996_2015_to10_round4.csv,112876,108684,The Mitford Snowmen,The Mitford Snowmen,pass,pass,,pass,
top2001:1940,hist,2001,FROM THE CORNER OF HIS EYE,Dean Koontz,books_topn5_1996_2015_to10_round4.csv,65948,1775449,From the Corner of His Eye,From the Corner of His Eye,pass,pass,,pass,
top2001:2654,hist,2001,LEAP OF FAITH,Danielle Steel,books_topn5_1996_2015_to10_round4.csv,780368,1036916,Leap of Faith,Leap of Faith,pass,pass,,pass,
top2001:5199,hist,2001,THE FOURTH HAND,John Irving,books_topn5_1996_2015_to10_round5.csv,4656,1137643,The Fourth Hand,The Fourth Hand,pass,pass,,pass,
top2001:5550,hist,2001,THE KISS,Danielle Steel,books_topn5_1996_2015_to10_round5.csv,891081,1036938,The Kiss,The Kiss,pass,pass,,pass,
top2001:73,hist,2001,A COMMON LIFE,Jan Karon,books_topn5_1996_2015_to10_round5.csv,71785,1009145,A Common Life: The Wedding Story,A Common Life,pass,pass,,pass,
top2002:3789,hist,2002,REVERSIBLE ERRORS,Scott Turow,books_topn5_1996_2015_to10_round5.csv,4681,1441628,Reversible Errors,Reversible Errors,pass,pass,,pass,
top2002:4992,hist,2002,THE DIVE FROM CLAUSEN'S PIER,Ann Packer,books_topn5_1996_2015_to10_round5.csv,16059,1617177,The Dive From Clausen's Pier,The Dive from Clausen's Pier,pass,pass,,pass,
top2002:1235,hist,2002,DADDY'S LITTLE GIRL,Mary Higgins Clark,books_topn5_1996_2015_to10_round5.csv,170618,3013598,Daddy's Little Girl,Daddy's Little Girl,pass,pass,,pass,
top2001:2636,hist,2001,LAST MAN STANDING,David Baldacci,books_topn5_1996_2015_to10_round6.csv,14839,3238533,Last Man Standing,Last Man Standing,pass,pass,,pass,
top2001:6295,hist,2001,THE SIGMA PROTOCOL,Robert Ludlum,books_topn5_1996_2015_to10_round6.csv,31260,2470112,The Sigma Protocol,The Sigma Protocol,pass,pass,,pass,
top2001:1369,hist,2001,DEATH IN HOLY ORDERS,P. D. James,books_topn5_1996_2015_to10_round6.csv,3825,728749,Death In Holy Orders,Death in Holy Orders,pass,pass,,pass,
top2002:7083,hist,2002,UP COUNTRY,Nelson DeMille,books_topn5_1996_2015_to10_round6.csv,33820,3343186,Up Country,Up Country,pass,pass,,pass,
top2002:4837,hist,2002,THE CHRISTMAS TRAIN,David Baldacci,books_topn5_1996_2015_to10_round6.csv,126185,3181772,The Christmas Train,The Christmas Train,pass,pass,,pass,
top2002:735,hist,2002,BLESSINGS,Anna Quindlen,books_topn5_1996_2015_to10_round6.csv,77477,1121880,Blessings,Blessings,pass,pass,,pass,
top2001:3943,hist,2001,SCARLET FEATHER,Maeve Binchy,books_topn5_1996_2015_to10_round7.csv,41951,3154658,Scarlet Feather,Scarlet Feather,pass,pass,,pass,
top2001:3158,hist,2001,MYSTIC RIVER,Dennis Lehane,books_topn5_1996_2015_to10_round7.csv,21671,1234249,Mystic River,Mystic River,pass,pass,,pass,
