quote_id,sample_id,gr_work_id,page,idx,source_url,quote_text,bucket,tense,note
q00001,top1978:7166,376293,1,0,https://www.goodreads.com/work/quotes/376293,"In the glare, the great and terrible light of this happening, God seems to signal that the story of the rest of us need not end, and that the new light can prove a troubled dawn.For the rest of us, perhaps. Not for the dead, not for the more than fifty million real dead in the world's worst catastrophe: victors and vanquished, combatants and civilians, people of so many nations, men, women, and children, all cut down. For them there can be no new earthly dawn. Yet thought their bones like in the darkness of the grave, they will not have died in vain, if their remembrance can lead us from the long, long time of war to the time for peace.",,,
q00002,top1978:7166,376293,1,1,https://www.goodreads.com/work/quotes/376293,"Sir, my inferior understanding prevents my grasping the unquestionable soundness of the mission.",,,
q00003,top1978:7166,376293,1,2,https://www.goodreads.com/work/quotes/376293,Boys fight the wars. We’d have the brotherhood of man tomorrow if the politicians had to get out and fight.,,,
q00004,top1978:7166,376293,1,3,https://www.goodreads.com/work/quotes/376293,"Your country baffles me: a luxurious unharmed lotus land in which great hordes of handsome dynamic people either wallow in deep gloom, or play like overexcited children, or fall to work like all the devils in hell, while the press steadily drones detestation of the government and despair of the system. I don’t understand how America works, any more than Frances Trollope or Dickens did, but it’s an ongoing miracle of sorts.",,,
q00005,top1978:7166,376293,1,4,https://www.goodreads.com/work/quotes/376293,"The lesson was writ plain by Thucydides centuries before Christ was born. Democracy satisfies best the human thirst for freedom; yet, being undisciplined, turbulent, and luxury-seeking, it falls time and again to austere single-minded despotism.",,,
q00006,top1978:7166,376293,1,5,https://www.goodreads.com/work/quotes/376293,"The will not to believe. It is simple human nature. When the mind cannot grasp or face up to a horrible fact it turns away, as though refusing credence will conjure away the reality.",,,
q00007,top1978:7166,376293,1,6,https://www.goodreads.com/work/quotes/376293,"All the corpses must be brought back from the work site for the evening roll call, since the count of living and dead has to match the number of men who left in the morning, to establish that nobody has escaped Auschwitz except by dying.",,,
q00008,top1978:7166,376293,1,7,https://www.goodreads.com/work/quotes/376293,"Extremism, he says, is the universal tuberculosis of modern society: a world infection of resentment and hatred generated by rapid change and the breakdown of old values. In the stabler nations the tubercles are sealed off in scar tissue, and these are the harmless lunatic movements. In times of social disorder, depression, war, or revolution, the germs can break forth and infect the nation. This has happened in Germany. It could happen anywhere, even in the United States.",,,
q00009,top1978:7166,376293,1,8,https://www.goodreads.com/work/quotes/376293,A democracy in a backward or unstable country simply gets smashed by the best-organized power gang.,,,
q00010,top1978:7166,376293,1,9,https://www.goodreads.com/work/quotes/376293,"Either war is finished, or we are.",,,
q00011,top1978:7166,376293,1,10,https://www.goodreads.com/work/quotes/376293,"How far they came to perish here, these soldiers and these machines! What bizarre train of events brought youngsters from the Rhineland and Prussia, from the Scottish Highlands and London, from Australia and New Zealand, to butt at each other to the death with flame-spitting machinery in faraway Africa, in a setting as dry and lonesome as the moon?But that is the hallmark of this war. No other war has ever been like it. This war rings the world.... Men fight as far from home as they can be transported, with courage and endurance that makes one proud of the human race, in horrible contrivances that make one ashamed of the human race.",,,
q00012,top1978:7166,376293,1,11,https://www.goodreads.com/work/quotes/376293,"Albert Speer, Hitler’s astute production chief, is reported to have chided an American Air Force general, after the war, for not laying on more raids like Dresden; it was the sovereign way to end the war, he said, but the Allies failed to follow through.",,,
q00013,top1978:7166,376293,1,12,https://www.goodreads.com/work/quotes/376293,"Such are the stories that Bronka Ginsberg tells Jastrow while toiling up the mountain trail. “Sidor Nikonov is really not a bad man, for a goy,” she sums up, sighing. “Not a wild beast like some. But my grandfather was a rabbi in Bryansk. My father was the president of the Zhitomir Zionists. And look at me, will you? A forest wife. Ivan Ivanovitch’s whore.” Jastrow says, “You are an aishess khayil.” Bronka, ahead of him on the trail, looks back at him, her weatherbeaten face coloring, her eyes moist. Aishess khayil, from the Book of Proverbs, means “woman of valor,” the ultimate religious praise for a Jewess. Late",,,
q00014,top1978:7166,376293,1,13,https://www.goodreads.com/work/quotes/376293,"... God knows I pity the Dresden women and children whose charred bodies are propped up in Goebell's propaganda photographs , but nobody made the Germans follow Hitler . He wasn't a legitimate ruler . He was a man with a mouth , and they liked what he said . They got behind him and they let loose a firestorm that's sucking all the decent instincts out of human society . My peerless son died fighting it . It made savages of all of us . Hitler gloried in savagery , he proclaimed it as his battle cry , and the Germans shouted Sieg Heill ! They still go on laying down their misguided lives for him , and the lives of their unfortunate families . I wish them joy of their Fuhrer while he lasts .",,,
q00015,top1978:7166,376293,1,14,https://www.goodreads.com/work/quotes/376293,assailing her. Were they doing the,,,
q00016,top1978:7166,376293,1,15,https://www.goodreads.com/work/quotes/376293,Of course the Russians under Zhukov were,,,
q00017,top1978:7166,376293,1,16,https://www.goodreads.com/work/quotes/376293,"have. He really PURSUED me, in a gentlemanly way, showing",,,
q00018,top1978:7166,376293,1,19,https://www.goodreads.com/work/quotes/376293,"War has always been violent blindman’s buff, played with men’s lives and nations’ resources. But the time for it is over. As the race has outgrown human sacrifice, human slavery, and duelling, it has to outgrow war.",,,
q00019,top1978:7166,376293,1,20,https://www.goodreads.com/work/quotes/376293,shot at. All I did at Wotje was lose control,,,
q00020,top1978:7166,376293,1,21,https://www.goodreads.com/work/quotes/376293,dithyramb coming to majestic life: a swarm of fresh seapower,,,
q00021,top1978:7166,376293,1,23,https://www.goodreads.com/work/quotes/376293,"person.” Nobody came to Slote’s flat on Sunday evening. The front page of the Zurich Tageblatt, lying on his desk Monday morning, had a spread of Japanese photographs about the Singapore victory, furnished by the German news service: the surrender ceremony, the hordes of British troops sitting on the earth in a prison compound, the celebration in Tokyo. The story about Father Martin was so short that Slote almost missed it, but there it was at the bottom of the page. The truck driver, who claimed that his brakes had failed, was being held for questioning. The priest was dead, crushed. 19 A Jew’s Journey (excerpt from Aaron Jastrow’s manuscript) APRIL 23, 1942. American bombers have raided Tokyo! My pulse races as it once did when, an immigrant in love with everything American, infected with baseball fever, I saw Babe Ruth hit a home run. For me America is the Babe Ruth of the nations. I unashamedly confess it. And the Babe has come out of his slump and “hit one over the fence”! Strange, how Allied airplane bombs infallibly fall on churches, schools, and hospitals; what a triumph of military imprecision! If Berlin radio speaks the truth—and why should Germans lie, pray?—the RAF has by now flattened nearly all institutions of worship, learning, and healing in Germany, while unerringly missing all other targets. Now we are told that Tokyo was unscathed in the raid except for a great number of schools, hospitals, and temples demolished by the barbarous Americans. Most extraordinary. My niece calls this “Doolittle raid” (an intrepid Army Air Corps colonel of that name led the attack) just a stunt, a token bombing. It will make no difference to the war; so she says. What she did, when the news came through on the BBC, was to entrust her baby to the cook, rush down to the Excelsior Hotel where our fellow journalists are housed, and there get joyously drunk with them. They are drunk nearly all the time, but I have not seen Natalie inebriated in years. I must say that when her chief local admirer, a banal-minded Associated Press reporter, brought her back, she was full of amusing raillery, though scarcely able to walk straight. Her mood was so gay, in fact, that I was tempted to disclose then and there the grave secret I have been harboring for two weeks, not even entrusting it to these pages. But I refrained. She has suffered enough on my account. Time enough to reveal",,,
q00022,top1978:7166,376293,1,24,https://www.goodreads.com/work/quotes/376293,"But I’m honestly not sure at this late hour of my life, Natalie, whether human nature is happier under tyranny, with its fixed codes, its terrorized quiet, its simple duties, or amid the dilemmas and disorders of freedom. Byzantium lasted a thousand years. It’s doubtful whether America will last two hundred. I’ve lived more than ten years in a Fascist country, and I’ve been more at peace than I ever was in the money-chasing hurly-burly back home. I really fear an American 1918, Natalie. I fear a sudden falling apart of those unloving elements held together by the common pursuit of money. I foresee horrors in defeat, amid abandoned skyscrapers and grass-grown highways, that will eclipse the Civil War! A blood bath with region against region, race against race, every man’s hand against his brother, and all hands against the Jews.",,,
q00023,top1978:7166,376293,1,25,https://www.goodreads.com/work/quotes/376293,War is politics implemented by the use of force.,,,
q00024,top1978:7166,376293,1,26,https://www.goodreads.com/work/quotes/376293,face grew longer and grimmer as Berel,,,
q00025,top1995:6096,3154548,1,0,https://www.goodreads.com/work/quotes/3154548,Don't compromise yourself - you're all you have.,,,
q00026,top1995:6096,3154548,1,2,https://www.goodreads.com/work/quotes/3154548,"I'm alone and outgunned, scared and inexperienced, but I'm right.",,,
q00027,top1995:6096,3154548,1,3,https://www.goodreads.com/work/quotes/3154548,"I don't feel stupid, just inadequate. After three years of studying the law, I'm very much aware of how little I know.",,,
q00028,top1995:6096,3154548,1,4,https://www.goodreads.com/work/quotes/3154548,"Please give me fifty more years of work and fun, then an instant death when I'm sleeping.",,,
q00029,top1995:6096,3154548,1,5,https://www.goodreads.com/work/quotes/3154548,A battered wife is a married woman until she gets a divorce. Or until she kills the bastard.,,,
q00030,top1995:6096,3154548,1,6,https://www.goodreads.com/work/quotes/3154548,"All students enter law school with a certain amount of idealism and desire to serve the public, but after three years of brutal competition we care for nothing but the right job with the right firm where we can make partner in seven years and earn big bucks.",,,
q00031,top1995:6096,3154548,1,7,https://www.goodreads.com/work/quotes/3154548,"The coffee arrives, and we backslide into what lawyers do best---talking about other lawyers.",,,
q00032,top1995:6096,3154548,1,8,https://www.goodreads.com/work/quotes/3154548,"He's my client, and he's counting on me. I'll take him, warts and all.",,,
q00033,top1995:6096,3154548,1,9,https://www.goodreads.com/work/quotes/3154548,life is too short to despise people who simply can't help what they've done.,,,
q00034,top1995:6096,3154548,1,10,https://www.goodreads.com/work/quotes/3154548,There are few things in life worse than a long-winded lawyer.,,,
q00035,top1995:6096,3154548,1,11,https://www.goodreads.com/work/quotes/3154548,"We cuss them because we're not good enough for them. We hate them because they wouldn't look at us, couldn't be bothered to give us an interview. I guess there's a Trent & Brent in every city, in every field. I didn't make it and I don't belong, so I'll just go through life hating them.",,,
q00036,top1995:6096,3154548,1,12,https://www.goodreads.com/work/quotes/3154548,"I am motivated by thoughts of my sorrowful little client and the screwing that he got. I'm the only lawyer Donny Ray has, and it will take much more than paper to slow me down.",,,
q00037,top1995:6096,3154548,1,13,https://www.goodreads.com/work/quotes/3154548,Anyone can cook a trout. The real art is in hooking the damned thing.,,,
q00038,top1995:6096,3154548,1,14,https://www.goodreads.com/work/quotes/3154548,"The company later went broke, and of course all blame was directed at the lawyers. Not once did I hear any talk that maybe a trace of mismanagement could in any way have contributed to the bankruptcy.",,,
q00039,top1995:6096,3154548,1,15,https://www.goodreads.com/work/quotes/3154548,"Like a snake creeping through the undergrowth, I sneak into the law school well past noon and hours after both of my scheduled classes have broken up.",,,
q00040,top1995:6096,3154548,1,16,https://www.goodreads.com/work/quotes/3154548,"F. Franklin the Fourth has a job with a firm rich in heritage, money and pretentiousness, a firm vastly superior to Brodnax and Speer. His sidekicks at the moment are W. Harper Whittenson, an arrogant little snot who will, thankfully, leave Memphis and practice with a mega-firm in Dallas; J. Townsend Gross, who has accepted a position with another huge firm; and James Straybeck, a sometimes friendly sort who's suffered three years of law school without an initial to place before his name or numerals to stick after it. With such a short name, his future as a big-firm lawyer is in jeopardy. I doubt if he'll make it.",,,
q00041,top1995:6096,3154548,1,17,https://www.goodreads.com/work/quotes/3154548,"I can feel the competition here, very much like the first few weeks of law school when we were terribly concerned with each other's initial progress. I nod at a few acquaintances, silently hoping they flunk the exam because they're silently hoping I Collapse too. Such is the nature of the profession.",,,
q00042,top1995:6096,3154548,1,18,https://www.goodreads.com/work/quotes/3154548,"It takes just one, he says over and over. You hear that all the time in this business. One big case, and you can retire. That's one reason lawyers do so many sleazy things, like full-color ads in the yellow pages, and billboards, and placards on city buses, and telephone solicitation. You hold your nose, ignore the stench of what you're doing, ignore the snubs and snobbery of big-firm lawyers, because it takes only one.",,,
q00043,top1995:6096,3154548,1,19,https://www.goodreads.com/work/quotes/3154548,SUDDEN AFFLUENCE triggers a desire for the better things in life.,,,
q00044,top1995:6096,3154548,1,20,https://www.goodreads.com/work/quotes/3154548,"expecting to hear a click followed by a dial tone, and also expecting to hear soft, longing words. Hell, I don’t know what to expect.",,,
q00045,top1995:6096,3154548,1,21,https://www.goodreads.com/work/quotes/3154548,"Deck has reduced the Canons of Ethics to the Big Three: Fight for your client, don’t steal, try not to lie.",,,
q00046,top1995:6096,3154548,1,23,https://www.goodreads.com/work/quotes/3154548,"At this crucial moment, I’m sure he’d sell hischildren if a miracle somehow could happen and a nice, neat Section U materialized.",,,
q00047,top1995:6096,3154548,1,25,https://www.goodreads.com/work/quotes/3154548,"Law school is nothing but three years of wasted stress. We spend countless hours digging for information we’ll never need. We are bombarded with lectures that are instantly forgotten. We memorize cases and statutes which will be reversed and amended tomorrow. If I’d spent fifty hours a week for the past three years training under a good lawyer, then I would be a good lawyer. Instead, I’m a nervous third-year student afraid of the simplest of legal problems and terrified of my impending bar exam.",,,
q00048,top1995:6096,3154548,1,27,https://www.goodreads.com/work/quotes/3154548,"I’m sure that if I stay in this business I’ll one day think of a dirtier trick, but one’s hard to imagine now.",,,
q00049,top1995:6096,3154548,1,28,https://www.goodreads.com/work/quotes/3154548,preferred means of treatment that no one but a quack would claim,,,
q00050,top1937:3337,40283,1,0,https://www.goodreads.com/work/quotes/40283,Maybe ever’body in the whole damn world is scared of each other.,,,
q00051,top1937:3337,40283,1,1,https://www.goodreads.com/work/quotes/40283,"I got you to look after me, and you got me to look after you, and that'swhy.",,,
q00052,top1937:3337,40283,1,2,https://www.goodreads.com/work/quotes/40283,"As happens sometimes, a moment settled and hovered and remained for much more than a moment. And sound stopped and movement stopped for much, much more than a moment.",,,
q00053,top1937:3337,40283,1,4,https://www.goodreads.com/work/quotes/40283,Guy don't need no sense to be a nice fella. Seems to me sometimes it jus' works the other way around. Take a real smart guy and he ain't hardly ever a nice fella.,,,
q00054,top1937:3337,40283,1,5,https://www.goodreads.com/work/quotes/40283,"His ear heard more than what was said to him, and his slow speech had overtones not of thought, but of understanding beyond thought.",,,
q00055,top1937:3337,40283,1,6,https://www.goodreads.com/work/quotes/40283,Trouble with mice is you always kill 'em.,,,
q00056,top1937:3337,40283,1,7,https://www.goodreads.com/work/quotes/40283,"Just like heaven. Ever’body wants a little piece of lan’. I read plenty of books out here. Nobody never gets to heaven, and nobody gets no land. It’s just in their head. They’re all the time talkin’ about it, but it’s jus’ in their head.",,,
q00057,top1937:3337,40283,1,8,https://www.goodreads.com/work/quotes/40283,"We know what we got, and we don't care whether you know it or not.",,,
q00058,top1937:3337,40283,1,9,https://www.goodreads.com/work/quotes/40283,"I can still tend the rabbits, George? I didn't mean no harm, George.",,,
q00059,top1937:3337,40283,1,10,https://www.goodreads.com/work/quotes/40283,"In every bit of honest writing in the world, there is a base theme. Try to understand men, if you understand each other you will be kind to each other. KNOWING A MAN WELL NEVER LEADS TO HATE and nearly always leads to love. There are shorter means, many of them. There is writing promoting social change, writing punishing injustice, writing in celebration of heroism, but always that base theme. TRY TO UNDERSTAND EACH OTHER!",,,
q00060,top1937:3337,40283,1,12,https://www.goodreads.com/work/quotes/40283,"I ought to of shot that dog myself, George. I shouldn't ought to of let no stranger shoot my dog.",,,
q00061,top1937:3337,40283,1,13,https://www.goodreads.com/work/quotes/40283,We could live offa the fatta the lan'.,,,
q00062,top1937:3337,40283,1,14,https://www.goodreads.com/work/quotes/40283,"George's voice became deeper. He repeated his words rhythmically as though he had said them many times before. 'Guys like us, that work on ranches, are the loneliest guys in the world. They got no family. They don't belong no place. They come to a ranch an' work up a stake, and the first thing you know they're poundin' their tail on some other ranch. They ain't got nothing to look ahead to.",,,
q00063,top1937:3337,40283,1,15,https://www.goodreads.com/work/quotes/40283,Guys like us got nothing to look ahead to.,,,
q00064,top1937:3337,40283,1,16,https://www.goodreads.com/work/quotes/40283,"Lennie begged, ""Le's do it now. Le's get that place now."" ""Sure right now. I gotta. We gotta.",,,
q00065,top1937:3337,40283,1,17,https://www.goodreads.com/work/quotes/40283,"I ain't got no people. I seen the guys that go around on the ranches alone. That ain't no good. They don't have no fun. After a long time they get mean. They get wantin' to fight all the time. . . 'Course Lennie's a God damn nuisance most of the time, but you get used to goin' around with a guy an' you can't get rid of him.",,,
q00066,top1937:3337,40283,1,18,https://www.goodreads.com/work/quotes/40283,At about 10 o'clock in the morning the sun threw a bright dust-laden bar through one of the side windows and in and out of the beam flies shot like rushing stars.,,,
q00067,top1937:3337,40283,1,20,https://www.goodreads.com/work/quotes/40283,"I see hundreds of men come by on the road an’ on the ranches with their bindles on their back an’ that same damn thing in their heads. Hundreds of them. They come, an’ they quit an’ go on; an’ every damn one of ‘em’s got a little piece of land in his head. An’ never a God damn one of ‘em ever gets it. Just like heaven. Ever’body wants a little piece of lan’. I read plenty of books out there. Nobody never gets to heaven, and nobody never gets no land. It’s just in their head.",,,
q00068,top1937:3337,40283,1,21,https://www.goodreads.com/work/quotes/40283,"Well, I never seen one guy take so much trouble for another guy. I just like to know what your interest is.",,,
q00069,top1937:3337,40283,1,22,https://www.goodreads.com/work/quotes/40283,"Lennie said quietly, ""It ain't no lie. We're gonna do it. Gonna get a little place an' live on the fatta the lan'.",,,
q00070,top1937:3337,40283,1,23,https://www.goodreads.com/work/quotes/40283,"Crooks stood up from his bunk and faced her. ""I had enough,"" he said coldly. ""You got no rights comin' in a colored man's room. You got no rights messing around in here at all. Now you jus' get out, an' get out quick. If you don't, I'm gonna ast the boss not to ever let you come in the barn no more.""She turned on him in scorn. ""Listen, Nigger,"" she said. ""You know what I can do to you if you open your trap?""Crooks stared helplessly at her, and then he sat down on his bunk and drew into himself.She closed on him. ""You know what I could do?""Crooks seemed to grow smaller, and he pressed himself against the wall. ""Yes, ma'am.""""Well, you keep your place then, Nigger. I could get you strung up on a tree so easy it ain't even funny.""Crooks had reduced himself to nothing. There was no personality, no ego--nothing to arouse either like or dislike. He said, ""Yes, ma'am,"" and his voice was toneless.For a moment she stood over him as though waiting for him to move so that she could whip at him again; but Crooks sat perfectly still, his eyes averted, everything that might be hurt drawn in. She turned at last to the other two.",,,
q00071,top1937:3337,40283,1,24,https://www.goodreads.com/work/quotes/40283,"A water snake glided smoothly up the pool, twisting its periscope head from side to side; and it swam the length of the pool and came to the legs of a motionless heron that stood in the shadows. A silent head and beak lanced down and plucked it out by the head, and the beak swallowed the little snake while its tail waved frantically.",,,
q00072,top1937:3337,40283,1,25,https://www.goodreads.com/work/quotes/40283,"Says he foun' he jus' got a little piece of a great big soul. Says a wilderness ain't no good, 'cause his little piece of a soul wasn't no good 'less it was with the rest, an' was whole.",,,
q00073,top1937:3337,40283,1,26,https://www.goodreads.com/work/quotes/40283,"Evening of a hot day started the little wind to moving among the leaves. The shade climbed up the hills toward the top. On the sand banks the rabbits sat as quietly as little gray, sculptured stones.",,,
q00074,top1937:3337,40283,1,28,https://www.goodreads.com/work/quotes/40283,"I seen it over an' over—a guy talkin' to another guy and it don't make no difference if he don't hear or understand. The thing is, they're talkin', or they're settin' still not talkin'. It don't make no difference, no difference. [...] George can tell you screwy things, and it don't matter. It's just the talking. It's just bein' with another guy. That's all.",,,
q00075,top1937:3337,40283,1,29,https://www.goodreads.com/work/quotes/40283,"Lennie rolled off the bunk and stood up, and the two of them started for the door. Just as they reached it, Curley bounced in.""You seen a girl around here?"" he demanded angrily.George said coldly, ""'Bout half an hour ago maybe.""""Well, what the hell was she doin'?""George stood still, watching the angry little man. He said insultingly, ""She said--she was lookin' for you.""Curley seemed really to see George for the first time. His eyes flashed over George, took in his height, measured his reach, looked at his trim middle. ""Well, which way'd she go?"" he demanded at last.""I dunno,"" said George. ""I didn't watch her go.""Curley scowled at him, and turning, hurried out the door.George said, ""Ya know, Lennie, I'm scared I'm gonna tangle with that bastard myself. I hate his guts. Jesus Christ! Come on. There won't be a damn thing left to eat.",,,
q00076,top1979:4944,2745957,1,1,https://www.goodreads.com/work/quotes/2745957,"We all do what we can, and it has to be good enough, and if it isn't good enough, it has to do.",,,
q00077,top1979:4944,2745957,1,2,https://www.goodreads.com/work/quotes/2745957,"Ninety-five percent of people who walk the earth are simply inert. One percent are saints, and one percent are assholes. The other three percent are people who do what they say they can do.",,,
q00078,top1979:4944,2745957,1,3,https://www.goodreads.com/work/quotes/2745957,"Nothing is ever lost, Sarah. Nothing that can't be found.",,,
q00079,top1979:4944,2745957,1,4,https://www.goodreads.com/work/quotes/2745957,"Because things like this you can only ssay once. And you either get it wrong or right, it's the end either way, because it's too hard to ever try to say again.",,,
q00080,top1979:4944,2745957,1,5,https://www.goodreads.com/work/quotes/2745957,"She suddenly realized she was sitting in an apartment by herself late at night, eating an apple and watching a movie on TV that she cared nothing about, and doing it all because it was easier than thinking, thinking was so boring really, when all you had to think about was yourself and your lost love.",,,
q00081,top1979:4944,2745957,1,7,https://www.goodreads.com/work/quotes/2745957,Sometimes you just have to do what you can and try to live with it.,,,
q00082,top1979:4944,2745957,1,8,https://www.goodreads.com/work/quotes/2745957,"I’m a man of the world, and all that means is I understand what powers the world. The fuel mix is one part high-octane to nine parts pure bullshit.",,,
q00083,top1979:4944,2745957,1,9,https://www.goodreads.com/work/quotes/2745957,"The Question was this: If you could jump into a time machine and go back to 1932, would you kill Hitler?",,,
q00084,top1979:4944,2745957,1,10,https://www.goodreads.com/work/quotes/2745957,But the people didn’t elect buffoons to Washington. Well—hardly ever.,,,
q00085,top1979:4944,2745957,1,11,https://www.goodreads.com/work/quotes/2745957,"The crowd had the plump, righteous, slightly constipated look that seems the exclusive province of businessmen who belong to the GOP.",,,
q00086,top1979:4944,2745957,1,12,https://www.goodreads.com/work/quotes/2745957,"What would his father do then? Go on, Johnny supposed. People had a way of doing that, just going on, pushing through with no particular drama, no big drumrolls.",,,
q00087,top1979:4944,2745957,1,13,https://www.goodreads.com/work/quotes/2745957,I'm going out for a bottle of champagne. We're going to get bombed.,,,
q00088,top1979:4944,2745957,1,15,https://www.goodreads.com/work/quotes/2745957,You ought to sue that son of a whore,,,
q00089,top1979:4944,2745957,1,16,https://www.goodreads.com/work/quotes/2745957,"95% of the people who walk the earth are inert, Johnny. 1% are saints, and 1% are assholes. The other 3% do what they say they can do.",,,
q00090,top1979:4944,2745957,1,17,https://www.goodreads.com/work/quotes/2745957,The man who senses the wind of change should build not a windbreak but a windmill.,,,
q00091,top1979:4944,2745957,1,19,https://www.goodreads.com/work/quotes/2745957,"And if he can’t be politically killed?” Ngo smiled at Johnny. He unfolded his index finger, cocked his thumb, and then snapped it down. “Bam,” he said softly. “Bam, bam, bam.” “No,” Johnny said, surprised at the hoarseness in his own voice “That’s never an answer. Never.” “No? I thought it was an answer you Americans used quite often.",,,
q00092,top1979:4944,2745957,1,20,https://www.goodreads.com/work/quotes/2745957,"The first slow, scalding tears began to come. “Oh Johnny,” she said. “Everything was supposed to be different, wasn’t it? It wasn’t supposed to end like this.”She lowered her head, her throat working painfully - and to no effect. The sobs came anyway, and the bright sunlight broke into prisms of light. The wind, which had seemed so warm and Indian summery, now seemed as chill as February on her wet cheeks.",,,
q00093,top1979:4944,2745957,1,21,https://www.goodreads.com/work/quotes/2745957,"A charming eccentric, a piece of blank paper on which the electorate could write its message: You other guys are so wasted that we decided to elect this fool for two years instead.",,,
q00094,top1979:4944,2745957,1,23,https://www.goodreads.com/work/quotes/2745957,"Go to hell,' she said merrily, 'nobody lives forever.''But everybody tries, you ever notice that?' he said, following her into one of the swaying gondolas.",,,
q00095,top1979:4944,2745957,1,24,https://www.goodreads.com/work/quotes/2745957,"Momma,’ he said, ‘haven’t you thought that God’s will was for some doctor to invent that drug so you could live longer?",,,
q00096,top1979:4944,2745957,1,25,https://www.goodreads.com/work/quotes/2745957,"He is a mechanic of the brain. He has cut it to piecese and found no soul. Therefore there is none. Like the Russian astronauts who circled the earth and did not see God. It is the empiricism of the mechanic, and a mechanic is only a child with superior motor control.",,,
q00097,top1979:4944,2745957,1,26,https://www.goodreads.com/work/quotes/2745957,Did I grow a third eye?,,,
q00098,top1979:4944,2745957,1,27,https://www.goodreads.com/work/quotes/2745957,"Stillson had apparently discovered one of the great hidden muscles of principle which move the earth: if those who receive will not pay, those who have not often will, for no good reason at all.",,,
q00099,top1979:4944,2745957,1,29,https://www.goodreads.com/work/quotes/2745957,"When men do it in wartime, they give them medals, he thought.",,,
q00100,top1979:4944,2745957,2,0,https://www.goodreads.com/work/quotes/2745957?page=2,"The university was safe. It was a kind of never-never land where everybody, even the teachers, could be a part of Peter Pan’s band and never grow up. And there would always be a Nixon or an Agnew to play Captain Hook.",,,
q00101,top1979:4944,2745957,2,1,https://www.goodreads.com/work/quotes/2745957?page=2,"In that moment she hated him, loathed him, this good man she had married. There was really nothing so terrible on the reverse side of his goodness, his steadiness, his mild good humor – just the belief, apparently grounded in the bedrock of his soul, that everybody was looking out for number one, each with his or her own little racket.",,,
q00102,top1979:4944,2745957,2,5,https://www.goodreads.com/work/quotes/2745957?page=2,Best to praise God in a lower voice when you’re in the hospital.,,,
q00103,top1979:4944,2745957,2,7,https://www.goodreads.com/work/quotes/2745957?page=2,"So far as we know, we don’t know anything.",,,
q00104,top1979:4944,2745957,2,8,https://www.goodreads.com/work/quotes/2745957?page=2,It is more terrible to do nothing while a bad tiger carries away small children.,,,
q00105,top1979:4944,2745957,2,9,https://www.goodreads.com/work/quotes/2745957?page=2,"Time seemed frozen, the applause went on and on even though heads were turning, necks were craning; someone had screamed because there was a man in the gallery and the man was holding a rifle and this was something they had all seen on TV, it was a situation with classic elements that they all recognized. In it's own way, it was as American as The Wonderful World of Disney. The politician and the man in a high place with the gun.",,,
q00106,top1979:4944,2745957,2,12,https://www.goodreads.com/work/quotes/2745957?page=2,Greg Stillson’s rural farm constituency seemed to have a morbid interest in the idea that the Jews were running the world.,,,
q00107,top1979:4944,2745957,2,13,https://www.goodreads.com/work/quotes/2745957?page=2,"There was also a carton of paperbacks entitled America the TruthWay: The Communist-Jewish Conspiracy Against Our United States. Greg did better with this paperback, printed on cheap pulp stock, than with all the Bibles put together. It told all about how the Rothschilds and the Roosevelts and the Greenblatts were taking over the U.S. economy and the U.S. government. There were graphs showing how the Jews related directly to the Communist-Marxist-Leninist-Trotskyite axis, and from there to the Antichrist Itself.",,,
q00108,top1979:4944,2745957,2,15,https://www.goodreads.com/work/quotes/2745957?page=2,We went through the mud and the crud. The wind blew and the shit flew.,,,
q00109,top1979:4944,2745957,2,16,https://www.goodreads.com/work/quotes/2745957?page=2,"The whole country had gone through a spasm of shudders during those eight months, but she had hardly noticed. The marches, the cops in their crash helmets and gas masks, the mounting attacks on the press by Agnew, the Kent State shootings, the summer of violence as blacks and radical groups took to the streets—those things might have happened on some TV late show.",,,
q00110,top1979:4944,2745957,2,17,https://www.goodreads.com/work/quotes/2745957?page=2,I don't know (if she's crazy). There are people down South that handle snakes. I'd call them crazy. She doesn't do that.,,,
q00111,top1979:4944,2745957,2,18,https://www.goodreads.com/work/quotes/2745957?page=2,"Mild white light coming in through the roof chinks, catching motes of chaff in half a hundred pencil-thin sunbeams. Motes of chaff dancing and revolving.",,,
q00112,top1979:4944,2745957,2,19,https://www.goodreads.com/work/quotes/2745957?page=2,"He knew that if Edgar Lancte, Fearless Minion of the Effa Bee Eye, could see him doing this, his phone, living room, and bathroom would be tapped in a jiffy.",,,
q00113,top1979:4944,2745957,2,20,https://www.goodreads.com/work/quotes/2745957?page=2,"The Bible says God loves all his creatures,' Johnny said. His voice was a bit unsteady.",,,
q00076,top1979:4944,2745957,1,1,https://www.goodreads.com/work/quotes/2745957,"We all do what we can, and it has to be good enough, and if it isn't good enough, it has to do.",,,
q00077,top1979:4944,2745957,1,2,https://www.goodreads.com/work/quotes/2745957,"Ninety-five percent of people who walk the earth are simply inert. One percent are saints, and one percent are assholes. The other three percent are people who do what they say they can do.",,,
q00078,top1979:4944,2745957,1,3,https://www.goodreads.com/work/quotes/2745957,"Nothing is ever lost, Sarah. Nothing that can't be found.",,,
q00079,top1979:4944,2745957,1,4,https://www.goodreads.com/work/quotes/2745957,"Because things like this you can only ssay once. And you either get it wrong or right, it's the end either way, because it's too hard to ever try to say again.",,,
q00080,top1979:4944,2745957,1,5,https://www.goodreads.com/work/quotes/2745957,"She suddenly realized she was sitting in an apartment by herself late at night, eating an apple and watching a movie on TV that she cared nothing about, and doing it all because it was easier than thinking, thinking was so boring really, when all you had to think about was yourself and your lost love.",,,
q00081,top1979:4944,2745957,1,7,https://www.goodreads.com/work/quotes/2745957,Sometimes you just have to do what you can and try to live with it.,,,
q00082,top1979:4944,2745957,1,8,https://www.goodreads.com/work/quotes/2745957,"I’m a man of the world, and all that means is I understand what powers the world. The fuel mix is one part high-octane to nine parts pure bullshit.",,,
q00083,top1979:4944,2745957,1,9,https://www.goodreads.com/work/quotes/2745957,"The Question was this: If you could jump into a time machine and go back to 1932, would you kill Hitler?",,,
q00084,top1979:4944,2745957,1,10,https://www.goodreads.com/work/quotes/2745957,But the people didn’t elect buffoons to Washington. Well—hardly ever.,,,
q00085,top1979:4944,2745957,1,11,https://www.goodreads.com/work/quotes/2745957,"The crowd had the plump, righteous, slightly constipated look that seems the exclusive province of businessmen who belong to the GOP.",,,
q00086,top1979:4944,2745957,1,12,https://www.goodreads.com/work/quotes/2745957,"What would his father do then? Go on, Johnny supposed. People had a way of doing that, just going on, pushing through with no particular drama, no big drumrolls.",,,
q00087,top1979:4944,2745957,1,13,https://www.goodreads.com/work/quotes/2745957,I'm going out for a bottle of champagne. We're going to get bombed.,,,
q00088,top1979:4944,2745957,1,15,https://www.goodreads.com/work/quotes/2745957,You ought to sue that son of a whore,,,
q00089,top1979:4944,2745957,1,16,https://www.goodreads.com/work/quotes/2745957,"95% of the people who walk the earth are inert, Johnny. 1% are saints, and 1% are assholes. The other 3% do what they say they can do.",,,
q00090,top1979:4944,2745957,1,17,https://www.goodreads.com/work/quotes/2745957,The man who senses the wind of change should build not a windbreak but a windmill.,,,
q00091,top1979:4944,2745957,1,19,https://www.goodreads.com/work/quotes/2745957,"And if he can’t be politically killed?” Ngo smiled at Johnny. He unfolded his index finger, cocked his thumb, and then snapped it down. “Bam,” he said softly. “Bam, bam, bam.” “No,” Johnny said, surprised at the hoarseness in his own voice “That’s never an answer. Never.” “No? I thought it was an answer you Americans used quite often.",,,
q00092,top1979:4944,2745957,1,20,https://www.goodreads.com/work/quotes/2745957,"The first slow, scalding tears began to come. “Oh Johnny,” she said. “Everything was supposed to be different, wasn’t it? It wasn’t supposed to end like this.”She lowered her head, her throat working painfully - and to no effect. The sobs came anyway, and the bright sunlight broke into prisms of light. The wind, which had seemed so warm and Indian summery, now seemed as chill as February on her wet cheeks.",,,
q00093,top1979:4944,2745957,1,21,https://www.goodreads.com/work/quotes/2745957,"A charming eccentric, a piece of blank paper on which the electorate could write its message: You other guys are so wasted that we decided to elect this fool for two years instead.",,,
q00094,top1979:4944,2745957,1,23,https://www.goodreads.com/work/quotes/2745957,"Go to hell,' she said merrily, 'nobody lives forever.''But everybody tries, you ever notice that?' he said, following her into one of the swaying gondolas.",,,
q00095,top1979:4944,2745957,1,24,https://www.goodreads.com/work/quotes/2745957,"Momma,’ he said, ‘haven’t you thought that God’s will was for some doctor to invent that drug so you could live longer?",,,
q00096,top1979:4944,2745957,1,25,https://www.goodreads.com/work/quotes/2745957,"He is a mechanic of the brain. He has cut it to piecese and found no soul. Therefore there is none. Like the Russian astronauts who circled the earth and did not see God. It is the empiricism of the mechanic, and a mechanic is only a child with superior motor control.",,,
q00097,top1979:4944,2745957,1,26,https://www.goodreads.com/work/quotes/2745957,Did I grow a third eye?,,,
q00098,top1979:4944,2745957,1,27,https://www.goodreads.com/work/quotes/2745957,"Stillson had apparently discovered one of the great hidden muscles of principle which move the earth: if those who receive will not pay, those who have not often will, for no good reason at all.",,,
q00099,top1979:4944,2745957,1,29,https://www.goodreads.com/work/quotes/2745957,"When men do it in wartime, they give them medals, he thought.",,,
q00100,top1979:4944,2745957,2,0,https://www.goodreads.com/work/quotes/2745957?page=2,"The university was safe. It was a kind of never-never land where everybody, even the teachers, could be a part of Peter Pan’s band and never grow up. And there would always be a Nixon or an Agnew to play Captain Hook.",,,
q00101,top1979:4944,2745957,2,1,https://www.goodreads.com/work/quotes/2745957?page=2,"In that moment she hated him, loathed him, this good man she had married. There was really nothing so terrible on the reverse side of his goodness, his steadiness, his mild good humor – just the belief, apparently grounded in the bedrock of his soul, that everybody was looking out for number one, each with his or her own little racket.",,,
q00102,top1979:4944,2745957,2,5,https://www.goodreads.com/work/quotes/2745957?page=2,Best to praise God in a lower voice when you’re in the hospital.,,,
q00103,top1979:4944,2745957,2,7,https://www.goodreads.com/work/quotes/2745957?page=2,"So far as we know, we don’t know anything.",,,
q00104,top1979:4944,2745957,2,8,https://www.goodreads.com/work/quotes/2745957?page=2,It is more terrible to do nothing while a bad tiger carries away small children.,,,
q00105,top1979:4944,2745957,2,9,https://www.goodreads.com/work/quotes/2745957?page=2,"Time seemed frozen, the applause went on and on even though heads were turning, necks were craning; someone had screamed because there was a man in the gallery and the man was holding a rifle and this was something they had all seen on TV, it was a situation with classic elements that they all recognized. In it's own way, it was as American as The Wonderful World of Disney. The politician and the man in a high place with the gun.",,,
q00106,top1979:4944,2745957,2,12,https://www.goodreads.com/work/quotes/2745957?page=2,Greg Stillson’s rural farm constituency seemed to have a morbid interest in the idea that the Jews were running the world.,,,
q00107,top1979:4944,2745957,2,13,https://www.goodreads.com/work/quotes/2745957?page=2,"There was also a carton of paperbacks entitled America the TruthWay: The Communist-Jewish Conspiracy Against Our United States. Greg did better with this paperback, printed on cheap pulp stock, than with all the Bibles put together. It told all about how the Rothschilds and the Roosevelts and the Greenblatts were taking over the U.S. economy and the U.S. government. There were graphs showing how the Jews related directly to the Communist-Marxist-Leninist-Trotskyite axis, and from there to the Antichrist Itself.",,,
q00108,top1979:4944,2745957,2,15,https://www.goodreads.com/work/quotes/2745957?page=2,We went through the mud and the crud. The wind blew and the shit flew.,,,
q00109,top1979:4944,2745957,2,16,https://www.goodreads.com/work/quotes/2745957?page=2,"The whole country had gone through a spasm of shudders during those eight months, but she had hardly noticed. The marches, the cops in their crash helmets and gas masks, the mounting attacks on the press by Agnew, the Kent State shootings, the summer of violence as blacks and radical groups took to the streets—those things might have happened on some TV late show.",,,
q00110,top1979:4944,2745957,2,17,https://www.goodreads.com/work/quotes/2745957?page=2,I don't know (if she's crazy). There are people down South that handle snakes. I'd call them crazy. She doesn't do that.,,,
q00111,top1979:4944,2745957,2,18,https://www.goodreads.com/work/quotes/2745957?page=2,"Mild white light coming in through the roof chinks, catching motes of chaff in half a hundred pencil-thin sunbeams. Motes of chaff dancing and revolving.",,,
q00112,top1979:4944,2745957,2,19,https://www.goodreads.com/work/quotes/2745957?page=2,"He knew that if Edgar Lancte, Fearless Minion of the Effa Bee Eye, could see him doing this, his phone, living room, and bathroom would be tapped in a jiffy.",,,
q00113,top1979:4944,2745957,2,20,https://www.goodreads.com/work/quotes/2745957?page=2,"The Bible says God loves all his creatures,' Johnny said. His voice was a bit unsteady.",,,
q00114,top2019:1237,61127102,1,0,https://www.goodreads.com/work/quotes/61127102,I had absolutely no interest in being somebody else's muse.I am not a muse.I am the somebody.End of fucking story.,,,
q00115,top2019:1237,61127102,1,1,https://www.goodreads.com/work/quotes/61127102,Men often think they deserve a sticker for treating women like people.,,,
q00116,top2019:1237,61127102,1,2,https://www.goodreads.com/work/quotes/61127102,"I used to think soul mates were two of the same. I used to think I was supposed to look for somebody that was like me. I don't believe in soul mates anymore and I'm not looking for anything. But if I did believe in them, I'd believe your soul mate was somebody who had all the things you didn't, that needed all the things you had. Not somebody who's suffering from the same stuff you are.",,,
q00117,top2019:1237,61127102,1,3,https://www.goodreads.com/work/quotes/61127102,"I think you have to have faith in people before they earn it. Otherwise it's not faith, right?",,,
q00118,top2019:1237,61127102,1,4,https://www.goodreads.com/work/quotes/61127102,"I wish someone had told me that love isn’t torture. Because I thought love was this thing that was supposed to tear you in two and leave you heartbroken and make your heart race in the worst way. I thought love was bombs and tears and blood. I did not know that it was supposed to make you lighter, not heavier. I didn’t know it was supposed to take only the kind of work that makes you softer. I thought love was war. I didn’t know it was supposed to… I didn’t know it was supposed to be peace.",,,
q00119,top2019:1237,61127102,1,5,https://www.goodreads.com/work/quotes/61127102,"You have these lines you won’t cross. But then you cross them. And suddenly you possess the very dangerous information that you can break the rule and the world won’t instantly come to an end. You’ve taken a big, black, bold line and you’ve made it a little bit gray. And now every time you cross it again, it just gets grayer and grayer until one day you look around and you think, There was a line here once, I think.",,,
q00120,top2019:1237,61127102,1,6,https://www.goodreads.com/work/quotes/61127102,"Passion is...it's fire. And fire is great, man. But we're made of water. Water is how we keep living. Water is what we need to survive.",,,
q00121,top2019:1237,61127102,1,7,https://www.goodreads.com/work/quotes/61127102,It’s like some of us are chasing after our nightmares the way other people chase dreams.,,,
q00122,top2019:1237,61127102,1,8,https://www.goodreads.com/work/quotes/61127102,"All I will say is that you show up for your friends on their hardest days. And you hold their hand through the roughest parts. Life is about who is holding your hand and, I think, whose hand you commit to holding.",,,
q00123,top2019:1237,61127102,1,9,https://www.goodreads.com/work/quotes/61127102,"If she knew how often I was thinking about her, she wouldn't feel lonely.",,,
q00124,top2019:1237,61127102,1,10,https://www.goodreads.com/work/quotes/61127102,"You have to have one person in your life that you know would never do anything to steer you wrong. They may disagree with you. They could even break your heart, from time to time. But you have to have one person, at least, who you know will always tell you the truth.",,,
q00125,top2019:1237,61127102,1,11,https://www.goodreads.com/work/quotes/61127102,"She had written something that felt like I could have written it, except I knew I couldn't have. I wouldn't have come up with something like that. Which is what we all want from art, isn’t it? When someone pins down something that feels like it lives inside us? Takes a piece of your heart out and shows it to you? It’s like they are introducing you to a part of yourself.",,,
q00126,top2019:1237,61127102,1,12,https://www.goodreads.com/work/quotes/61127102,"But loving somebody isn't perfection and good times and laughing and making love. Love is forgiveness and patience and faith and every once in a while, it's a gut punch. That's why it's a dangerous thing, when you go loving the wrong person. When you love somebody who doesn't deserve it. You have to be with someone that deserves your faith and you have to be deserving of someone else's. It's sacred.",,,
q00127,top2019:1237,61127102,1,13,https://www.goodreads.com/work/quotes/61127102,"No matter who you choose to go down the road with, you're gonna get hurt. That's just the nature of caring about someone. No matter who you love, they will break your heart along the way.",,,
q00128,top2019:1237,61127102,1,14,https://www.goodreads.com/work/quotes/61127102,I am not going to sit around sweating my ass off just so men can feel more comfortable. It’s not my responsibility to not turn them on. It’s their responsibility to not be an asshole.,,,
q00129,top2019:1237,61127102,1,15,https://www.goodreads.com/work/quotes/61127102,"When you think of me, I hope it ruins rock 'n' roll",,,
q00130,top2019:1237,61127102,1,16,https://www.goodreads.com/work/quotes/61127102,"Confidence is being okay being bad, not being okay being good.",,,
q00131,top2019:1237,61127102,1,17,https://www.goodreads.com/work/quotes/61127102,It scared me that the only thing between this moment of calm and the biggest tragedy of my life was me choosing not to do it.,,,
q00132,top2019:1237,61127102,1,18,https://www.goodreads.com/work/quotes/61127102,"Music is never about music. If it was, we'd be writing songs about guitars. But we don't. We write songs about women. Women will crush you, you know? I suppose everybody hurts everybody, but women always seem to get back up, you ever notice that? Women are always still standing.",,,
q00133,top2019:1237,61127102,1,19,https://www.goodreads.com/work/quotes/61127102,You're all sorts of things you don't even know yet.,,,
q00134,top2019:1237,61127102,1,20,https://www.goodreads.com/work/quotes/61127102,"We love broken, beautiful people. And it doesn't get much more obviously broken and more classically beautiful than Daisy Jones.",,,
q00135,top2019:1237,61127102,1,21,https://www.goodreads.com/work/quotes/61127102,"You can't control another person. It doesn't matter how much you love them. You can't love someone back to health and you can't hate someone back to health and no matter how right you are about something, it doesn't mean they will change their mind.",,,
q00136,top2019:1237,61127102,1,22,https://www.goodreads.com/work/quotes/61127102,That’s the glory of being a man. An ugly face isn’t the end of you.,,,
q00137,top2019:1237,61127102,1,23,https://www.goodreads.com/work/quotes/61127102,It hurts to care about someone more than they care about themselves.,,,
q00138,top2019:1237,61127102,1,24,https://www.goodreads.com/work/quotes/61127102,"But at some point, you have to recognize that you have no control over anybody and you have to step back and be ready to catch them when they fall and that's all you can do. It feels like throwing yourself to sea. Or, maybe not that. Maybe it's more like throwing someone you love out to sea and then praying they float on their own, knowing they might well drown and you'll have to watch.",,,
q00139,top2019:1237,61127102,1,25,https://www.goodreads.com/work/quotes/61127102,I love you as much as I'm willing to love anybody.,,,
q00140,top2019:1237,61127102,1,26,https://www.goodreads.com/work/quotes/61127102,"You can justify anything. If you’re narcissistic enough to believe that the universe conspires for and against you—which we all are, deep down—then you can convince yourself you're getting signs about anything and everything.",,,
q00141,top2019:1237,61127102,1,27,https://www.goodreads.com/work/quotes/61127102,I believe you can break me But I'm saved for the one who saved meWe only look like young starsBecause you can't see old scars,,,
q00142,top2019:1237,61127102,1,28,https://www.goodreads.com/work/quotes/61127102,"But knowing you’re good can only take you so far. At some point, you need someone else to see it, too. Appreciation from people you admire changes how you see yourself.",,,
q00143,top2019:1237,61127102,1,29,https://www.goodreads.com/work/quotes/61127102,"It is what I have always loved about music. Not the sounds or the crowds or the good times as much as the words -- the emotions, the stories, the truth -- that you can let flow right out of your mouth. Music can dig, you know? It can take a shovel to your chest and just start digging until you hit something.",,,
q00144,top2019:1237,61127102,2,1,https://www.goodreads.com/work/quotes/61127102?page=2,It's the ones who never loved you enough that come to you when you can't sleep. You always wonder what the future might have held for you and you'll never know. Maybe you almost don't want to know.,,,
q00145,top2019:1237,61127102,2,2,https://www.goodreads.com/work/quotes/61127102?page=2,"History is what you did, not what you almost did, not what you thought about doing. And I was proud of what I did",,,
q00146,top2019:1237,61127102,2,3,https://www.goodreads.com/work/quotes/61127102?page=2,"The truth often lies, unclaimed, in the middle.",,,
q00147,top2019:1237,61127102,2,4,https://www.goodreads.com/work/quotes/61127102?page=2,"Everything that made Daisy burn, made me burn. Everything I loved about the world, Daisy loved about the world. Everything I struggled with, Daisy struggled with. We were two halves. We were the same.",,,
q00148,top2019:1237,61127102,2,5,https://www.goodreads.com/work/quotes/61127102?page=2,"I'm not saying that I didn’t care. I cared a lot. I’m saying that when you really love someone, sometimes the things they need may hurt you, and some people are worth hurting for.",,,
q00149,top2019:1237,61127102,2,6,https://www.goodreads.com/work/quotes/61127102?page=2,DAISY: I used to care when men called me difficult. I really did. Then I stopped. This way is better.,,,
q00150,top2019:1237,61127102,2,7,https://www.goodreads.com/work/quotes/61127102?page=2,People say it's hard to be away from the people you love but it was so hard to be right next to him.,,,
q00151,top2019:1237,61127102,2,8,https://www.goodreads.com/work/quotes/61127102?page=2,Nothing I wouldn’t do/to go back to the past and wait for you.,,,
q00152,top2019:1237,61127102,2,9,https://www.goodreads.com/work/quotes/61127102?page=2,"Art doesn't owe anything to anyone. Songs are about how it felt, not the facts. Self-expression is about what it feels to live, no whether you had the right to claim any emotion at any time. Did I have a right to be mad at him? Did he do anything wrong? Who cares! Who cares? I hurt. So I wrote about it",,,
q00153,top2019:1237,61127102,2,10,https://www.goodreads.com/work/quotes/61127102?page=2,When you find that rare person who really knows who you are and they still don't love you... I was burning.,,,
q00154,top2019:1237,61127102,2,12,https://www.goodreads.com/work/quotes/61127102?page=2,"I don't like putting it that way - you're never not yourself. You're always you. It's just, sometimes, who you are . . . who you are is a shitty person.",,,
q00155,top2019:1237,61127102,2,14,https://www.goodreads.com/work/quotes/61127102?page=2,"Here’s a lesson for everybody, take it from me: Handsome men that tell you what you want to hear are almost always liars.",,,
q00156,top2019:1237,61127102,2,15,https://www.goodreads.com/work/quotes/61127102?page=2,"Simone said, ""Do me a favor. Picture a map of the world.""I was not in the mood. She said, ""Just picture it."" So I did. And she said, ""And you're in L.A. You're a blinking light, you with me so far?""And I said, ""Sure.""""And you know you blink brighter than anybody. You get that, don't you?""And I said, ""Sure."" Just humoring her.And then she said, ""And then in New York today, and London on Thursday and Barcelona next week, there's another blinking light.""""And that's you?"" I said. She said, ""That's me. And no matter where we are, no matter what time of day it is, the world is dark and we are two blinking lights. Flashing at the same time. Neither one of us flashing alone.",,,
q00157,top2019:1237,61127102,2,18,https://www.goodreads.com/work/quotes/61127102?page=2,"When people asked me for my autograph, I used to write, ""Stay Solid, Daisy J."" But when it was a young girl - which wasn't often but it did happen from time to time - I used to write, ""Dream big, little bird. Love, Daisy",,,
q00158,top2019:1237,61127102,2,19,https://www.goodreads.com/work/quotes/61127102?page=2,"When you have everything, someone else getting a little something feels like they're stealing from you.",,,
q00159,top2019:1237,61127102,2,20,https://www.goodreads.com/work/quotes/61127102?page=2,Denial is like an old blanket. I loved to get on under that thing and curl up and sleep.,,,
q00160,top2019:1237,61127102,2,22,https://www.goodreads.com/work/quotes/61127102?page=2,You can't put it in your heart if it's not there. And you can't pull it out of your heart if it is.,,,
q00161,top2019:1237,61127102,2,24,https://www.goodreads.com/work/quotes/61127102?page=2,"It’s funny. At first, I think you start getting high to dull your emotions, to escape from them. But after a while you realize that the drugs are what are making your life untenable, they are actually what are heightening every emotion you have. It’s making your heartbreak harder, your good times higher. So coming down really does start to feel like rediscovering sanity. And when you rediscover your sanity, it’s only a matter of time before you start to get an inkling of why you wanted to escape it in the first place.",,,
q00162,top2019:1237,61127102,2,25,https://www.goodreads.com/work/quotes/61127102?page=2,"People say that life keeps moving, but they don't mention that it does stop sometimes, just for you.",,,
q00163,top2019:1237,61127102,2,26,https://www.goodreads.com/work/quotes/61127102?page=2,"Do you know what you do with that level of trust? When someone says, 'I trust you so much I can tolerate you having secrets?' You cherish it. You remind yourself how lucky you are to have been given that trust every day.",,,
q00164,top2019:1237,61127102,2,27,https://www.goodreads.com/work/quotes/61127102?page=2,"It didn’t seem right to me that his weakest self got to decide how my life was going to turn out, what my family was going to look like. I got to decide that. And what I wanted was a life—a family, a beautiful marriage, a home—with him. With the man I knew he truly was. And I was going to get it, hell or high water.",,,
q00165,top2019:1237,61127102,2,28,https://www.goodreads.com/work/quotes/61127102?page=2,"I'm not perfect. I'll never be perfect. I don't expect anything to be perfect. But things don't have to be perfect to be strong. So if you're waiting around, hoping that something's going to crack, I just... I have to tell you it's not gonna be me. And I can't let it be Billy. Which means it's gonna be you.",,,
q00166,top2019:1237,61127102,2,29,https://www.goodreads.com/work/quotes/61127102?page=2,"And, baby, when you think of meI hope it ruins rock 'n' rollRegret me",,,
q00167,top1997:5976,1110983,1,0,https://www.goodreads.com/work/quotes/1110983,"Life on the run was filled with dreams, some at night during sleep, real dreams, and some when the mind was awake but drifting. Most were terrifying, the nightmares of the shadows growing bolder and larger. Others were pleasant wishes of a rosy future, free of the past. These were rare, Patrick had learned. Life on the run was life in the past. There was no closure",,,
q00168,top1997:5976,1110983,1,1,https://www.goodreads.com/work/quotes/1110983,Why can't a man have more than one life? Where was it written that you couldn't start over? And over?,,,
q00169,top1997:5976,1110983,1,4,https://www.goodreads.com/work/quotes/1110983,"The sixteen grand jurors sat around a long, square table,",,,
q00170,top1997:5976,1110983,1,5,https://www.goodreads.com/work/quotes/1110983,"... answered his knock with a smile, a short one forced through because she was at heart a warm person, not given to the dark mood swings which now plagued her.",,,
q00167,top1997:5976,1110983,1,0,https://www.goodreads.com/work/quotes/1110983,"Life on the run was filled with dreams, some at night during sleep, real dreams, and some when the mind was awake but drifting. Most were terrifying, the nightmares of the shadows growing bolder and larger. Others were pleasant wishes of a rosy future, free of the past. These were rare, Patrick had learned. Life on the run was life in the past. There was no closure",,,
q00168,top1997:5976,1110983,1,1,https://www.goodreads.com/work/quotes/1110983,Why can't a man have more than one life? Where was it written that you couldn't start over? And over?,,,
q00169,top1997:5976,1110983,1,4,https://www.goodreads.com/work/quotes/1110983,"The sixteen grand jurors sat around a long, square table,",,,
q00170,top1997:5976,1110983,1,5,https://www.goodreads.com/work/quotes/1110983,"... answered his knock with a smile, a short one forced through because she was at heart a warm person, not given to the dark mood swings which now plagued her.",,,
q00171,top2008:3947,2859278,1,0,https://www.goodreads.com/work/quotes/2859278,At some level we intend everything we do. That’s why it’s extremely important to root out our intentions before they uproot us.,,,
q00172,top2008:3947,2859278,1,1,https://www.goodreads.com/work/quotes/2859278,"Fucking stupid to park there to begin with.” “Usually the bigger worry is regular people and the media thinking they can poke around. But no marked car? Okay. There goes your deterrent. Have it your way. You got any idea why the entrance lights weren’t on last night?” Marino said. “I only know that they weren’t. It’s in my report.” “They’re on now.” Gusts of wind hit them like invisible waves of a stormy surf, and Marino felt as if he was about to be washed off the roof. His hands were stiff, and he pulled his sleeves over them. “Then my guess would be the killer turned them off last night,” Morales said. “Kind of a strange thing to do once he’s already inside the building.” “Maybe he turned them off when he was leaving. So nobody would see him, in case someone was walking by, driving by.” “Then you’re probably not talking about Oscar doing it. Since he never left.",,,
q00173,top2008:3947,2859278,1,2,https://www.goodreads.com/work/quotes/2859278,"But hey, this ain’t the South. People don’t bake cakes for their neighbors so they can stick their nose into their business.",,,
q00174,top2008:3947,2859278,1,3,https://www.goodreads.com/work/quotes/2859278,"Powerful women tended to be loners, because it was their instinct not to trust one another.",,,
q00175,top2008:3947,2859278,1,4,https://www.goodreads.com/work/quotes/2859278,Don’t search for unicorns. Start with the ponies.,,,
q00176,top2008:3947,2859278,1,5,https://www.goodreads.com/work/quotes/2859278,Are we any closer to figuring it out? Or will we just keep tormenting,,,
q00177,top2008:3947,2859278,1,6,https://www.goodreads.com/work/quotes/2859278,"satellite dish. It was an inexpensive Internet camera that included audio, and was connected to the building’s wireless network and served any tenant who wished to join it. It also served somebody else. It served Mike Morales, and not in the way everybody thought, which was why it hadn’t occurred to Lucy to check. And she was furious with herself. Since it was known that another device was connected to the network—the camera that Morales said he had installed himself—it hadn’t entered Lucy’s mind to access the log to the wireless router. It hadn’t occurred to her she ought to check the router’s admin page. Had she done that last night, she would have discovered what she now knew, and she tried Marino again. For the past half-hour, she’d tried him and Berger, and had gotten voicemail. She didn’t leave a message. She wasn’t about to leave a message the likes of the one she had. This time Marino answered, thank God. “It’s me,” she said. “You in a wind tunnel, or what?” he said.",,,
q00178,top2008:3947,2859278,1,7,https://www.goodreads.com/work/quotes/2859278,"It’s about people being small and your reminding them of it without trying to, and so they go out of their way to make you small as if that will somehow make them bigger.",,,
q00179,top2008:3947,2859278,1,8,https://www.goodreads.com/work/quotes/2859278,"She wasn’t going to be his whore, his madonna, his wife, or his mother, or all of the above, and all of the above was what he’d really always wanted, what most men have always wanted because they don’t know any better.",,,
q00180,top2008:3947,2859278,1,9,https://www.goodreads.com/work/quotes/2859278,Their disconnection wasn’t simply due to the vicissitudes of very busy lives that collide and then resume their separate paths.,,,
q00181,top2008:3947,2859278,1,10,https://www.goodreads.com/work/quotes/2859278,"32 Scarpetta refilled coffees and carried them out on a tray with a few things to eat. She believed that sleep deprivation was healed by good food. She set down a platter of fresh buffalo mozzarella, sliced plum tomatoes, and basil dribbled with cold-pressed unfiltered olive oil. In a sweetgrass basket lined with a linen napkin was crusty homemade Italian bread that she urged everyone to pass around, to break it with their hands, to tear off pieces. She told Marino he could start, and he took the basket, and she placed small plates and blue-checked napkins in front of him, then one in front of Bacardi.",,,
q00182,top2008:3947,2859278,1,12,https://www.goodreads.com/work/quotes/2859278,"I realize it isn’t exactly in England. I know Isle of Man’s a fucking island, but in case you flunked geography, England’s a fucking island.",,,
q00171,top2008:3947,2859278,1,0,https://www.goodreads.com/work/quotes/2859278,At some level we intend everything we do. That’s why it’s extremely important to root out our intentions before they uproot us.,,,
q00172,top2008:3947,2859278,1,1,https://www.goodreads.com/work/quotes/2859278,"Fucking stupid to park there to begin with.” “Usually the bigger worry is regular people and the media thinking they can poke around. But no marked car? Okay. There goes your deterrent. Have it your way. You got any idea why the entrance lights weren’t on last night?” Marino said. “I only know that they weren’t. It’s in my report.” “They’re on now.” Gusts of wind hit them like invisible waves of a stormy surf, and Marino felt as if he was about to be washed off the roof. His hands were stiff, and he pulled his sleeves over them. “Then my guess would be the killer turned them off last night,” Morales said. “Kind of a strange thing to do once he’s already inside the building.” “Maybe he turned them off when he was leaving. So nobody would see him, in case someone was walking by, driving by.” “Then you’re probably not talking about Oscar doing it. Since he never left.",,,
q00173,top2008:3947,2859278,1,2,https://www.goodreads.com/work/quotes/2859278,"But hey, this ain’t the South. People don’t bake cakes for their neighbors so they can stick their nose into their business.",,,
q00174,top2008:3947,2859278,1,3,https://www.goodreads.com/work/quotes/2859278,"Powerful women tended to be loners, because it was their instinct not to trust one another.",,,
q00175,top2008:3947,2859278,1,4,https://www.goodreads.com/work/quotes/2859278,Don’t search for unicorns. Start with the ponies.,,,
q00176,top2008:3947,2859278,1,5,https://www.goodreads.com/work/quotes/2859278,Are we any closer to figuring it out? Or will we just keep tormenting,,,
q00177,top2008:3947,2859278,1,6,https://www.goodreads.com/work/quotes/2859278,"satellite dish. It was an inexpensive Internet camera that included audio, and was connected to the building’s wireless network and served any tenant who wished to join it. It also served somebody else. It served Mike Morales, and not in the way everybody thought, which was why it hadn’t occurred to Lucy to check. And she was furious with herself. Since it was known that another device was connected to the network—the camera that Morales said he had installed himself—it hadn’t entered Lucy’s mind to access the log to the wireless router. It hadn’t occurred to her she ought to check the router’s admin page. Had she done that last night, she would have discovered what she now knew, and she tried Marino again. For the past half-hour, she’d tried him and Berger, and had gotten voicemail. She didn’t leave a message. She wasn’t about to leave a message the likes of the one she had. This time Marino answered, thank God. “It’s me,” she said. “You in a wind tunnel, or what?” he said.",,,
q00178,top2008:3947,2859278,1,7,https://www.goodreads.com/work/quotes/2859278,"It’s about people being small and your reminding them of it without trying to, and so they go out of their way to make you small as if that will somehow make them bigger.",,,
q00179,top2008:3947,2859278,1,8,https://www.goodreads.com/work/quotes/2859278,"She wasn’t going to be his whore, his madonna, his wife, or his mother, or all of the above, and all of the above was what he’d really always wanted, what most men have always wanted because they don’t know any better.",,,
q00180,top2008:3947,2859278,1,9,https://www.goodreads.com/work/quotes/2859278,Their disconnection wasn’t simply due to the vicissitudes of very busy lives that collide and then resume their separate paths.,,,
q00181,top2008:3947,2859278,1,10,https://www.goodreads.com/work/quotes/2859278,"32 Scarpetta refilled coffees and carried them out on a tray with a few things to eat. She believed that sleep deprivation was healed by good food. She set down a platter of fresh buffalo mozzarella, sliced plum tomatoes, and basil dribbled with cold-pressed unfiltered olive oil. In a sweetgrass basket lined with a linen napkin was crusty homemade Italian bread that she urged everyone to pass around, to break it with their hands, to tear off pieces. She told Marino he could start, and he took the basket, and she placed small plates and blue-checked napkins in front of him, then one in front of Bacardi.",,,
q00182,top2008:3947,2859278,1,12,https://www.goodreads.com/work/quotes/2859278,"I realize it isn’t exactly in England. I know Isle of Man’s a fucking island, but in case you flunked geography, England’s a fucking island.",,,
q00183,top2009:2340,6594813,1,0,https://www.goodreads.com/work/quotes/6594813,"I, Alex Cross do solemnly promise-to all those present at this birthday party- to do my best to balance my life at home with my work,life,and not to go over to the dark side ever again.",,,
q00184,top2009:2340,6594813,1,1,https://www.goodreads.com/work/quotes/6594813,"initiated. All right, tell me what happened. Talk to me.",,,
q00185,top2009:2340,6594813,1,2,https://www.goodreads.com/work/quotes/6594813,"It was called Operation Coitus Interruptus, which only goes to prove that there are some people in the FBI with a sense of humor.",,,
q00186,top2009:2340,6594813,1,3,https://www.goodreads.com/work/quotes/6594813,greeted me at the West Wing turnaround.,,,
q00187,top2009:2340,6594813,1,4,https://www.goodreads.com/work/quotes/6594813,"She can hear me?” “She probably can. I think so.” I put his hand on Nana’s and my hand on top of his. “Go ahead.” “Hi, Nana!” he said as if Nana were hard of hearing, and it was difficult not to laugh. “Inside-the-house voice, buddy,” Bree said. “But good enthusiasm there. I’ll bet Nana heard you.",,,
q00183,top2009:2340,6594813,1,0,https://www.goodreads.com/work/quotes/6594813,"I, Alex Cross do solemnly promise-to all those present at this birthday party- to do my best to balance my life at home with my work,life,and not to go over to the dark side ever again.",,,
q00184,top2009:2340,6594813,1,1,https://www.goodreads.com/work/quotes/6594813,"initiated. All right, tell me what happened. Talk to me.",,,
q00185,top2009:2340,6594813,1,2,https://www.goodreads.com/work/quotes/6594813,"It was called Operation Coitus Interruptus, which only goes to prove that there are some people in the FBI with a sense of humor.",,,
q00186,top2009:2340,6594813,1,3,https://www.goodreads.com/work/quotes/6594813,greeted me at the West Wing turnaround.,,,
q00187,top2009:2340,6594813,1,4,https://www.goodreads.com/work/quotes/6594813,"She can hear me?” “She probably can. I think so.” I put his hand on Nana’s and my hand on top of his. “Go ahead.” “Hi, Nana!” he said as if Nana were hard of hearing, and it was difficult not to laugh. “Inside-the-house voice, buddy,” Bree said. “But good enthusiasm there. I’ll bet Nana heard you.",,,
q00001,top1961:1919,3118417,1,0,https://www.goodreads.com/work/quotes/3118417,I'm sick of just liking people. I wish to God I could meet somebody I could respect.,,,
q00002,top1961:1919,3118417,1,1,https://www.goodreads.com/work/quotes/3118417,I'm sick of not having the courage to be an absolute nobody.,,,
q00003,top1961:1919,3118417,1,2,https://www.goodreads.com/work/quotes/3118417,"I’m just sick of ego, ego, ego. My own and everybody else’s. I’m sick of everybody that wants to get somewhere, do something distinguished and all, be somebody interesting. It’s disgusting.",,,
q00004,top1961:1919,3118417,1,3,https://www.goodreads.com/work/quotes/3118417,And I can't be running back and fourth forever between grief and high delight.,,,
q00005,top1961:1919,3118417,1,4,https://www.goodreads.com/work/quotes/3118417,"An artist's only concern is to shoot for some kind of perfection, and on his own terms, not anyone else's.",,,
q00006,top1961:1919,3118417,1,5,https://www.goodreads.com/work/quotes/3118417,"It's everybody, I mean. Everything everybody does is so — I don't know — not wrong, or even mean, or even stupid necessarily. But just so tiny and meaningless and — sad-making. And the worst part is, if you go bohemian or something crazy like that, you're conforming just as much only in a different way.",,,
q00007,top1961:1919,3118417,1,6,https://www.goodreads.com/work/quotes/3118417,I don't know what good it is to know so much and be smart as whips and all if it doesn't make you happy.,,,
q00008,top1961:1919,3118417,1,7,https://www.goodreads.com/work/quotes/3118417,"I love you to pieces, distraction, etc.",,,
q00009,top1961:1919,3118417,1,8,https://www.goodreads.com/work/quotes/3118417,"You don't know how to talk to people you don't like. Don't love, really. You can't live in the world with such strong likes and dislikes.",,,
q00010,top1961:1919,3118417,1,10,https://www.goodreads.com/work/quotes/3118417,She was not one for emptying her face of expression.,,,
q00011,top1961:1919,3118417,1,11,https://www.goodreads.com/work/quotes/3118417,You're lucky if you get time to sneeze in this goddam phenomenal world.,,,
q00012,top1961:1919,3118417,1,12,https://www.goodreads.com/work/quotes/3118417,Sometimes I see me dead in the rain.,,,
q00013,top1961:1919,3118417,1,13,https://www.goodreads.com/work/quotes/3118417,"I don’t think it would have all got me quite so down if just once in a while—just once in a while—there was at least some polite little perfunctory implication that knowledge should lead to wisdom, and that if it doesn't, it's just a disgusting waste of time! But there never is! You never even hear any hints dropped on a campus that wisdom is supposed to be the goal of knowledge. You hardly ever even hear the word 'wisdom' mentioned!",,,
q00014,top1961:1919,3118417,1,14,https://www.goodreads.com/work/quotes/3118417,She said she knew she was able to fly because when she came down she always had dust on her fingers from touching the light bulbs.,,,
q00015,top1961:1919,3118417,1,15,https://www.goodreads.com/work/quotes/3118417,"Your heart, Bessie, is an autumn garage.",,,
q00016,top1961:1919,3118417,1,16,https://www.goodreads.com/work/quotes/3118417,Bessie: 'Why don't you get married?'Zooey: 'I like riding in trains too much. You never get to sit next to the window anymore when you're married.,,,
q00017,top1961:1919,3118417,1,18,https://www.goodreads.com/work/quotes/3118417,"Against my better judgment I feel certain that somewhere very near here—the first house down the road, maybe—there's a good poet dying, but also somewhere very near here somebody's having a hilarious pint of pus taken from her lovely young body, and I can't be running back and forth forever between grief and high delight.",,,
q00018,top1961:1919,3118417,1,19,https://www.goodreads.com/work/quotes/3118417,"[...] don't you know who that Fat Lady really is? ... Ah, buddy. Ah, buddy. It's Christ Himself. Christ Himself, buddy.",,,
q00019,top1961:1919,3118417,1,20,https://www.goodreads.com/work/quotes/3118417,Give me an honest con man any day.,,,
q00020,top1961:1919,3118417,1,21,https://www.goodreads.com/work/quotes/3118417,"Listen, I don't care what you say about my race, creed, or religion, Fatty, but don't tell me I'm not sensitive to beauty. That's my Achilles' heel, and don't you forget it. To me, everything is beautiful. Show me a pink sunset, and I'm limp, by God. Anything. Peter Pan. Even before the curtain goes up at Peter Pan I'm a goddamn puddle of tears.",,,
q00021,top1961:1919,3118417,1,22,https://www.goodreads.com/work/quotes/3118417,I just never felt so fantastically rocky in my entire life.,,,
q00022,top1961:1919,3118417,1,23,https://www.goodreads.com/work/quotes/3118417,"In the first place, you’re way off when you start railing at things and people instead of at yourself.",,,
q00023,top1961:1919,3118417,1,24,https://www.goodreads.com/work/quotes/3118417,"This is God's universe, buddy, not yours, and he has the final say about what's ego and what isn't.",,,
q00024,top1961:1919,3118417,1,25,https://www.goodreads.com/work/quotes/3118417,"My god, there's absolutely nothing tenth-rate about you, and yet you're up to your neck at this minute in tenth-rate thinking.",,,
q00025,top1961:1919,3118417,1,26,https://www.goodreads.com/work/quotes/3118417,"He said you were the only one who was bitter about S.'s suicide and the only one who really forgave him for it. The rest of us, he said, were outwardly unbitter and inwardly unforgiving.",,,
q00026,top1961:1919,3118417,1,27,https://www.goodreads.com/work/quotes/3118417,"Oh, it's lovely to see you!' Franny said as the cab moved off. 'I've missed you.' The words were no sooner out than she realized that she didn't mean them at all.",,,
q00027,top1961:1919,3118417,1,28,https://www.goodreads.com/work/quotes/3118417,"Franny was staring at the little blotch of sunshine with a special intensity, as if she were considering lying down in it.",,,
q00028,top1961:1919,3118417,1,29,https://www.goodreads.com/work/quotes/3118417,You can't exist in this world with such strong likes and dislikes.,,,
q00029,top1961:1919,3118417,2,0,https://www.goodreads.com/work/quotes/3118417?page=2,"Why are you breaking down, incidentally? I mean if you’re able to go into a collapse with all your might, why can’t you use the same energy to stay well and busy?",,,
q00030,top1961:1919,3118417,2,2,https://www.goodreads.com/work/quotes/3118417?page=2,"Why's it so sunny?"" she repeated.Zooey observed her rather narrowly. ""I bring the sun wherever I go, buddy,"" he said.",,,
q00031,top1961:1919,3118417,2,3,https://www.goodreads.com/work/quotes/3118417?page=2,The little girl on the planeWho turned her doll's head aroundTo look at me.,,,
q00032,top1961:1919,3118417,2,4,https://www.goodreads.com/work/quotes/3118417?page=2,"We are, all four of us, blood relatives, and we speak a kind of esoteric, family language, a sort of semantic geometry in which the shortest distance between any two points is a fullish circle.",,,
q00033,top1961:1919,3118417,2,5,https://www.goodreads.com/work/quotes/3118417?page=2,"He had a theory, Walt did, that the religious life, and all the agony that goes with it, is just something God sicks on people who have the gall to accuse him of having created an ugly world.",,,
q00034,top1961:1919,3118417,2,7,https://www.goodreads.com/work/quotes/3118417?page=2,"Don't you think I have sense enough to worry about my motives for saying the prayer? That's exactly what's bothering me so. Just because I'm choosy about what I want - in this case, enlightenment or peace, instead or money or prestige or game or any of those things, doesn't mean I'm not as egotistical and self-seeking as everybody else. If anything, I'm more so!",,,
q00035,top1961:1919,3118417,2,8,https://www.goodreads.com/work/quotes/3118417?page=2,"We’re freaks, that’s all. Those two bastards got us nice and early and made us into freaks with freakish standards, that’s all. We’re the tattooed lady, and we’re never going to have a minute’s peace, the rest of our lives, until everybody else is tattooed, too.",,,
q00036,top1961:1919,3118417,2,9,https://www.goodreads.com/work/quotes/3118417?page=2,"God damn it, there are nice things in the world – and I mean nice things. We're all such morons to get so sidetracked.",,,
q00037,top1961:1919,3118417,2,10,https://www.goodreads.com/work/quotes/3118417?page=2,I'll tell you a terrible secret — Are you listening to me? There isn't anyone out there who isn't Seymour's Fat Lady.,,,
q00038,top1961:1919,3118417,2,13,https://www.goodreads.com/work/quotes/3118417?page=2,"Nobody who's really using his ego, his real ego, has any time for any goddam hobbies",,,
q00039,top1961:1919,3118417,2,14,https://www.goodreads.com/work/quotes/3118417?page=2,"The rest, with very little exaggeration, was books. Meant-to-be-picked-up books. Permanently-left-behind books. Uncertain-what-to-do-with books. But books, books. Tall cases lined three walls of the room, filled to and beyond capacity. The overflow had been piled in stacks on the floor. There was little space left for walking, and none whatever for pacing.",,,
q00040,top1961:1919,3118417,2,15,https://www.goodreads.com/work/quotes/3118417?page=2,"Let's just try to have a marvelous time this weekend. I mean not try to analyze everything to death for once, if possible. Especially me. I love you.",,,
q00041,top1961:1919,3118417,2,16,https://www.goodreads.com/work/quotes/3118417?page=2,"I would like you to clear up for me just what the hell your motives are for saying it.' He hesitated, but not long enough to give Franny a chance to cut in on him. 'As a matter of simple logic, there's no difference at all, that I can see, between the man who's greedy for material treasure—or even intellectual treasure—and the man who's greedy for spiritual treasure. As you say, treasure's treasure, God damn it, and it seems to me that ninety per cent of all the world-hating saints in history were just as acquisitive and unattractive, basically, as the rest of us are.",,,
q00042,top1961:1919,3118417,2,17,https://www.goodreads.com/work/quotes/3118417?page=2,"If you can't, or won't, think of Seymour, then you go right ahead and call in some ignorant psychoanalyst. You just do that. You just call in some analyst who's experienced in adjusting people to the joys of television, and Life magazine every Wednesday, and European travel, and the H-bomb, and Presidential elections, and the front page of the Times, and God knows what else that's gloriously normal.",,,
q00043,top1961:1919,3118417,2,18,https://www.goodreads.com/work/quotes/3118417?page=2,"If God had wanted somebody with St. Francis's consistently winning personality for the job in the New Testament, he'd've picked him, you can be sure. As it was, he picked the best, the smartest, the most loving, the least sentimental the most unimitative master he could possibly have picked. And when you miss seeing that, I swear to you, you're missing the whole point of the Jesus Prayer. The Jesus Prayer has one aim, and one aim only. To endow the person who says it with Christ-consciousness. Not to set up some little cozy, holier-than-thou trysting place with some sticky, adorable divine personage who'll take you in his arms and relieve you of all your duties and make all your nasty weltschmerzen and Professor Tuppers go away and never come back. And by God, if you have intelligence enough to see that—and you do—and yet you refuse to see it, then you're misusing the prayer, you're using it to ask for a world full of dolls and saints and no Professor Tuppers.",,,
q00044,top1961:1919,3118417,2,19,https://www.goodreads.com/work/quotes/3118417?page=2,"We don't talk, we hold forth. We don't converse, we expound.",,,
q00045,top1961:1919,3118417,2,20,https://www.goodreads.com/work/quotes/3118417?page=2,"If you're a poet, you do something beautiful. I mean, you're supposed to leave something beautiful after you get off the page and everything. The ones you're talking about don't leave a single, solitary thing beautiful. All that maybe the slightly better ones do is sort of get inside your head and leave something there, but just because they do, just because they know how to leave something, it doesn't have to be a poem for heaven's sake. It may just be some kind of terribly fascinating, syntaxy droppings--excuse the expression. Like Manlius and Esposito and all those poor men.",,,
q00046,top1961:1919,3118417,2,21,https://www.goodreads.com/work/quotes/3118417?page=2,"The cards are stacked (quite properly, I imagine) against all professional aesthetes, and no doubt we all deserve the dark, wordy, academic deaths we all sooner or later die.",,,
q00047,top1961:1919,3118417,2,23,https://www.goodreads.com/work/quotes/3118417?page=2,"You know, I'm the only one in this family who has no problems, . . . And you know why? Because any time I'm feeling blue, or puzzled, what I do, I just invite a few people to come visit me in the bathroom, and—well, we iron things out together, that's all.",,,
q00048,top1961:1919,3118417,2,24,https://www.goodreads.com/work/quotes/3118417?page=2,"Who in the Bible besides Jesus knew--knew--that we're carrying the Kingdom of Heaven around with us, inside, where we're all too goddam stupid and sentimental and unimaginative to look?",,,
q00049,top1961:1919,3118417,2,26,https://www.goodreads.com/work/quotes/3118417?page=2,"Anyway, I started bitching one night before the broadcast. Seymour'd told me to shine my shoes just as I was going out the door with Waker. I was furious. The studio audience were all morons, the announcer was a moron, the sponsors were morons, and I just damn well wasn't going to shine my shoes for them, I told Seymour. I said they couldn't see them anyway, where we sat. He said to shine them anyway. He said to shine them for the Fat Lady.",,,
q00050,top1961:1919,3118417,2,27,https://www.goodreads.com/work/quotes/3118417?page=2,Do it for the fat lady!,,,
q00051,top1961:1919,3118417,2,28,https://www.goodreads.com/work/quotes/3118417?page=2,"Did you know, God damn it, that Les was all for bringing a tangerine in to you last night before he went to bed? My God. Even Bessie can't stand stories with tangerines in them. And God knows I can't. If you're going to go on with this breakdown business, I wish to hell you'd go back to college to have it. Where you're not the baby of the family. And where, God knows, nobody'll have any urges to bring you any tangerines. And where you don't keep your goddam tap shoes in the closet.",,,
q00052,top1961:1919,3118417,2,29,https://www.goodreads.com/work/quotes/3118417?page=2,"But what I don’t like — and what I don’t think either Seymour or Buddy would like, either, as a matter of fact — is the way you talk about all these people. I mean you don’t just despise what they represent — you despise them. It’s too damn personal, Franny. I mean it. You get a real little homicidal glint in your eye when you talk about this Tupper, for instance. All this business about his going into the men’s room to muss his hair before he comes in to class. All that. He probably does — it goes with everything else you’ve told me about him. I’m not saying it doesn’t. But it’s none of your business, buddy, what he does with his hair. It would be all right, in a way, if you thought his personal affectations were sort of funny. Or if you felt a tiny bit sorry for him for being insecure enough to give himself a little pathetic goddam glamour. But when you tell me about it — and I’m not fooling, now — you tell me about it as though his hair was a goddamn personal enemy of yours. That is not right — and you know it. If you’re going to to war against the System, just do your shooting like a nice, intelligent girl — because the enemy’s there, and not because you don’t like his hairdo or his goddam necktie.",,,
q00053,top1961:1919,3118417,3,0,https://www.goodreads.com/work/quotes/3118417?page=3,He seemed unaware of the messiness of the arrangement.,,,
q00054,top1961:1919,3118417,3,1,https://www.goodreads.com/work/quotes/3118417?page=3,"Lane himself lit a cigarette as the train pulled in. Then, like so many people, who, perhaps, ought to be issued only a very probational pass to meet trains, he tried to empty his face of all expression that might quite simply, perhaps even beautifully, reveal how he felt about the arriving person.Franny was among the first of the girls to get off the train, from a car at the far, northern end of the platform. Lane spotted her immediately, and despite whatever it was he was trying to do with his face, his arm that shot up into the air was the whole truth.",,,
q00055,top1961:1919,3118417,3,3,https://www.goodreads.com/work/quotes/3118417?page=3,"It was just terrible! And the worst part was, I knew what a bore I was being, I knew how I was depressing people, or even hurting their feelings- but I just couldn't stop! I just could not stop picking!",,,
q00056,top1961:1919,3118417,3,6,https://www.goodreads.com/work/quotes/3118417?page=3,"If you're going to say the Jesus Prayer, at least say it to Jesus, and not to St. Francis and Seymour and Heidi's grandfather all wrapped up in one.",,,
q00057,top1961:1919,3118417,3,8,https://www.goodreads.com/work/quotes/3118417?page=3,"And you make people nervous, young man,"" she said - most equably, for her. ""You either take to somebody or you don't. If you do, then you do all the talking and nobody can even get a word in edgewise. If you don't like somebody - which is most of the time - then you just sit around like death itself and let the person talk themself into a hole. I've seen you do it.",,,
q00058,top1961:1919,3118417,3,10,https://www.goodreads.com/work/quotes/3118417?page=3,The Great Gatsby' [...] was my 'Tom Sawyer' when I was twelve [....],,,
q00059,top1961:1919,3118417,3,11,https://www.goodreads.com/work/quotes/3118417?page=3,His eldest sister (who modestly prefers to be identified here as a Tuckahoe homemaker) has asked me to describe him as looking like 'the blue-eyed Jewish-Irish Mohican scout who died in your arms at the roulette table at Monte Carlo.,,,
q00060,top1961:1919,3118417,3,14,https://www.goodreads.com/work/quotes/3118417?page=3,"Don't hate me because I can't remember some person immediately. Especially when they look like everybody else, and talk and dress and act like everybody else.",,,
q00061,top1961:1919,3118417,3,15,https://www.goodreads.com/work/quotes/3118417?page=3,"We're freaks, the two of us, Franny and I. I'm a twenty-five-year-old freak and she's a twenty-one-year-old freak, and both those bastards are responsible. I swear to you, I could murder them both without batting an eyelash. The great teachers. The great emancipators. My God. I can't even sit down to lunch with a man any more and hold up my end of a decent conversation. I either get so bored or so goddamn preachy that if the son of a bitch had any sense, he'd break his chair over my head",,,
q00062,top1961:1919,3118417,3,16,https://www.goodreads.com/work/quotes/3118417?page=3,This whole goddamn house stinks of ghosts.,,,
q00063,top1961:1919,3118417,3,18,https://www.goodreads.com/work/quotes/3118417?page=3,"It happens to be one of those days when I see everybody in the family, including myself, through the wrong end of a telescope.",,,
q00064,top1961:1919,3118417,3,21,https://www.goodreads.com/work/quotes/3118417?page=3,But I was afraid of the questions (much more than the accusations) you might both put to me.,,,
q00065,top1961:1919,3118417,3,22,https://www.goodreads.com/work/quotes/3118417?page=3,I didn't want any degrees if all the ill-read literates and radio announcers and pedagogical dummies I knew had them by the peck.,,,
q00066,top1961:1919,3118417,3,23,https://www.goodreads.com/work/quotes/3118417?page=3,"I feel like someone in a terribly sophisticated play. The funny part is, I'm not sophisticated. I'm not anything. I'm just me.",,,
q00067,top1961:1919,3118417,3,24,https://www.goodreads.com/work/quotes/3118417?page=3,He says the only people he ever really wants to meet for a drink somewhere are all either dead or unavailable.,,,
q00068,top1961:1919,3118417,3,26,https://www.goodreads.com/work/quotes/3118417?page=3,I'm sick to death of being the heavy in everybody's life.,,,
q00069,top1961:1919,3118417,3,27,https://www.goodreads.com/work/quotes/3118417?page=3,"I’m sorry, I’m awful, I’ve just felt so terribly destructive all week. It’s awful. I’m horrible.",,,
q00070,top1961:1919,3118417,3,28,https://www.goodreads.com/work/quotes/3118417?page=3,Everybody in this family gets his goddamn religion in a different package.,,,
q00071,top1961:1919,3118417,3,29,https://www.goodreads.com/work/quotes/3118417?page=3,I love you I love you I love you. Do you actually know I've only danced with you twice in eleven months?,,,
q00072,top1961:1919,3118417,4,2,https://www.goodreads.com/work/quotes/3118417?page=4,"Years ago, in my earliest and pastiest days as a would-be writer, I once read a new story aloud to S. and Boo Boo. When I was finished, Boo Boo said flatly (but looking over at Seymour) that the story was “too clever.” S. shook his head, beaming away at me, and said cleverness was my permanent affliction, my wooden leg, and that it was in the worst possible taste to draw the group’s attention to it. As one limping man to another, old Zooey, let’s be courteous and kind to each other.",,,
q00073,top1961:1919,3118417,4,4,https://www.goodreads.com/work/quotes/3118417?page=4,For a psychoanalyst to be any good... he'd have to believe that it was through the grace of God that he'd been inspired to study psychoanalysis in the first place.,,,
q00074,top1961:1919,3118417,4,5,https://www.goodreads.com/work/quotes/3118417?page=4,"You can say the Jesus Prayer from now till doomsday, but if you don't realize that the only thing that counts in the religious life is detachment, I don't see how you ever move an inch. Detachment, buddy, and only detachment. Desirelessness. 'Cessations from all hankerings.' It's this business of desiring, if you want to know the goddam truth, that makes an actor in the first place. Why're you making me tell you things you already know? Somewhere along the line - in one damn incarnation or another, if you like - you not only had a hankering to be an actor or an actress but to be a good one. You're stuck with it now. You can't just walk out on the results of your own hankerings. Cause and effect, buddy, cause and effect. The only thing you can do now, the only religious thing you can do, is act. Act for God, if you want to - be God's actress, if you want to. What could be prettier?",,,
q00075,top1961:1919,3118417,4,6,https://www.goodreads.com/work/quotes/3118417?page=4,"Seymour once said to me — in a crosstown bus, of all places — that all legitimate religious study must lead to unlearning the differences, the illusory differences, between boys and girls, animals and stones, day and night, heat and cold.",,,
q00076,top1961:1919,3118417,4,7,https://www.goodreads.com/work/quotes/3118417?page=4,"Act, Zachary Martin Glass, when and where you want to, since you feel you must, but do it with all your might.",,,
q00077,top1961:1919,3118417,4,8,https://www.goodreads.com/work/quotes/3118417?page=4,"I submit that Zooey's face was close to being a wholly beautiful face. As such, it was of course vulnerable to the same variety of glibly undaunted and usually specious evaluations that any legitimate art object is. I think it just remains to be said that any one of a hundred everyday menaces — a car accident, a head cold, a lie before breakfast — could have disfigured or coarsened his bounteous good looks in a day or a second.",,,
q00078,top1961:1919,3118417,4,9,https://www.goodreads.com/work/quotes/3118417?page=4,"And the old horror of being a professional writer, and the usual stench of words that goes with it, is begining to drive me out of my seat. (Buddy)",,,
q00079,top1961:1919,3118417,4,12,https://www.goodreads.com/work/quotes/3118417?page=4,"I got the idea in my head - and I could not get it out - that college was just one more dopey, inane place in the world dedicated to piling up treasure on earth and everything. I mean treasure is treasure, for heaven’s sake. What’s the difference whether the treasure is money, or property, or even culture, or even just plain knowledge? I think that knowledge - when it’s knowledge for knowledge’s sake, anyway - is the worst of all. The least excusable certainly. I don’t think it would have all got me quite so down if just once in a while - just once in a while - there was some polite little perfunctory implication that knowledge should lead to wisdom, and that if it doesn’t, it’s just a disgusting waste of time! But there never is!",,,
q00080,top1961:1919,3118417,4,13,https://www.goodreads.com/work/quotes/3118417?page=4,"He said he was - this is exactly what he said - he said he was sitting at the table in the kitchen, all by himself, drinking a glass of ginger ale and eating saltines and reading 'Dombey and Son', and all of a sudden Jesus sat down in the other chair and asked if he could have a small glass of ginger ale. A small glass, mind you - that's exactly what he said. I mean he says things like that, and yet he thinks he's perfectly qualified to give me a lot of advice and stuff! I could just spit! I could! It's like being in a lunatic asylum and having another patient all dressed up as a doctor come over to you and start taking your pulse or something…",,,
q00081,top1961:1919,3118417,4,14,https://www.goodreads.com/work/quotes/3118417?page=4,"The color of his pallor, however, was a curiously basic white - unmixed, that is, with the greens and yellows of guilt or abject contrition. It was very like the standard bloodlessness in the face of a small boy who loves animals to distraction, all animals, and who has just seen his favourite, bunny-loving sister's expression as she opened the box containing his birthday present to her - a freshly caught young cobra, with a red ribbon tied in an awkward bow around its neck.",,,
q00082,top1961:1919,3118417,4,17,https://www.goodreads.com/work/quotes/3118417?page=4,"What about your beloved Epictetus? Or your beloved Emily Dickinson? You want your Emily, every time she has an urge to write a poem, to just sit down and say a prayer till her nasty, egotistical urge goes away? No, of course you don’t! But you’d like your friend Professor Tupper’s ego taken away from him.",,,
q00083,top1961:1919,3118417,4,18,https://www.goodreads.com/work/quotes/3118417?page=4,I'm one of the little foxes that spoil the grapes.,,,
q00084,top1961:1919,3118417,4,19,https://www.goodreads.com/work/quotes/3118417?page=4,"You’re absolutely right. You’re absolutely right. It’s staggering how you jump straight the hell into the heart of a matter. I’m goosebumps all over… By God, you inspire me. You inflame me, Bessie. You know what you’ve done? Do you realize what you’ve done? You’ve given this whole goddam issue a fresh, new, Biblical slant. I wrote four papers in college on the Crucifixion—five, really—and every one of them worried me half crazy because I thought something was missing. Now I know what it was. Now it’s clear to me. I see Christ in an entirely different light. His unhealthy fanaticism. His rudeness to those nice, sane, conservative, tax-paying Pharisees. Oh, this is exciting! In your simple, straightforward bigoted way, Bessie, you’ve sounded the missing keynote of the whole New Testament. Improper diet. Christ lived on cheeseburgers and Cokes. For all we know he probably fed the mult—",,,
q00085,top1961:1919,3118417,4,22,https://www.goodreads.com/work/quotes/3118417?page=4,"That's the spirit! Make it chicken broth or nothing. That's putting the old foot down. If she's determined to have a nervous breakdown, the least we can do is see that she doesn't have it in peace.",,,
q00086,top1961:1919,3118417,4,23,https://www.goodreads.com/work/quotes/3118417?page=4,"In my opinion, if you really want to know, half of the nastiness in the world is stirred up by people who aren't using their true egos.",,,
q00087,top1961:1919,3118417,4,24,https://www.goodreads.com/work/quotes/3118417?page=4,"Forgive the pessimism, if not the sonority. But I know how much you demand from a thing, you little bastard.",,,
q00088,top1961:1919,3118417,4,25,https://www.goodreads.com/work/quotes/3118417?page=4,"...something happens, and the words get synchronized with the person's heartbeats, and then you're actually praying without ceasing...",,,
q00089,top1961:1919,3118417,4,26,https://www.goodreads.com/work/quotes/3118417?page=4,"If you've had a freakish education, at least use it, use it.",,,
q00090,top1961:1919,3118417,4,27,https://www.goodreads.com/work/quotes/3118417?page=4,"There were half circles under her eyes and other, subtler signs that mark an acutely troubled young girl, but nonetheless no one could have missed seeing that she was first-class beauty.",,,
q00091,top1961:1919,3118417,4,29,https://www.goodreads.com/work/quotes/3118417?page=4,"At least I'm still in love with Yorick's skull. At least I always have time enough to stay in love with Yorick's skull. I want an honorable goddam skull when I'm dead, buddy. I hanker after an honorable goddam skull like Yorick's.",,,
q00001,top2001:710,1738813,1,0,https://www.goodreads.com/work/quotes/1738813,Ka is a friend to evil as well as good. It embraces both.,,,
q00002,top2001:710,1738813,1,1,https://www.goodreads.com/work/quotes/1738813,"What you love, you must love all the harder because someday it will be gone.",,,
q00003,top2001:710,1738813,1,3,https://www.goodreads.com/work/quotes/1738813,"RIGHT HERE AND NOW, as an old friend used to say, we are in the fluid present, where clear-sightedness never guarantees perfect vision.",,,
q00004,top2001:710,1738813,1,4,https://www.goodreads.com/work/quotes/1738813,"The King is in his Tower, eating bread and honey. The Breakers in the basement, making all the money.",,,
q00005,top2001:710,1738813,1,5,https://www.goodreads.com/work/quotes/1738813,"In the brain of a madman only the fuming present exists, with its endless shouting urges, paranoid speculations, and grandiose assumptions.",,,
q00006,top2001:710,1738813,1,6,https://www.goodreads.com/work/quotes/1738813,"The mad King, the bad King, the sad King. Ring-a-ding-ding, all hail the King!",,,
q00007,top2001:710,1738813,1,7,https://www.goodreads.com/work/quotes/1738813,"She’s looking at him with something like wonder. “Why do you weep, Jack?” “The past,” he says. “Isn’t that always what does it?” And thinks of his mother, sitting by the window, smoking a cigarette, and listening while the radio plays “Crazy Arms.” Yes, it’s always the past. That’s where the hurt is, all you can’t get over.",,,
q00008,top2001:710,1738813,1,8,https://www.goodreads.com/work/quotes/1738813,"The lobby of the Nelson Hotel always smells of the river -- it's in the pores of the place -- but this evening the smell is heavier than usual. It's a smell that makes us think of bad ideas, blown investments, forged checks, deteriorating health, stolen office supplies, unpaid alimony, empty promises, skin tumors, lost ambition, abandoned sample cases filled with cheap novelties, dead hope, dead skin, and fallen arches.This is the kind of place you don't come to unless you've been here before and all your other options are pretty much foreclosed. It's a place where men who left their families two decades before now lie on narrow beds with pee-stained mattresses, coughing and smoking cigarettes.",,,
q00009,top2001:710,1738813,1,10,https://www.goodreads.com/work/quotes/1738813,"For those of us who are not members of a biker gang or the Marine Corps, solidarity means little more than the compassionate impulse that leads us to comfort a bereft friend; for Beezer and his merry band, solidarity is the assurance that someone's always got your back.",,,
q00010,top2001:710,1738813,1,11,https://www.goodreads.com/work/quotes/1738813,"Tyler rolls out of bed, sniffs the armpits of yesterday's T-shirt, tosses it aside, gets another out of the drawer. His dad sometimes asks him why he sets his alarm so early -- it's summer vacation, after all -- and Tyler can't seem to make him understand that every day is important, especially those filled with warmth and sunlight and no particular responsibilities. It's as if there's some little voice deep inside him, warning him not to waste a minute, not a single one, because time is short.",,,
q00011,top2001:710,1738813,1,12,https://www.goodreads.com/work/quotes/1738813,"Do you see this heart-stopping beauty? Look closely, because in a moment your heart will stop.",,,
q00012,top2001:710,1738813,1,13,https://www.goodreads.com/work/quotes/1738813,"the sun stands low in the cloudless eastern sky, a fat, confident yellow-white ball advancing as ever for the first time toward the future and leaving in its wake the steadily accumulating past, which darkens as it recedes, making blind men of us all.",,,
q00013,top2001:710,1738813,1,14,https://www.goodreads.com/work/quotes/1738813,by the side of a road and drove off. Whenever the careering grandkids,,,
q00014,top2001:710,1738813,1,15,https://www.goodreads.com/work/quotes/1738813,"has never wanted to listen to anything any less in his life (with the possible exception of Chicago singing “Does Anybody Really Know What Time It Is?”),",,,
q00015,top2001:710,1738813,1,21,https://www.goodreads.com/work/quotes/1738813,"You’ll be able to break just as well,’ Burny said. ‘It’s just that when you fart, you’ll have to do the old one-cheek sneak every time!",,,
q00016,top2001:710,1738813,1,22,https://www.goodreads.com/work/quotes/1738813,"Black House – like Shirley Jackson’s Hill House, like the turn-of-the-century monstrosity in Seattle known as Rose Red",,,
q00017,top2001:710,1738813,1,23,https://www.goodreads.com/work/quotes/1738813,"Levelheadedness and lack of self-pity are a great combination, Jack thinks; they go a long way toward defining courage.",,,
q00018,top2001:710,1738813,1,24,https://www.goodreads.com/work/quotes/1738813,"He has the lardy, slightly oily aroma of someone who has been overweight almost from the jump.",,,
q00019,top2001:710,1738813,1,25,https://www.goodreads.com/work/quotes/1738813,I must not be so bad if I have a friend like that.,,,
q00020,top2001:710,1738813,1,26,https://www.goodreads.com/work/quotes/1738813,"Who?” she whispers. Gorg stretches its black and rustling neck until its black beak is actually in the cup of her ear. It begins to whisper, and eventually Tansy Freneau begins to nod. The light of sanity has left her eyes. And when will it return? Oh, I think we all know the answer to that one. Can you say “Nevermore”?",,,
q00021,top2001:710,1738813,1,27,https://www.goodreads.com/work/quotes/1738813,Don’t look to your friends for therapy.,,,
q00022,top2001:710,1738813,1,28,https://www.goodreads.com/work/quotes/1738813,Try to imagine the purity and sweetness of smelling a radish pulled out the ground a mile away.,,,
q00023,top2001:710,1738813,1,29,https://www.goodreads.com/work/quotes/1738813,"You can scare him, you bet—he’s a retired salesman, not Superman—but if you load enough tension on top of fright you turn it into anger, same as enough pressure turns coal into a diamond.",,,
q00024,top2001:710,1738813,2,9,https://www.goodreads.com/work/quotes/1738813?page=2,"he looks like a guy who knows where to find the corners—sly, unpredictable, and foxy.",,,
q00025,top2001:710,1738813,2,10,https://www.goodreads.com/work/quotes/1738813?page=2,"farmhouses gleam in the darkness, the lights in their windows burning like sacramental candles.",,,
q00026,top2001:710,1738813,2,11,https://www.goodreads.com/work/quotes/1738813?page=2,It isn’t what he will be unable to say in the future; it’s what he failed to say in the past.,,,
q00027,top2001:710,1738813,2,12,https://www.goodreads.com/work/quotes/1738813?page=2,Books are a uniquely portable magic.,,,
q00028,top2001:710,1738813,2,14,https://www.goodreads.com/work/quotes/1738813?page=2,dreamily as the sails of a ship riding down the sweet chute of the trade winds.,,,
q00029,top2001:710,1738813,2,17,https://www.goodreads.com/work/quotes/1738813?page=2,man who has come to a place he has never been before only to discover he is back home.,,,
q00030,top2001:710,1738813,2,18,https://www.goodreads.com/work/quotes/1738813?page=2,and his heart nearly bursts for delicate lost Tansy.,,,
q00031,top2001:710,1738813,2,20,https://www.goodreads.com/work/quotes/1738813?page=2,Like there are many different ways to get lost,,,
q00032,top2001:710,1738813,2,24,https://www.goodreads.com/work/quotes/1738813?page=2,"Beneath its green canopy, time and serenity embrace bloodshed and death; violence roils on unseen, constantly, absorbed into every aspect of a hushed landscape that never pauses but moves with glacial lack of haste. The spangled, yielding floor covers millions of scattered bones in layer upon layer; all that grows and thrives here thrives on rot. Worlds within worlds churn, and great, systematic universes hum side by side, each ignorantly bringing abundance and catastrophe upon its unguessed-at neighbors.",,,
q00033,top2001:710,1738813,2,25,https://www.goodreads.com/work/quotes/1738813?page=2,"And there’s the smell, the ancient, seagully odor that works deep into your nose and awakens the back part of your brain, the part that is perfectly capable of believing in monsters when the sight lines shorten and the heart is uneasy.",,,
q00034,top2001:710,1738813,2,26,https://www.goodreads.com/work/quotes/1738813?page=2,"I woke you up,” Fred Marshall says, and Jack knows at once that this man has been up all night, sitting in his wifeless, sonless home.",,,
q00035,top2001:710,1738813,2,27,https://www.goodreads.com/work/quotes/1738813?page=2,Having injected him with one more dram of poisonous worry—,,,
q00036,top2001:710,1738813,2,28,https://www.goodreads.com/work/quotes/1738813?page=2,"That old bag, what’shername, Porter, Georgette Porter, down in the kitchen stuffing her face, I bet,",,,
q00001,top2013:163,10558806,1,0,https://www.goodreads.com/work/quotes/10558806,"He came like the wind, like the wind touched everything, and like the wind was gone.-from The Dragon Reborn. By Loial, son of Arent son of Halan, the Fourth Age.",,,
q00002,top2013:163,10558806,1,1,https://www.goodreads.com/work/quotes/10558806,"Here is your flaw, Shaitan, Lord of the Dark, Lord of Envy, Lord of Nothing, here is why you fail. It was not about me. It’s never been about me.”It was about a woman, torn and beaten down, cast from her throne and made a puppet. A woman who had crawled when she had to. That woman still fought.It was about a man that love repeatedly forsook. A man who found relevance in a world that others would have let pass them by. A man who remembered stories and who took fool boys under his wing when the smarter move would have been to keep on walking. That man still fought.It was about a woman with a secret, a hope for the future. A woman who had hunted the truth before others could. A woman who had given her live, then had it returned. That woman still fought.It was about a man whose family was taken from him, but who stood tall in his sorrow and protected those he could. It was about a woman who refused to believe that she could not help, could not heal those who had been harmed.It was about a hero who insisted with every breath that he was anything but a hero. It was about a woman who would not bend her back while she was beaten, and who shown with a light for all who watched, including Rand.It was about them all.~Rand al Thor",,,
q00003,top2013:163,10558806,1,2,https://www.goodreads.com/work/quotes/10558806,"You didn't listen to me,"" Lan whispered. One last lesson. The hardest. Demandred struck, and Lan saw his opening. Lan lunged forward placing Demandred's sword point against his own side and ramming himself forward onto it. ""I did not come here to win,"" Lan whispered, smiling. ""I came here to kill you. Death is lighter than a feather.""Demandred's eyes opened wide, and he tried to pull back. Too late. Lan's sword took him straight though the throat.",,,
q00004,top2013:163,10558806,1,3,https://www.goodreads.com/work/quotes/10558806,"Yes, I'm alive,"" Mat said. ""I'm usually pretty good at staying alive. I've only failed one time that I can remember, and it hardly counts.",,,
q00005,top2013:163,10558806,1,4,https://www.goodreads.com/work/quotes/10558806,"Cauthon lives,"" Arganda said. ""And that's bloody amazing, considering that someone blew up his command post, set fire to his tenet, killed a bunch of his damane, and chased off his wife. Cauthon crawled out of it somehow.""""Ha!"" Abell Cauthon said. ""That's my boy.",,,
q00006,top2013:163,10558806,1,5,https://www.goodreads.com/work/quotes/10558806,"Loial, son of Arent, son of Halen, had secretly always wanted to be hasty.",,,
q00007,top2013:163,10558806,1,6,https://www.goodreads.com/work/quotes/10558806,"There are no endings, and never will be endings, to the turning of the Wheel of Time. But it was an ending.",,,
q00008,top2013:163,10558806,1,7,https://www.goodreads.com/work/quotes/10558806,"By the way, I saved Moiraine. Chew on that as you try to decide which of the two of us is winning.""-Mat",,,
q00009,top2013:163,10558806,1,8,https://www.goodreads.com/work/quotes/10558806,Being polite to a person is not a sign of respect for them. It is merely a sign of a good upbringing and a balanced nature.,,,
q00010,top2013:163,10558806,1,9,https://www.goodreads.com/work/quotes/10558806,"I have never known anyone else,"" Egwene said to him, ""who will work so hard to avoid hard work, Matrim Cauthon.",,,
q00011,top2013:163,10558806,1,10,https://www.goodreads.com/work/quotes/10558806,"Demandred blocked Lan's attack but he breathed hoarsely. ""Who are you?"" Demandred whispered again. ""No one of this Age has such skill. Asmodean? No, no. He couldn't have fought me like this. Lews Therin? It is you behind that face, isn't it?""""I am just a man,"" Lan whispered. ""That is all I have ever been.",,,
q00012,top2013:163,10558806,1,11,https://www.goodreads.com/work/quotes/10558806,"Come to think of it, an Aes Sedai would probably follow a man off a cliff, too, if only to explain to him - in detail - all the things he was doing incorrectly in the way he went about killing himself.",,,
q00013,top2013:163,10558806,1,12,https://www.goodreads.com/work/quotes/10558806,"Thank you,"" the young mother said again. ""Thank you.""""The Black Tower protects,"" Logain heard himself say. ""Always.""""I will send him to you to be tested when he is of age,"" the woman promised, holding her son. ""I would have him join you, if he has the talent.""The talent. Not the curse. The talent.",,,
q00014,top2013:163,10558806,1,13,https://www.goodreads.com/work/quotes/10558806,"How would you feel,"" Elayne said softly, ""if you saw your queen trying to kill a Trolloc with a sword as you ran away?""""I'd feel like I needed to bloody move to another country,"" Birgitte snapped, loosing another arrow, ""one where the monarchs don't have pudding for brains.",,,
q00015,top2013:163,10558806,1,14,https://www.goodreads.com/work/quotes/10558806,"I had long wondered,"" Lan said to Tam. ""About the man who had given Rand that heron-marked blade. I wondered if he had truly earned it. Now I know."" Lan raised his own sword in salute.",,,
q00016,top2013:163,10558806,1,15,https://www.goodreads.com/work/quotes/10558806,"The Empress will follow where you go,"" she said.""So she will,"" Mat said. ""As I'll follow where she goes, I suppose. I hope that doesn't lead us in too many circles.",,,
q00017,top2013:163,10558806,1,17,https://www.goodreads.com/work/quotes/10558806,"I love words,"" Mat said. ""There are some deliciously pretty words out there. 'Smile.' That's always sounded like a pretty word to me. Don't you think? Or, perhaps, the words 'I promise not to kill Egwene right now for trying to touch me, the Empress, may I live forever, because we really bloody need her for the next couple of weeks or so.'"" He eyeed Fortuona pointedly.",,,
q00018,top2013:163,10558806,1,18,https://www.goodreads.com/work/quotes/10558806,"All men are ignorant, Aes Sedai. The topics of our ignorance may change, but the nature of the world is that no man may know everything.",,,
q00019,top2013:163,10558806,1,19,https://www.goodreads.com/work/quotes/10558806,"p.s. In case you don't know what ""Do what needs to be done"" means, it means that I want you to go bloody slaughter as many of the Sharan channelers as you can. I'll bet you a full Tar Valon mark-it's only been shaved on the sides a little-that you can't kill twenty.-MCmissive from Mat to Galad",,,
q00020,top2013:163,10558806,1,20,https://www.goodreads.com/work/quotes/10558806,"I have lived for four centures,"" he said. ""Perhaps I am still a youth, in that all of us are, compared to the timeless age of the Wheel itself. That said, I am one of the oldest people in existence.""Moiraine smiled. ""Very nice. Does that work on the others?""He hesitated. Then, oddly, he found himself grinning. ""It worked pretty well on Cadsuane.""Moiraine sniffed. ""That one...Well, knowing her, I doubt you fooled her as well as you assume. You may have the memories of a man four centuries old, Rand al'Thor, but that does not make you ancient. Otherwise, Matrim Cauthon would be the patriarch of us all.""""Mat? Why Mat?""""It is nothing,"" Moiraine said. ""Something I am not supposed to know. You are still a die-eyed sheepherder at heart.",,,
q00021,top2013:163,10558806,1,21,https://www.goodreads.com/work/quotes/10558806,"You're not asking me to guess the mind of Matrim Cauthon, are you?"" Elayne asked. ""I'm convinced that Mat only acts simple so that people will let him get away with more.",,,
q00022,top2013:163,10558806,1,22,https://www.goodreads.com/work/quotes/10558806,"It has been quite a weight, hasn't it?"" Tam asked.""What weight?"" Rand replied.""That lost hand you've been carrying.""Rand looked down at his stump. ""Yes. I believe it has been at that.",,,
q00023,top2013:163,10558806,1,23,https://www.goodreads.com/work/quotes/10558806,When you saw me with a dagger in hand - as if to throw at you - you didn't call for your guards. You didn't fear I was here to kill you. You looked over your shoulder to see what I was aiming at. That's the most loving gesture I think a man could receive from a woman. Unless you'd like to sit on my knee for a while...,,,
q00024,top2013:163,10558806,1,24,https://www.goodreads.com/work/quotes/10558806,"The Light willing, we will see one another again,"" Rand said. He held out his hand to Perrin. ""Watch out for Mat. I'm honestly not sure what he's going to do, but I have a feeling it will be highly dangerous for all involved.""""Not like us,"" Perrin said, clasping Rand's forearm. ""You and I, we're much better at keeping to the safe paths.",,,
q00025,top2013:163,10558806,1,25,https://www.goodreads.com/work/quotes/10558806,"There were many good years. Good decades, good centuries. We believed we were living in paradise. Perhaps that was our downfall. We wanted our lives to be perfect, so we ignored imperfections. Problems were magnified through inattention and war might have become inevitable if the Bore hadn't ever made.",,,
q00026,top2013:163,10558806,1,26,https://www.goodreads.com/work/quotes/10558806,"It's not evil, Rand. I know something evil when I smell it. This isn't evil, it's just incredibly stupid.",,,
q00027,top2013:163,10558806,1,27,https://www.goodreads.com/work/quotes/10558806,"That man,' Elayne said, 'is never where he needs to be.''And yet,' Perrin said, 'he always arrives there eventually.",,,
q00028,top2013:163,10558806,1,28,https://www.goodreads.com/work/quotes/10558806,"The Black Tower stands with the Lion of Andor.""-Logain",,,
q00029,top2013:163,10558806,1,29,https://www.goodreads.com/work/quotes/10558806,"He doesn't know what to make of me,"" Mat said softly.""How very uncommon. I can't think of anyone else who has reacted that way to you, Mat.",,,
q00001,top2013:3892,25004628,1,0,https://www.goodreads.com/work/quotes/25004628,"It's what happens. You love, then you lose, then you die. Even if you survive, you die.",,,
q00002,top2013:3892,25004628,1,1,https://www.goodreads.com/work/quotes/25004628,"What begins at the water shall end there, and what ends there shall once more begin.",,,
q00003,top2013:3892,25004628,1,2,https://www.goodreads.com/work/quotes/25004628,-It's extremely cool how the words can stay the same but their meaning can change.-Because the reader changes.-EXACTLY,,,
q00004,top2013:3892,25004628,1,3,https://www.goodreads.com/work/quotes/25004628,It's not a bad way to live once you let go of the idea that you deserve more.,,,
q00005,top2013:3892,25004628,1,4,https://www.goodreads.com/work/quotes/25004628,"Do you always travel with such cumbersome books?"" ""I don't trust anyone who wouldn't.",,,
q00006,top2013:3892,25004628,1,5,https://www.goodreads.com/work/quotes/25004628,It was stolen. As most beautiful things eventually are.,,,
q00007,top2013:3892,25004628,1,6,https://www.goodreads.com/work/quotes/25004628,- I can't make choices like that without knowing who I am. Without knowing all the implications.- You can't ever know in advance. Big decisions require faith.,,,
q00008,top2013:3892,25004628,1,7,https://www.goodreads.com/work/quotes/25004628,"For one moment, it is more important to take in the spectacular than to worry about the pressing business of staying alive.",,,
q00009,top2013:3892,25004628,1,8,https://www.goodreads.com/work/quotes/25004628,"They all occupied the same space but did not occupy it together. Imagine a thousand leaves of tracing paper, each with one person lightly pencilled on it, all stacked atop a scene of a frozen city block. A thousand discreet and solitary realities that appear to be occurring in the same location.",,,
q00010,top2013:3892,25004628,1,9,https://www.goodreads.com/work/quotes/25004628,He is a man without a past sailing in a strange sea in a world where the stars have come loose in the firmament.,,,
q00011,top2013:3892,25004628,1,11,https://www.goodreads.com/work/quotes/25004628,"The thing is: you might be right to trust someone at one point, but they can change.""""+ in between they must be drifting from trustworthy to not. But you can't tell how far they've drifted until it's too late.",,,
q00012,top2013:3892,25004628,1,12,https://www.goodreads.com/work/quotes/25004628,-I hate that. I hate that people can't just say what they mean.-You don't. Not always.-I never say anything I don't mean. I just avoid saying some things that I do.,,,
q00013,top2013:3892,25004628,1,13,https://www.goodreads.com/work/quotes/25004628,Find what you love. Then fight like hell when people try to take it away from you.,,,
q00014,top2013:3892,25004628,1,14,https://www.goodreads.com/work/quotes/25004628,To be a self rewritten from a lost first draft.,,,
q00015,top2013:3892,25004628,1,15,https://www.goodreads.com/work/quotes/25004628,I think it's love.''Funny.''I'm serious.''And your support for this is...?''A feeling.''You need more than that.,,,
q00016,top2013:3892,25004628,1,16,https://www.goodreads.com/work/quotes/25004628,"When you fall in love, friends, let yourself fall.",,,
q00017,top2013:3892,25004628,1,17,https://www.goodreads.com/work/quotes/25004628,Of course there is a monkey. There is always a monkey.,,,
q00018,top2013:3892,25004628,1,18,https://www.goodreads.com/work/quotes/25004628,There's a spiritual connection between flame and narrative.,,,
q00019,top2013:3892,25004628,1,19,https://www.goodreads.com/work/quotes/25004628,"The feeling, for those seconds, is glorious—it reminds him that he is human, that he is so insignificant as to be utterly free, and he is being guided along gracefully, lovingly, by the hand of Nature—and it frees him, however transiently, from all worry and fear and fury and grief. 'I enjoyed that,' he says aloud, as much to the stars as to the rower.",,,
q00020,top2013:3892,25004628,1,20,https://www.goodreads.com/work/quotes/25004628,"You might say that S. has only himself to blame, that it is entirely his choice to fight this fight, to live a life of vigilant somnolence or somnolent vigilantism, to allow himself to be satisfied with Sola in the margins of his manuscripts instead of in his arms, and you might be right. But you ought to understand, too, that there's an attrition that takes place inside, one in which options and choices and even desires are ground ever smaller until finally their existence can no longer be confirmed by observation or weight or displacement but only by faith. Until desire is a ghost.",,,
q00021,top2013:3892,25004628,1,21,https://www.goodreads.com/work/quotes/25004628,He can see the stars; he no longer has a need for the constellations,,,
q00022,top2013:3892,25004628,1,22,https://www.goodreads.com/work/quotes/25004628,"...story is a fragile and ephemeral thing on its own, a thing that is easily effaced or disappeared or destroyed, and it is worth preserving.",,,
q00023,top2013:3892,25004628,1,23,https://www.goodreads.com/work/quotes/25004628,"All you can do is button your coat, lace your boots, and trudge through the frigid business of being.",,,
q00024,top2013:3892,25004628,1,24,https://www.goodreads.com/work/quotes/25004628,I know the you who’s in the margins. I know you’re thinking hard about what you want and why– more than some people ever do. I know you can take on a challenge and kick its ass. And I know you’ve tried harder to understand me than anyone has in a long time.,,,
q00025,top2013:3892,25004628,1,25,https://www.goodreads.com/work/quotes/25004628,"This is where his life - his remade life - has brought him. Each strange juncture has led to the next and now he is here. He is here, and it is nowhere.",,,
q00026,top2013:3892,25004628,1,26,https://www.goodreads.com/work/quotes/25004628,"This is what happens, of course: men get lost, men vanish, men are erased and reborn.",,,
q00027,top2013:3892,25004628,1,27,https://www.goodreads.com/work/quotes/25004628,-That's kind of sad.-I used to think so. Now I think: you're born a certain way. Later you get to decide how much you want to fight/change that. I don't mind being alone.-You must mind. If you didn't you wouldn't be doing this with me.,,,
q00028,top2013:3892,25004628,1,28,https://www.goodreads.com/work/quotes/25004628,"Something about her in this moment strikes him as being familiar. The motion of her arm? The shape of her hand? The wrinkle of her upper lip? He does not know. Nor does he have any way to tell whether what he is sensing is a fragment of memory, a fragment of an idea of a memory, or something his mind, desperate for connections, has created on its own.",,,
q00029,top2013:3892,25004628,2,1,https://www.goodreads.com/work/quotes/25004628?page=2,The creation of art requires descent into the dark.,,,
q00030,top2013:3892,25004628,2,2,https://www.goodreads.com/work/quotes/25004628?page=2,"He is terrified, suddenly, that she will vanish again, that they will continue to age, and likely die, apart.",,,
q00031,top2013:3892,25004628,2,3,https://www.goodreads.com/work/quotes/25004628?page=2,"If I am going out into the unknown, it might as well be the really unknown.",,,
q00032,top2013:3892,25004628,2,4,https://www.goodreads.com/work/quotes/25004628?page=2,"A kindred spirit? Perhaps--if not kindred to the man he is, or was, then to the sort of man he wouldn't mind being.",,,
q00033,top2013:3892,25004628,2,5,https://www.goodreads.com/work/quotes/25004628?page=2,"They speak little; it is as if the air has been churned up with decade's worth of fruitless pursuit and missed connections and thoughts unspoken, and they are waiting quietly for all this matter — these motes of opportunity forgone — to settle around them.",,,
q00034,top2013:3892,25004628,2,6,https://www.goodreads.com/work/quotes/25004628?page=2,"(...) it's the constant churn, the need to keep moving keep doing keep risking and there innt no rest f'the damned, there jus' innt.",,,
q00035,top2013:3892,25004628,2,7,https://www.goodreads.com/work/quotes/25004628?page=2,"That night's dream: a narrow column of dark liquid in a tall glass; a blue-black waterspout plunging from the sky; a swirl of black-fruit icing piped over a pastry hot from the oven; a long, feminine finger laid over lips; a torrent of whispers that that finger cannot hush.",,,
q00036,top2013:3892,25004628,2,9,https://www.goodreads.com/work/quotes/25004628?page=2,It occurs to me that hearts and souls and lives can themselves be sites of unimaginable suffering.,,,
q00037,top2013:3892,25004628,2,10,https://www.goodreads.com/work/quotes/25004628?page=2,"But if enough people think of you a certain way, it becomes true. Even if it's not true.",,,
q00038,top2013:3892,25004628,2,11,https://www.goodreads.com/work/quotes/25004628?page=2,Don't you give up a part of yourself when you devote yourself to anything?,,,
q00039,top2013:3892,25004628,2,12,https://www.goodreads.com/work/quotes/25004628?page=2,There is the possibility of a happy ending.,,,
q00040,top2013:3892,25004628,2,13,https://www.goodreads.com/work/quotes/25004628?page=2,a person is no more & no less than the story of his passions & deeds,,,
q00041,top2013:3892,25004628,2,14,https://www.goodreads.com/work/quotes/25004628?page=2,"He has been through too much - too much suffering, too much uncertainty, too much loss, too much trauma - to tolerate not being taken seriously.",,,
q00042,top2013:3892,25004628,2,15,https://www.goodreads.com/work/quotes/25004628?page=2,Do you always travel with such cumbersome books?''I don't trust anyone who wouldn't.,,,
q00043,top2013:3892,25004628,2,16,https://www.goodreads.com/work/quotes/25004628?page=2,FXC arguing that love is what makes us most human - to deny it is to deny an essential part of your humanity.,,,
q00044,top2013:3892,25004628,2,17,https://www.goodreads.com/work/quotes/25004628?page=2,"Artistic integrity is not a guest whom one may choose not to invite to a gala. She must be the first you invite, the first you seat, the first you serve food and wine, the one who calls the orchestra's tunes, the one who is offered her choice of dance partners throughout the night.",,,
q00045,top2013:3892,25004628,2,20,https://www.goodreads.com/work/quotes/25004628?page=2,Better a change than an end.,,,
q00046,top2013:3892,25004628,2,21,https://www.goodreads.com/work/quotes/25004628?page=2,"Here's what I don't get: when you're growing up, you get told that America's all about the individual, built on individualism, you get to be who you want to be, etc. But it only goes so far.You get out of school and you're supposed to go back to being a good little girl and find your job and fit in and follow the rules and it all makes me want to...",,,
q00047,top2013:3892,25004628,2,22,https://www.goodreads.com/work/quotes/25004628?page=2,I'd better make a list of your sore points... There's no way I'll remember them all.,,,
q00048,top2013:3892,25004628,2,23,https://www.goodreads.com/work/quotes/25004628?page=2,"Muse, heroine, co-conspirator, love - whichever role it may be that truly fits her, she is here.",,,
q00049,top2013:3892,25004628,2,24,https://www.goodreads.com/work/quotes/25004628?page=2,What if the constellations no longer held? [...] Would it not cause one to scrutinize the totality of one's surroundings carefully? Would it not terrify?,,,
q00050,top2013:3892,25004628,2,25,https://www.goodreads.com/work/quotes/25004628?page=2,"He threads a hook, re-sews his mouth, cuts off the thread-tails with the razor blade. It's a simple task, no more difficult than shaving. He can do it in the dark. He can do it in a thirty-knot wind and seven-foot seas. He can do it in his sleep, and he probably has.(Margin note in reference to excerpt above:) ""Per Dr. B: it's easy to get used to doing things that are harmful to ourselves- do it often enough + it becomes ordinary/habitual- just how you live.",,,
q00051,top2013:3892,25004628,2,26,https://www.goodreads.com/work/quotes/25004628?page=2,"If you can become anything, then you aren’t anything. Right? Like there’s some fundamental way in which the you of you doesn’t exist anymore.",,,
q00052,top2013:3892,25004628,2,27,https://www.goodreads.com/work/quotes/25004628?page=2,"It is a glorious thing, to be able to write with pen on paper instead of nail or hook into oak, to feel one's words flowing so smoothly from instrument to surface, without the barriers of friction or poor leverage, and yet its own subtle tactile pleasures as the nib scratches tiny channels into the sheet. And here, unlike in his cabin, here he feels no division between his mind and his hand, no errors in translation or static in the transmission: the words appearing on the page are the ones he has intended to put there, the images match the scenes in his mind, the sensations the very ones that warm his chest, prickle his scalp, push against his eyes.",,,
q00053,top2013:3892,25004628,2,28,https://www.goodreads.com/work/quotes/25004628?page=2,Better y'not vex y'self on what aint y'vexes. - Malstrom,,,
q00054,top2013:3892,25004628,3,1,https://www.goodreads.com/work/quotes/25004628?page=3,"The look she gives him is unguardedly empty, an invitation for him to witness the blankness in her eyes, to understand that something within her has been lost, and probably lost for good.",,,
q00055,top2013:3892,25004628,3,2,https://www.goodreads.com/work/quotes/25004628?page=3,"Many well-known writers and editors joked that Straka ""must live in a cave somewhere,"" mocking his need for solitude and privacy. What these publishing-industry extroverts failed to understand is that many more people in the world share Straka's feelings than theirs.",,,
q00056,top2013:3892,25004628,3,3,https://www.goodreads.com/work/quotes/25004628?page=3,Hello rain. I see you’ve met my parade.,,,
q00057,top2013:3892,25004628,3,4,https://www.goodreads.com/work/quotes/25004628?page=3,Time and circumstances change us.We are sums of our experiences? Or do some of them change us in fundamental ways?,,,
q00058,top2013:3892,25004628,3,5,https://www.goodreads.com/work/quotes/25004628?page=3,Maybe intuition is something you had before you were taught what you think is your intuition now.,,,
q00059,top2013:3892,25004628,3,6,https://www.goodreads.com/work/quotes/25004628?page=3,"But I also value my intuition, and I think it is a very dangerous business to start doubting your intuition. Without intuition, the world becomes a flat place, a stunted place. A place where change is impossible.",,,
q00060,top2013:3892,25004628,3,7,https://www.goodreads.com/work/quotes/25004628?page=3,"If only he could rest, gather his strength, he could figure out which of those positions was truer to the person he was, and he could choose what to do instead of simply doing it,",,,
q00061,top2013:3892,25004628,3,9,https://www.goodreads.com/work/quotes/25004628?page=3,You have faith in this story. You long for the day you become part of it.,,,
q00062,top2013:3892,25004628,3,10,https://www.goodreads.com/work/quotes/25004628?page=3,"If he's demanding that I call him ""Important"", it must be Moody.Getting laid has made you funnier.",,,
q00063,top2013:3892,25004628,3,11,https://www.goodreads.com/work/quotes/25004628?page=3,I can't believe you wrote all over my book.I know. It was so presumptuous of me.,,,
q00064,top2013:3892,25004628,3,12,https://www.goodreads.com/work/quotes/25004628?page=3,"Doesn't make sense. VMS was Looper.That's what you assumed.Me, and thousands of others.How nice that you all got to be wrong together.",,,
q00065,top2013:3892,25004628,3,13,https://www.goodreads.com/work/quotes/25004628?page=3,He was just a person. [...] Kind of broken. Kind of sad. Kind of small.,,,
q00066,top2013:3892,25004628,3,14,https://www.goodreads.com/work/quotes/25004628?page=3,Just drifted too far - or for too long,,,
q00067,top2013:3892,25004628,3,17,https://www.goodreads.com/work/quotes/25004628?page=3,"- Maybe VMS is saying that nothing in the world is entirely one way or another.- Or maybe it's about Sala. She's there, so he's supposed to be-- for good or bad.- I just don't buy that SOT is fundamentally a love story.- I think you're wrong.",,,
q00001,top2004:2502,3921305,1,0,https://www.goodreads.com/work/quotes/3921305,And how shall I think of you?' He considered a moment and then laughed. 'Think of me with my nose in a book!,,,
q00002,top2004:2502,3921305,1,1,https://www.goodreads.com/work/quotes/3921305,"Can a magician kill a man by magic?” Lord Wellington asked Strange.Strange frowned. He seemed to dislike the question. “I suppose a magician might,” he admitted, “but a gentleman never could.",,,
q00003,top2004:2502,3921305,1,2,https://www.goodreads.com/work/quotes/3921305,"Time and I have quarrelled. All hours are midnight now. I had a clock and a watch, but I destroyed them both. I could not bear the way they mocked me.",,,
q00004,top2004:2502,3921305,1,3,https://www.goodreads.com/work/quotes/3921305,"She wore a gown the color of storms, shadows, and rain and a necklace of broken promises and regrets.",,,
q00005,top2004:2502,3921305,1,4,https://www.goodreads.com/work/quotes/3921305,"There is nothing in the world so easy to explain as failure - it is, after all, what everybody does all the time.",,,
q00006,top2004:2502,3921305,1,5,https://www.goodreads.com/work/quotes/3921305,"Such nonsense!"" declared Dr Greysteel. ""Whoever heard of cats doing anything useful!""""Except for staring at one in a supercilious manner,"" said Strange. ""That has a sort of moral usefulness, I suppose, in making one feel uncomfortable and encouraging sober reflection upon one's imperfections.",,,
q00007,top2004:2502,3921305,1,6,https://www.goodreads.com/work/quotes/3921305,"I reached out my hand, England's rivers turned and flowed the other way...I reached out my hand, my enemies's blood stopt in their veins...I reached out my hand; thought and memory flew out of my enemies' heads like a flock of starlings;My enemies crumpled like empty sacks.I came to them out of mists and rain;I came to them in dreams at midnight;I came to them in a flock of ravens that filled a northern sky at dawn;When they thought themselves safe I came to them in a cry that broke the silence of a winter wood...The rain made a door for me and I went through it;The stones made a throne for me and I sat upon it;Three kingdoms were given to me to be mine forever;England was given to me to be mine forever.The nameless slave wore a silver crown;The nameless slave was a king in a strange country...The weapons that my enemies raised against me are venerated in Hell as holy relics;Plans that my enemies made against me are preserved as holy texts;Blood that I shed upon ancient battlefields is scraped from the stained earth by Hell's sacristans and placed in a vessel of silver and ivory.I gave magic to England, a valuable inheritanceBut Englishmen have despised my giftMagic shall be written upon the sky by the rain but they shall not be able to read it;Magic shall be written on the faces of the stony hills but their minds shall not be able to contain it;In winter the barren trees shall be a black writing but they shall not understand it...Two magicians shall appear in England...The first shall fear me; the second shall long to behold me;The first shall be governed by thieves and murderers; the second shall conspire at his own destruction;The first shall bury his heart in a dark wood beneath the snow, yet still feel its ache;The second shall see his dearest posession in his enemy's hand...The first shall pass his life alone, he shall be his own gaoler;The second shall tread lonely roads, the storm above his head, seeking a dark tower upon a high hillside...I sit upon a black throne in the shadows but they shall not see me.The rain shall make a door for me and I shall pass through it;The stones shall make a throne for me and I shall sit upon it...The nameless slave shall wear a silver crownThe nameless slave shall be a king in a strange country...",,,
q00008,top2004:2502,3921305,1,7,https://www.goodreads.com/work/quotes/3921305,"Houses, like people, are apt to become rather eccentric if left too much on their own; this house was the architectural equivalent of an old gentleman in a worn dressing-gown and torn slippers, who got up and went to bed at odd times of day, and who kept up a continual conversation with friends no one else could see.",,,
q00009,top2004:2502,3921305,1,8,https://www.goodreads.com/work/quotes/3921305,"He understood for the first time that the world is not dumb at all, but merely waiting for someone to speak to it in a language it understands.",,,
q00010,top2004:2502,3921305,1,9,https://www.goodreads.com/work/quotes/3921305,I have a scholar's love of silence and solitude. To sit and pass hour after hour in idle chatter with a roomful of strangers is to me the worst sort of torment.,,,
q00011,top2004:2502,3921305,1,10,https://www.goodreads.com/work/quotes/3921305,To be more precise it was the color of heartache.,,,
q00012,top2004:2502,3921305,1,11,https://www.goodreads.com/work/quotes/3921305,"..The argument he was conducting with his neighbor as to whether the English magician had gone mad because he was a magician, or because he was English.",,,
q00013,top2004:2502,3921305,1,12,https://www.goodreads.com/work/quotes/3921305,"It has been remarked (by a lady infinitely cleverer than the present author) how kindly disposed the world in general feels to young people who either die or marry. Imagine then the interest that surrounded Miss Wintertowne! No young lady ever had such advantages before: for she died upon the Tuesday, was raised to life in the early hours of Wednesday morning, and was married upon the Thursday; which some people thought too much excitement for one week.",,,
q00014,top2004:2502,3921305,1,13,https://www.goodreads.com/work/quotes/3921305,"Mr. Robinson was a polished sort of person. He was so clean and healthy and pleased about everything that he positively shone - which is only to be expected in a fairy or an angel, but is somewhat disconcerting in an attorney.",,,
q00015,top2004:2502,3921305,1,14,https://www.goodreads.com/work/quotes/3921305,"For, though the room was silent, the silence of half a hundred cats is a peculiar thing, like fifty individual silences all piled one on top of another.",,,
q00016,top2004:2502,3921305,1,15,https://www.goodreads.com/work/quotes/3921305,"Woods were ringed with a colour so soft, so subtle that it could scarcely be said to be a colour at all. It was more the idea of a colour - as if the trees were dreaming green dreams or thinking green thoughts.",,,
q00017,top2004:2502,3921305,1,16,https://www.goodreads.com/work/quotes/3921305,"When he awoke it was dawn. Or something like dawn. The light was watery, dim and incomparably sad. Vast, grey, gloomy hills rose up all around them and in between the hills there was a wide expanse of black bog.Stephen had never seen a landscape so calculated to reduce the onlooker to utter despair in an instant. ""This is one of your kingdoms, I suppose, sir?"" he said. ""My kingdoms?"" exclaimed the gentleman in surprize. ""Oh, no! This is Scotland!",,,
q00018,top2004:2502,3921305,1,17,https://www.goodreads.com/work/quotes/3921305,"Oh! And they read English novels! David! Did you ever look into an English novel? Well, do not trouble yourself. It is nothing but a lot of nonsense about girls with fanciful names getting married.",,,
q00019,top2004:2502,3921305,1,18,https://www.goodreads.com/work/quotes/3921305,"There is nothing else in magic but the wild thought of the bird as it casts itself into the void. There is no creature upon the earth with such potential for magic. Even the least of them may fly straight out of this world and come by chance to the Other Lands. Where does the wind come from that blows upon your face, that fans the pages of your book? Where the harum-scarum magic of small wild creatures meets the magic of Man, where the language of the wind and the rain and the trees can be understood, there we will find the Raven King.",,,
q00020,top2004:2502,3921305,1,19,https://www.goodreads.com/work/quotes/3921305,He gave her his heart. She took it and placed it quietly in the pocket of her gown. No one observed what she did.,,,
q00021,top2004:2502,3921305,1,20,https://www.goodreads.com/work/quotes/3921305,"Well, I suppose one ought not to employ a magician and then complain that he does not behave like other people.",,,
q00022,top2004:2502,3921305,1,22,https://www.goodreads.com/work/quotes/3921305,"It [Ashfair House] was an old fashioned house—the sort of house in fact, as Strange expressed it, which a lady in a novel might like to be persecuted in.",,,
q00023,top2004:2502,3921305,1,23,https://www.goodreads.com/work/quotes/3921305,I have been quite put out of temper this morning and someone ought to die for it.,,,
q00024,top2004:2502,3921305,1,24,https://www.goodreads.com/work/quotes/3921305,"Not long, not long my father saidNot long shall you be oursThe Raven King knows all too wellWhich are the fairest flowers.The priest was all too worldlyThough he prayed and rang his bellThe Raven King three candles litThe priest said it was wellHer arms were all too feebleThough she claimed to love me soThe Raven King stretched out his handShe sighed and let me goThe land is all too shallowIt is painted on the skyAnd trembles like the wind-shook rainWhen the Raven King goes by For always and for alwaysI pray remember meUpon the moors, beneath the starsWith the King’s wild company.",,,
q00025,top2004:2502,3921305,1,25,https://www.goodreads.com/work/quotes/3921305,"What nobility of feeling! To sacrifice your own pleasure to preserve the comfort of others! It is a thing, I confess, that would never occur to me.",,,
q00026,top2004:2502,3921305,1,26,https://www.goodreads.com/work/quotes/3921305,"Mr Norrell determined to establish himself in London with all possible haste. ""You must get a house, Childermass,"" he said. ""Get me a house that says to those that visit it that magic is a respectable profession - no less than Law and a great deal more so than Medicine.""Childermass inquired drily if Mr Norrell wished him to seek out architecture expressive of the proposition that magic was as respectable as the Church?Mr Norrell (who knew there were such things as jokes in the world or people would not write about them in books, but who had never actually been introduced to a joke or shaken its hand) considered a while before replying at last that no, he did not think they could quite claim that.",,,
q00027,top2004:2502,3921305,1,27,https://www.goodreads.com/work/quotes/3921305,The very shapes of the trees were like frozen screams.,,,
q00028,top2004:2502,3921305,1,28,https://www.goodreads.com/work/quotes/3921305,"It is also true that his hair had a reddish tinge and, as everybody knows, no one with red hair can ever truly be said to be handsome.",,,
q00029,top2004:2502,3921305,1,29,https://www.goodreads.com/work/quotes/3921305,"It is curious and we magicians collect curiosities, you know.",,,
q00030,top2004:2502,3921305,2,0,https://www.goodreads.com/work/quotes/3921305?page=2,"I mean that two of any thing is a most uncomfortable number. One may do as he pleases. Six may get along well enough. But two must always struggle for mastery. Two must always watch each other. The eyes of all the world will be on two, uncertain which of them to follow.",,,
q00031,top2004:2502,3921305,2,1,https://www.goodreads.com/work/quotes/3921305?page=2,"You mean to say he became mad deliberately?'...Nothing is more likely,' said the duke.",,,
q00032,top2004:2502,3921305,2,2,https://www.goodreads.com/work/quotes/3921305?page=2,I know magicians and I know magic and I say this: all magicians lie and this one more than most.,,,
q00033,top2004:2502,3921305,2,3,https://www.goodreads.com/work/quotes/3921305?page=2,"It is these black clothes,"" said Strange. ""I am like a leftover piece of funeral, condemned to walk about the Town, frightening people into thinking of their own mortality.",,,
q00034,top2004:2502,3921305,2,5,https://www.goodreads.com/work/quotes/3921305?page=2,"Yet it is true—skin can mean a great deal. Mine means that any man may strike me in a public place and never fear the consequences. It means that my friends do not always like to be seen with me in the street. It means that no matter how many books I read, or languages I master, I will never be anything but a curiosity—like a talking pig or a mathematical horse.",,,
q00035,top2004:2502,3921305,2,6,https://www.goodreads.com/work/quotes/3921305?page=2,"She even learnt the language of a strange country which Senior Cosetti had been told some people believed still existed, although no-one in the world could say where it was. The name of this country was Wales.",,,
q00036,top2004:2502,3921305,2,7,https://www.goodreads.com/work/quotes/3921305?page=2,"I am, as far as I can tell, about a month behind Lord Byron. In every town we stop at we discover innkeepers, postillions, officials, burghers, potboys, and all kinds and sorts of ladies whose brains still seem somewhat deranged from their brief exposure to his lordship. And though my companions are careful to tell people that I am that dreadful being, an English magician, I am clearly nothing in comparison to an English poet and everywhere I go I enjoy the reputation- quite new to me, I assure you- of the quiet, good Englishman, who makes no noise and is no trouble to any one...",,,
q00037,top2004:2502,3921305,2,8,https://www.goodreads.com/work/quotes/3921305?page=2,"you must learn to live as I do - in the face of constant criticism, opposition and censure. That, sir, is the English way.",,,
q00038,top2004:2502,3921305,2,9,https://www.goodreads.com/work/quotes/3921305?page=2,"After two hours it stopped raining and in the same moment the spell broke, which Peroquet and the Admiral and Captain Jumeau knew by a curious twist of their senses, as if they had tasted a string quartet, or been, for a moment, deafened by the sight of colour blue.",,,
q00039,top2004:2502,3921305,2,10,https://www.goodreads.com/work/quotes/3921305?page=2,"There are people in this world, whose lives are nothing but a burden to them. A black veil stands between them and the world. They are utterly alone. They are like shadows in the night, shut off from joy and all gentle human emotions, unable to even give comfort to each other. Their days are full of nothing but darkness, misery and solitude.",,,
q00040,top2004:2502,3921305,2,11,https://www.goodreads.com/work/quotes/3921305?page=2,Ha!' said the tall man drily. 'He was in high luck. Rich old uncles who die are in shockingly short supply.,,,
q00041,top2004:2502,3921305,2,12,https://www.goodreads.com/work/quotes/3921305?page=2,"But the other Ministers considered that to employ a magician was one thing, novelists were quite another and they would not stoop to it.",,,
q00042,top2004:2502,3921305,2,13,https://www.goodreads.com/work/quotes/3921305?page=2,"Some time later there was a knock at his door. He was surprised to find it was now evening and the room was quite dark. The knock sounded again. The landlord was at the door. The landlord began to talk, but Strange could not understand him. This was because the man had a pineapple in his mouth. How he had managed to cram the whole thing in there, Strange could not imagine. Green, spiky leaves emerged slowly out of his mouth and then were sucked back in again as he spoke. Strange wondered if perhaps he ought to go and fetch a knife or a hook and try and fish the pineapple out, in case the landlord should choke. But at the same time he did not care much about it. 'After all,' he thought with some irritation, 'it is his own fault. He put it there.",,,
q00043,top2004:2502,3921305,2,14,https://www.goodreads.com/work/quotes/3921305?page=2,"O, wherever men of my sort used to go, long ago. Wandering on paths that other men have not seen. Behind the sky. On the other side of the rain.",,,
q00044,top2004:2502,3921305,2,15,https://www.goodreads.com/work/quotes/3921305?page=2,Drawing teaches habits of close observation that will always be useful.,,,
q00045,top2004:2502,3921305,2,16,https://www.goodreads.com/work/quotes/3921305?page=2,"If I were you, Mr. Lascelles,"" said Childermass, softly, ""I would speak more guardedly. You are in the north now. In John Uskglass's own country. Our towns and cities and abbeys were built by him. Our laws were made by him. He is our minds and hearts and speech. Were it summer you would see a carpet of tiny flowers beneath every hedgerow, of a bluish-white colour. We call them John’s Farthings. When the weather is contrary and we have warm weather in winter or it rains in summer the country people say that John Uskglass is in love again and neglects his business. And when we are sure of something we say it is as safe as a pebble in John Uskglass’s pocket.” Lascelles laughed. “Far be it from me, Mr. Childermass, to disparage your quaint country sayings. But surely it is one thing to pay lip-service to one’s history and quite another to talk of bringing back a King who numbered Lucifer himself among his allies and overlords? No one wants that, do they? I mean apart from a few Jihannites and madmen?” “I am a North Englishman, Mr. Lascelles,” said Childermass. “Nothing would please me better than that my King should come home. It is what I have wished for all my life.",,,
q00046,top2004:2502,3921305,2,17,https://www.goodreads.com/work/quotes/3921305?page=2,"He was one of those people whose ideas are too lively to be confinedin their brains and spill out into the world to the consternation ofpassers-by. He talked to himself and the expression on his facechanged constantly. Within the space of a single moment he lookedsurprized, insulted, resolute, and angry--emotions which werepresumably the consequences of the energetic conversation he washolding with the ideal people inside his head.",,,
q00047,top2004:2502,3921305,2,18,https://www.goodreads.com/work/quotes/3921305?page=2,"Most of us are naturally inclined to struggle against the restrictions our friends and family impose upon us, but if we are so unfortunate as to lose a loved one, what a difference then! Then the restriction becomes a sacred trust.",,,
q00048,top2004:2502,3921305,2,19,https://www.goodreads.com/work/quotes/3921305?page=2,…any cat he spoke to would stay quite still with an expression of faint surprise on its face as if it had never heard such good sense in all its life nor ever expected to again.,,,
q00049,top2004:2502,3921305,2,20,https://www.goodreads.com/work/quotes/3921305?page=2,"Some years ago there was in the city of York a society of magicians. They met upon the third Wednesday of every month and read each other long, dull papers upon the history of English magic.",,,
q00050,top2004:2502,3921305,2,21,https://www.goodreads.com/work/quotes/3921305?page=2,"Well, surely, you will agree that a great improvement could be made simply by cutting down those trees that crowd about the house so much and darken every room? They grow just as they please – just where the acorn or seed fell, I suppose.” “What?” asked Strange, whose eyes had wandered back to his book during the latter part of the conversation. “The trees,” said Henry. “Which trees?” “Those,” said Henry, pointing out of the window to a whole host of ancient and magnificent oaks, ashes and beech trees. “As far as neighbours go, those trees are quite exemplary. They mind their own affairs and have never troubled me. I rather think that I will return the compliment.” “But they are blocking the light.” “So are you, Henry, but I have not yet taken an axe to you.",,,
q00051,top2004:2502,3921305,2,22,https://www.goodreads.com/work/quotes/3921305?page=2,To a magician there is very little difference between a mirror and a door.,,,
q00052,top2004:2502,3921305,2,23,https://www.goodreads.com/work/quotes/3921305?page=2,"He screamed.Mmm?' inquired the gentleman.I...I would never presume to interrupt you, sir. But the ground appears to be swallowing me up.'It is a bog,' said the gentleman, helpfully.It is certainly a most terrifying substance.",,,
q00053,top2004:2502,3921305,2,25,https://www.goodreads.com/work/quotes/3921305?page=2,It is the right of a traveller to vent their frustration at every minor inconvenience by writing of it to their friends.,,,
q00054,top2004:2502,3921305,2,26,https://www.goodreads.com/work/quotes/3921305?page=2,"But, though French, she was also very brave...",,,
q00055,top2004:2502,3921305,2,27,https://www.goodreads.com/work/quotes/3921305?page=2,"And the name of the one shall be Fearfulness. And the name of the other shall be Arrogance... Well, clearly you are not Fearfulness, so I suppose you must be Arrogance.'This was not very polite.",,,
q00056,top2004:2502,3921305,2,28,https://www.goodreads.com/work/quotes/3921305?page=2,"Byron tilted his head to a very odd angle, half-closed his eyes and composed his features to suggest that he was about to expire from chronic indigestion.",,,
q00057,top2004:2502,3921305,2,29,https://www.goodreads.com/work/quotes/3921305?page=2,"You think that I am angry, but I am not. You think I do not know why you have done what you have done, but I do. You think you have put all your heart into that writing and that every one in England now understands you. What do they understand? Nothing. I understood you before you wrote a word. What you wrote, you wrote for me. For me alone.",,,
q00058,top2004:2502,3921305,3,0,https://www.goodreads.com/work/quotes/3921305?page=3,"May I ask you something?"" Dr Greysteel nodded.""Are you not afraid that it will go out?""""What will go out?"" asked Dr Greysteel.""The candle,"" Strange gestured to Dr Greysteel's forehead. ""The candle inside your head.",,,
q00059,top2004:2502,3921305,3,1,https://www.goodreads.com/work/quotes/3921305?page=3,"With his long hair as ragged as rain and as black as thunder, he would have looked quite at home upon a windswept moor, or lurking in some pitch-black alleyway, or perhaps in a novel by Mrs. Radcliffe.",,,
q00060,top2004:2502,3921305,3,2,https://www.goodreads.com/work/quotes/3921305?page=3,"A patrol had been sent out to look at the road between two towns, but some Portuguese had come along and told the patrol that this was one of the English magician's roads and was certain to disappear in an hour or two taking everyone upon it to Hell - or possibly England.",,,
q00061,top2004:2502,3921305,3,3,https://www.goodreads.com/work/quotes/3921305?page=3,"The next day Mrs Honeyfoot told her husband that John Segundus was exactly what a gentleman should be, but she feared he would never profit by it for it was not the fashion to be modest and quiet and kind-hearted.",,,
q00062,top2004:2502,3921305,3,4,https://www.goodreads.com/work/quotes/3921305?page=3,"It would need someone very remarkable to recover your name, Stephen, someone of rare perspicacity, with extraordinary talents and incomparable nobility of character. Me, in fact.",,,
q00063,top2004:2502,3921305,3,5,https://www.goodreads.com/work/quotes/3921305?page=3,"He had once found himself in a room with Lady Bessborough's long-haired white cat. He happened to be dressed in an immaculate black coat and trousers, and was there thoroughly alarmed by the cat's stalking round and round and making motions as if it proposed to sit upon him. He waited until he believed himself to be unobserved, then he picked it up, opened a window, and tossed it out. Despite falling three storeys to the ground, the cat survived, but one of its legs was never quite right afterward and it always evinced the greatest dislike of gentlemen in black clothes.",,,
q00064,top2004:2502,3921305,3,6,https://www.goodreads.com/work/quotes/3921305?page=3,"Where have they gone?"" ""Wherever magicians used to go. Behind the sky. On the other side of the rain.",,,
q00065,top2004:2502,3921305,3,7,https://www.goodreads.com/work/quotes/3921305?page=3,"Like many spells with unusual names, the Unrobed Ladies was a great deal less exciting than it sounded.",,,
q00066,top2004:2502,3921305,3,9,https://www.goodreads.com/work/quotes/3921305?page=3,"One day,"" he said,""I shall find the right spell and banish the Darkness And on that day I will come to you.",,,
q00067,top2004:2502,3921305,3,10,https://www.goodreads.com/work/quotes/3921305?page=3,"Perhaps I am too tame, too domestic a magician. But how does one work up a little madness? I meet with mad people every day in the street, but I never thought before to wonder how they got mad. Perhaps I should go wandering on lonely moors and barren shores. That is always a popular place for lunatics - in novels and plays at any rate. Perhaps wild England will make me mad.",,,
q00068,top2004:2502,3921305,3,11,https://www.goodreads.com/work/quotes/3921305?page=3,Gentlemen are often invited to stay in other people's houses. Rooms hardly ever are.,,,
q00069,top2004:2502,3921305,3,12,https://www.goodreads.com/work/quotes/3921305?page=3,"And I hope that all my readers are acquainted with an old English Cathedral town or I fear the significance of Mr Norrell’s chusing that particular place will be lost upon them. They must understand that in an old Cathedral town the great old church is not one building among many; it is the building - different from all others in scale, beauty, and solemnity. Even in modern times when an old Cathedral town may have provided itself with all the elegant appurtenances of civic buildings, assembly and meeting rooms (and York was well-stocked with these) the Cathedral rises above them - a witness to the devotion of our forefathers. It is as if the town contains within itself something larger than itself. When going about ones business in the muddle of narrow streets one is sure to lose sight of the Cathedral, but then the town will open out and suddenly it is there, many times taller and many times larger than any other building, and one realizes that one has reached the heart of the town and that all streets and lanes have in some way led here, to a place of mysteries much deeper than any Mr Norrell knew of. Such were Mr Segundus’s thoughts as he entered the Close and stood before the great brooding blue shadow of the Cathedral’s west face.",,,
q00070,top2004:2502,3921305,3,13,https://www.goodreads.com/work/quotes/3921305?page=3,I have always heard that Italian women are rather fierce.,,,
q00071,top2004:2502,3921305,3,14,https://www.goodreads.com/work/quotes/3921305?page=3,"Childermass knew what games the children on street-corners are playing - games that all other grown-ups have long since forgotten. Childermass knew what old people by firesides are thinking of, though no one has asked them in years. Childermass knew what young men hear in the rattling of the drums and the tooting of the pipes that makes them leave their homes and go to be soldiers - and he knew the half-eggcupful of glory and the barrelful of misery that await them. And all that Childermass knew made him smile; and some of what he knew made him laugh out loud; and none of what he knew wrung from him so much as ha'pennyworth of pity.",,,
q00072,top2004:2502,3921305,3,15,https://www.goodreads.com/work/quotes/3921305?page=3,"I am a Book,” said Vinculus, stopping in mid-caper. “I am the Book. It is the task of the Book to bear the words. Which I do. It is the task of the Reader to know what they say.",,,
q00073,top2004:2502,3921305,3,16,https://www.goodreads.com/work/quotes/3921305?page=3,How is a magician to exist without books? Let someone explain that to me. It is like asking a politician to achieve high office without the benefit of bribes or patronage.,,,
q00074,top2004:2502,3921305,3,17,https://www.goodreads.com/work/quotes/3921305?page=3,Like the hero of a fairy-tale Mr Norrell had discovered that the power to do what he wished had been his own all along.,,,
q00075,top2004:2502,3921305,3,18,https://www.goodreads.com/work/quotes/3921305?page=3,..perhaps mortals are not formed for fairy bliss?,,,
q00076,top2004:2502,3921305,3,19,https://www.goodreads.com/work/quotes/3921305?page=3,"Unfortunately, Childermass's French was so strongly accented by his native Yorkshire that Minervois did not understand and asked Strange if Childermass was Dutch.",,,
q00077,top2004:2502,3921305,3,20,https://www.goodreads.com/work/quotes/3921305?page=3,"Mr. Segundus began to suspect that they had an uneventful morning, and that when a strange gentleman had walked into the room and dropt down in a swoon, they were rather pleased than otherwise.",,,
q00078,top2004:2502,3921305,3,21,https://www.goodreads.com/work/quotes/3921305?page=3,And such a pinched-looking ruin of a thing now! I shall advice all the good-looking woman of my acquaintance not to die.,,,
q00079,top2004:2502,3921305,3,22,https://www.goodreads.com/work/quotes/3921305?page=3,[A] smile is the most becomingornament that any lady can wear.,,,
q00080,top2004:2502,3921305,3,23,https://www.goodreads.com/work/quotes/3921305?page=3,"They were Englishmen and, to them, the decline of other nations was the most natural thing in the world. They belonged to a race blessed with so sensitive an appreciation of its own talents (and so doubtful an opinion of anybody else's) that they would not have been at all surprised to learn that the Venetians themselves had been entirely ignorant of the merits of their own city - until Englishmen had come to tell them it was delightful.",,,
q00081,top2004:2502,3921305,3,24,https://www.goodreads.com/work/quotes/3921305?page=3,"Even the Raven King - who was not a fairy, but an Englishman - had a somewhat regrettable habit of abducting men and women and taking them to live with him in his castle in the Other Lands. Now, had you and I the power to seize by magic any human being that took our fancy and the power to keep that person by our side through all eternity, and had we all the world to chuse from, then I dare say our choice might fall on someone a little more captivating than a member of the Learned Society of York Magicians, but this comforting thought did not occur to the gentlemen inside York Cathedral",,,
q00082,top2004:2502,3921305,3,27,https://www.goodreads.com/work/quotes/3921305?page=3,"Besides,” said Mr Norrell, “I really have no desire to write reviews of other people's books. Modern publications upon magic are the most pernicious things in the world, full of misinformation and wrong opinions.” “Then sir, you may say so. The ruder you are, the more the editors will be delighted.” “But it is my own opinions which I wish to make better known, not other people's.” “Ah, but, sir,” said Lascelles, “it is precisely by passing judgements upon other people's work and pointing out their errors that readers can be made to understand your own opinions better. It is the easiest thing in the world to turn a review to one's own ends. One only need mention the book once or twice and for the rest of the article one may develop one's theme just as one chuses. It is, I assure you, what every body else does.” “Hmm,” said Mr Norrell thoughtfully, “you may be right. But, no. It would seem as if I were lending support to what ought never to have been published in the first place.",,,
q00083,top2004:2502,3921305,3,28,https://www.goodreads.com/work/quotes/3921305?page=3,"The Emperor Napoleon Buonaparte had been banished to the island of Elba. However His Imperial Majesty had some doubts wheter a quiet island life would suit him - he was, after all, accustomed to governing a large proportion of the known world.",,,
q00084,top2004:2502,3921305,3,29,https://www.goodreads.com/work/quotes/3921305?page=3,In his madness and his blindness he was Lear and Gloucester combined.,,,
q00085,top2004:2502,3921305,4,2,https://www.goodreads.com/work/quotes/3921305?page=4,"Alexander of Whitby taught that the universe is like a tapestry only parts of which are visible to us at a time. After we are dead, we will see the whole and then it will be clear to us how the different parts relate to each other.",,,
q00086,top2004:2502,3921305,4,3,https://www.goodreads.com/work/quotes/3921305?page=4,This is the genius of my enemy! Lock a door against him and all that happens is that he learns first how to pick a lock and second how to build a better one against you!,,,
q00087,top2004:2502,3921305,4,4,https://www.goodreads.com/work/quotes/3921305?page=4,"He had discovered that it was easier – far easier than any one could have supposed – to make oneself mad, but like all magic it was full of obstacles and frustrations. Even if he succeeded in summoning the fairy (which did not seem very likely), he would be in nocondition to talk to him. Every book he had ever read on the subject urged magicians to be on their guard when dealing with fairies. Just when he needed all his wits, he would have scarcely any wits at all.",,,
q00088,top2004:2502,3921305,4,5,https://www.goodreads.com/work/quotes/3921305?page=4,In peacetime some sort of introduction is generally required to make a person's acquaintance; in war a small eatable will perform the same office.,,,
q00089,top2004:2502,3921305,4,6,https://www.goodreads.com/work/quotes/3921305?page=4,"For this is England where a man's neighbours will never suffer him to live entirely bereft of society, let him be as dry and sour-faced as he may.",,,
q00090,top2004:2502,3921305,4,7,https://www.goodreads.com/work/quotes/3921305?page=4,He did not feel as if he were inside a Pillar of Darkness in the middle of Yorkshire; he felt more as if the rest of the world had fallen away and he and Strange were left alone upon a solitary island or promontory. The idea distressed him a great deal less than one might have supposed. He had never much cared for the world and he bore its loss philosophically.,,,
q00091,top2004:2502,3921305,4,8,https://www.goodreads.com/work/quotes/3921305?page=4,"Sometimes the pain in Childermass’s shoulder escaped from him and ran about the room and hid. When this happened he thought it became a small animal. No one else knew it was there. He supposed he ought to tell them so that they could chase it out. Once he caught sight of it; it had flame-coloured fur, brighter than a fox.",,,
q00092,top2004:2502,3921305,4,9,https://www.goodreads.com/work/quotes/3921305?page=4,"Yes,"" agreed Childermass, ""very great harm! For while he was in the pantry he ate three meat-pies.""""And two cream cheeses,"" added Lucas.Mr. Norrell was forced to admit to himself that this did not seem much like the actions of a great magician",,,
q00093,top2004:2502,3921305,4,10,https://www.goodreads.com/work/quotes/3921305?page=4,"Long, long ago, (said the voice), five hundred years ago or more, on a winter's day at twilight, a young man entered the Church with a young girl with ivy leaves in her hair. There was no one else there but the stones. No one to see him strangle her but the stones. He let her fall dead upon the stones and no one saw but the stones. He was never punished for his sin because there were no witnesses but the stones. The years went by and whenever the man entered the Church and stood among the congregation the stones cried out that this was the man who had murdered the girl with the ivy leaves wound into her hair, but no one ever heard us. But it is not too late! We know where he is buried! In the corner of the south transept! Quick! Quick! Fetch picks! Fetch shovels! Pull up the paving stones. Dig up his bones! Let them be smashed with the shovel! Dash his skull against the pillars and break it! Let the stones have vengeance too! It is not too late! It is not too late!",,,
q00094,top2004:2502,3921305,4,11,https://www.goodreads.com/work/quotes/3921305?page=4,"It is the contention of Mr Norrell of Hanover-square that everything belonging to John Uskglass must be shaken out of modern magic, as one would shake moths and dust out of an old coat. What does he imagine he will have left? If you get rid of John Uskglass you will be left holding the empty air.",,,
q00095,top2004:2502,3921305,4,12,https://www.goodreads.com/work/quotes/3921305?page=4,"He thought he stood upon an English hillside. Rain was falling; it twisted in the air like grey ghosts. Rain fell upon him and he grew thin as rain. Rainwashed away thought, washed away memory, all the good and the bad. He no longer knew his name. Everything was washed away like mud from a stone. Rain filled him up with thoughts and memories of its own. Silver lines of water covered the hillside, like intricate lace, like the veins of an arm. Forgetting that he was, or ever had been, a man, he became the lines of water. He fell into the earth with the rain.He thought he lay beneath the earth, beneath England. Long ages passed; cold and rain seeped through him; stones shifted within him. In the Silence and the Dark he grew vast.He became the earth; he became England. A star looked down on him and spoke tohim.A stone asked him a question and he answered it in its own language. A rivercurled at his side; hills budded beneath his fingers. He opened his mouth and breathed out spring.He thought he was pressed into a thicket in a dark wood in winter. The trees went on forOver dark pillars separated by thin, white slices of winter light. He lookeddown. Young saplings pierced him through and through; they grew up through his body, through his feet and hands. His eye-lids would no longer close because twigs had grown up through them.",,,
q00096,top2004:2502,3921305,4,13,https://www.goodreads.com/work/quotes/3921305?page=4,"John Longridge, the cook at Harley-street, had suffered from low spirits for more than thirty years, and he was quick to welcome Stephen as a newcomer to the freemasonry of melancholy.",,,
q00097,top2004:2502,3921305,4,14,https://www.goodreads.com/work/quotes/3921305?page=4,"It seemed off that anyone could live behind such a high hedge of thorns, and he began to think it would be no great surprize to discover that Mr. Wyvern had been asleep for a hundred years or so. 'Well, I shall not mind that so much,' he thought, 'so long as I am not expected to kiss him.",,,
q00098,top2004:2502,3921305,4,15,https://www.goodreads.com/work/quotes/3921305?page=4,"Whenever I wish to do something, I simply speak to the air – or to the stones – or to the sunlight – or the sea – or to whatever it is and politely request them to help me. And then, since my alliances with these powerful spirits were set in place thousands of years ago, they are only too glad to do whatever I ask.",,,
q00099,top2004:2502,3921305,4,16,https://www.goodreads.com/work/quotes/3921305?page=4,The sky spoke to him.It was a language he had never heard before. He was not even certain there were words. Perhaps it only spoke to him in the black writing the birds made. He was small and unprotected and there was no escape. He was caught between earth and sky as if cupped between two hands. They could crush him if they chose.,,,
q00100,top2004:2502,3921305,4,17,https://www.goodreads.com/work/quotes/3921305?page=4,"The sky spoke to me,” said Childermass. “If what I saw was true, then …” He paused. “Then what?” asked Mr Norrell. In his weakened state Childermass had been thinking aloud. He had meant to say that if what he had seen was true, then everything that Strange and Norrell had ever done was child’s-play and magic was a much stranger and more terrifying thing than any of them had thought of. Strange and Norrell had been merely throwing paper darts about a parlour, while real magic soared and swooped and twisted on great wings in a limitless sky far, far above them.",,,
q00101,top2004:2502,3921305,4,18,https://www.goodreads.com/work/quotes/3921305?page=4,"For the rest of the night he sat by himself under the elm-tree. Until this moment it had never seemed to him that his magicianship set him apart from other men. But now he had glimpsed the wrong side of something. He had the eeriest feeling - as if the world were growing older around him, and the best part of existence - laughter, love and innocence - were slipping irrevocably into the past.",,,
q00102,top2004:2502,3921305,4,19,https://www.goodreads.com/work/quotes/3921305?page=4,"The gentlemen among my readers will smile to themselves and say that women never did understand business, but the ladies may agree with me that Mrs Brandy understood her business very well, for the chief business of Mrs Brandy's life was to make Stephen Black as much in love with her as she was with him.",,,
q00103,top2004:2502,3921305,4,20,https://www.goodreads.com/work/quotes/3921305?page=4,"But, curiously, though Mr. Norrell was able to work feats of the most breath-taking wonder, he was only able to describe them in his usual dry manner, so that Sir Walter was left with the impression that the spectacle of half a thousand stone figures in York Cathedral all speaking together had been rather a dull affair and that he had been fortunate in being elsewhere at the time.",,,
q00104,top2004:2502,3921305,4,21,https://www.goodreads.com/work/quotes/3921305?page=4,"Mr. Norrell did not know a great deal about war, but he suspected that soldiers are not generally your great respecters of books. They might put their dirty fingers on them. They might tear them! They might- horror of horrors!- read them and try the spells!",,,
q00105,top2004:2502,3921305,4,22,https://www.goodreads.com/work/quotes/3921305?page=4,I have no cause to love Mr. Norrell- far from it. But I know this about him: he is a magician first and everything else second- and Jonathan is the same. Books and magic are all either of them really care about.,,,
q00106,top2004:2502,3921305,4,24,https://www.goodreads.com/work/quotes/3921305?page=4,"How quickly was every bad thing discovered to be the fault of the previous administration (an evil set of men who wedded general stupidity to wickedness of purpose). As for the present Ministry, the Foreign Secretary said that not since the days of Antiquity had the world seen gentlemen so virtuous, so misunderstood and so horribly misrepresented by their enemies.",,,
q00107,top2004:2502,3921305,4,25,https://www.goodreads.com/work/quotes/3921305?page=4,"She spoke Basque, which is a language which rarely makes any impression upon the brains of any other race, so that a man may hear it as often and as long as he likes, but never afterwards be able to recall a single syllable of it.",,,
q00108,top2004:2502,3921305,4,27,https://www.goodreads.com/work/quotes/3921305?page=4,"Thaumatomane: a person possessed of a passion for magic and wonders, Dictionary of the English Language by Samuel Johnson.",,,
q00109,top2004:2502,3921305,4,28,https://www.goodreads.com/work/quotes/3921305?page=4,"Soldiers, I am sorry to say, steal everything.” He thought for a moment and then added, “Or at least ours do.” How",,,
q00110,top2004:2502,3921305,4,29,https://www.goodreads.com/work/quotes/3921305?page=4,"Being a politician, he was never dissuaded from giving any body his opinion by the mere fact that they were not inclined to hear it.",,,
