quote_id,sample_id,gr_work_id,page,idx,source_url,quote_text,bucket,tense,note
q00001,top1996:2012,30342,1,1,https://www.goodreads.com/work/quotes/30342,"Major, I do not know why God does the things He does, but I believe you have the same duty to God as you have always had: to follow the right path, to live your life with a clear conscience.",,,
q00002,top1996:2012,30342,1,2,https://www.goodreads.com/work/quotes/30342,"To his left he saw the other regiments, men from New York, Pennsylvania, Michigan. Men like these, he thought, just farmers and shopkeepers, and now we are soldiers, and now we are about to die.",,,
q00003,top1996:2012,30342,1,3,https://www.goodreads.com/work/quotes/30342,"The heavy round face was looking at him, the hard look of a man who had also understood, who had seen all the stupidity, who knew, after all, that the gold stars were often mindless decoration, that the army was led not by symbols, but by the fallible egos and blind fantasies of men.",,,
q00004,top1996:2012,30342,1,4,https://www.goodreads.com/work/quotes/30342,"I always had the faith that this country would elect those who knew best, who could follow the best course through any situation.",,,
q00005,top1996:2012,30342,1,5,https://www.goodreads.com/work/quotes/30342,"I always have felt that we are a nation that is very different . . . unique, perhaps. We were founded by thinking men, brilliant men, men who designed a system where conflicts were resolved in debate, where the decision of the majority would prevail. These men had confidence in that majority, they had faith that the design of the system would, by definition, ensure that reasonable men would reach reasonable conclusions, and so we would govern ourselves, all of us, by this new type of system, a system where our conflicts and differences would be resolved by civilized means. There is no other system like this, anywhere.",,,
q00006,top1996:2012,30342,1,6,https://www.goodreads.com/work/quotes/30342,"Across the river he could see the burnt and crushed buildings of Fredericksburg, the debris piled along the streets, the scattered ruins of people's lives, lives that were changed forever. His men had done that. Not all of it, of course. The whole corps had seemed to go insane, had turned the town into some kind of violent party, a furious storm that blew out of control, and he could not stop it. The commanders had ordered the provost guards at the bridges to let no goods leave the town, nothing could be carried across the bridges, and so what the men could not keep, what they could not steal, they had just destroyed. And now, he thought, the people will return, trying to rescue some fragile piece of home, and they will find this...and they will learn something new about war, more than the quiet nightmare of leaving your home behind. They will learn that something happens to men, men who have felt no satisfaction, who have absorbed and digested defeat after bloody stupid defeat, men who up to now have done mostly what they were told to do. And when those men begin to understand that it is not anything in them, no great weakness or inferiority, but that it is the leaders, the generals and politicians who tell them what to do, that the fault is there, after a while they will stop listening. Then the beast, the collective anger, battered and bloodied, will strike out, will respond to the unending sights of horror, the deaths of friends and brothers, and it will not be fair or reasonable or just, since there is no intelligence in the beast. They will strike out at whatever presents itself, and here it was the harmless and innocent lives of the people of Fredericksburg.",,,
q00007,top1996:2012,30342,1,7,https://www.goodreads.com/work/quotes/30342,"The doctor finished his work, and the staff lifted him up, helped him to a wagon, an ambulance that had been brought up. he was helped aboard, sat on a thin mattress, and the driver saw his face, recognized him, snatched his hat from his head and held it against his chest as he began to cry, "" Oh, Lord, what has happened to General Lee?""There was an embarrassed pause, and Lee looked at the man, surprised at the outburst. ""Soldier,"" he said calmly, ""I have been inconvenienced, that's all. It is a small price for the inconvenience we have given General Pope.",,,
q00008,top1996:2012,30342,1,9,https://www.goodreads.com/work/quotes/30342,"It is well this is so terrible,” he said. “We should grow too fond of it.",,,
q00009,top1996:2012,30342,1,11,https://www.goodreads.com/work/quotes/30342,He began to think of history,,,
q00010,top1996:2012,30342,1,12,https://www.goodreads.com/work/quotes/30342,proclaiming their opinions with the mindless flourish of those who share no responsibility for the consequences of their grand ideas.,,,
q00011,top1996:2012,30342,1,13,https://www.goodreads.com/work/quotes/30342,"Those who lead the rebellion are trying to prove a point … a point that we are not one nation, that we are a group of separate countries, we are Maine, and Vermont, and Virginia and Georgia and Texas and New York … and that if any one of us disagrees with the policies of the Federal government, we have the right to erase whatever binds us together, disregard the existence—or the importance—of the Union.",,,
q00012,top1996:2012,30342,1,16,https://www.goodreads.com/work/quotes/30342,"We got a duty . . . we all got the same duty, all of us, Major.” Armistead",,,
q00013,top1996:2012,30342,1,18,https://www.goodreads.com/work/quotes/30342,"Is that not what a commander must do, earn respect, give them discipline and . . . love them?",,,
q00014,top1996:2012,30342,1,19,https://www.goodreads.com/work/quotes/30342,"General Lee, if it will please God, we will kill them all.",,,
q00015,top1996:2436,442737,1,0,https://www.goodreads.com/work/quotes/442737,There are no explanations for human evil. Only excuses.,,,
q00016,top1996:2436,442737,1,1,https://www.goodreads.com/work/quotes/442737,"Hunches [are] just messages from the subconscious, which [is] thinking furiously all the time and processing information we have not consciously noted.",,,
q00017,top1996:2436,442737,1,2,https://www.goodreads.com/work/quotes/442737,"But victimhood was seductive, a release from responsibility and caring. Fear would be transmuted into weary resignation; failure would no longer generate guilt but, instead, would spawn a comforting self-pity.",,,
q00018,top1996:2436,442737,1,3,https://www.goodreads.com/work/quotes/442737,"Even if God exists, does He know that you do?",,,
q00019,top1996:2436,442737,1,4,https://www.goodreads.com/work/quotes/442737,Human cruelty and treachery surpassed all understanding. There were no answers. Only excuses.,,,
q00020,top1996:2436,442737,1,5,https://www.goodreads.com/work/quotes/442737,Not all or even most suffering is at the hands of fate; it befalls us at our invitation.,,,
q00021,top1996:2436,442737,1,6,https://www.goodreads.com/work/quotes/442737,"Sometimes, just trying was a triumph.",,,
q00022,top1996:2436,442737,1,7,https://www.goodreads.com/work/quotes/442737,"Much of her life had been lived like a balancing act on a spearpoint fence, and on a particularly difficult night when she was twelve, she had decided that instinct was, in fact, the quiet voice of God. Prayers did receive replies, but you had to listen closely and believe in the answer. At twelve, she wrote in her diary: ""God doesn't shout; He whispers, and in the whisper is the way.",,,
q00023,top1996:2436,442737,1,8,https://www.goodreads.com/work/quotes/442737,"She'd been acutely aware that terror, betrayal, and cruelty had a human face, but she had not sufficiently appreciated that courage, kindness, and love had a human face as well.",,,
q00024,top1996:2436,442737,1,9,https://www.goodreads.com/work/quotes/442737,It is the purpose for which we exist. This reckless caring.,,,
q00025,top1996:2436,442737,1,10,https://www.goodreads.com/work/quotes/442737,"God does not shout; He whispers, and in that whisper is the way."" Chyna Shepard in ""Intensity",,,
q00026,top1996:2436,442737,1,12,https://www.goodreads.com/work/quotes/442737,"Power is living while others inevitably perish. Power is cool indifference to their suffering. Power is taking nourishment from the deaths of others, just as the mighty redwoods draw sustenance from the perpetual decomposition of what once lived, but lived only briefly, around them. This is also part of the philosophy of Edgler Foreman Vess.",,,
q00027,top1996:2436,442737,1,13,https://www.goodreads.com/work/quotes/442737,"She wasn’t clay in the hands of others; she was rock, and with her own determined hands, she could sculpt the person that she wanted to be.",,,
q00028,top1996:2436,442737,1,14,https://www.goodreads.com/work/quotes/442737,"When everything is sacred, nothing is.",,,
q00029,top1996:2436,442737,1,15,https://www.goodreads.com/work/quotes/442737,she’d known that being a victim was often a choice people made.,,,
q00030,top1996:2436,442737,1,16,https://www.goodreads.com/work/quotes/442737,"Chyna Shepherd, untouched and alive and able to pee.",,,
q00031,top1996:2436,442737,1,17,https://www.goodreads.com/work/quotes/442737,"She’d been living in a prison since the day she’d been born, even after leaving her mother, a prison of fear and shame and lowered expectations, and she’d been so accustomed to her circumscribed life that she had not recognized the bars.",,,
q00032,top1996:2436,442737,1,18,https://www.goodreads.com/work/quotes/442737,The sole purpose of existence is to open oneself to sensation and to satisfy all appetites as they arise.,,,
q00033,top1996:2436,442737,1,19,https://www.goodreads.com/work/quotes/442737,"Hope wasn't a cottage industry; it was neither a product that she could manufacture like needlepoint samplers nor a substance she could secrete, in her cautious solitude, like a maple tree producing the essence of syrup. Hope was to be found in other people, by reaching out, by taking risks, by opening her fortress heart.",,,
q00034,top1996:2436,442737,1,20,https://www.goodreads.com/work/quotes/442737,"She was reduced to the dependency of an infant, too terrified of life itself to find solace anywhere but in the familiar succoring breast and in the sound of that same heartbeat remembered from the womb.",,,
q00035,top1996:2436,442737,1,21,https://www.goodreads.com/work/quotes/442737,"Now he must deal with the security system, which has recorded everything that he's done. A video camera is mounted over the front door and focused on the cashiers' counter. Edgler Foreman Vess has no desire to see himself on television news. Living with intensity is virtually impossible when one is in prison.",,,
q00036,top1996:2436,442737,1,22,https://www.goodreads.com/work/quotes/442737,"The value of any experience isn’t in its positive or negative effect on his life but in the sheer luminous power of it, the vividness, the ferocity, the amount and degree of pure sensation that it provides. Intensity.",,,
q00037,top1996:2436,442737,1,23,https://www.goodreads.com/work/quotes/442737,"The normality of the house terrified her: the gleaming surfaces, the tidiness, the homey touches, the sense that a person lived here who might walk in daylight on any street and pass for human in spite of the atrocities that he had committed.",,,
q00038,top1996:2436,442737,1,24,https://www.goodreads.com/work/quotes/442737,"But personal safety at the expense of others was cowardice, and cowardice was a right only of small children who lacked the strength and experience to defend themselves.",,,
q00039,top1996:2436,442737,1,25,https://www.goodreads.com/work/quotes/442737,"The guy at the cash register is a redhead in his thirties with freckles and a two-inch-diameter birthmark, as pink as uncooked salmon, on his pale forehead. The mark is uncannily like the image of a fetus curled in a womb, as if a gestating twin had died early in the mother’s pregnancy and left its fossilized image on the surviving brother’s brow.",,,
q00040,top1996:2436,442737,1,28,https://www.goodreads.com/work/quotes/442737,"Prayers did receive replies, but you had to listen closely and believe in the answers...God doesn't shout, He wispers, and in the wispers is the way.",,,
q00041,top1996:2436,442737,1,29,https://www.goodreads.com/work/quotes/442737,"We’re all bisexual, don’t you think? I have the urge for a man, sometimes, and with some of them I’ve indulged it. It’s all sensation. Just sensation.",,,
q00042,top1996:967,2408,1,0,https://www.goodreads.com/work/quotes/2408,"maybe it explains something to you,"" said marino, who always got impatient with lucy's computer talk. ""but it don't explain shit to me.",,,
q00043,top1996:967,2408,1,1,https://www.goodreads.com/work/quotes/2408,"point is, he wants to hurt you, doc, and he's already trying hard. one way or another he's going to screw you, if he can.""""he can wait in line with all the other people who want to.",,,
q00044,top1996:967,2408,1,2,https://www.goodreads.com/work/quotes/2408,"As for the brain, what the Black Talon had done to it was awful. The explosion of gas and shredding caused by copper and lead had plowed a terrible path through the miraculous matter that had made Danny who he was.",,,
q00045,top1996:967,2408,1,3,https://www.goodreads.com/work/quotes/2408,I wondered if we would reach a point when all of us lived in bubbles so we did not die of diseases like the Ebola virus and AIDS.,,,
q00046,top1996:967,2408,1,4,https://www.goodreads.com/work/quotes/2408,"These people are consorting with evil,” I said. “And I respect that there is evil in the world and it is not to be taken lightly.",,,
q00047,top1996:967,2408,1,5,https://www.goodreads.com/work/quotes/2408,The ability to smell cyanide is a sex-linked recessive trait that is inherited by less than thirty percent of the population. I was among the fortunate few.,,,
q00048,top1996:967,2408,1,6,https://www.goodreads.com/work/quotes/2408,"We must never underestimate the power of evil, and we should avoid brushing up against it whenever we can.",,,
q00049,top1996:967,2408,1,7,https://www.goodreads.com/work/quotes/2408,"Lucy was not a normal person, nor would she ever be. I had decided that in many sad ways, individuals with IQs as high as hers are as different from others as are the mentally impaired.",,,
q00050,top1997:7138,2925978,1,0,https://www.goodreads.com/work/quotes/2925978,"If only we would wake from (these) states of oblivion with some certain sense that there was no mystery to life at all, that cruelty was purely impersonal, but we don't.",,,
q00051,top1997:7138,2925978,1,2,https://www.goodreads.com/work/quotes/2925978,"Goodbye, darling, would I could leave you with something, some little thing...''You leave me with all I'll ever need,' she said softly. There was resignation in her voice. 'You leave me with some hours that other women must make up or read about in stories.",,,
q00052,top1997:7138,2925978,1,3,https://www.goodreads.com/work/quotes/2925978,"Lord God, to be born with no talent is bad enough, but to have a macabre and febrile imagination as well is a curse.",,,
q00053,top1997:7138,2925978,1,4,https://www.goodreads.com/work/quotes/2925978,I thought the curse of memory is this: Everything is ever present.,,,
q00054,top1997:7138,2925978,1,6,https://www.goodreads.com/work/quotes/2925978,"Oh, it seems a sin to ask compassion of the dead, those who died in pain, those I couldn’t save, those for whom I didn’t have the right farewells",,,
q00055,top1997:7138,2925978,1,7,https://www.goodreads.com/work/quotes/2925978,Worry stops your ears to the real music. Worry doesn’t let you fold your arms around the bones of those you love.,,,
q00056,top1997:7138,2925978,1,8,https://www.goodreads.com/work/quotes/2925978,"like to cry alone. It felt so marvelously good, to cry and cry, totally removed from any hint of censure! No one to tell you yes or no, no one to beg for forgiveness, no one to intervene.",,,
q00057,top1997:7138,2925978,1,9,https://www.goodreads.com/work/quotes/2925978,"Songs are everywhere you look, in the rain, in the wind, in the moan of the suffering, songs.",,,
q00058,top1997:7138,2925978,1,10,https://www.goodreads.com/work/quotes/2925978,"It was the most shamefully emotional music, so like Tchaikovsky just saying, Hell with the world, and letting the sweetest, saddest pain gush, in a way that my Mozart and my Beethoven never did.",,,
q00059,top1997:7138,2925978,1,11,https://www.goodreads.com/work/quotes/2925978,"It’s so easy to wish for death when nothing’s wrong with you! It’s so easy to fall in love with death, and I’ve been all my life, and seen its most faithful worshipers crumble in the end, screaming just to live, as if all the dark veils and the lilies and the smell of candles, and grandiose promises of the grave, meant nothing.",,,
q00060,top1997:7138,2925978,1,12,https://www.goodreads.com/work/quotes/2925978,Beethoven’s Ninth. I played the torture part. I played the Second Movement.,,,
q00061,top1997:7138,2925978,1,13,https://www.goodreads.com/work/quotes/2925978,"Master of His Choir of Angels, that is Mozart; but Beethoven is the Master of My Dark Heart, the captain of my broken life and all my failures.",,,
q00062,top1997:7138,2925978,1,16,https://www.goodreads.com/work/quotes/2925978,"Stefan was crushed, head bowed, cheeks so tender with pain, and deep-framed eyes glittering with the reflected light from the torpid, but shiny water.",,,
q00063,top1997:7138,2925978,1,17,https://www.goodreads.com/work/quotes/2925978,"This is evil. It is beautiful, but it is evil, because it is cruel.",,,
q00064,top1997:7138,2925978,1,18,https://www.goodreads.com/work/quotes/2925978,"The suffering saint was marvelously erotic, tied to the tree, pierced with so many arrows.",,,
q00065,top1997:7138,2925978,1,19,https://www.goodreads.com/work/quotes/2925978,"Let us be together, no face forgotten, laughter of each one dear as it ran twenty years ago or twice that long, laughter lilting as the music of a ghostly violin, an uncertain violin, a perfect violin, our laughter our music our blended minds and souls and bound us all forever.",,,
q00066,top1997:7138,2925978,1,20,https://www.goodreads.com/work/quotes/2925978,"He was there. The tall one with the shiny black rock musician hair and the dusty coat. The one I’d seen before. He stood on my side of the corner now, on the kitchen brick sidewalk beside my iron fence and he played the violin as I looked down on him. I pushed the curtain back. The music made me want to sob.",,,
q00067,top1997:7138,2925978,1,21,https://www.goodreads.com/work/quotes/2925978,"Good Lord, it is a surfeit of memory that drives people to drink, I think so sometimes. Mother must have remembered such terrible, terrible things.",,,
q00068,top1997:7138,2925978,1,22,https://www.goodreads.com/work/quotes/2925978,Your torment wants a witness in me.,,,
q00069,top1997:7138,2925978,1,23,https://www.goodreads.com/work/quotes/2925978,"Grief is wise. Grief does not cry. Grief comes only long after the horror at the sight of the grave, the horror at the side of the bed, grief is wise, and grief is imperturbable. Stillness.",,,
q00070,top1997:7138,2925978,1,24,https://www.goodreads.com/work/quotes/2925978,"panic, or agony, of those who saw in the final careless, dissonant moments no tears perhaps or heard no pledge that I would mourn you forever.",,,
q00071,top1997:7138,2925978,1,28,https://www.goodreads.com/work/quotes/2925978,"It’s like walking music, the music of someone walking doggedly and almost vengefully up a mountain. It just goes on and on and on, as though the person won’t stop walking.",,,
q00072,top1997:7138,2925978,2,1,https://www.goodreads.com/work/quotes/2925978?page=2,"The music went on, sweet, and demure, and winding to a compassionate finale. I know your pain. I know. But madness isn’t for you. It never was. You’re the one who never goes mad.",,,
q00073,top1997:7138,2925978,2,2,https://www.goodreads.com/work/quotes/2925978?page=2,"But you covered yourself with a concealing bulk, didn’t you? To hide from whom?",,,
q00074,top1997:7138,2925978,2,3,https://www.goodreads.com/work/quotes/2925978?page=2,"IT WAS that sea again, that ocean clear and blue and frothing wild into the flopping prancing ghosts with every wave that hit the beach.",,,
q00075,top1997:7138,2925978,2,4,https://www.goodreads.com/work/quotes/2925978?page=2,"In this soft rainy realm, where water sings as it falls from the darkening leaves, as the earth falls from the uneven edges above,",,,
q00076,top1997:7138,2925978,2,9,https://www.goodreads.com/work/quotes/2925978?page=2,"grand and magnificent assurances that Beethoven tried to make, it seemed, to all of us, that everything would someday be understood and this life was worth it.",,,
q00077,top1997:7138,2925978,2,10,https://www.goodreads.com/work/quotes/2925978?page=2,"Mozart was always my happy guardian, the Little Genius, I called him,",,,
q00078,top1997:5778,3246881,1,0,https://www.goodreads.com/work/quotes/3246881,"back to pin the whole mess on Taleniekov. They kept repeating the words “enemy” and “Commie bastard” to the point where I could have wasted them. They wanted to paint Vasili as the whole evil empire, all by himself, when nothing could have been farther from the truth.’ ‘Only the hotheads, Brandon, only the hotheads. The rest of us didn’t say those things or believe them.’ ‘Then you cooler fellows should have put out the fires! When I told them that Taleniekov had to get out of Moscow because he was under a death sentence, they kept saying “a setup” and “a double agent” and other stupid clichés they knew nothing about!’ ‘But you knew that if you told the whole truth, Taleniekov would go down in history as the madman who brought the superpowers to the edge",,,
q00079,top1997:5778,3246881,1,1,https://www.goodreads.com/work/quotes/3246881,Better the devil you can live with than one you don't know.,,,
q00080,top1997:5778,3246881,1,2,https://www.goodreads.com/work/quotes/3246881,Never trust a leader who proclaims himself a leader before anyone else does.,,,
q00081,top1997:1762,13538690,1,0,https://www.goodreads.com/work/quotes/13538690,Doubts could cripple the thoughts of a reasonable man,,,
q00082,top1997:1762,13538690,1,1,https://www.goodreads.com/work/quotes/13538690,"he announced that the party could officially begin now that she had joined it. He guided her through the crowd, introducing her to the guests she didn’t know, including the bedazzled Bardo trial jurors. Many of the guests were infamous for their association with scandal, crime, or combinations thereof. Some were rumored to belong to the Metropolitan Crime Commission, but since the membership of that by-invitation-only group of blue bloods was secret, no one could be sure. The group’s unlimited funds were exceeded only by their unlimited power.",,,
q00083,top2000:4665,1987778,1,0,https://www.goodreads.com/work/quotes/1987778,"Love is never any better than the lover. Wicked people love wickedly, violent people love violently, weak people love weakly, stupid people love stupidly, but the love of a free man is never safe. There is no gift for the beloved. The lover alone possesses his gift of love. The loved one is shorn, neutralized, frozen in the glare of the lover’s inward eye.",,,
q00084,top2000:4665,1987778,1,2,https://www.goodreads.com/work/quotes/1987778,"All of our waste which we dumped on her and which she absorbed. And all of our beauty, which was hers first and which she gave to us. All of us--all who knew her--felt so wholesome after we cleaned ourselves on her. We were so beautiful when we stood astride her ugliness. Her simplicity decorated us, her guilt sanctified us, her pain made us glow with health, her awkwardness made us think we had a sense of humor. Her inarticulateness made us believe we were eloquent. Her poverty kept us generous. Even her waking dreams we used--to silence our own nightmares. And she let us, and thereby deserved our contempt. We honed our egos on her, padded our characters with her frailty, and yawned in the fantasy of our strength.And fantasy it was, for we were not strong, only aggressive; we were not free, merely licensed; we were not compassionate, we were polite; not good, but well behaved. We courted death in order to call ourselves brave, and hid like thieves from life. We substituted good grammar for intellect; we switched habits to simulate maturity; we rearranged lies and called it truth, seeing in the new pattern of an old idea the Revelation and the Word.",,,
q00085,top2000:4665,1987778,1,3,https://www.goodreads.com/work/quotes/1987778,Anger is better. There is a sense of being in anger. A reality and presence. An awareness of worth. It is a lovely surging.,,,
q00086,top2000:4665,1987778,1,4,https://www.goodreads.com/work/quotes/1987778,Beauty was not simply something to behold; it was something one could do.,,,
q00087,top2000:4665,1987778,1,5,https://www.goodreads.com/work/quotes/1987778,"We mistook violence for passion, indolence for leisure, and thought recklessness was freedom.",,,
q00088,top2000:4665,1987778,1,7,https://www.goodreads.com/work/quotes/1987778,"She left me the way people leave a hotel room. A hotel room is a place to be when you are doing something else. Of itself it is of no consequence to one's major scheme. A hotel room is convenient. But its convenience is limited to the time you need it while you are in that particular town on that particular business; you hope it is comfortable, but prefer, rather, that it be anoymous. It is not, after all, where you live.",,,
q00089,top2000:4665,1987778,1,8,https://www.goodreads.com/work/quotes/1987778,"You looked at them and wondered why they were so ugly; you looked closely and could not find the source. Then you realized that it came from conviction, their conviction. It was as though some mysterious all-knowing master had given each one a cloak of ugliness to wear, and they had each accepted it without question.",,,
q00090,top2000:4665,1987778,1,9,https://www.goodreads.com/work/quotes/1987778,"But to find out the truth about how dreams die, one should never take the word of the dreamer.",,,
q00091,top2000:4665,1987778,1,11,https://www.goodreads.com/work/quotes/1987778,"Sunk in the grass of an empty lot on a spring Saturday, I split the stems of milkweed and thought about ants and peach pits and death and where the world went when I closed my eyes.",,,
q00092,top2000:4665,1987778,1,12,https://www.goodreads.com/work/quotes/1987778,"So when I think of autumn, I think of somebody with hands who does not want me to die.",,,
q00093,top2000:4665,1987778,1,13,https://www.goodreads.com/work/quotes/1987778,"guileless and without vanity,we were still in love with ourselves then. We felt comfortable in our own skins, enjoyed the news that our senses released to us, admired our dirt, cultivated our scars, and could not comprehend this unworthiness.",,,
q00094,top2000:4665,1987778,1,14,https://www.goodreads.com/work/quotes/1987778,"I have only to break into the tightness of a strawberry, and I see summer – its dust and lowering skies.",,,
q00095,top2000:4665,1987778,1,15,https://www.goodreads.com/work/quotes/1987778,"Certain seeds it will not nurture, certain fruit it will not bear and when the land kills of its own volition, we acquiesce and say the victim had no right to live",,,
q00096,top2000:4665,1987778,1,16,https://www.goodreads.com/work/quotes/1987778,"If happiness is anticipation with certainty, we were happy.",,,
q00097,top2000:4665,1987778,1,17,https://www.goodreads.com/work/quotes/1987778,"I had only one desire: to dismember it. To see of what it was made, to discover the dearness, to find the beauty, the desirability that had escaped me, but apparently only me.",,,
q00098,top2000:4665,1987778,1,18,https://www.goodreads.com/work/quotes/1987778,"Jealousy we understood and thought natural... But envy was a strange, new feeling for us. And all the time we knew that Maureen Peal was not the Enemy and not worthy of such intense hatred. The Thing to fear was the Thing that made her beautiful, and not us.",,,
q00099,top2000:4665,1987778,1,19,https://www.goodreads.com/work/quotes/1987778,Here was an ugly little girl asking for beauty....A little black girl who wanted to rise up out of the pit of her blackness and see the world with blue eyes. His outrage grew and felt like power. For the first time he honestly wished he could work miracles.,,,
q00100,top2000:4665,1987778,1,21,https://www.goodreads.com/work/quotes/1987778,"“They seemed to have taken all of their smoothly cultivated ignorance, their exquisitely learned self-hatred, their elaborately designed hopelessness and sucked it all up into a fiery cone of scorn that had burned for ages in the hollows of their minds",,,
q00101,top2000:4665,1987778,1,22,https://www.goodreads.com/work/quotes/1987778,"They had stared at her with great uncomprehending eyes. Eyes that questioned nothing and asked everything. Unblinking and unabashed, they stared up at her. The end of the world lay in their eyes, and the beginning, and all the waste in between.",,,
q00102,top2000:4665,1987778,1,23,https://www.goodreads.com/work/quotes/1987778,"Each member of the family in his own cell of consciousness, each making his own patchwork quilt of reality - collecting fragments of experience here, pieces of information there. From the tiny impressions gleaned from one another, they created a sense of belonging and tried to make do with the way they found each other.",,,
q00103,top2000:4665,1987778,1,24,https://www.goodreads.com/work/quotes/1987778,...the change was adjustment without improvement.,,,
q00104,top2000:4665,1987778,1,25,https://www.goodreads.com/work/quotes/1987778,"The death of self-esteem can occur quickly, easily in children, before their ego has “legs,” so to speak. Couple the vulnerability of youth with indifferent parents, dismissive adults, and a world, which, in its language, laws, and images, re-enforces despair, and the journey to destruction is sealed.",,,
q00105,top2000:4665,1987778,1,26,https://www.goodreads.com/work/quotes/1987778,"Misery colored by the greens and blues in my mother's voice took away all the grief out of the words and left me with a conviction that pain was not only endurable, it was sweet.",,,
q00106,top2000:4665,1987778,1,27,https://www.goodreads.com/work/quotes/1987778,"Never did he once consider directing his hatred toward the hunters. Such an emotion would have destroyed him ... His subconscious knew what his min did not guess-that hating them would have consumed him, burned him up like a piece of soft coal, leaving only flakes of ash and a question mark of smoke.",,,
q00107,top2000:4665,1987778,2,1,https://www.goodreads.com/work/quotes/1987778?page=2,"Their conversation is like a gently wicked dance: sound meets sound, curtsies, shimmies, and retires. Another sound enters but is upstaged by still another: the two circle each other and stop. Sometimes their words move in lofty spirals; other times they take strident leaps, and all of it is punctuated with warm-pulsed laughter—like the throb of a heart made of jelly. The edge, the curl, the thrust of their emotions is always clear to Frieda and me. We do not, cannot, know the meanings of all their words, for we are nine and ten years old. So we watch their faces, their hands, their feet, and listen for truth in timbre.",,,
q00108,top2000:4665,1987778,2,2,https://www.goodreads.com/work/quotes/1987778?page=2,"Along with romantic love, she was introduced to another–physical beauty. Probably the most destructive ideas in the history of thought. Both originated in envy, thrived in insecurity, and ended in disillusion. In equating physical beauty with virtue, she stripped her mind, bound it, and collected self-contempt by the heap. She forgot lust and simple caring for. She regarded love as possessive mating, and romance as the goal of the spirit. It would be for her a well-spring from which she would draw the most destructive emotions, deceiving the lover, and seeking to imprison the beloved, curtailing freedom in every way.",,,
q00109,top2000:4665,1987778,2,3,https://www.goodreads.com/work/quotes/1987778?page=2,Maybe that was love. Choking sounds and silence.,,,
q00110,top2000:4665,1987778,2,4,https://www.goodreads.com/work/quotes/1987778?page=2,"He read greedily but understood selectively, choosing the bits and pieces of other men's ideas that supported whatever predilection he had at the moment.",,,
q00111,top2000:4665,1987778,2,5,https://www.goodreads.com/work/quotes/1987778?page=2,"Only her tight, tight eyes were left. They were always left...They were everything. Everything was there, in them...Thrown, in this way, into the binding conviction that only a miracle could relieve her, she would never know her beauty. She would see only what there was to see: the eyes of other people.",,,
q00112,top2000:4665,1987778,2,6,https://www.goodreads.com/work/quotes/1987778?page=2,"She became, and her process of becoming was like most of ours: she developed a hatred for things that mystified or obstructed her; acquired virtues that were easy to maintain; assigned herself a role in the scheme of things; and harked back to simpler times for gratification.",,,
q00113,top2000:4665,1987778,2,7,https://www.goodreads.com/work/quotes/1987778?page=2,"Each night, without fail, she prayed for blue eyes. Fervently, for a year she had prayed. Although somewhat discouraged, she was not without hope. To have something as wonderful as that would take a long, long time.",,,
q00114,top2000:4665,1987778,2,8,https://www.goodreads.com/work/quotes/1987778?page=2,"There is really nothing more to say - except why. But since why is difficult to handle, one must take refuge in how.",,,
q00115,top2000:4665,1987778,2,10,https://www.goodreads.com/work/quotes/1987778?page=2,"If he looked into her face, he would see those haunted, loving eyes. The hauntedness would irritate him -- the love would move him to fury. How dare she love him? Hadn't she any sense at all? What was he supposed to do about that? Return it? How? What could his calloused hands produce to make her smile? What of his knowledge of the world and of life could be useful to her? What could his heavy arms and befuddled brain accomplish that would earn him his own respect, that would in turn allow him to accept her love?",,,
q00116,top2000:4665,1987778,2,11,https://www.goodreads.com/work/quotes/1987778?page=2,Adults do not talk to us—they give us directions. They issue orders without providing information.,,,
q00117,top2000:4665,1987778,2,13,https://www.goodreads.com/work/quotes/1987778?page=2,"There is a difference between being put out and being put outdoors. If you are put out, you go somewhere else; if you are outdoors, there is no place to go. The distinction was subtle but final. Outdoors was the end of something, an irrevocable, physical fact, defining and complementing our metaphysical condition... Dead doesn't change, and outdoors is here to stay.",,,
q00118,top2000:4665,1987778,2,14,https://www.goodreads.com/work/quotes/1987778?page=2,"She was never able, after her education in the movies, to look at a face and not assign it some category in the scale of absolute beauty, and the scale was one she absorbed in full from the silver screen.",,,
q00119,top2000:4665,1987778,2,15,https://www.goodreads.com/work/quotes/1987778?page=2,"Mrs. Breedlove considered herself an upright and Christian woman, burdened with a no-count man, whom God wanted her to punish. (Cholly was beyond redemption, of course, and redemption was hardly the point - Mrs. Breedlove was not interested in Christ the Redeemer, but rather Christ the Judge.) Often she could be heard discoursing with Jesus about Cholly, pleading with Him to help her ""strike the bastard down from his pea-knuckle of pride."" And once when a drunken gesture catapulted Cholly into the red-hot stove, she screamed, ""Get him, Jesus! Get him!"" If Cholly had stopped drinking, she would have never forgiven Jesus.",,,
q00120,top2000:4665,1987778,2,17,https://www.goodreads.com/work/quotes/1987778?page=2,"She seemed to fold into herself, like a pleated wing. Her pain antagonized me. I wanted to open her up, crisp her edges, ram a stick down that hunched and curving spine, force her to stand erect and spit the misery out on the streets. But she held it in where it could lap up into her eyes.",,,
q00121,top2000:4665,1987778,2,18,https://www.goodreads.com/work/quotes/1987778?page=2,It may even be that some of us know what it is like to be actually hated—hated for things we have no control over and cannot change.,,,
q00122,top2000:4665,1987778,2,20,https://www.goodreads.com/work/quotes/1987778?page=2,"These and other inanimate things she saw and experienced. They were real to her. She knew them. They were the codes and touchstones of the world, capable of translation and possession. She owned the crack that made her stumble; she owned the clumps of dandelions whose white heads, last fall, she had blown away; whose yellow heads, this fall, she peered into. And owning them made her part of the world, and the world a part of her.",,,
q00123,top2000:4665,1987778,2,21,https://www.goodreads.com/work/quotes/1987778?page=2,"It had occurred to Pecola some time ago that if her eyes, those eyes that held the pictures, and knew the sights—if those eyes of hers were different, that is to say, beautiful, she herself would be different.",,,
q00124,top2000:4665,1987778,2,22,https://www.goodreads.com/work/quotes/1987778?page=2,She missed -- without knowing what she missed-- paints and crayons,,,
q00125,top2000:4665,1987778,2,23,https://www.goodreads.com/work/quotes/1987778?page=2,"When I first seed Cholly, I want you to know it was like all the bits of color from that time down home when all us chil'ren went berry picking after a funeral and I put some in the pocket of my Sunday dress, and they mashed up and stained my hips. My whole dress was messed with purple, and it never did wash out. Not the dress nor me. I could feel that purple deep inside me. And that lemonade Mama used to make when Pap came in out the fields. It be cool and yellowish, with seeds floating near the bottom. And that streak of green them june bugs made on the trees the night we left from down home. All of them colors was in me. Just sitting there. So when Cholly come up and tickled my foot, it was like them berries, that lemonade, them streaks of green the june bugs made, all come together. Cholly was thin then, with real light eyes. He used to whistle, and when I heerd him, shivers come on my skin.",,,
q00126,top2000:4665,1987778,2,28,https://www.goodreads.com/work/quotes/1987778?page=2,"But I did know that nobody ever asked me what I wanted for Christmas. Had any adult with the power to fulfill my desires taken me seriously and asked me what I wanted, they would have known that I did not want to have anything to own, or to possess any object. I wanted rather to feel something on Christmas day. The real question would have been, ""Dear Claudia, what experience would you like on Christmas?"" I could have spoken up, ""I want to sit on the low stool in Big Mama's kitchen with my lap full of lilacs and listen to Big Papa play his violin for me alone."" The lowness of the stool made for my body, the security and warmth of Big Mama's kitchen, the smell of the lilacs, the sound of music, and, since it would be good to have all my senses engaged, the taste of peach, perhaps, afterward.",,,
q00127,top2000:4665,1987778,2,29,https://www.goodreads.com/work/quotes/1987778?page=2,"But it wasn't all bad. Sometimes things wasn't all bad. He used to come home easing into bed sometimes, not too drunk. I make out like I'm asleep, 'casue it's late, and he taken three dollars out of my pocketbook that morning or something. I hear him breathing, but I don't look around. I can see in my mind's eye his black arms thrown back behind his head, the muscles like a great big peach stones sanded down, with veins running like little swollen rivers down his arms. Without touching him I be feeling those ridges on the tips of my fingers. I sees the palms of his hands calloused to granite, and the long fingers curled up and still. I think about the thick, knotty hair on his chest, and the two big swells his breast muscles make. I want to rub my face hard in his chest and feel the hair cut my skin. I know just where the hair growth slacks out-just above his navel- and how it picks up again and spreads out. Maybe he'll shift a little, and his leg will touch me, or I feel his flank just graze my behind. I don't move even yet. Then he lift his head, turn over, and put his hand on my waist. If I don't move, he'll move his hand over to pull and knead my stomach. Soft and slow-like. I still don't move, because I don't want him to stop. I want to pretend sleep and have him keep rubbing my stomach. Then he will lean his head down and bite my tit. Then I don't want him to rub my stomach anymore. I want him to put his hand between my legs. I pretend to wake up, and turn to him, but not opening my legs. I want him to open them for me. He does, and I be soft and wet where his fingers are strong and hard. I be softer than I ever been before. All my strength in his hand. My brain curls up like wilted leaves. A funny, empty feeling is in my hands. I want to grab holt of something, so I hold his head. His mouth is under my chin. Then I don't want his hands between my legs no more, because I think I am softening away. I stretch my legs open, and he is on top of me. Too heavy to hold, too light not to. He puts his thing in me. In me. In me. I wrap my feet around his back so he can't get away. His face is next to mine. The bed springs sounds like them crickets used to back home. He puts his fingers in mine, and we stretches our arms outwise like Jesus on the cross. I hold tight. My fingers and my feet hold on tight, because everything else is going, going. I know he wants me to come first. But I can't. Not until he does. Not until I feel him loving me. Just me. Sinking into me. Not until I know that my flesh is all that be on his mind. That he couldnt stop if he had to. That he would die rather than take his thing our of me. Of me. Not until he has let go of all he has, and give it to me. To me. To me. When he does, I feel a power. I be strong, I be pretty, I be young. And then I wait. He shivers and tosses his head. Now I be strong enough, pretty enough, and young enough to let him make me come. I take my fingers out of his and put my hands on his behind. My legs drop back onto the bed. I don't make a noise, because the chil'ren might hear. I begin to feel those little bits of color floating up into me-deep in me. That streak of green from the june-bug light, the purple from the berries trickling along my thighs, Mama's lemonade yellow runs sweet in me. Then I feel like I'm laughing between my legs, and the laughing gets all mixed up with the colors, and I'm afraid I'll come, and afraid I won't. But I know I will. And I do. And it be rainbow all inside. And it lasts ad lasts and lasts. I want to thank him, but dont know how, so I pat him like you do a baby. He asks me if I'm all right. I say yes. He gets off me and lies down to sleep. I want to say something, but I don't. I don't want to take my mind offen the rainbow. I should get up and go to the toilet, but I don't. Besides Cholly is asleep with his leg thrown over me. I can't move and I don't want to.",,,
q00128,top2000:4665,1987778,3,0,https://www.goodreads.com/work/quotes/1987778?page=3,"Someone appeared, with gentle and penetrating eyes, who - with no exchange of words - understood; and before whose glance her eyes dropped. The someone had no face, no form, no voice, no odour. He was a simple Presence, an all-embracing tenderness with strength and a promise of rest.",,,
q00129,top2000:4665,1987778,3,1,https://www.goodreads.com/work/quotes/1987778?page=3,"You could hate a sofa, of course—that is, if you could hate a sofa. But it didn't matter. You still had to get together $4.80 a month. If you had to pay $4.80 a month for a sofa that started off split, no good, and humiliating—you couldn't take any joy in owning it. And the joylessness stank, pervading everything. The stink of it kept you from painting the beaverboard walls; from getting a matching piece of material for the chair; even from sewing up the split, which became a gash, which became a gaping chasm that exposed the cheap frame and the cheaper upholstery. It withheld the refreshment in a sleep slept on it. It imposed a furtiveness on the loving done on it. Like a sore tooth that is not content to throb in isolation, but must diffuse its own pain to other parts of the body—making breathing difficult, vision limited, nerves unsettled, so a hated piece of furniture produces a fretful malaise that asserts itself throughout the house and limits the delight of things not related to it.",,,
q00130,top2000:4665,1987778,3,4,https://www.goodreads.com/work/quotes/1987778?page=3,But suppose my eyes aren’t blue enough? Blue enough for what? Blue enough for…I don’t know. Blue enough for something. Blue enough…for you!,,,
q00131,top2000:4665,1987778,3,6,https://www.goodreads.com/work/quotes/1987778?page=3,"We had defended ourselves since memory against everything and everybody, considered all speech a code to be broken by us, and all gestures subject to careful analysis; we had become headstrong, devious, and arrogant. Nobody paid us any attention, so we paid very good attention to ourselves. Our limitations were not known to us—not then.",,,
q00132,top2000:4665,1987778,3,7,https://www.goodreads.com/work/quotes/1987778?page=3,"Adults, older girls, shops, magazines, newspapers, window signs—all the world had agreed that a blue-eyed, yellow-haired, pink-skinned doll was what every girl child treasured. “Here,” they said, “this is beautiful, and if you are on this day ‘worthy’ you may have it.",,,
q00133,top2000:4665,1987778,3,9,https://www.goodreads.com/work/quotes/1987778?page=3,"They come from Mobile. Aiken. From Newport News. From Marietta. From Meridian. And the sounds of these places in their mouths make you think of love. When you ask them where they are from, they tilt their heads and say ""Mobile"" and you think you've been kissed. They say ""Aiken"" and you see a white butterfly glance off a fence with a torn wing. They say ""Nagadoches"" and you want to say ""Yes, I will."" You don't know what these towns are like, but you love what happens to the air when they open their lips and let the names ease out.",,,
q00134,top2000:4665,1987778,3,10,https://www.goodreads.com/work/quotes/1987778?page=3,"Nobody loves the head of a dandelion. Maybe because they are so many, strong, and soon.",,,
q00135,top2000:4665,1987778,3,12,https://www.goodreads.com/work/quotes/1987778?page=3,The sad thing was that Pauline did not really care for clothes and makeup. She merely wanted other women to cast favorable glances her way.,,,
q00136,top2000:4665,1987778,3,13,https://www.goodreads.com/work/quotes/1987778?page=3,"Dear God... I, I have caused a miracle. I gave her the eyes. I gave her the blue, blue, two blue eyes. Cobalt blue. A streak of it right out of your own blue heaven. No one else will see her blue eyes. But she will. And she will live happily ever after.",,,
q00137,top2000:4665,1987778,3,15,https://www.goodreads.com/work/quotes/1987778?page=3,...they have the eyes of people who can tell what time it is by the colour of the sky... their eyes do not bite,,,
q00138,top2000:4665,1987778,3,19,https://www.goodreads.com/work/quotes/1987778?page=3,"Instead of ignoring her infirmity, pretending it was not there, he made it seem like something special and endearing. For the first time Pauline felt that her bad foot was an asset",,,
q00139,top2000:4665,1987778,3,21,https://www.goodreads.com/work/quotes/1987778?page=3,"You looked at them and wondered why they were sougly; you looked closely and could not find the source. Thenyou realized that it came from conviction, their conviction. Itwas as though some mysterious all-knowing master hadgiven each one a cloak of ugliness to wear, and they had eachaccepted it without question. The master had said, “You areugly people.” They had looked about themselves and sawnothing to contradict the statement; saw, in fact, support forit leaning at them from every billboard, every movie, everyglance. “Yes,” they had said. “You are right.” And they tookthe ugliness in their hands, threw it as a mantle over them,and went about the world with it.",,,
q00140,top2000:4665,1987778,3,24,https://www.goodreads.com/work/quotes/1987778?page=3,They could not save their friend from the world. She broke.,,,
q00141,top2000:4665,1987778,3,25,https://www.goodreads.com/work/quotes/1987778?page=3,"Knowing that there was such a thing as outdoors bred in us a hunger for property, for ownership. The firm possession of a yard, a porch, a grape arbor. Propertied black people spent all their energies, all their love, on their nests. Like frenzied, desperate birds, they overdecorated everything; fussed and fidgeted over their hard-won homes; canned, jellied, and preserved all summer to fill the cupboards and shelves; they painted, picked, and poked at every corner of their houses. And these houses loomed like hothouse sunflowers among the rows of weeds that were the rented houses.",,,
q00142,top2000:4665,1987778,3,26,https://www.goodreads.com/work/quotes/1987778?page=3,"Outdoors, we knew, was the real terror of life. The threat of being outdoors surfaced frequently in those days. Every possibility of excess was curtailed with it. If somebody ate too much, he could end up outdoors. If somebody used too much coal, he could end up outdoors. People could gamble themselves outdoors, drink themselves outdoors. Sometimes mothers put their sons outdoors, and when that happened, regardless of what the son had done, all sympathy was with him. He was outdoors, and his own flesh had done it. To be put outdoors by a landlord was one thing—unfortunate, but an aspect of life over which you had no control, since you could not control your income. But to be slack enough to put oneself outdoors, or heartless enough to put one’s own kin outdoors—that was criminal.",,,
q00143,top2000:4665,1987778,3,28,https://www.goodreads.com/work/quotes/1987778?page=3,"Well, it probably won't live. They say the way her mama beat her she lucky to be alive herself. She be lucky if it don't live. Bound to be the ugliest thing walking. Can't help but be. Ought to be a law: two ugly people doubling up like that to make more ugly. Be better off in the ground. Well, I wouldn't worry none. It be a miracle if it live.",,,
q00144,top2000:4665,1987778,3,29,https://www.goodreads.com/work/quotes/1987778?page=3,"The fire seemed to live, go down, or die according to its own schemata. In the morning, however, it always saw fit to die.",,,
q00145,top2000:1600,1515166,1,0,https://www.goodreads.com/work/quotes/1515166,"Time passes, but sometimes it beats the shit out of you as it goes.",,,
q00146,top2000:1600,1515166,1,1,https://www.goodreads.com/work/quotes/1515166,"Guy goes to the doc, and he says, ‘Doc, you gotta help me. I got this terrible headache. It feels like somebody is pounding a nail through my forehead. Like I got a big pair of pliers squeezing behind my ears. It’s tension from my job. I can’t stop working right now, but the headache’s killing me. You gotta help.’ So the doc says, ‘You know, I do have a cure. Exactly the same thing happened to me—I was working too much, and I got exactly the same headache. Then one night I was performing oral sex on my wife, and her legs were squeezing my head really tight, really hard, and the pressure must have done something, because the headache was a lot better. So I did this every night for two weeks, and at the end of two weeks, the headache was gone.’ And the guy says, ‘I’m desperate, Doc, I’ll try anything.’ The doc said, ‘Well, then, I’ll see you in two weeks.’ So the guy goes away, and two weeks later he comes back for his appointment and he’s the most cheerful guy in the world. And he says, ‘Doc, you’re a miracle worker. I did just what you told me, and the headache’s gone. Vanished. I feel great. I think it’s got to be the pressure, and—by the way, you’ve got a beautiful home.",,,
q00147,top2000:1600,1515166,1,2,https://www.goodreads.com/work/quotes/1515166,Felt the dark finger of hypocrisy stroking his soul.,,,
q00148,top2000:1600,1515166,1,3,https://www.goodreads.com/work/quotes/1515166,"going over and over it in my head,",,,
q00149,top2000:1600,1515166,1,5,https://www.goodreads.com/work/quotes/1515166,"Jael feared it was true, that she was shallow, dissolute. Trendy.",,,
q00150,top2001:1425,1008407,1,0,https://www.goodreads.com/work/quotes/1008407,"Messiah was to be born in Bethlehem to a virgin, to live a sinless life, to serve as God’s spotless Lamb of sacrifice, to give himself willingly to die on a cross for the sins of the world, to rise again three days later, and to sit at the right hand of God the Father Almighty. Jesus fulfilled these and all the other 109 prophecies, proving he is the Son of God.",,,
q00151,top2001:1425,1008407,1,1,https://www.goodreads.com/work/quotes/1008407,"Carpathia stood again. “If I am not god,” he said, “I challenge yours to slay me now. I spit in his face and call him a weakling. If I remain alive for ten more seconds, he, and you, are frauds.” Chaim smiled. “What kind of a God would he be if he felt compelled to act on your timetable?",,,
q00152,top2001:3367,1080696,1,0,https://www.goodreads.com/work/quotes/1080696,"If you want to be happy for a year, win the lottery. If you want to be happy for life, love what you do.",,,
q00153,top2002:6281,2982200,1,0,https://www.goodreads.com/work/quotes/2982200,"It’s harder to kill people. The empathy is so much stronger that the mind must invent new reasons. But, if we can somehow link it to our own survival, the mind will make the devious twists and turns necessary to rationalize it. We’re very good at that. But it changes people. They learn to hate. Your wolf doesn’t need to hate what he kills. It would be easier if we could kill without compunction, like your wolf does, but then, we wouldn’t be human.",,,
q00154,top2002:6281,2982200,1,1,https://www.goodreads.com/work/quotes/2982200,"They are lazy, worthless men who contribute nothing, unless they’re shamed into it, and they have little shame.",,,
q00155,top2002:6281,2982200,1,2,https://www.goodreads.com/work/quotes/2982200,"They stopped for a moment to watch the evening sky transform itself in a show of dazzling radiance as gold transmuted into shades of vermilion that waned into shimmering purple, then darkened to deep blue as the first glittering sky fires appeared. Soon the sooty black night became a backdrop to the multitude of blazing lights that filled the summer sky, with a concentrated accumulation wending its way like a path across the vault above.",,,
q00156,top2002:6281,2982200,1,3,https://www.goodreads.com/work/quotes/2982200,"That is truly the loss of innocence, Ayla, when we understand what we must do in order to live. That",,,
q00157,top2002:6281,2982200,1,4,https://www.goodreads.com/work/quotes/2982200,"The creation of art, the delineation of animals or purposeful markings, was an expression of the ability to make abstractions—the ability to take the essence of a thing and make of it a symbol that stands for the thing itself. The symbol for a thing has another form as well: a sound, a word. A brain that could think in terms of art was a brain capable of developing to its fullest potential another abstraction of great significance: language. And the same brain that was capable of creating a synthesis of the abstraction of art and the abstraction of language would someday form a synergism of both symbols, in effect, a memory of the words: writing.",,,
q00158,top2002:6281,2982200,1,5,https://www.goodreads.com/work/quotes/2982200,I’d done so many things I wasn’t supposed to do that by then I was ready to try any idea that came to me.,,,
q00159,top2002:6281,2982200,1,6,https://www.goodreads.com/work/quotes/2982200,"She is an unpleasant woman, who seems to think of little besides herself, with few friends and no real talents.",,,
q00160,top2002:6281,2982200,1,8,https://www.goodreads.com/work/quotes/2982200,"When people treat others badly, they have to rationalize it so they can go on living with themselves. We give ourselves excuses.",,,
q00161,top2002:6281,2982200,1,9,https://www.goodreads.com/work/quotes/2982200,"A woman who is willing to hurt someone she doesn’t even know may be less attractive than you think,",,,
q00162,top2002:6281,2982200,1,12,https://www.goodreads.com/work/quotes/2982200,"I think we all have an obligation to teach children whatever we can,",,,
q00163,top2002:6281,2982200,1,13,https://www.goodreads.com/work/quotes/2982200,"But humans have been given the ability to think. That is what makes us learn and grow. It is also what gives us the knowledge that cooperation and understanding are necessary for our own survival, and that has led to empathy and compassion, but there’s another side to those kind of feelings. The empathy and compassion we feel for our own kind is sometimes extended to the rest of the living things on the earth. If we allowed it to keep us from killing a deer, or other animals, we would not live long. The desire to live is the stronger feeling, so we learn to be compassionate selectively. We find ways to close our minds. We limit our sense of empathy.",,,
q00164,top2002:6281,2982200,1,15,https://www.goodreads.com/work/quotes/2982200,"South Holding, was the acknowledged leader of the Twenty-ninth Cave, but Summer Camp and",,,
q00165,top2002:5048,104562,1,0,https://www.goodreads.com/work/quotes/104562,"Love is an activity, not a feeling…True love is not the helpless desire to possess the cherished object of one’s fervent affection; true love is the disciplined generosity we require of ourselves for the sake of another when we would rather be selfish.",,,
q00166,top2002:5048,104562,1,1,https://www.goodreads.com/work/quotes/104562,Fidelity in a sad marriage can fairly be described as an act of faith.,,,
q00167,top2002:5048,104562,1,2,https://www.goodreads.com/work/quotes/104562,Love is a gift we deliver when we would rather not.,,,
q00168,top2002:5048,104562,1,3,https://www.goodreads.com/work/quotes/104562,"I bristle again. I have never liked being called clever, especially by residents of the paler nation. It never quite means the same thing as intelligent or even bright, but carries instead an intimation of a low animal cunning. Perhaps the semiotician in me overreacts in assuming that conversations are racially charged; but so many conversations are.",,,
q00169,top2002:5048,104562,1,4,https://www.goodreads.com/work/quotes/104562,"This is what conservatives have spawned with their welfare cuts and their indifference to the plight of those not like themselves, say my colleagues at the university. This is what liberals have spawned with their fostering of the victim mentality and their indifference to the traditional values of hard work and family, my father used to tell his cheering audiences. In my sour moments, it strikes me that both sides seem much more interested in winning the argument than in alleviating these women's suffering.",,,
q00170,top2002:5048,104562,1,5,https://www.goodreads.com/work/quotes/104562,"We serve a hard, edgy crowd. Nearly all the women are black. Few make much effort with appearances any more. Most arrive with hair mashed and twisted, in unwashed sweatshirts and dirty jeans. There is grime under their cracked, badly painted nails. A handful have white teeth, but most passed long ago from yellow to brown. Several have problems with drugs. A few are quite obviously HIV-positive. The women drag themselves through the line like forgotten spirits shuffling off toward the River Styx. They are neither enthusiastic nor reluctant, neither fatalistic nor indignant. They are, for the most part, utterly without affect. They do not grin, cry, laugh, complain. They are merely present. In college, we would-be revolutionaries pretended that the oppressed would one day rise as a mighty army to smite the capitalists, overthrow the system, and establish a truly just society. Well, here are a couple of dozen of the most oppressed people in America, all lined up for their food, and the greatest passion they are able to summon is for brief but heated argument over who got the larger portion. Half may be dead in two years. If not for the hopeful, innocent beauty of their children, who still return a smile for a smile, I probably could not bear to come at all.",,,
q00171,top2002:5048,104562,1,6,https://www.goodreads.com/work/quotes/104562,"I do not know where Romeo comes from or even his real name. He was once on the street, as he puts it-meaning he dealt drugs-but managed to find Jesus without the inconvenience of first going to prison.",,,
q00172,top2003:4623,1877371,1,0,https://www.goodreads.com/work/quotes/1877371,"NEW-AGENT TRAINING at the FBI Academy in Quantico, sometimes called “Club Fed,” was turning out to be a challenging, arduous, and tense program. For the most part, I liked it, and I was making an effort to keep any skepticism down. But I had entered the Bureau with a reputation for catching pattern killers, and I",,,
q00173,top2003:4623,1877371,1,2,https://www.goodreads.com/work/quotes/1877371,"Gautier was possibly dead, probably dead. I ran as I shouted, “Take",,,
q00174,top2003:4054,1756312,1,0,https://www.goodreads.com/work/quotes/1756312,". . . whatsoever things are true, whatsoever things are honest, whatsoever things are just, whatsoever things are pure, whatsoever things are lovely . . . think on these things.",,,
q00175,top2003:4054,1756312,1,2,https://www.goodreads.com/work/quotes/1756312,"she didn’t believe in luck anymore, good or bad. She believed in grace, and grace alone.",,,
q00176,top2003:4054,1756312,1,3,https://www.goodreads.com/work/quotes/1756312,"I’m a sinner saved by grace, Lew, not by works. It doesn’t matter a whit that I’m a priest. What matters is that we surrender our hearts to God and receive His forgiveness, and come into personal relationship with His Son.",,,
q00177,top2003:4054,1756312,1,4,https://www.goodreads.com/work/quotes/1756312,"This simple: Dear God, thank You for loving me and for sending Your Son to die for my sins. I sincerely repent my sins and receive Christ as my personal Savior. Now, as Your child, I turn my entire life over to You.",,,
q00178,top2003:4054,1756312,1,5,https://www.goodreads.com/work/quotes/1756312,"When someone loves you, the way they say your name is different. You know that your name is safe in their mouth.",,,
q00179,top2003:4054,1756312,1,6,https://www.goodreads.com/work/quotes/1756312,"She set her coffee on the bedside table and opened her arms to the man whom she'd always believed, even when others didn't suspect it, to be wise and romantic, witty and ardent, generous and brave - in the end, the truest soul she had ever known.",,,
q00180,top2003:4054,1756312,1,7,https://www.goodreads.com/work/quotes/1756312,"If they was anything better'n hearin' rain on th' roof an' smellin' good cookin' at the same time, he didn't know what hit'd be.",,,
q00181,top2003:4054,1756312,1,8,https://www.goodreads.com/work/quotes/1756312,"The first rule is to keep an untroubled spirit,” he exclaimed, his breath vaporizing on the frosty air. “The second is to look things in the face and know them for what they are!",,,
q00182,top2003:4054,1756312,1,9,https://www.goodreads.com/work/quotes/1756312,"And, as Mr. Shakespeare said, ‘thanks, and thanks, and ever thanks’!",,,
q00183,top2003:4054,1756312,1,10,https://www.goodreads.com/work/quotes/1756312,"Indeed, it seemed to be the wont of most people in a distracted and frantic world to blast through an experience without savoring it or, later, reflecting upon it.",,,
q00184,top2003:4054,1756312,1,11,https://www.goodreads.com/work/quotes/1756312,"‘Thanks, and thanks, and ever thanks!’ ” Hope exclaimed, quoting Shakespeare.",,,
q00185,top2003:4054,1756312,1,12,https://www.goodreads.com/work/quotes/1756312,"At a time when his friends had stopped believing in Santa Claus, he was still believing in the powerful reality of the small tableau—in much the same way, he supposed, that a boy believes his action heroes to be living, and the battles on the parlor floor to be real.",,,
q00186,top2003:4054,1756312,1,13,https://www.goodreads.com/work/quotes/1756312,"Lord, make me a blessing to someone today!",,,
q00187,top2004:211,2943315,1,0,https://www.goodreads.com/work/quotes/2943315,Maybe there is another who sees life not as a flickering candle but as a torch that can illuminate an undiscovered world.,,,
q00188,top2004:211,2943315,1,1,https://www.goodreads.com/work/quotes/2943315,"There will always be those who feel more comfortable not venturing from the warmth of the hearth, but there are those who prefer to look out the window and wonder what is beyond the horizon.",,,
q00189,top2004:211,2943315,1,2,https://www.goodreads.com/work/quotes/2943315,"grief is like the wake behind a boat. It starts out as a huge wave that follows close behind you and is big enough to swamp and drown you if you suddenly stop moving forward. But if you do keep moving, the big wake will eventually dissipate. And after a long enough time, the waters of your life get calm again, and that is when the memories of those who have left begin to shine as bright and as enduring as the stars above.",,,
q00190,top2004:211,2943315,1,3,https://www.goodreads.com/work/quotes/2943315,"And if you do decide to wander, please leave a tiny bit of room in your heart for me. For if I live in your hearts, I really have not died",,,
q00191,top2004:211,2943315,1,4,https://www.goodreads.com/work/quotes/2943315,"He lives in the moment, not dwelling on what happened yesterday or what might happen tomorrow.",,,
q00192,top2004:211,2943315,1,5,https://www.goodreads.com/work/quotes/2943315,"originator of all tings. “According to legend, in dat time der were many wild animals on Dalvalo—lions, tigers, elephants, and sharks as big as dis boat. Deez were very dangerous creatures, and human people are what dey had for breakfast, lunch, and suppa. Well, da first chief of Dalvalo, named Huakelle, come up wif a plan to distribute some of dis danger elsewhere in da universe. So he took fiery lava dat squirt off da volcano, and he trows it in all directions and creates Europe, Asia, Africa, Australia, and America. Some of da small drops of hot lava got caught and was scatted by da wind, and dis what made da rest of da islands of Vanuatu and all Melanesia. “Da chief den ordered giant canoes to be built. Not only was der too many dangerous animals on Dalvalo, der was too many people, so he sent a bunch of animals and people off in da giant canoe to da new land. Most a da canoes went to Africa, but some got caught up in storms and wrecked on da reef. People was tossed into da sea, and when dey finally got to land again, dey noticed dat da salt wattah had bleached dem white. Dat is how you got here.",,,
q00193,top2004:211,2943315,1,6,https://www.goodreads.com/work/quotes/2943315,"It was one of the nasty wars that inspired no monuments,",,,
q00194,top2004:211,2943315,1,7,https://www.goodreads.com/work/quotes/2943315,"Fourteen knots is just a little less than twenty miles an hour. In land terms, that is about the speed you are allowed to travel through a school zone in your car. It does not seem very fast, but at one time, it was as fast as any vehicle on earth traveled. It",,,
q00195,top2004:211,2943315,1,8,https://www.goodreads.com/work/quotes/2943315,"Life is unpredictable, but there is a lot out there to do and see if you just tune in to the radio.",,,
q00196,top2004:211,2943315,1,9,https://www.goodreads.com/work/quotes/2943315,"We were playing a story game Bucky had invented called the Last Supper. It consisted of allowing those evil, avenging creatures of God—horseflies—to light on the exposed skin of your arm or leg and take a bite. At that point, you make up an epitaph, which you deliver to the horsefly as he eats his last meal, and then you flatten the little bastard. The speeches are voted on by those in attendance, and the best speech wins a bottle of wine.",,,
q00197,top2005:3787,476816,1,0,https://www.goodreads.com/work/quotes/476816,The dark is generous and it is patient and it always wins – but in the heart of its strength lies its weakness: one lone candle is enough to hold it back.Love is more than a candle.Love can ignite the stars.,,,
q00198,top2005:3787,476816,1,1,https://www.goodreads.com/work/quotes/476816,"A pair of starfighters. Jedi starfighters. Only two.Two is enough.Two is enough because the adults are wrong, and their younglings are right.Though this is the end of the age of heroes, it has saved its best for last.",,,
q00199,top2005:3787,476816,1,2,https://www.goodreads.com/work/quotes/476816,"And you rage and scream and reach through the Force to crush the shadow who has destroyed you, but you are so far less now than what you were, you are more than half machine, you are like a painter gone blind, a composer gone deaf, you can remember where the power was but the power you can touch is only a memory, and so with all your world-destroying fury it is only droids around you that implode, and equipment, and the table on which you were strapped shatters, and in the end, you cannot touch the shadow. In the end you don't even want to. In the end, you do not even want to. In the end, the shadow is all you have left. Because the shadow understands you, the shadow forgives you, the shadow gathers you unto itself—And within your furnace heart, you burn in your own flame.",,,
q00200,top2005:3787,476816,1,3,https://www.goodreads.com/work/quotes/476816,This is Obi-Wan Kenobi:A phenomenal pilot who doesn’t like to fly. A devastating warrior who’d rather not fight. A negotiator without peer who frankly prefers to sit alone in a quiet cave and meditate.,,,
q00201,top2005:3787,476816,1,4,https://www.goodreads.com/work/quotes/476816,"The dark is generous, and it is patient. It is the dark that seeds cruelty into justice, that drips contempt into compassion, that poisons love with grains of doubt. The dark can be patient, because the slightest drop of rain will cause those seeds to sprout. The rain will come, and the seeds will sprout, for the dark is the soil in which they grow, and it is the clouds above them, and it waits behind the star that gives them light. The dark’s patience is infinite. Eventually, even stars burn out.",,,
q00202,top2005:3787,476816,1,5,https://www.goodreads.com/work/quotes/476816,"Anakin.” Obi-Wan’s voice had gone soft, and his hand was warm on Anakin’s arm. “There is no other Jedi I would rather have at my side right now. No other man.”Anakin turned, and found within Obi-Wan’s eyes a depth of feeling he had only rarely glimpsed in all their years together; and the pure uncomplicated love that rose up within him then felt like a promise from the Force itself.“I… I wouldn’t have it any other way, Master.”“I believe,” his onetime Master said with a gently humorous look of astonishment at the words coming out of his mouth, “that you should get used to calling me Obi-Wan.",,,
q00203,top2005:3787,476816,1,6,https://www.goodreads.com/work/quotes/476816,"This is how it feels to be Anakin Skywalker, forever: The first dawn of light in your universe brings pain. The light burns you. It will always burn you. Part of you will always lie upon black glass sand beside a lake of fire while flames chew upon your flesh. You can hear yourself breathing. It comes hard, and harsh, and it scrapes nerves already raw, but you cannot stop it. You can never stop it. You cannot even slow it down. You don’t even have lungs anymore. Mechanisms hardwired into your chest breathe for you. They will pump oxygen into your bloodstream forever. Lord Vader? Lord Vader, can you hear me?",,,
q00204,top2005:3787,476816,1,7,https://www.goodreads.com/work/quotes/476816,"This was not Sith against Jedi. This was not light against dark or good against evil; it had nothing to do with duty or philosophy, religion or morals.It was Anakin against Obi-Wan.Personally.Just the two of them and the damage they had done to each other",,,
q00205,top2005:3787,476816,1,8,https://www.goodreads.com/work/quotes/476816,"The dark is generous. Its first gift is concealment: our true faces lie in the dark beneath our skins, our true hearts remain shadowed deeper still. But the greatest concealment lies not in protecting our secret truths, but in hiding from us the truths of others. The dark protects us from what we dare not know.",,,
q00206,top2005:3787,476816,1,9,https://www.goodreads.com/work/quotes/476816,"This story happened a long time ago in a galaxy far, far away. It is already over. Nothing can be done to change it. It is a story of love and loss, brotherhood and betrayal, courage and sacrifice and the death of dreams. It is a story of the blurred line between our best and our worst. It is the story of the end of an age. A strange thing about stories— Though this all happened so long ago and so far away that words cannot describe the time or the distance, it is also happening right now. Right here. It is happening as you read these words. This is how twenty-five millennia come to a close. Corruption and treachery have crushed a thousand years of peace. This is not just the end of a republic; night is falling on civilization itself. This is the twilight of the Jedi. The end starts now.",,,
q00207,top2005:3787,476816,1,10,https://www.goodreads.com/work/quotes/476816,"In the end, you cannot touch the shadow.In the end, you do not even want to.In the end, the shadow is all you have left.Because the shadow understands you, the shadow forgives you, the shadow gathers you unto itself -And within your furnace heart, you burn in your own flame.This is how it feels to be Anakin Skywalker.Forever...",,,
q00208,top2005:3787,476816,1,11,https://www.goodreads.com/work/quotes/476816,"So this is how liberty dies,"" she was saying to herself. ""With cheering, and applause.",,,
q00209,top2005:3787,476816,1,12,https://www.goodreads.com/work/quotes/476816,"Contemplation of death brought only one slight sting of regret, and more than a bit of puzzlement. Until this very moment, he had never realized he’d always expected, for no discernible reason— That when he died, Anakin would be with him.",,,
q00210,top2005:3787,476816,1,13,https://www.goodreads.com/work/quotes/476816,"I think,"" Obi-Wan said carefully, ""that abstractions like peace don't mean much to him. He's loyal to people, not to principles. And he expects loyalty in return. He will stop at nothing to save me, for example, because he thinks I would do the same for him."" Mace and Yoda gazed at him steadily, and Obi-Wan had to lower his head. ""Because,"" he admitted reluctantly, ""he knows I would do the same for him.",,,
q00211,top2005:3787,476816,1,15,https://www.goodreads.com/work/quotes/476816,"This is Anakin Skywalker: The most powerful Jedi of his generation. Perhaps of any generation. The fastest. The strongest. An unbeatable pilot. An unstoppable warrior. On the ground, in the air or sea or space, there is no one even close. He has not just power, not just skill, but dash: that rare, invaluable combination of boldness and grace.",,,
q00212,top2005:3787,476816,1,16,https://www.goodreads.com/work/quotes/476816,"I am called a great swordsman because I invented a lethal style; but who is greater, the creator of a killing form—or the master of the classic form?""""I'm very flattered that you would consider me a master but really—""""Not a master. The master.",,,
q00213,top2005:3787,476816,1,17,https://www.goodreads.com/work/quotes/476816,And he knew that to strike Anakin down would burn his own heart to ash,,,
q00214,top2005:3787,476816,1,18,https://www.goodreads.com/work/quotes/476816,"But even in the deepest night, there are some who dream of dawn",,,
q00215,top2005:3787,476816,1,19,https://www.goodreads.com/work/quotes/476816,"This truth: that he, the avatar of light, Supreme Master of the Jedi Order, the fiercest, most impeccable, most devastatingly powerful foe the darkness had ever known...just-didn't-have it.",,,
q00216,top2005:3787,476816,1,20,https://www.goodreads.com/work/quotes/476816,"They are closer than friends. Closer than brothers. Though Obi-Wan is sixteen standard years Anakin's elder, they have become men together. Neither can imagine life without the other. The war has forged their two lives into one.",,,
q00217,top2005:3787,476816,1,21,https://www.goodreads.com/work/quotes/476816,"And Anakin is on his way despite the dread boiling through his blood. That’s what makes him a real hero. Not the way the HoloNet labels him; not without fear, but stronger than fear.He looks the dragon in the eye and doesn’t even slow down.",,,
q00218,top2005:3787,476816,1,22,https://www.goodreads.com/work/quotes/476816,"The man he faced was everything Obi-Wan had devoted his life to destroying: Murderer. Traitor. Fallen Jedi. Lord of the Sith. NAd here, and now, despite it all...Obi-Wan still loved him",,,
q00219,top2005:3787,476816,1,23,https://www.goodreads.com/work/quotes/476816,"His agony somehow became an invisible hand, stretching out through the Force, a hand that found her, far away, alone in her apartment in the dark, a hand that felt the silken softness of her skin and the sleek coils of her hair, a hand that dissolved into a field of pure energy, of pure feeling that reached inside her—And now he felt her, really felt her in the Force, as though she could have been some kind of Jedi, too, but more than that: he felt a bond, a connection, deeper and more intimate than he’d ever had before with anyone, even Obi-Wan; for a precious eternal instant he was her … he was the beat of her heart and he was the motion of her lips and he was her soft words as though she spoke a prayer to the stars—",,,
q00220,top2005:3787,476816,1,24,https://www.goodreads.com/work/quotes/476816,"Everything dies. In time, even stars burn out. This is why Jedi form no attachments: all things pass. To hold on to something—or someone—beyond its time is to set your selfish desires against the Force. That is a path of misery, Anakin; the Jedi do not walk it.",,,
q00221,top2005:3787,476816,1,25,https://www.goodreads.com/work/quotes/476816,"It is in this blazing moment that you finally understand the trap of the dark side, the final cruelty of the Sith -Because now your self is all you will ever have.",,,
q00222,top2005:3787,476816,1,26,https://www.goodreads.com/work/quotes/476816,"Obi-Wan, staring, wished that he had the strength to rip his eyes out of his head.But even blind, he would see this forever.He would see his friend, his student, his brother, turn and kneel in front of a black-cloaked Lord of the Sith.His head rang with a silent scream.",,,
q00223,top2005:3787,476816,1,27,https://www.goodreads.com/work/quotes/476816,"Until the possible becomes actual, it is only a distraction. Be mindful of what is, not what might be.",,,
q00224,top2005:3787,476816,1,28,https://www.goodreads.com/work/quotes/476816,"They knew each other better than brothers, more intimately than lovers; they were complementary halves of a single warrior.",,,
q00225,top2005:3787,476816,1,29,https://www.goodreads.com/work/quotes/476816,"In every exchange, Obi-Wan gave ground. It was his way.",,,
q00226,top2005:3787,476816,2,1,https://www.goodreads.com/work/quotes/476816?page=2,...you must understand that not even the Jedi know all there is to be known about the Force; no mortal mind can. We speak of the will of the Force as someone ignorant of gravity might say it is the will of a river to flow to the ocean; it is a metaphor that describes our ignorance. The simple truth - if any truth is ever simple - is that we do not truly know what the will of the Force may be. We can never know. It is so far beyond our limited understanding that we can only surrender to its mystery.,,,
q00227,top2005:3787,476816,2,3,https://www.goodreads.com/work/quotes/476816?page=2,"She put this in my hand - "" For what seemed the dozenth time this day, he found himself blinking back tears. "" - and I don't even know what it is.""""Precious to her, it must have been,"" Yoda said slowly. ""Buried with her, perhaps it should be.""Obi-Wan looked down at the simple, child-like symbols carved into it and felt from it in the Force soaring echoes of transcendent love, and the bleak, black despair of unendurable heartbreak.",,,
q00228,top2005:3787,476816,2,4,https://www.goodreads.com/work/quotes/476816?page=2,"He had time to gasp, ""You're - you're Anakin Skywalker!"" before a fountain of blue-white plasma burned into his chest, curving through a loop that charred all three of his hearts.The Separatist leadership watched in frozen horror as the corpse of the head of the InterGalactic Banking Clan collapsed like a depowered protocol droid.""The resemblance,"" Darth Vader said, ""Is deceptive.",,,
q00229,top2005:3787,476816,2,5,https://www.goodreads.com/work/quotes/476816?page=2,Obi-Wan looked down. It would be a mercy to kill him.He was not feeling merciful,,,
q00230,top2005:3787,476816,2,7,https://www.goodreads.com/work/quotes/476816?page=2,"You should pay more attention to the weather.""Yellow eyes narrowed behind a mask of armorplast. ""What?""""Have a look outside."" He pointed his lightsaber toward the archway. ""It's about to start raining clones.",,,
q00231,top2005:3787,476816,2,9,https://www.goodreads.com/work/quotes/476816?page=2,"You’ve been off fighting the war in the Outer Rim. You don’t know what it’s been like, dealing with all the petty squabbles and special interests and greedy, grasping fools in the Senate, and Palpatine’s constant, cynical, ruthless maneuvering for power—he carves away chunks of our freedom and bandages the wounds with tiny scraps of security. And for what? Look at this planet, Obi-Wan! We have given up so much freedom—how secure do we look?",,,
q00232,top2005:3787,476816,2,10,https://www.goodreads.com/work/quotes/476816?page=2,"Until the time is right, disappear we will.",,,
q00233,top2005:3787,476816,2,13,https://www.goodreads.com/work/quotes/476816?page=2,"Palpatine gave him that wise, kindly-uncle smile Anakin had been seeing since the age of nine. ""For what?""""You're a Sith Lord!""""I am."" he said simply. ""I am also your friend.",,,
q00234,top2005:3787,476816,2,14,https://www.goodreads.com/work/quotes/476816?page=2,"Say what you will about the wisdom of ancient Master Yoda, or the deadly skill of grim Mace Windu, the courage of Ki-Adi-Mundi, or the subtle wiles of Shaak Ti; the greatness of all these Jedi is unquestioned, but it pales next to the legend that has grown around Kenobi and Skywalker. They stand alone.",,,
q00235,top2005:3787,476816,2,16,https://www.goodreads.com/work/quotes/476816?page=2,"Do or do not, there is no try. -Yoda",,,
q00236,top2005:3787,476816,2,18,https://www.goodreads.com/work/quotes/476816?page=2,"She was silent, and still, only letting herself breathe, feeling the beat of her heart, and she could have stood there forever, in the shadows, and had her fondest dreams all fulfilled, simply by watching him be alive...",,,
q00237,top2005:3787,476816,2,19,https://www.goodreads.com/work/quotes/476816?page=2,"A slight, wistful smile crept over his face. 'If I listen hard enough, I can almost hear Qui-Gon reminding me that until the possible becomes actual, it is only a distraction.",,,
q00238,top2005:3787,476816,2,21,https://www.goodreads.com/work/quotes/476816?page=2,"How lovely!"" C-3PO exclaimed. ""His daughter is the child of Master Anakin and Senator Amidala,"" he explained to R2-D2. ""I can hardly wait to tell her all about her parents! I'm sure she will be very proud -""""Oh, and the protocol droid?"" Senator Organa said thoughtfully. ""Have its mind wiped.",,,
q00239,top2005:3787,476816,2,23,https://www.goodreads.com/work/quotes/476816?page=2,"Because his real fear, in a universe where even stars can die, is that being the best will never be quite good enough.",,,
q00240,top2005:3787,476816,2,26,https://www.goodreads.com/work/quotes/476816?page=2,"Sometimes the closest,” Palpatine said sadly, “are those who cannot see.",,,
q00241,top2005:2241,2172512,1,0,https://www.goodreads.com/work/quotes/2172512,"Nora rambled and, a few times, corrected herself. Other times she spoke with great clarity. As she’d read in books on forensic psychology, the major similarity among “grief-stricken” people was their ever-shifting cognitive and emotional states.",,,
q00242,top2005:2603,987750,1,0,https://www.goodreads.com/work/quotes/987750,"There is some delight in ale and wineAnd some in girls with ankles fineBut my delight, yes always mineIs to dance with Jak O’ the ShadowsWe will toss the dice however they fallAnd snuggle the girls be they short or tallThen follow Lord Mat whenever he callsTo dance with Jak O’ the Shadows.",,,
q00243,top2005:2603,987750,1,1,https://www.goodreads.com/work/quotes/987750,A beautiful battle is one you don't have to fight,,,
q00244,top2005:2603,987750,1,2,https://www.goodreads.com/work/quotes/987750,"Lan told me once that Malkier lives so long as one man wears the hadori in pledge that he will fight the Shadow, so long as one woman wears the ki'sain in pledge that she will send her sons to fight the Shadow. I wear the ki'sain, Master Aldragoran. My husband wears the hadori. So do you. Will Lan Mandragoran ride to the Last Battle alone?",,,
q00245,top2005:2603,987750,1,3,https://www.goodreads.com/work/quotes/987750,The Golden Crane flies for Tarmon Gai'don!,,,
q00246,top2005:2603,987750,1,4,https://www.goodreads.com/work/quotes/987750,"My name is Nynaeve ti al’Meara Mandragoran. The message I want sent is this. My husband rides from World’s End toward Tarwin’s Gap, toward Tarmon Gai’don. Will he ride alone?",,,
q00247,top2005:2603,987750,1,5,https://www.goodreads.com/work/quotes/987750,"When the Wolf King carries the hammer, thus are the final days known. When the fox marries the raven, and the trumpets of battle are blown.",,,
q00248,top2005:2603,987750,1,6,https://www.goodreads.com/work/quotes/987750,The sweetness of victory and the bitterness of defeat are alike a knife of dreams.-From Fog and Steel by Madoc Comadrin,,,
q00249,top2005:2603,987750,1,7,https://www.goodreads.com/work/quotes/987750,Some people thought scars a sign of toughness. It seemed to Perrin that fewer scars meant that you knew what you were doing.,,,
q00250,top2005:2603,987750,1,8,https://www.goodreads.com/work/quotes/987750,That had the irritating sound of an old saying.,,,
q00251,top2005:2603,987750,1,9,https://www.goodreads.com/work/quotes/987750,But only a fool thought he knew what was in a woman’s head just because she had a smile on her face.,,,
q00252,top2005:2603,987750,1,10,https://www.goodreads.com/work/quotes/987750,"A woman's love can be violent.Sometimes they hurt a man worse than they think they have, worse than they mean to.Sometimes, they're even sorry afterwards.",,,
q00253,top2005:2603,987750,1,11,https://www.goodreads.com/work/quotes/987750,Beware the fox that makes the ravens fly.,,,
q00254,top2005:2603,987750,1,12,https://www.goodreads.com/work/quotes/987750,"You're not my enemy, but your Empire is.",,,
q00255,top2005:2603,987750,1,14,https://www.goodreads.com/work/quotes/987750,It looks a good plan to me. As good as any till the arrows start flying.,,,
q00256,top2005:2603,987750,1,15,https://www.goodreads.com/work/quotes/987750,"If someone offers him enough gold, it becomes a toss of the dice, and not even Mat Cauthon could say how they’ll land.",,,
q00257,top2005:2603,987750,1,16,https://www.goodreads.com/work/quotes/987750,Thieves are always the most careful of their purses.,,,
q00258,top2005:2603,987750,1,17,https://www.goodreads.com/work/quotes/987750,she knew that showing nerves could infect others with them.,,,
q00259,top2005:2603,987750,1,18,https://www.goodreads.com/work/quotes/987750,"Light’s truth, if you got a woman to feed you on a regular basis, she was halfway won.",,,
q00260,top2005:2603,987750,1,19,https://www.goodreads.com/work/quotes/987750,"In any trade, you needed to make the other fellow think he was getting something extra,",,,
q00261,top2005:2603,987750,1,20,https://www.goodreads.com/work/quotes/987750,Small courtesies were the lubricant of daily life.,,,
q00262,top2005:2603,987750,1,23,https://www.goodreads.com/work/quotes/987750,The woman never wanted much. Just her own way. Like just about every other woman he had ever known.,,,
q00263,top2005:2603,987750,1,24,https://www.goodreads.com/work/quotes/987750,"Well, heroes got patted on the head, then pushed out of the way until the next time a hero was needed, if they survived being a hero in the first place. Very often, heroes did not.",,,
q00264,top2005:2603,987750,1,25,https://www.goodreads.com/work/quotes/987750,People frequently continued to go on as they had been after all purpose in it had been lost.,,,
q00265,top2005:2603,987750,1,26,https://www.goodreads.com/work/quotes/987750,The mighty tell the lesser to dig in the mud and keep their own hands clean.,,,
q00266,top2005:2603,987750,1,27,https://www.goodreads.com/work/quotes/987750,"when a dangerous path was your only route to safety, you had to take it.",,,
q00267,top2005:2603,987750,1,28,https://www.goodreads.com/work/quotes/987750,Women could compress a great deal into one look.,,,
q00268,top2005:2603,987750,1,29,https://www.goodreads.com/work/quotes/987750,"Mourn if you must,” he said, “but mourn on the march for Tarmon Gai’don.",,,
q00269,top2005:2603,987750,2,0,https://www.goodreads.com/work/quotes/987750?page=2,Women just purely enjoyed planting needles in a man.,,,
q00270,top2005:2603,987750,2,1,https://www.goodreads.com/work/quotes/987750?page=2,"Truth has more shadings than you might think, and distance often distorts truth into something very different from the facts.",,,
q00271,top2005:2603,987750,2,3,https://www.goodreads.com/work/quotes/987750?page=2,A general who draws his sword has put aside his baton and become a common soldier.,,,
q00272,top2005:2603,987750,2,4,https://www.goodreads.com/work/quotes/987750?page=2,"It was pure Fire, and the blazes were ferocious, fiercer than she would have expected from Fire alone.",,,
q00273,top2005:2603,987750,2,6,https://www.goodreads.com/work/quotes/987750?page=2,A brief interlude with tales of romance and adventure was much preferable to contemplating utter futility,,,
q00274,top2005:2603,987750,2,7,https://www.goodreads.com/work/quotes/987750?page=2,she folded her arms beneath that impressive bosom.,,,
q00275,top2005:2603,987750,2,8,https://www.goodreads.com/work/quotes/987750?page=2,Pain was as much a part of life as breathing.,,,
q00276,top2005:2603,987750,2,9,https://www.goodreads.com/work/quotes/987750?page=2,only a complete woolhead looked at a woman while with another.,,,
q00277,top2005:2603,987750,2,10,https://www.goodreads.com/work/quotes/987750?page=2,"Lews Therin hummed even harder, making Rand wish the man had a face so he could hit him.",,,
q00278,top2005:2603,987750,2,11,https://www.goodreads.com/work/quotes/987750?page=2,"Logic is always applicable to the real world,” Miyasi said dismissively, “but only a novice would think the real world can be applied to logic. Ideals must be first principles. Not the mundane world.",,,
q00279,top2005:2603,987750,2,12,https://www.goodreads.com/work/quotes/987750?page=2,It was always a mistake to choose a pillow-friend who did not wear the shawl. Especially if you were fool enough to let her take the lead.,,,
q00280,top2005:2603,987750,2,13,https://www.goodreads.com/work/quotes/987750?page=2,"Pretend something too long, and it could become truth.",,,
q00281,top2005:2603,987750,2,14,https://www.goodreads.com/work/quotes/987750?page=2,"Perrin shared, though he let none of it show. The sun stood almost overhead; he had been waiting there nearly an hour. A stiff, steady breeze blew",,,
q00282,top2005:2603,987750,2,16,https://www.goodreads.com/work/quotes/987750?page=2,"I told her she would feel the strap if we delayed the departure,” Nadere was saying with some heat as Elayne entered the room. “It is hardly fair if she is not the cause, but I said what I said.",,,
q00283,top2005:2603,987750,2,17,https://www.goodreads.com/work/quotes/987750?page=2,There’s always another battle. I suppose that will be the case until the whole world turns Tinker.,,,
q00284,top2005:2603,987750,2,19,https://www.goodreads.com/work/quotes/987750?page=2,"Cauthon looked like a man watching an arrow fly toward his face, knowing he had no chance to dodge.",,,
q00285,top2005:2603,987750,3,21,https://www.goodreads.com/work/quotes/987750?page=3,"De jovencita había sido obstinada, siempre aspirando a más. La Torre le había enseñado que podía lograr más si aprendía a controlarse, y se enorgullecía de esa habilidad.",,,
q00286,top2005:2603,987750,4,7,https://www.goodreads.com/work/quotes/987750?page=4,"I’m an old man,” Thom said suddenly, “and sometimes I imagine I see things that can’t be, but luckily, I always forget them.",,,
q00287,top2005:2603,987750,4,9,https://www.goodreads.com/work/quotes/987750?page=4,"the more people were listening, the more he tended to forget what he intended to say and go off on tangents. In truth, he had to admit that sometimes he rambled a bit with only a few listeners.",,,
q00288,top2005:2603,987750,4,10,https://www.goodreads.com/work/quotes/987750?page=4,"Elaida would charge her with falsely claiming to be the Amyrlin Seat. The penalty for that was death. Strangely, that brought no fear. Perhaps it was the herb working on her.",,,
q00289,top2005:2603,987750,4,11,https://www.goodreads.com/work/quotes/987750?page=4,"It was a plain table, and unadorned like all of her furnishings, some of which she suspected might be of indifferent workmanship. A trivial matter; so long as furniture did what it was supposed to do, nothing more mattered",,,
q00290,top2005:2603,987750,4,13,https://www.goodreads.com/work/quotes/987750?page=4,"What else did she tell you about—” Thom began, then cut off with a frown. “What ails you, Mat? You look about to sick up.”What ailed him was his memory, and not the other men’s memories for once. Those had been stuffed into him to fill holes in his own memories, which they did and more, or so it seemed. He certainly remembered many more days than he had lived. But whole stretches of his own life were lost to him, and others were like moth-riddled blankets or shadowy and dim. He had only spotty memories of fleeing Shadar Logoth, and very vague recollections of escaping on Domon’s rivership, but one thing seen on that voyage stood out. A tower shining like burnished steel. Sick up? His stomach wanted to empty itself. “I think I know where that tower is, Thom. Rather, Domon knows. But I can’t go with you. The Eelfinn will know I’m coming, maybe the Aelfinn, too. Burn me, they might already know about this letter, because I read it. They might know every word we’ve said. You can’t trust them. They’ll take advantage if they can, and if they know you’re coming, they’ll be planning to do just that. They’ll skin you and make harnesses for themselves from your hide.” His memories of them were all his own, but they were more than enough to support the judgment.",,,
q00291,top2005:2603,987750,4,14,https://www.goodreads.com/work/quotes/987750?page=4,"Toy, are you ill?” Tuon brought the mare close and peered up into his face. Concern filled her big eyes. “You’ve gone pale as the moon.”“I’m right as spring water,” he muttered. She was close enough for him to kiss if he bent his head, but he did not move. He could not. He was thinking so furiously he had nothing left for motion. Somehow only the Light knew, the Eelfinn had gathered the memories they had planted in his head, but how could they harvest memory from a corpse? A corpse in the world of men, at that. He was certain they never came to this side of that twisted doorframe ter’angreal for longer than minutes at a time. A way occurred to him, one he did not like, not a scrap. Maybe they created some sort of link to any human who visited them, a link that allowed them to copy all of a man’s memories after that right up to the moment he died. In some of those memories from other men he was white-haired, in some only a few years older than he really was, and everything in between, but there were none of childhood or growing up. What were the odds of that, if they had just stuffed him with random bits and pieces, likely things they considered rubbish or had done with? What did they do with memories, anyway? They had to have some reason for gathering them beyond giving them away again. No, he was just trying to avoid where this led. Burn him, the bloody foxes were inside his head right then! They had to be. It was the only explanation that made sense.",,,
q00292,top2005:2603,987750,4,18,https://www.goodreads.com/work/quotes/987750?page=4,"We’ll talk about it,” she murmured, the bond filling with stubborn resolve. The most dire words a woman can say short of “I’m going to kill you,",,,
q00293,top2005:2603,987750,4,20,https://www.goodreads.com/work/quotes/987750?page=4,quietly as they waited. Mandarb danced in circles,,,
q00294,top2006:978,3017730,1,0,https://www.goodreads.com/work/quotes/3017730,"At bottom, you see, we are not Homo sapiens as all. Our core is madness. The prime directive is murder. What Darwin was too polite to say, my friends, is that we came to rule the earth not because we were the smartest, or even the meanest, but because we have always been the craziest, most murderous motherfuckers in the jungle. And that is what the Pulse exposed five days ago.",,,
q00295,top2006:978,3017730,1,2,https://www.goodreads.com/work/quotes/3017730,Man has come to dominate the planet thanks to two essential traits. One is intelligence. The other has been the absolute willingness to kill anyone and anything that gets in his way.,,,
q00296,top2006:978,3017730,1,3,https://www.goodreads.com/work/quotes/3017730,This is how a man looks when he's deciding that the risk of death is better than the risk of change.,,,
q00297,top2006:978,3017730,1,4,https://www.goodreads.com/work/quotes/3017730,"He said the mind can calculate, but the spirit yearns, and the heart knows what the heart knows.",,,
q00298,top2006:978,3017730,1,5,https://www.goodreads.com/work/quotes/3017730,"Three days ago we not only ruled the earth, we had survivor's guilt about all the other species we'd wiped out on our climb to the nirvana of round-the-clock cable news and microwave popcorn. Now we're the Flashlight People.",,,
q00299,top2006:978,3017730,1,6,https://www.goodreads.com/work/quotes/3017730,"Clay said, ""If they have flashlights like us, we can almost assume-""""We can't assume anything,"" [Alice] said restlessly, querulously. ""My father says assume makes an ass out of you and me. Get it, u and-""""I get it,"" Clay said.",,,
q00300,top2006:978,3017730,1,10,https://www.goodreads.com/work/quotes/3017730,"Can a mordern city burn,' he asked Tom. 'One made mostly of concrete and metal and glass? Could it burn the way Chicago did after Mrs. O'Leary's cow kicked over the lantern?",,,
q00301,top2006:978,3017730,1,11,https://www.goodreads.com/work/quotes/3017730,"It would occur to him later that the body knows how to fight when it has to. That it’s a secret the body keeps, just as it does the secrets of how to run or jump a creek or throw a fuck or—quite likely—die when there’s no other choice. That under conditions of extreme stress it simply takes over and does what needs doing while the brain stands off to one side, unable to do anything but whistle and tap its foot",,,
q00302,top2006:978,3017730,1,12,https://www.goodreads.com/work/quotes/3017730,"At half past three, in the ditch of the night, Alice said: “Oh, Mummy, too bad! Fading roses, this garden’s over.",,,
q00303,top2006:978,3017730,1,13,https://www.goodreads.com/work/quotes/3017730,His cock swung from side to side like the pendulum of a grandfather clock on speed.,,,
q00304,top2006:978,3017730,1,14,https://www.goodreads.com/work/quotes/3017730,"That tight little accent grated on Clay’s frayed nerves. He thought that if it had been a fart, it would have been the kind that comes out sounding like a party-horn blown by a kid with asthma.",,,
q00305,top2006:978,3017730,1,15,https://www.goodreads.com/work/quotes/3017730,"It'll be all right, Clay. Really."" ""So you say, but you have a persecution complex and delusions of grandeur."" ""That's true,"" Tom said, ""but they're balanced out by poor self-image and ego menstruation at roughly six week intervals...",,,
q00306,top2006:978,3017730,1,16,https://www.goodreads.com/work/quotes/3017730,Human aggression is instinctual. Humans have not evolved any ritualized aggression-inhibiting mechanisms to ensure the survival of the species. For this reason man is considered a very dangerous animal. KONRAD LORENZ,,,
q00307,top2006:978,3017730,1,17,https://www.goodreads.com/work/quotes/3017730,"I don't know why the phone-people want all the 'normies' in Kashwak, but I know what a roundup usually means for the cattle.",,,
q00308,top2006:978,3017730,1,18,https://www.goodreads.com/work/quotes/3017730,"He did it with a teacher's natural assumptions: lecturing was his responsibility, interruption his privilege.",,,
q00309,top2006:978,3017730,1,21,https://www.goodreads.com/work/quotes/3017730,"Dodge had a good time, too.",,,
q00310,top2006:978,3017730,1,23,https://www.goodreads.com/work/quotes/3017730,"She’s like Ahab on the prod for Moby,” the Head remarked. “Eminem might have been a jerk, but he was right about that guy,” Tom said morosely. “I beg your pardon, Tom?” the Head asked. Tom waved it away.",,,
q00311,top2006:978,3017730,1,24,https://www.goodreads.com/work/quotes/3017730,"He didn't love being called an animal, but couldn't deny that was what he was: oxygen and food in, carbon dioxide and shit out, pop goes the weasel.",,,
q00312,top2006:6800,2414732,1,0,https://www.goodreads.com/work/quotes/2414732,"Survive long enough and you get to a far point in life where nothing else of particular interest is going to happen. After that, if you don’t watch out, you can spend all your time tallying your losses and gains in endless narrative. All you love has fled or been taken away. Everything fallen from you except the possibility of jolting and unforewarned memory springing out of the dark, rushing over you with the velocity of heartbreak. May walking down the hall humming an old song—“The Girl I Left Behind Me”—or the mere fragrance of clove in spiced tea can set you weeping and howling when all you’ve been for weeks on end is numb.",,,
q00313,top2006:6800,2414732,1,1,https://www.goodreads.com/work/quotes/2414732,It is a bad idea to live too long. Few carry it off well.,,,
q00314,top2006:6800,2414732,1,2,https://www.goodreads.com/work/quotes/2414732,You never know when somebody will pull you to them.,,,
q00315,top2006:6800,2414732,1,3,https://www.goodreads.com/work/quotes/2414732,"My opinion was that if hogs are biting you so often that you have to stop and make up a specific word for it, maybe lack of vocabulary is not your most pressing problem.",,,
q00316,top2006:6800,2414732,1,4,https://www.goodreads.com/work/quotes/2414732,What I wanted to do was slap him down a bit with wit and words. Grammar and vocabulary as a weapon. But what kind of world would it be if we all took every opportunity presented to us to assault the weak?,,,
q00317,top2006:6800,2414732,1,5,https://www.goodreads.com/work/quotes/2414732,"In the end, he said he judged the Bible to be a sound book. Nevertheless, he wondered why the white people were not better than they are, having had it for so long. He promised that just as soon as white people achieved Christianity, he would recommend it to his own folks.",,,
q00318,top2006:6800,2414732,1,6,https://www.goodreads.com/work/quotes/2414732,That's the way it is at some point in life. An inevitable consequence of living. A lot of things begin falling away.,,,
q00319,top2006:6800,2414732,1,7,https://www.goodreads.com/work/quotes/2414732,"Or maybe it is only that we are so habitually inattentive that when some rare but simple geometry grabs us by the shoulders and shakes us into consciousness, we call our response sacred.",,,
q00320,top2006:6800,2414732,1,8,https://www.goodreads.com/work/quotes/2414732,"...I had always believed prayer ought to be conducted on our feet rather than on our knees, since God seems in all other departments of life to require us to stand upright and account for ourselves.",,,
q00321,top2006:6800,2414732,1,9,https://www.goodreads.com/work/quotes/2414732,"I won't go into it any further, other than to say that year by year the world darkens down and things are always going away.",,,
q00322,top2006:6800,2414732,1,10,https://www.goodreads.com/work/quotes/2414732,We all reach a point where we would like to draw a line across time and declare everything on the far side null. Shed,,,
q00323,top2006:6800,2414732,1,11,https://www.goodreads.com/work/quotes/2414732,"It is tempting to look back at Bear’s people from the perspective of this modern world and see them as changeless and pure, authentic people in ways impossible for anybody to be anymore. We need Noble Savages for our own purposes. Our happy imaginings about them and the pure world they occupied do us good when incoherent change overwhelms us. But even in those early days when I was first getting to know Bear and his people, I could see that change and brutal loss had been all they had experienced for two centuries.",,,
q00324,top2006:6800,2414732,1,12,https://www.goodreads.com/work/quotes/2414732,"almost nothing in life is epic or tragic at the moment of its enactment. History in the making, at least on the personal level, is almost exclusively pathetic. People suffer and die in ignorance and delusion.",,,
q00325,top2006:6800,2414732,1,14,https://www.goodreads.com/work/quotes/2414732,It is best not to study too much on who gets what they deserve. It can lead to an overly complicated interpretation of God’s personal attributes.,,,
q00326,top2006:6800,2414732,1,15,https://www.goodreads.com/work/quotes/2414732,"I decided that many of Bear’s stories and comments shared a general drift. They advised against fearing all of creation. But not because it is always benign, for it is not. It will, with certainty, consume us all. We are made to be destroyed. We are kindling for the fire, and our lives will stand as naught against the onrush of time. Bear’s position, if I understood it, was that refusal to fear these general terms of existence is an honorable act of defiance.",,,
q00327,top2006:6800,2414732,1,17,https://www.goodreads.com/work/quotes/2414732,"wonders of domination can be accomplished by the overwhelming and single-minded application of force,",,,
q00328,top2006:6800,2414732,1,20,https://www.goodreads.com/work/quotes/2414732,All I can say is that we are mistaken to gouge such a deep rift in history that the things old men and old women know have become so useless as to be not worth passing on to grandchildren.,,,
q00329,top2006:6800,2414732,1,22,https://www.goodreads.com/work/quotes/2414732,"Identity, though, is a difficult matter to tease out, especially in a time of flux. How to tell a spaniel from a retriever when all dogs have become middle-sized and brown? Should we go by some arbitrary blood quantum wherein half makes an Indian and forty-nine percent makes something else? Certainly forty-nine percent does not a whiteman make, at least not by the laws then prevailing in our state and most others. Or do we go by the old ways, the clans and the mothers, blood degree be damned? Or by what language someone dreams in or prays in or curses in? Or whether they cook bean bread and still tell the tales of Spearfinger and Uktena by the winter fire and go to water when they’re sick? And what if they did all those things but were blond and square-headed as Norsemen? Or do we just hold a dry oak leaf to their cheeks and cull by whether they are darker or lighter?",,,
q00330,top2006:6800,2414732,1,23,https://www.goodreads.com/work/quotes/2414732,"Most of the travel was purposeless, carried out in exactly the desperate spirit of fleeing from pursuers. It was romantic, in a certain sense. Especially if you’re not the one doing it.",,,
q00331,top2006:6800,2414732,1,24,https://www.goodreads.com/work/quotes/2414732,"From Charles Frazier's Thirteen Moons, Featherstone to Will, p. 316: ""You're making a young man's mistake. You need to let your anger fall away. It won't get you where you want to be. It's poison. But it will rise from you like smoke from a fire if you let it go. And anger is not a becoming features as you grow older.",,,
q00332,top2006:6800,2414732,1,25,https://www.goodreads.com/work/quotes/2414732,"I told one of the writers that our fields were so nearly vertical that we planted our corn with a shotgun and had to breed a race of mules with legs shorter on one side than the other for plowing. And when he asked how we transported the corn down off the mountain, I said, in a jug. He appeared to believe me, so I was encouraged to go on and tell him that every church in that corner of the state, except our Indian congregation, either conducted services speaking entirely in tongues or else took up serpents as recommended by Jesus. Both the writer and I had taken a few rounds of Scotch at the time. The story appeared as fact in a well-known national periodical, along with the obligatory descriptions of the beauty and ruggedness and unmatched remoteness and mystery of our mountains.",,,
q00333,top2006:6800,2414732,1,26,https://www.goodreads.com/work/quotes/2414732,"I passed out cigars to the men, and we lit them with a twig caught alight in the fire and passed the bottle around. Charley was doing most of the talking, telling a hunting story from the days of elk and bison, neither of which anyone in attendance except Charley had ever seen. He made them epic animals in his story, inhabitants of an old and better world not to come around again. He then told of his lost farmstead at the old mound village of Cowee, before one of the many disastrous treaties had driven him and his family west to Nantayale. At Cowee, he has been noted for his success with apple trees, which over the years he had planted at spots where his outhouses had stood. Apples grew on his trees huge as dreams of apples. That Cowee house was old, from the time when they still buried dead loved ones in the dirt floor.",,,
q00334,top2006:6800,2414732,1,27,https://www.goodreads.com/work/quotes/2414732,"I CANNOT DECIDE WHETHER IT IS AN ILLNESS OR A SIN, THE NEED TO write things down and fix the flowing world in one rigid form. Bear believed writing dulled the spirit, stilled some holy breath. Smothered it. Words, when they’ve been captured and imprisoned on paper, become a barrier against the world, one best left unerected. Everything that happens is fluid, changeable. After they’ve passed, events are only as your memory makes them, and they shift shapes over time. Writing a thing down fixes it in place as surely as a rattlesnake skin stripped from the meat and stretched and tacked to a barn wall. Every bit as stationary, and every bit as false to the original thing. Flat and still and harmless. Bear recognized that all writing memorializes a momentary line of thought as if",,,
q00335,top2006:913,3263283,1,0,https://www.goodreads.com/work/quotes/3263283,"There Lives More Faith in Honest Doubt,Believe Me, Than Half the Creeds. - Alfred, Lord Tennyson",,,
q00336,top2006:913,3263283,1,1,https://www.goodreads.com/work/quotes/3263283,"How do you know if you're making the right decision?Easy. Just like two and two always add up to four, kindness and forgiveness is always right, hate and revenge is always wrong.",,,
q00337,top2006:913,3263283,1,2,https://www.goodreads.com/work/quotes/3263283,Marriage. Isn't it great? Each time you fall back in love with your [spouse] it gets better and better.,,,
q00338,top2006:913,3263283,1,3,https://www.goodreads.com/work/quotes/3263283,"It’s kind of funny, really, all these years, everybody has been so busy trying to figure what life was all about, and all the while, it was just something for us to enjoy.",,,
q00339,top2006:913,3263283,1,4,https://www.goodreads.com/work/quotes/3263283,"Almost losing one person you love shines a bright spotlight on life, and suddenly strips you of everything but your real feelings.",,,
q00340,top2006:913,3263283,1,5,https://www.goodreads.com/work/quotes/3263283,"You see, Elner, life is like one big roller-coaster ride, with all kinds of bumps and twists and turns, and ups and downs along the way.” “Ahh,” said Elner, “so all we have to do is just sit back and enjoy it.” Raymond said, “Exactly. But the problem is … most people think they are steering, and get so busy trying to control it that they miss all the fun parts.” Elner",,,
q00341,top2006:913,3263283,1,6,https://www.goodreads.com/work/quotes/3263283,"A person lives for years, touches so many people, and then at the end winds up just a small picture and a few paragraphs in the paper, the paper gets thrown away, and it’s all over.",,,
q00342,top2006:913,3263283,1,7,https://www.goodreads.com/work/quotes/3263283,There are two ways to live your life. One is as though nothing is a miracle. The other is as though everything is a miracle. —ALBERT EINSTEIN,,,
q00343,top2006:913,3263283,1,9,https://www.goodreads.com/work/quotes/3263283,"And as far as Norma was concerned, that was the main problem with life. You never knew what was going to happen from minute to minute, and more than anything in this world, Norma hated a surprise.",,,
q00344,top2006:913,3263283,1,10,https://www.goodreads.com/work/quotes/3263283,On every door the management had placed a photograph of the person so they could find their room. As he went by he saw face after face of someone who used to be young.,,,
q00345,top2006:913,3263283,1,11,https://www.goodreads.com/work/quotes/3263283,"And for those like Norma and Macky, born and raised in the forties and fifties, it was such a drastic change from that era when everyone felt safe, and your only knowledge of the Middle East was a picture on a Christmas card of a bright star shining down on a peaceful manger, not the place full of hate and rage they saw daily on the television and read about in the newspapers.",,,
q00346,top2006:913,3263283,1,12,https://www.goodreads.com/work/quotes/3263283,"After Elner Shimfissle accidentally poked that wasps’ nest up in her fig tree, the last thing she remembered was thinking “Uh-oh.",,,
q00347,top2006:913,3263283,1,14,https://www.goodreads.com/work/quotes/3263283,"eggs, buttermilk, and bacon drippings, mixing well; add to cornmeal mixture and beat until smooth. Heat a well-greased 12-inch cast-iron skillet in the preheated oven until very hot. Pour batter into hot skillet; bake for 35 to 45 minutes, or until a knife inserted in center comes out clean and top is golden brown. Yield: 6 to 10 servings.",,,
q00348,top2006:913,3263283,1,16,https://www.goodreads.com/work/quotes/3263283,Cook to a thick paste over slow flame. Cool. Cream sugars and vanilla with butter and shortening. Beat until light and fluffy. Blend in salt. Mix in cooled paste. Beat until fluffy. Blend. Should look like whipped cream.,,,
q00349,top2006:913,3263283,1,18,https://www.goodreads.com/work/quotes/3263283,And you can’t be happy and in a rage at the same time.,,,
q00350,top2006:913,3263283,1,19,https://www.goodreads.com/work/quotes/3263283,"Susie, the Weight Watchers leader, helped herself to a second helping of the sweet potatoes with the marshmallows on top,",,,
q00351,top2006:913,3263283,1,20,https://www.goodreads.com/work/quotes/3263283,"His motto: “Screw the little people.” He had lied before, and he would lie again. Ethics were for suckers.",,,
q00352,top2006:913,3263283,1,21,https://www.goodreads.com/work/quotes/3263283,"When someone old dies, it is even sadder. First you notice that the paper doesn’t come anymore, then gradually the lights are turned out, the gas turned off, the house gets locked up, and the yard is no longer kept up, then it goes on the market and new people come in and change everything. Elner",,,
q00353,top2006:913,3263283,1,22,https://www.goodreads.com/work/quotes/3263283,"she had taught a class in oral history at the community college, and Elner Shimfissle had attended with her friend Irene Goodnight.",,,
q00354,top2007:3544,1087783,1,0,https://www.goodreads.com/work/quotes/1087783,"Men are like shoes. Some fit better than others. And sometimes you go out shopping and there's nothing you like. And then, as luck would have it, the next week you find two that are perfect, but you don't have the money to buy both.""-",,,
q00355,top2007:3544,1087783,1,1,https://www.goodreads.com/work/quotes/1087783,"Stephanie,' Valerie said. 'She's going to have a baby, and she's getting married.' My father was confused. He looked around the room. No Joe. No Ranger. His eyes locked on Diesel. 'Not the psycho,' he said. Diesel blew out a sigh. My father turned to my mother. 'Get me the carving knife. Make sure it's sharp.",,,
q00356,top2007:3544,1087783,1,2,https://www.goodreads.com/work/quotes/1087783,"Was a fast easy reading, Good to take your mind off of anything serious for a while",,,
q00357,top2007:3544,1087783,1,3,https://www.goodreads.com/work/quotes/1087783,"It’s a long story,” I said. “The short version is Diesel and I are pretending to get married, so we can get Kloughn to marry Valerie.” “Does Morelli know about this?” “It’s pretend.” “I’m not even gonna ask if Ranger knows. Poor ol’ Diesel here be dead if Ranger knew.",,,
q00358,top2007:3544,1087783,1,4,https://www.goodreads.com/work/quotes/1087783,"Diesel pushed off from the car, went to the driver’s side door, angled himself in behind the wheel, and turned the key in the ignition. “Let’s go.” “Wait a minute. This is my car. I drive.” “Everybody knows the guy gets to drive.” “Not in Jersey.” “Especially in Jersey,” Diesel said. “The testosterone level in Jersey is fifteen percent higher than it is in any other state.",,,
q00359,top2007:3544,1087783,1,5,https://www.goodreads.com/work/quotes/1087783,"The bar was mostly middle-aged white guys who drank too much. It was just one block from the government complex, so it was a convenient watering hole for enslaved bureaucrats who were putting in their hours, waiting for death or retirement, whichever came first.",,,
q00360,top2007:3544,1087783,1,6,https://www.goodreads.com/work/quotes/1087783,"I don't believe this,"" Diesel said. ""It just gets worse and worse. Bad I enough I have to play cupid to a butcher, button maker and veterinarian...now have to be sex therapist for a guy who gives people a rash.",,,
q00361,top2009:3884,3221117,1,0,https://www.goodreads.com/work/quotes/3221117,"You know the pop is coming, but damn if it don't always surprise you.",,,
q00362,top2009:3884,3221117,1,1,https://www.goodreads.com/work/quotes/3221117,"He was the Teacher, the world was his students, and class was about to begin.",,,
q00363,top2009:3884,3221117,1,2,https://www.goodreads.com/work/quotes/3221117,Deception is the art of war.,,,
q00364,top2009:3884,3221117,1,3,https://www.goodreads.com/work/quotes/3221117,"I do have a statement to make after all,” I said. “I agree with my kids one hundred and fifty percent. Good-bye, everyone. And before I forget, up yours—each and every one of you—with a hockey stick.",,,
q00365,top2009:3884,3221117,1,4,https://www.goodreads.com/work/quotes/3221117,"Juliana, thirteen; Brian, twelve; Jane, eleven; Ricky, ten; Eddie, nine; twins Fiona and Bridget, eight; Trent, six; Shawna, five; and Chrissy, four. A total of ten, count them: two Hispanic, two black, one Asian, and the rest white. All of them are adopted. Pretty impressive, I know.",,,
q00366,top2009:3884,3221117,1,5,https://www.goodreads.com/work/quotes/3221117,"THE TEACHER WALKED into Bryant Park, behind the New York Public Library, at eleven a.m.—still ahead of schedule.",,,
q00367,top2009:3884,3221117,1,7,https://www.goodreads.com/work/quotes/3221117,"Gently they go, the beautiful, the tender the kind… I know. But I do not approve. And I am not resigned.",,,
q00368,top2009:3884,3221117,1,8,https://www.goodreads.com/work/quotes/3221117,"Joe Hunt, the Manhattan North borough commander, sagged back in the office chair beside me and let out a long, deflated breath.",,,
q00369,top2009:3884,3221117,1,9,https://www.goodreads.com/work/quotes/3221117,"Tell us a story, Daddy,” Chrissy said as I collapsed again. “Okay, honey,” I said with my eyes closed. “Once upon a time, there was a poor old detective who lived in a shoe.” Chapter 54 “BENNETT? YOU THERE?!",,,
q00370,top2009:3884,3221117,1,10,https://www.goodreads.com/work/quotes/3221117,"speak and counsel give. Farewell, my birds, farewell, adieu, I happy am, if well with you.",,,
q00371,top2009:3884,3221117,1,11,https://www.goodreads.com/work/quotes/3221117,"What was good, and what was ill, What would save life, and what would kill. Thus gone, amongst you I may live, And dead, yet",,,
q00372,top2009:3884,3221117,1,13,https://www.goodreads.com/work/quotes/3221117,I can't believe I actually have to say this out loud:Don't give the children any whiskey!,,,
q00373,top2009:3884,3221117,1,14,https://www.goodreads.com/work/quotes/3221117,"Maeve had been dead for almost a year now, and in all that time, I hadn't found any new ways to cope with it -- only new ways to miss her.",,,
q00374,top2009:3884,3221117,1,18,https://www.goodreads.com/work/quotes/3221117,But human freedom requires dignity: respect for oneself and for those around them.,,,
q00375,top2009:3884,3221117,1,20,https://www.goodreads.com/work/quotes/3221117,He slowed his pace as he came,,,
q00376,top2009:3884,3221117,1,24,https://www.goodreads.com/work/quotes/3221117,The moments shared with family and the people you loved.,,,
q00377,top2009:3884,3221117,1,26,https://www.goodreads.com/work/quotes/3221117,"Je suis vraiment désolé pour votre amie,” I said to the ladies as I entered the upstairs interview room. “Je suis ici pour trouver le responsible, mais je vais avoir besoin de votre aide.",,,
q00378,top2009:3884,3221117,1,27,https://www.goodreads.com/work/quotes/3221117,"Voulez-vous coucher avec moi ce soir. They’d sent for a translator, but nobody had shown up yet.",,,
q00379,top2009:3884,3221117,1,29,https://www.goodreads.com/work/quotes/3221117,"SITTING IN THE QUIET of his apartment’s shaded living room, the Teacher chucked his Treo across to the couch,",,,
q00380,top2009:6983,6719993,1,0,https://www.goodreads.com/work/quotes/6719993,"When a poor man gives something, that is a sacrifice indeed. When a rich man gives something, it hardly rises to the same level.",,,
q00381,top2009:6983,6719993,1,1,https://www.goodreads.com/work/quotes/6719993,"You can’t die, Roy.”“Why?”“I’ve got a pretty good feeling I’m going to need one kick-ass lawyer, and you’re the only one I know.",,,
q00382,top2009:6983,6719993,1,2,https://www.goodreads.com/work/quotes/6719993,"Later that night Don Hope and Karl Reiger walked down the long hallway. They were several stories underground and the walls were lined with materials that prevented any form of electronic surveillance. It was a good thing since there were few buildings in the country that housed more secrets than this one, and that included the CIA’s command center in Virginia and the NSA headquarters in Maryland",,,
q00383,top2009:6983,6719993,1,4,https://www.goodreads.com/work/quotes/6719993,"Afterwards they walked over to the gym. Mace got a ball and took Ty onto the court while Alisha watched. Mace bounced the ball between her legs, turned, and shot. The ball swished through the hoop, barely grazing the net",,,
q00384,top2009:6983,6719993,1,5,https://www.goodreads.com/work/quotes/6719993,"sister?” “Yeah, actually I do.” “And of course you don’t care at all, do you?",,,
q00385,top2009:6983,6719993,1,6,https://www.goodreads.com/work/quotes/6719993,"BETH READ THROUGH the report on her computer screen three times. This was something her father had taught her. Read through once for general conceptualization and then a second time for the nitty-gritty details. And then read it a final time, at least an hour after the first reading, but do so out of order, which forced your mind and your eyes from their comfort zones.",,,
q00386,top2009:6983,6719993,1,7,https://www.goodreads.com/work/quotes/6719993,"We had a clear signal out to the abandoned farmhouse and we’ve got two stealth choppers DAVID BALDACCI as backup in the vicinity.” He tapped his tech on the shoulder. “Phillips, tell the air support commander to perform a ten-mile grid perimeter sweep. We need to all watch the feed and see if anything pops.",,,
q00387,top2009:6983,6719993,1,8,https://www.goodreads.com/work/quotes/6719993,You can’t live your life trying to make people understand something they don’t want to understand.,,,
q00388,top2009:6983,6719993,1,9,https://www.goodreads.com/work/quotes/6719993,"The police, he knew, had already copied the",,,
q00389,top2009:6983,6719993,1,10,https://www.goodreads.com/work/quotes/6719993,"and upper to midcervical spinal cord, above C4.",,,
q00390,top2009:6983,6719993,1,11,https://www.goodreads.com/work/quotes/6719993,courtroom waiting for their case to be called. Those,,,
q00391,top2011:26,18160093,1,0,https://www.goodreads.com/work/quotes/18160093,"If you can love someone with your whole heart, even one person, then there's salvation in life. Even if you can't get together with that person.",,,
q00392,top2011:26,18160093,1,1,https://www.goodreads.com/work/quotes/18160093,I can bear any pain as long as it has meaning.,,,
q00393,top2011:26,18160093,1,2,https://www.goodreads.com/work/quotes/18160093,"That's what the world is , after all: an endless battle of contrasting memories.",,,
q00394,top2011:26,18160093,1,3,https://www.goodreads.com/work/quotes/18160093,I'm a very ordinary human being; I just happen to like reading books.,,,
q00395,top2011:26,18160093,1,4,https://www.goodreads.com/work/quotes/18160093,It is not that the meaning cannot be explained. But there are certain meanings that are lost forever the moment they are explained in words.,,,
q00396,top2011:26,18160093,1,5,https://www.goodreads.com/work/quotes/18160093,"Even if we could turn back, we'd probably never end up where we started.",,,
q00397,top2011:26,18160093,1,6,https://www.goodreads.com/work/quotes/18160093,"I'm tired of living unable to love anyone. I don't have a single friend - not one. And, worst of all, I can't even love myself. Why is that? Why can't I love myself? It's because I can't love anyone else. A person learns how to love himself through the simple acts of loving and being loved by someone else. Do you understand what I am saying? A person who is incapable of loving another cannot properly love himself.",,,
q00398,top2011:26,18160093,1,7,https://www.goodreads.com/work/quotes/18160093,"You can keep as quiet as you like, but one of these days somebody is going to find you.",,,
q00399,top2011:26,18160093,1,8,https://www.goodreads.com/work/quotes/18160093,"If you can't understand it without an explanation, you can't understand it with an explanation.",,,
q00400,top2011:26,18160093,1,10,https://www.goodreads.com/work/quotes/18160093,Life is not like water. Things in life don't necessarily flow over the shortest possible route.,,,
q00401,top2011:26,18160093,1,11,https://www.goodreads.com/work/quotes/18160093,"In a sense, I'm the one who ruined me: I did it myself.",,,
q00402,top2011:26,18160093,1,12,https://www.goodreads.com/work/quotes/18160093,"I am nothing. I’m like someone who’s been thrown into the ocean at night, floating all alone. I reach out, but no one is there. I call out, but no one answers. I have no connection to anything.",,,
q00403,top2011:26,18160093,1,13,https://www.goodreads.com/work/quotes/18160093,"What I want is for the two of us to meet somewhere by chance one day, like, passing on the street, or getting on the same bus.",,,
q00404,top2011:26,18160093,1,14,https://www.goodreads.com/work/quotes/18160093,Loneliness becomes an acid that eats away at you.,,,
q00405,top2011:26,18160093,1,15,https://www.goodreads.com/work/quotes/18160093,"As I see it, you are living with something that you keep hidden deep inside. Something heavy. I felt it from the first time I met you. You have a strong gaze, as if you have made up your mind about something. To tell you the truth, I myself carry such things around inside. Heavy things. That is how I can see it in you.",,,
q00406,top2011:26,18160093,1,16,https://www.goodreads.com/work/quotes/18160093,Such wounds to the heart will probably never heal. But we cannot simply sit and stare at our wounds forever.,,,
q00407,top2011:26,18160093,1,17,https://www.goodreads.com/work/quotes/18160093,"Most people are not looking for provable truths. As you said, truth is often accompanied by intense pain, and almost no one is looking for painful truths. What people need is beautiful, comforting stories that make them feel as if their lives have some meaning. Which is where religion comes from.",,,
q00408,top2011:26,18160093,1,18,https://www.goodreads.com/work/quotes/18160093,"I've been lonely for so long. And I've been hurt so deeply. If only I could have met you again a long time ago, then I wouldn't have had to take all these detours to get here.'Tengo shook his head. 'I don't think so. This way is just fine. This is exactly the right time. For both of us. [...] We needed that much time.... to understand how lonely we really were.",,,
q00409,top2011:26,18160093,1,21,https://www.goodreads.com/work/quotes/18160093,"Everyone, deep in their hearts, is waiting for the end of the world to come.",,,
q00410,top2011:26,18160093,1,22,https://www.goodreads.com/work/quotes/18160093,"As if to build a fence around the fatal emptiness inside her, she had to create a sunny person that she became. But if you peeled away the ornamental egos that she had built, there was only an abbys of nothingness and the intense thirst that came with it. Though she tried to forget it, the nothingness would visit her periodically - on a lonely rainy afternoon, or at dawn when she woke up from a nightmare. What she needed at such times was to be held by someone, anyone.",,,
q00411,top2011:26,18160093,1,23,https://www.goodreads.com/work/quotes/18160093,I'm a coward when it comes to matters of the heart. That is my fatal flaw.,,,
q00412,top2011:26,18160093,1,24,https://www.goodreads.com/work/quotes/18160093,"Knowledge and ability were tools, not things to show off.",,,
q00413,top2011:26,18160093,1,25,https://www.goodreads.com/work/quotes/18160093,"Wasn't it better if they kept this desire to see each other hidden within them, and never actually got together? That way, there would always be hope in their hearts. That hope would be a small, yet vital flame that warmed them to their core-- a tiny flame to cup one's hands around and protect from the wind, a flame that the violent winds of reality might easily extinguish.",,,
q00414,top2011:26,18160093,1,26,https://www.goodreads.com/work/quotes/18160093,Life is so uncertain: you never know what could happen. One way to deal with that is to keep your pajamas washed.,,,
q00415,top2011:26,18160093,1,27,https://www.goodreads.com/work/quotes/18160093,"It's just that you're about to do something out of the ordinary. And after you do something like that, the everyday look of things might seem to change a little. Things may look different to you than they did before. But don't let appearances fool you. There's always only one reality.",,,
q00416,top2011:26,18160093,1,28,https://www.goodreads.com/work/quotes/18160093,"The moon had been observing the earth close-up longer than anyone. It must have witnessed all of the phenomena occurring - and all of the acts carried out - on this earth. But the moon remained silent; it told no stories. All it did was embrace the heavy past with a cool, measured detachment. On the moon there was neither air nor wind. Its vacuum was perfect for preserving memories unscathed. No one could unlock the heart of the moon. Aomame raised her glass to the moon and asked, “Have you gone to bed with someone in your arms lately?” The moon did not answer. “Do you have any friends?” she asked. The moon did not answer. “Don’t you get tired of always playing it cool?”The moon did not answer.",,,
q00417,top2011:26,18160093,1,29,https://www.goodreads.com/work/quotes/18160093,Please remember: things are not what they seem.,,,
q00418,top2011:26,18160093,2,0,https://www.goodreads.com/work/quotes/18160093?page=2,What we call the present is given shape by an accumulation of the past.,,,
q00419,top2011:26,18160093,2,1,https://www.goodreads.com/work/quotes/18160093?page=2,"They sat on a park bench, held hands, and told each other their stories hour after hour. They were not lonely anymore. They had found and been found by their 100% perfect other. What a wonderful thing it is to find and be found by your 100% perfect other. It's a miracle, a cosmic miracle.",,,
q00420,top2011:26,18160093,2,2,https://www.goodreads.com/work/quotes/18160093?page=2,"If you never noticed, it never happened.",,,
q00421,top2011:26,18160093,2,3,https://www.goodreads.com/work/quotes/18160093?page=2,"Once you pass a certain age, life becomes nothing more than a process of continual loss. Things that are important to your life begin to slip out of your grasp, one after another, like a come losing teeth. And the only things that come to take their place are worthless imitations. Your physical strength, your hopes, your dreams, your ideals, your convictions, all meaning, or then again, the people you love: one by one, they fade away. Some announce their departure before they leave, while others just disappear all of a sudden without warning one day. And once you lose them you can never get them back. Your search for replacements never goes well. It’s all very painful – as painful as actually being cut with a knife.",,,
q00422,top2011:26,18160093,2,4,https://www.goodreads.com/work/quotes/18160093?page=2,"Whenever she felt like crying, she would instead become angry—at someone else or at herself—which meant that it was rare for her to shed tears.",,,
q00423,top2011:26,18160093,2,5,https://www.goodreads.com/work/quotes/18160093?page=2,"The body is not the only target of rape. Violence does not always take a visible form, and not all wounds gush blood.",,,
q00424,top2011:26,18160093,2,6,https://www.goodreads.com/work/quotes/18160093?page=2,Hundreds of butterflies flitted in and out of sight like short-lived punctuation marks in a stream of consciousness without beginning or end.,,,
q00425,top2011:26,18160093,2,7,https://www.goodreads.com/work/quotes/18160093?page=2,"Once you let yourself grow close to someone, cutting the ties could be painful.",,,
q00426,top2011:26,18160093,2,8,https://www.goodreads.com/work/quotes/18160093?page=2,A person's last moments are an important thing. You can't choose how you're born but you can choose how you die.,,,
q00427,top2011:26,18160093,2,9,https://www.goodreads.com/work/quotes/18160093?page=2,The thing I’m most afraid of is me. Of not knowing what I’m going to do. Of not knowing what I’m doing right now,,,
q00428,top2011:26,18160093,2,10,https://www.goodreads.com/work/quotes/18160093?page=2,"Time flows in strange ways on Sundays, and sights become mysteriously distorted.",,,
q00429,top2011:26,18160093,2,11,https://www.goodreads.com/work/quotes/18160093?page=2,"Things can be seen better in the darkness,"" he said, as if he had just seen into her mind. ""But the longer you spend in the dark, the harder it becomes to return to the world aboveground where the light is",,,
q00430,top2011:26,18160093,2,12,https://www.goodreads.com/work/quotes/18160093?page=2,The things she most wanted to tell him would lose their meaning the moment she put them into words.,,,
q00431,top2011:26,18160093,2,13,https://www.goodreads.com/work/quotes/18160093?page=2,...most people in the world don't really use their brains to think. And people who don't think are the ones who don't listen to others.,,,
q00432,top2011:26,18160093,2,14,https://www.goodreads.com/work/quotes/18160093?page=2,"According to Chekhov,"" Tamaru said, rising from his chair, ""once a gun appears in a story, it has to be fired.""""Meaning what?""""Meaning, don't bring unnecessary props into a story. If a pistol appears, it has to be fired at some point. Chekhov liked to write stories that did away with all useless ornamentation.",,,
q00433,top2011:26,18160093,2,15,https://www.goodreads.com/work/quotes/18160093?page=2,Our memory is made up of our individual memories and our collective memories. The two are intimately linked. And history is our collective memory. If our collective memory is taken from us - is rewritten - we lose the ability to sustain our true selves.,,,
q00434,top2011:26,18160093,2,16,https://www.goodreads.com/work/quotes/18160093?page=2,"In this world, there is no absolute good, no absolute evil,"" the man said. ""Good and evil are not fixed, stable entities, but are continually trading places. A good may be transformed into an evil in the next second. And vice versa. Such was the way of the world that Dostoevsky depicted in The Brothers Karamazov. The most important thing is to maintain the balance between the constantly moving good and evil. If you lean too much in either direction, it becomes difficult to maintain actual morals. Indeed, balance itself is the good.",,,
q00435,top2011:26,18160093,2,17,https://www.goodreads.com/work/quotes/18160093?page=2,"You said you're going far away,"" Tamaru said. ""How far away are we talking about?""""It's a distance that can't be measured.""""Like the distance that separates one person's heart from another's.",,,
q00436,top2011:26,18160093,2,18,https://www.goodreads.com/work/quotes/18160093?page=2,Reality was utterly coolheaded and utterly lonely.,,,
q00437,top2011:26,18160093,2,19,https://www.goodreads.com/work/quotes/18160093?page=2,"There was just one moon. That familiar, yellow, solitary moon. The same moon that silently floated over fields of pampas grass, the moon that rose--a gleaming, round saucer--over the calm surface of lakes, that tranquilly beamed down on the rooftops of fast-asleep houses. The same moon that brought the high tide to shore, that softly shone on the fur of animals and enveloped and protected travelers at night. The moon that, as a crescent, shaved slivers from the soul--or, as a new moon, silently bathed the earth in its own loneliness. THAT moon.",,,
q00438,top2011:26,18160093,2,20,https://www.goodreads.com/work/quotes/18160093?page=2,"I'm all alone, but I'm not lonely.",,,
q00439,top2011:26,18160093,2,21,https://www.goodreads.com/work/quotes/18160093?page=2,"Even if you managed to escape from one cage, weren't you just in another, larger one?",,,
q00440,top2011:26,18160093,2,22,https://www.goodreads.com/work/quotes/18160093?page=2,"It's the same with menus and men and just about anything else: we think we're choosing things for ourselves, but in fact we may not be choosing anything. It could be that everthing's being decided in advance and we pretend we're making choices. Free will may be an illusion. I often think that.",,,
q00441,top2011:26,18160093,2,23,https://www.goodreads.com/work/quotes/18160093?page=2,"Where there is light, there must be shadow, and where there is shadow there must be light. There is no shadow without light and no light without shadow. Karl Jung said this about 'the Shadow' in one of his books: 'It is as evil as we are positive... the more desperately we try to be good and wonderful and perfect, the more the Shadow develops a definite will to be black and evil and destructive... The fact is that if one tries beyond one's capacity to be perfect, the shadow descends to hell and becomes the devil. For it is just as sinful from the standpoint of nature and of truth to be above oneself as to be below oneself.",,,
q00442,top2011:26,18160093,2,24,https://www.goodreads.com/work/quotes/18160093?page=2,"Where there is light, there must be shadow, where there is shadow there must be light. There is no shadow without light and no light without shadow.... We do not know if the so-called Little People are good or evil. This is, in a sense, something that surpasses our understanding and our definitions. We have lived with them since long, long ago-- from a time before good and evil even existed, when people's minds were still benighted.",,,
q00443,top2011:26,18160093,2,25,https://www.goodreads.com/work/quotes/18160093?page=2,There is nothing in this world that never takes a step outside a person's heart.,,,
q00444,top2011:26,18160093,2,26,https://www.goodreads.com/work/quotes/18160093?page=2,"I was in my house, alone in the living room, anxious about you, watching the flashes of lightning. And a flash of lightning lit up this truth for me, right in front of my eye. That night i lost you, I lost something inside me. Or perhaps several things. Something central to my existence, the very support for who I am as a person",,,
q00445,top2011:26,18160093,2,27,https://www.goodreads.com/work/quotes/18160093?page=2,"Beyond the window, some kind of small, black thing shot across the sky. A bird, possibly. Or it might have been someone's soul being blown to the far side of the world.",,,
q00446,top2011:26,18160093,2,29,https://www.goodreads.com/work/quotes/18160093?page=2,"This may be the most important proposition revealed by history: 'At the time, no one knew what was coming.",,,
q00447,top2011:26,18160093,3,0,https://www.goodreads.com/work/quotes/18160093?page=3,"Everybody feels safe belonging not to the excluded minority but to the excluding majority. You think, Oh, I’m glad that’s not me. It’s basically the same in all periods in all societies. If you belong to the majority, you can avoid thinking about lots of troubling things.",,,
q00448,top2011:26,18160093,3,1,https://www.goodreads.com/work/quotes/18160093?page=3,"Violence does not always take visible form, and not all wounds gush blood.",,,
q00449,top2011:26,18160093,3,2,https://www.goodreads.com/work/quotes/18160093?page=3,"Is it possible to become friends with a butterfly?""""It is if you first become a part of nature. You suppress your presence as a human being, stay very still, and convince yourself that you are a tree or grass or a flower. It takes time, but once the butterfly lets its guard down, you can become friends quite naturally.""..."" ... I come here every day, say hello to the butterflies, and talk about things with them. When the time comes, though, they just quietly go off and disappear. I'm sure it means they've died, but I can never find their bodies. They don't leave any trace behind. It's like they've been absorbed by the air. They're dainty little creatures that hardly exist at all: they come out of nowhere, search quietly for a few, limited things, and disappear into nothingness again, perhaps to some other world.",,,
q00450,top2011:26,18160093,3,3,https://www.goodreads.com/work/quotes/18160093?page=3,"It's like the Tibetan Wheel of the Passions. As the wheel turns, the values and feelings on the outer rim rise and fall, shining or sinking into darkness. But true love stays fastened to the axle and doesn't move.",,,
q00451,top2011:26,18160093,3,5,https://www.goodreads.com/work/quotes/18160093?page=3,"Either I'm funny or the world's funny. I don't know which. The bottle and lid don't fit. It could be the bottle's fault or the lid's fault. In either case, there's no denying that the fit is bad.",,,
q00452,top2011:26,18160093,3,7,https://www.goodreads.com/work/quotes/18160093?page=3,"The two of them on top of the freezing slide, wordlessly holding hands. Once again they were a ten-year-old boy and girl. A lonely boy, and a lonely girl. A classroom, just after school let out, at the beginning of winter. They had neither the power nor the knowledge to know what they should offer to each other, what they should be seeking. They had never, ever, been truly loved, or truly loved someone else. They had never held anyone, never been held. They had not idea, either, where this action would take them. What they entered then was a doorless room. They couldn't get out, nor could anyone else come in. The two of them didn't know it at the time, but this was the only truly complete place in the entire world. Totally isolated, yet the one place not tainted with loneliness.",,,
q00453,top2011:26,18160093,3,8,https://www.goodreads.com/work/quotes/18160093?page=3,Mental acuity was never born from comfortable circumstances.,,,
q00454,top2011:26,18160093,3,9,https://www.goodreads.com/work/quotes/18160093?page=3,"Nobody's easier to fool, than the person who is convinced that he is right.",,,
q00455,top2011:26,18160093,3,10,https://www.goodreads.com/work/quotes/18160093?page=3,"He appeared before me and departed. We were not able to speak to or touch each other. But in that short interval, he transformed many things inside me. He literally stirred my mind and body the way a spoon stirs a cup of cocoa, down to the depths of my internal organs and my womb.",,,
q00456,top2011:26,18160093,3,11,https://www.goodreads.com/work/quotes/18160093?page=3,"I’ve had that kind of experience myself: I’m looking at a map and I see someplace that makes me think, ‘I absolutely have to go to this place, no matter what’. And most of the time, for some reason, the place is far away and hard to get to. I feel this overwhelming desire to know what kind of scenery the place has, or what people are doing there. It’s like measles - you can’t show other people exactly where the passion comes from. It’s curiosity in the purest sense. An inexplicable inspiration.",,,
q00457,top2011:26,18160093,3,12,https://www.goodreads.com/work/quotes/18160093?page=3,It's not me but the world that's deranged.,,,
q00458,top2011:26,18160093,3,13,https://www.goodreads.com/work/quotes/18160093?page=3,Human beings are ultimately nothing but carriers-passageways- for genes. They ride us into the ground like racehorses from generation to generation. Genes don't think about what constitutes good or evil. They don't care whether we are happy or unhappy. We're just means to an end for them. The only thing they think about is what is most efficient for them.,,,
q00459,top2011:26,18160093,3,14,https://www.goodreads.com/work/quotes/18160093?page=3,I'm an average person. Is just that I like reading.,,,
q00460,top2011:26,18160093,3,15,https://www.goodreads.com/work/quotes/18160093?page=3,"Shakespeare said it best,' Tamaru said quietly as he gazed at that lumpish, misshapen head. 'Something along these lines: if we die today, we do not have to die tomorrow, so let us look to the best in each other",,,
q00461,top2011:26,18160093,3,16,https://www.goodreads.com/work/quotes/18160093?page=3,"Don’t you see? You and he might never cross paths again. Of course, a chance meeting could occur, and I hope it happens. I really do, for your sake. But realistically speaking, you have to see there’s a huge possibility you’ll never be able to meet him again. And even if you do meet, he might already be married to somebody else. He might have two kids. Isn’t that so? And in that case, you may have to live the rest of your life alone, never being joined with the one person you love in all the world. Don’t you find that scary?",,,
q00462,top2011:26,18160093,3,17,https://www.goodreads.com/work/quotes/18160093?page=3,"You can have tons of talent, but it won't necessarily keep you fed. If you have sharp instincts, through, you'll never go hungry.",,,
q00463,top2011:26,18160093,3,19,https://www.goodreads.com/work/quotes/18160093?page=3,"Where I'm living is not a storybook world. It's the real world, full of gaps and inconsistencies and anticlimaxes.",,,
q00464,top2011:26,18160093,3,20,https://www.goodreads.com/work/quotes/18160093?page=3,People need routines. It's like a theme in music. But it also restricts your thoughts and actions and limits your freedom. It structures your priorities and in some cases distorts your logic.,,,
q00465,top2011:26,18160093,3,21,https://www.goodreads.com/work/quotes/18160093?page=3,"He does not exist here, with me, but flesh that does not exist will never die, and promises unmade are never broken.",,,
q00466,top2011:26,18160093,3,22,https://www.goodreads.com/work/quotes/18160093?page=3,"Listening to the music while stretching her body close to its limit, she was able to attain a mysterious calm. She was simultaneously the torturer and the tortured, the forcer and the forced. This sense of inner-directed self-sufficiency was what she wanted most of all. It gave her deep solace.",,,
q00467,top2011:26,18160093,3,23,https://www.goodreads.com/work/quotes/18160093?page=3,"If there's any guy crazy enough to attack me, I'm going to show him the end of the world -- close up. I'm going to let him see the kingdom come with his own eyes. I'm going to send him straight to the southern hemisphere and let the ashes of death rain all over him and the kangaroos and the wallabies.",,,
q00468,top2011:26,18160093,3,24,https://www.goodreads.com/work/quotes/18160093?page=3,There’s nothing wrong with not looking like something. It just means you don’t fit the stereotype yet.,,,
q00469,top2011:26,18160093,3,25,https://www.goodreads.com/work/quotes/18160093?page=3,"Math is like water. It has a lot of difficult theories, of course, but its basic logic is very simple. Just as water flows from high to low over the shortest possible distance, figures can only flow in one direction. You just have to keep your eye on them for the route to reveal itself. That’s all it takes. You don’t have to do a thing. Just concentrate your attention and keep your eyes open, and the figures make everything clear to you. In this whole, wide world, the only thing that treats me so kindly is math.",,,
q00470,top2011:26,18160093,3,26,https://www.goodreads.com/work/quotes/18160093?page=3,"She lived frugally, but her meals were the only things on which she deliberately spent her money. She never compromised on the quality of her groceries, and drank only good-quality wines.",,,
q00471,top2011:26,18160093,3,27,https://www.goodreads.com/work/quotes/18160093?page=3,"You throw a stone into a deep pond. Splash. The sound is big, and it reverberates throughout the surrounding area. What comes out of the pond after that? All we can do is stare at the pond, holding our breath.",,,
q00472,top2011:26,18160093,3,28,https://www.goodreads.com/work/quotes/18160093?page=3,"How about Proust's In Search of Lost Time?"" Tamaru asked. ""If you've never read it this would be a good opportunity to read the whole thing."" ""Have you read it?""""No, I haven't been in jail, or had to hide out for a long time. Someone once said unless you have those kinds of opportunities, you can't read the whole of Proust.",,,
q00473,top2011:26,18160093,3,29,https://www.goodreads.com/work/quotes/18160093?page=3,"But still,"" Ayumi said, ""it seems to me that this world has a serious shortage of both logic and kindness.""""You may be right,"" Aomame said, ""But it's too late to trade it in for another one.",,,
q00474,top2013:275,21746515,1,0,https://www.goodreads.com/work/quotes/21746515,"It’s a funny old world. Once you realize that, you’re halfway there.",,,
q00475,top2013:275,21746515,1,1,https://www.goodreads.com/work/quotes/21746515,"How will I explain it all … to everybody?” “You know, people don’t have to explain things nearly as much as you think they do.",,,
q00476,top2013:275,21746515,1,2,https://www.goodreads.com/work/quotes/21746515,There were women who fussed about their homes as if they thought life were a permanent examination where they would be found wanting.,,,
q00477,top2013:275,21746515,1,3,https://www.goodreads.com/work/quotes/21746515,"Problems don’t solve themselves neatly like that, due to a set of coincidences. Problems are solved by making decisions. Erika had always said that, and he had thought she was being doctrinaire. But it was true. Deciding not to change anything was a decision in itself. He hadn’t fully understood this before.",,,
q00478,top2013:275,21746515,1,4,https://www.goodreads.com/work/quotes/21746515,Her life was like her house—a colorful fantasy where anything was possible if you wanted it badly enough.,,,
q00479,top2013:275,21746515,1,5,https://www.goodreads.com/work/quotes/21746515,"She told them to read a poem every day and think about it, and whenever they went to a new place, to find out about its history and what had made it the place it had become.",,,
q00480,top2013:275,21746515,1,6,https://www.goodreads.com/work/quotes/21746515,Most people had nobody to share excitements and to celebrate with.,,,
q00481,top2013:275,21746515,1,7,https://www.goodreads.com/work/quotes/21746515,"Out by that ocean, you feel smaller, less important, somehow; it puts things into proportion",,,
q00482,top2013:275,21746515,1,14,https://www.goodreads.com/work/quotes/21746515,"It matters that you care enough about yourself and about the people you meet to present yourself well,",,,
q00483,top2013:275,21746515,1,15,https://www.goodreads.com/work/quotes/21746515,"It’s not what I thought my life would be either, but somewhere along the line we have to pick things up and run with them.",,,
q00484,top2013:275,21746515,1,16,https://www.goodreads.com/work/quotes/21746515,"They are just thoughts, like anyone has thoughts, that’s all.",,,
q00485,top2013:275,21746515,1,17,https://www.goodreads.com/work/quotes/21746515,"if your heart is elsewhere, would you not want to follow your destiny?",,,
q00486,top2013:275,21746515,1,18,https://www.goodreads.com/work/quotes/21746515,"Do you set out to avoid it, the love thing?” “No, but I do set out not to be made a fool of and not to compromise. I’ve seen too much of that.",,,
q00487,top2013:275,21746515,1,19,https://www.goodreads.com/work/quotes/21746515,She was still vaguely hopeful that there was love out there somewhere—just a little less sure that she might actually find it.,,,
q00488,top2013:275,21746515,1,20,https://www.goodreads.com/work/quotes/21746515,a piper from the area called John Paul. Of course he did. Everyone knew,,,
q00489,top2013:275,21746515,1,21,https://www.goodreads.com/work/quotes/21746515,Winnie’s silver-and-black jacket might be too dressy. She wore a,,,
q00490,top2013:5397,21512735,1,0,https://www.goodreads.com/work/quotes/21512735,"What happened to you as a child, particularly something bad, changed you, absolutely and completely. It was like part of your brain became closed off and refused to mature any further. As an adult you were powerless to fight against it. It was simply who you were until the day you died. There was no “therapy” that could cure it. That wall was built and nothing could tear it down.",,,
q00491,top2013:5397,21512735,1,1,https://www.goodreads.com/work/quotes/21512735,"toward the small pond that he had seen before. The walls of fire ended there. An instant later the remains of the cottage exploded. He ducked and rolled again from the concussive force, almost pitching into the right side of the wall of fire. He rose and redoubled his efforts, thinking that he would reach the water. Water was a great antidote to fire. But as he neared the edge of the pond, something struck him. No scum. No algae on the surface although the ground around was full of it. What could kill green scum? And why was he being forced to run right toward the one thing that could possibly save him? Robie tossed his gun over the top of the wall of flames, pulled off his jacket, covered his head and hands with it, and threw himself through the wall of flames on the left side.",,,
q00492,top2013:5397,21512735,1,2,https://www.goodreads.com/work/quotes/21512735,Planning something never seems risky. It’s in the execution where all the risk comes.” “And,,,
q00493,top2013:5397,21512735,1,3,https://www.goodreads.com/work/quotes/21512735,Success or failure was always defined largely during the preparation. With good planning all one had to do was execute. Even last-second changes could be made with greater ease if the planning in the first place had been precise.,,,
q00494,top2013:5397,21512735,1,4,https://www.goodreads.com/work/quotes/21512735,She apparently didn't expect any trouble but she also never expected everything to go perfectly either. That was a good rule to live by Robie knew. Because perfection was rarely the case in the field.,,,
q00495,top2013:5397,21512735,1,5,https://www.goodreads.com/work/quotes/21512735,"And no matter what the United States did, half the world would hate it and the other half would complain that the Americans were not doing enough.",,,
q00496,top2013:5397,21512735,1,6,https://www.goodreads.com/work/quotes/21512735,The theory of mutual assured destruction was a great catalyst for peace.,,,
q00497,top2013:5397,21512735,1,7,https://www.goodreads.com/work/quotes/21512735,The motorcades drifted down the street with Canadian police providing the traffic security. There were a number of Canadian Mounties on their horses; they looked resplendent in their red uniforms. But they were also brightly colored sitting ducks when it came to an actual armed confrontation.,,,
q00498,top2013:5397,21512735,1,8,https://www.goodreads.com/work/quotes/21512735,Hands with guns were what killed,,,
q00499,top2013:5397,21512735,1,9,https://www.goodreads.com/work/quotes/21512735,If people with some courage in their hearts stood by and did nothing,,,
q00500,top2013:5397,21512735,1,10,https://www.goodreads.com/work/quotes/21512735,could fly every day for twenty thousand years and never be involved in a crash.,,,
q00501,top2013:5397,21512735,1,12,https://www.goodreads.com/work/quotes/21512735,"However, what other explanation was there for so many things to go awry and not be addressed by the management?",,,
q00502,top2013:5397,21512735,1,13,https://www.goodreads.com/work/quotes/21512735,eight-story building. It looked like a place where young people just starting out or older people downsizing might live mixed in with a healthy dose of middle-aged people who had simply never fully realized their goals in life.,,,
q00503,top2013:5397,21512735,1,17,https://www.goodreads.com/work/quotes/21512735,He was popular with his constituency and his district had been redrawn to make him election-proof.,,,
q00504,top2013:5397,21512735,1,18,https://www.goodreads.com/work/quotes/21512735,She would soon have somewhere to go. It was always important to keep going. Stationary objects tended to get run over.,,,
q00505,top2013:5397,21512735,1,20,https://www.goodreads.com/work/quotes/21512735,"years. She, like Robie, operated at the highest level and had taken down people in situations that would have challenged Robie to the fullest. He’d never doubted that Reel was good. But he was a little surprised that she was that good. And she may have a spy on the inside telling her all she needs to know to get enough of an advantage to take me out before I get to her. Which means my own agency is a threat. Robie kept reading until he came to the hit on Doug Jacobs. Quick, clean, ingenious really. Nail the handler while he thinks you’re about to take out someone else. And a sniper’s nest had been found in the hotel in the Middle East. The gun muzzle had been placed perfectly so that when Jacobs did the satellite zoom Reel had suggested, he could see the gun barrel. But there had been no sniper. There was no evidence that Reel had been the shooter who had ended Jacobs’s life. But the email Robie had just received left no doubt that she was involved somehow. So the woman was supposed to be in the Middle East, but she might have been in D.C. drawing a bead on the man talking to her through a headset. Other things being equal, it probably was Reel who took the shot on Jacobs. If it were Robie, he would want to make sure the kill was done correctly. He wouldn’t have wanted anyone else pulling the trigger. Which meant he had to go somewhere right",,,
q00506,top2013:5397,21512735,1,23,https://www.goodreads.com/work/quotes/21512735,"to the left, shattering the glass on the door leading to the train car in front of them. She gripped the flash-bang, engaged it, and threw it through the opening. She whirled and shot out the glass in the window to the rear. The bullet was followed by the second flash-bang, which Robie tossed through the new opening.",,,
q00507,top2013:5397,21512735,1,24,https://www.goodreads.com/work/quotes/21512735,"To her, companionship must have seemed highly overrated.",,,
q00508,top2013:5397,21512735,1,26,https://www.goodreads.com/work/quotes/21512735,her with him she was likely going to,,,
q00509,top2013:5397,21512735,1,28,https://www.goodreads.com/work/quotes/21512735,convinced that they wanted him to find,,,
