quote_id,sample_id,gr_work_id,page,idx,source_url,quote_text,bucket,tense,note
q00001,top1931:5304,2346070,1,0,https://www.goodreads.com/work/quotes/2346070,"Now, five years is nothing in a man's life except when he is very young and very old...- Wang Lung",,,
q00002,top1931:5304,2346070,1,2,https://www.goodreads.com/work/quotes/2346070,"I am always glad when any of my books can be put into an inexpensive edition, because I like to think that any people who might wish to read them can do so. Surely books ought to be within reach of everybody.",,,
q00003,top1931:5304,2346070,1,3,https://www.goodreads.com/work/quotes/2346070,It is the end of a family- when they begin to sell their land. Out of the land we came and into we must go - and if you will hold your land you can live- no one can rob you of land.,,,
q00004,top1931:5304,2346070,1,5,https://www.goodreads.com/work/quotes/2346070,"And roots, if they are to bear fruits, must be kept well in the soil of the land.",,,
q00005,top1931:5304,2346070,1,6,https://www.goodreads.com/work/quotes/2346070,"Out of the woman's great brown breast the milk gushed forth for the child, milk as white as snow, and when the child suckled at the one breast it flowed like a fountain from the other, ans she let it flow. There was more than enough for the child, greedy though he was, life enough for many children, and she let it flow out carelessly, conscious of her abundance. There was always more. Sometimes she lifted her breast and let it flow out upon the ground to save her clothing, and it sank into the earth and made a soft, dark, rich spot in the field. The child fat and good-natured and ate of the inexhaustible life his mother gave him.",,,
q00006,top1931:5304,2346070,1,7,https://www.goodreads.com/work/quotes/2346070,"Now it has been said from ancient times that all women who weep may be divided into three sorts. There are those who lift up their voices and their tears flow and this may be called crying; there are those who utter loud lamentations but whose tears do not flow and this may be called howling; there are those whose tears flow but who utter no sound and this may be called weeping. Of all those women who followed Wang Lung in his coffin, his wives and his sons’ wives and his maid servants and his slaves and his hired mourners, there was only one who wept and it was Pear Blossom.",,,
q00007,top1931:5304,2346070,1,8,https://www.goodreads.com/work/quotes/2346070,"Wang Lung sat smoking, thinking of the silver as it had lain upon the table. It had come out of the earth, this silver, out of the earth that he ploughed and turned and spent himself upon. He took his life from the earth; drop by drop by his sweat he wrung food from it and from the food, silver. Each time before this that he had taken the silver out to give to anyone, it had been like taking a piece of his life and giving it to someone carelessly. But not for the first time, such giving was not pain. He saw, not the silver in the alien hand of a merchant in the town; he saw the silver transmuted into something worth even more than life itself - clothes upon the body of his son.",,,
q00008,top1931:5304,2346070,1,9,https://www.goodreads.com/work/quotes/2346070,"Our society must make it right and possible for old people not to fear the young or be deserted by them, for the test of a civilization is the way that it cares for its helpless members.",,,
q00009,top1931:5304,2346070,1,10,https://www.goodreads.com/work/quotes/2346070,"But hers was a strange heart, sad in its very nature, and she could never weep and ease it as other women do, for her tears never brought her comfort.",,,
q00010,top1931:5304,2346070,1,11,https://www.goodreads.com/work/quotes/2346070,"If I have a handful of silver it is because I work and my wife works, and we do not, as some do, sit idling over a gambling table or gossiping on doorsteps never swept, letting the fields grow to weeds and our children go half-fed!"" (Buck, 65)",,,
q00011,top1931:5304,2346070,1,12,https://www.goodreads.com/work/quotes/2346070,"Well, and they must all starve if the plants starve."" 'It was true that all their lives depended upon the earth' (Buck, 71).",,,
q00012,top1931:5304,2346070,1,13,https://www.goodreads.com/work/quotes/2346070,"He saw on the paper a picture of a man, white-skinned, who hung upon a crosspiece of wood. The man was without clothes except for a bit about his loins, and to all appearences he was dead, since his head drooped upon his shoulder and his eyes were closed above his bearded lips. Wang Lung looked at the pictured man in horror and with increasing interest.",,,
q00013,top1931:5304,2346070,1,14,https://www.goodreads.com/work/quotes/2346070,Well I know I am ugly and cannot be loved—,,,
q00014,top1931:5304,2346070,1,15,https://www.goodreads.com/work/quotes/2346070,"Then Wang Lung turned to the woman and looked at her for the first time. She had a square, honest face, a short, broad nose with large black nostrils, and her mouth was wide as a gash in her face. Her eyes were small and of a dull black in color, and were filled with some sadness that was not clearly expressed. It was a face that seemed habitually silent and unspeaking, as though it could not speak if it would. She bore patiently Wang Lung’s look, without embarrassment or response, simply waiting until he had seen her. He saw that it was true there was not beauty of any kind in her face—a brown, common, patient face. But there were no pock-marks on her dark skin, nor was her lip split. In her ears he saw his rings hanging, the gold-washed rings he had bought, and on her hands were the rings he had given her. He turned away with secret exultation. Well, he had his woman!",,,
q00015,top1931:5304,2346070,1,16,https://www.goodreads.com/work/quotes/2346070,"He lived in the rich city as alien as a rat in a rich man's house that is fed on scraps thrown away, and hides here and there and is never a part of the real life of the house.",,,
q00016,top1931:5304,2346070,1,17,https://www.goodreads.com/work/quotes/2346070,It was Wang Lung's marriage day.,,,
q00017,top1931:5304,2346070,1,18,https://www.goodreads.com/work/quotes/2346070,"And out of his heaviness there stood out strangely but one clear thought and it was a pain to him, and it was this, that he wished he had not taken the two pearls from O-lan that day when she was washing his clothes at the pool, and he would never bear to see Lotus put them in her ears again.",,,
q00018,top1931:5304,2346070,1,19,https://www.goodreads.com/work/quotes/2346070,"Well, and you may have lived in the courts of the Old Lord, and you were accounted beautiful, but I have been a man's wife and I have borne him sons, and you are still a slave.",,,
q00019,top1931:5304,2346070,1,20,https://www.goodreads.com/work/quotes/2346070,"And listening to all the things they would do if they had these things, Wang Lung heard only of how much they would eat and sleep, and of what dainties they would eat that they had never tasted,and how they would gamble in this great tea shop and in that, and what pretty women they would buy for their lust, and above all, how none would ever work again, even as they rich man behind the wall never worked.",,,
q00020,top1931:5304,2346070,1,21,https://www.goodreads.com/work/quotes/2346070,Then the good land did again its healing work and the sun shone on him and healed him and the warm winds of summer wrapped him about with peace.,,,
q00021,top1931:5304,2346070,1,22,https://www.goodreads.com/work/quotes/2346070,"The first peaches of spring - the first peaches! Buy, eat, purge your bowels of the poisons of winter!",,,
q00022,top1931:5304,2346070,1,23,https://www.goodreads.com/work/quotes/2346070,"To those at the great house it means nothing, this handful of earth, but to me it means how much!"" (Buck, 57)",,,
q00023,top1931:5304,2346070,1,24,https://www.goodreads.com/work/quotes/2346070,"and his voice came from him in a whisper,",,,
q00024,top1931:5304,2346070,1,25,https://www.goodreads.com/work/quotes/2346070,"When I return to that house it will be with my son in my arms. I shall have a red coat on him and red-flowered trousers and on his head a hat with a small gilded Buddha sewn on the front and on his feet tiger-faced shoes. And I will wear new shoes and a new coat of black sateen and I will go into the kitchen where I spent my days and I will go into the great hall where the Old One sits with her opium, and I will show myself and my son to all of them.",,,
q00025,top1931:5304,2346070,1,27,https://www.goodreads.com/work/quotes/2346070,"And from that time on the boys were no longer called Elder and Younger, but they were given school names by the old teacher, and this old man, after inquiring into the occupation of their father, erected two names for the sons; for the elder, Nung En, and for the second Nung Wen, and the first word of each name signified one whose wealth is from the earth.",,,
q00026,top1931:5304,2346070,1,28,https://www.goodreads.com/work/quotes/2346070,"When the rich are too rich there are ways, and when the poor are too poor there are ways. Last winter we sold two girls and endured, and this winter, if this one my woman bears is a girl, we will sell again. One slave I have kept—the first. The others it is better to sell than to kill, although there are those who prefer to kill them before they draw breath. This is one of the ways when the poor are too poor. When the rich are too rich there is a way, and if I am not mistaken, that way will come soon.",,,
q00027,top1931:5304,2346070,1,29,https://www.goodreads.com/work/quotes/2346070,"So Wang Lung sat, and so his age came on him day by day and year by year, and he slept fitfully in the sun as his father had done, and he said to himself that his life was done and he was satisfied with it.",,,
q00028,top1932:5193,36036,1,0,https://www.goodreads.com/work/quotes/36036,"Lewis Alison, a dark, craggy man of more than common height, gave no sign of sharing in the general curiosity. He stayed in his place, seeming to have wrapped himself in a composure not easily disturbed.",,,
q00029,top1934:2031,2147442,1,0,https://www.goodreads.com/work/quotes/2147442,"What a host of little incidents, all deep-buried in the past -- problems that had once been urgent, arguments that had once been keen, anecdotes that were funny only because one remembered the fun. Did any emotion really matter when the last trace of it had vanished from human memory; and if that were so, what a crowd of emotions clung to him as to their last home before annihilation? He must be kind to them, must treasure them in his mind before their long sleep.",,,
q00030,top1934:2031,2147442,1,1,https://www.goodreads.com/work/quotes/2147442,"Where had they all gone to, he often pondered; those threads he had once held together, how far had they scattered, some to break, others to weave into unknown patterns? The strange randomness of the world beguiled him, that randomness which never would, so long as the world lasted, give meaning to those choruses again.",,,
q00031,top1934:2031,2147442,1,2,https://www.goodreads.com/work/quotes/2147442,"Brookfield will never forget his lovableness,"" said Cartwright, in a speech to the School. Which was absurd, because all things are forgotten in the end.",,,
q00032,top1934:2031,2147442,1,3,https://www.goodreads.com/work/quotes/2147442,"When you are getting on in years it is nice to sit by the fire and drink a cup of tea and listen to the school bell sounding dinner, call-over, prep., and lights out. Chips always wound up the clock after that last bell; then he put the wire guard in front of the fire, turned out the gas, and carried a detective novel to bed. Rarely did he read more than a page of it before sleep came swiftly and peacefully, more like a mystic intensifying of perception than any changeful entrance into another world. For his days and nights were equally full of dreaming.",,,
q00033,top1934:2031,2147442,1,4,https://www.goodreads.com/work/quotes/2147442,You cannot judge the importance of things by the noise they make.,,,
q00034,top1934:2031,2147442,1,5,https://www.goodreads.com/work/quotes/2147442,"He had, in fact, already begun to sink into that creeping dry rot of pedagogy which is the worst and ultimate pitfall of the profession; giving the same lessons year after year had formed a groove into which the other affairs of his life adjusted themselves with insidious ease. He worked well; he was conscientious; he was a fixture that gave service, satisfaction, confidence, everything except inspiration.",,,
q00035,top1934:2031,2147442,1,6,https://www.goodreads.com/work/quotes/2147442,"I thought I heard you—one of you—saying it was a pity—umph—a pity I never had—any children … eh? … But I have, you know … I have …” The others smiled without answering, and after a pause Chips began a faint and palpitating chuckle. “Yes—umph—I have,” he added, with quavering merriment. “Thousands of ’em … thousands of ’em… and all boys.",,,
q00036,top1934:2031,2147442,1,7,https://www.goodreads.com/work/quotes/2147442,"And so it stood, a warm and vivid patch in his life, casting a radiance that glowed in a thousand recollections.",,,
q00037,top1934:2031,2147442,1,8,https://www.goodreads.com/work/quotes/2147442,"For Chips, like some old sea captain, still measured time by the signals of the past. . . .",,,
q00038,top1934:2031,2147442,1,9,https://www.goodreads.com/work/quotes/2147442,His guests found it fun to watch him make tea -- mixing careful spoonfuls from different caddies.,,,
q00039,top1934:2031,2147442,1,10,https://www.goodreads.com/work/quotes/2147442,those ideas of dignity and generosity that were becoming increasingly rare in a frantic world.,,,
q00040,top1934:2031,2147442,1,11,https://www.goodreads.com/work/quotes/2147442,"When you grow older you miss that eagerness; life may be happy, you may have health and wealth and love and success, but the odds are that you never look forward as you once did to a single golden day. You never count the hours to it, you never see some moment ahead beckoning like a goddess across a fourth dimension.",,,
q00041,top1934:2031,2147442,1,12,https://www.goodreads.com/work/quotes/2147442,"And sometimes, when the bell rang for call-over, he would go to the window and look across the road and over the School fence and see, in the distance, the thin line of boys filing past the bench. New times, new names . . . but the old ones still remained . . . Jefferson, Jennings, Jolyon, Jupp, Kingsley Primus, Kingsley Secundus, Kingsley Tertius, Kingston . . . where are you all, where have you all gone to?",,,
q00042,top1934:2031,2147442,1,13,https://www.goodreads.com/work/quotes/2147442,"For he did not, he would have said, care for women; he never felt at home or at ease with them; and that monstrous creature beginning to be talked about, the New Woman of the nineties, filled him with horror. He was a quiet, conventional person, and the world, viewed from the haven of Brookfield, seemed to him full of distasteful innovations; there was a fellow named Bernard Shaw who had the strangest and most reprehensible opinions; there was Ibsen, too, with his disturbing plays; and there was this new craze for bicycles which was being taken up by women equally with men. Chips did not hold with all this modern newness and freedom. He had a vague notion, if he ever formulated it, that nice women were weak, timid, and delicate, and that nice men treated them with a polite but rather distant chivalry.",,,
q00043,top1934:2031,2147442,1,14,https://www.goodreads.com/work/quotes/2147442,"but chiefly I remember all your faces. I never forget them. I have thousands of faces in my mind—the faces of boys. If you come and see me again in years to come—as I hope you all will—I shall try to remember those older faces of yours, but it's just possible I shan't be able to—and then some day you'll see me somewhere and I shan't recognize you and you'll say to yourself, 'The old boy doesn't remember me.' [Laughter] But I DO remember you—as you are NOW. That's the point. In my mind you never grow up at all.",,,
q00044,top1934:2031,2147442,1,15,https://www.goodreads.com/work/quotes/2147442,He was forty-eight — an age at which permanence of habits begins to be predictable.,,,
q00045,top1934:2031,2147442,1,16,https://www.goodreads.com/work/quotes/2147442,"On the night before the wedding, when Chips left the house to return to his hotel, she said, with mock gravity: ""This is an occasion, you know--this last farewell of ours. I feel rather like a new boy beginning his first term with you. Not scared, mind you--but just, for once, in a thoroughly respectful mood. Shall I call you 'sir'--or would 'Mr. Chips' be the right thing? 'Mr. Chips,' I think. Good-bye, then--good-bye, Mr. Chips. . . .",,,
q00046,top1934:2031,2147442,1,18,https://www.goodreads.com/work/quotes/2147442,"These examinations and certificates and so on--what did they matter? And all this efficiency and up-to-dateness--what did that matter, either? Ralston was trying to run Brookfield like a factory--a factory for turning out a snob culture based on money and machines. The old gentlemanly traditions of family and broad acres were changing, as doubtless they were bound to; but instead of widening them to form a genuine inclusive democracy of duke and dustman, Ralston was narrowing them upon the single issue of a fat banking account. There never had been so many rich men's sons at Brookfield. The Speech Day Garden Party was like Ascot. Ralston met these wealthy fellows in London clubs and persuaded them that Brookfield was the coming school, and, since they couldn't buy their way into Eton or Harrow, they greedily swallowed the bait. Awful fellows, some of them--though others were decent enough. Financiers, company promoters, pill manufacturers. One of them gave his son five pounds a week pocket money. Vulgar . . . ostentatious . . . all the hectic rotten-ripeness of the age. . . . And once Chips had got into trouble because of some joke he had made about the name and ancestry of a boy named Isaacstein. The boy wrote home about it, and Isaacstein père sent an angry letter to Ralston. Touchy, no sense of humor, no sense of proportion--that was the matter with them, these new fellows. . . . No sense of proportion. And it was a sense of proportion, above all things, that Brookfield ought to teach--not so much Latin or Greek or Chemistry or Mechanics. And you couldn't expect to test that sense of proportion by setting papers and granting certificates...",,,
q00047,top1934:2031,2147442,1,19,https://www.goodreads.com/work/quotes/2147442,"Those who knew him will be sorry to hear that he was killed last week, on the Western Front."" He was a little pale when he sat down afterward, aware that he had done something unusual. He had consulted nobody about it, anyhow; no one else could be blamed. Later, outside the Chapel, he heard an argument:— ""On the Western Front, Chips said. Does that mean he was fighting for the Germans?"" ""I suppose it does."" ""Seems funny, then, to read his name out with all the others. After all, he was an ENEMY."" ""Oh, just one of Chips's ideas, I expect. The old boy still has 'em.",,,
q00048,top1934:2031,2147442,1,21,https://www.goodreads.com/work/quotes/2147442,"that he was both more and less experienced than the youngest new boy at the School might well be; and that, that paradox of age and youth, was what the world called progress.",,,
q00049,top1934:2031,2147442,1,22,https://www.goodreads.com/work/quotes/2147442,"For the first time in his life he felt necessary—and necessary to something that was nearest his heart. There is no sublimer feeling in the world, and it was his at last.",,,
q00050,top1934:2031,2147442,1,29,https://www.goodreads.com/work/quotes/2147442,"He felt that it would not be fair to hang on if he could not decently do his job. Besides, he would not sever himself completely. He would take rooms across the road, with the excellent Mrs. Wickett who had once been linen-room maid; he could visit the School whenever he wanted, and could still, in a sense, remain a part of it.",,,
q00051,top1934:2031,2147442,2,1,https://www.goodreads.com/work/quotes/2147442?page=2,"In politics she was a radical, with leanings toward the views of people like Bernard Shaw and William Morris. All her ideas and opinions she poured out to Chips during those summer afternoons at Wasdale Head; and he, because he was not very articulate, did not at first think it worth while to contradict them. Her friend went away, but she stayed; what COULD you do with such a person, Chips thought. He used to hobble with sticks along a footpath leading to the tiny church; there was a stone slab on the wall, and it was comfortable to sit down, facing the sunlight and the green-brown majesty of the Gable and listening to the chatter of—well, yes, Chips had to admit it— a very beautiful girl.",,,
q00052,top1934:2031,2147442,2,2,https://www.goodreads.com/work/quotes/2147442?page=2,"Quite a character, the old boy, isn't he? All that fuss about mixing the tea—a typical bachelor, if ever there was one."" Which was oddly incorrect; because Chips was not a bachelor at all. He had married, though it was so long ago that none of the staff at Brookfield could remember his wife.",,,
q00053,top1934:2031,2147442,2,3,https://www.goodreads.com/work/quotes/2147442?page=2,"There was also a bottom shelf piled up with cheap editions of detective novels. Chips enjoyed these. Sometimes he took down Vergil or Xenophon and read for a few moments, but he was soon back again with Doctor Thorndyke or Inspector French.",,,
q00054,top1934:2031,2147442,2,4,https://www.goodreads.com/work/quotes/2147442?page=2,"And years later, when Colley was an alderman of the City of London and a baronet and various other things, he sent his son (also red-haired) to Brookfield, and Chips would say: ""Colley, your father was the first boy I ever punished when I came here twenty-five years ago.",,,
q00055,top1934:2031,2147442,2,5,https://www.goodreads.com/work/quotes/2147442?page=2,"In 1933 Hilton was asked to write a 3,000 word short story for the magazine The British Weekly. After a week without inspiration he suddenly had an idea to write the story of the much-loved schoolmaster which he entitled Goodbye, Mr. Chip!",,,
q00056,top1934:2031,2147442,2,6,https://www.goodreads.com/work/quotes/2147442?page=2,"Goodbye, Mr. Chips!' was first submitted by James Hilton to the British Weekly in 1933, but it came to prominence when it was printed as the leading article of The Atlantic in April 1934.",,,
q00057,top1934:2031,2147442,2,7,https://www.goodreads.com/work/quotes/2147442?page=2,"Once, asked for his opinion of bayonet practice being carried on near the cricket pavilion, he answered, with that lazy, slightly asthmatic intonation that had been so often and so extravagantly imitated: “It seems—to me—umph—a very vulgar way of killing people.” The yarn was passed on and joyously appreciated—how Chips had told some big brass hat from the War Office that bayonet fighting was vulgar. Just like Chips. And they found an adjective for him—an adjective just beginning to be used: he was pre-War.",,,
q00058,top1936:2026,3358283,1,0,https://www.goodreads.com/work/quotes/3358283,Burdens are for shoulders strong enough to carry them.,,,
q00059,top1936:2026,3358283,1,2,https://www.goodreads.com/work/quotes/3358283,"Well, my dear, take heart. Some day, I will kiss you and you will like it. But not now, so I beg you not to be too impatient.",,,
q00060,top1936:2026,3358283,1,3,https://www.goodreads.com/work/quotes/3358283,"My dear, I don't give a damn.",,,
q00061,top1936:2026,3358283,1,4,https://www.goodreads.com/work/quotes/3358283,"I can't think about that right now. If I do, I'll go crazy. I'll think about that tomorrow.",,,
q00062,top1936:2026,3358283,1,6,https://www.goodreads.com/work/quotes/3358283,"I'll think of it tomorrow, at Tara. I can stand it then. Tomorrow, I'll think of some way to get him back. After all, tomorrow is another day.",,,
q00063,top1936:2026,3358283,1,7,https://www.goodreads.com/work/quotes/3358283,"Sir,""she said,""you are no gentleman!""An apt observation,""he answered airily.""And, you, Miss, are no lady.",,,
q00064,top1936:2026,3358283,1,8,https://www.goodreads.com/work/quotes/3358283,It was better to know the worst than to wonder.,,,
q00065,top1936:2026,3358283,1,9,https://www.goodreads.com/work/quotes/3358283,"Until you've lost your reputation, you never realize what a burden it was or what freedom really is.",,,
q00066,top1936:2026,3358283,1,10,https://www.goodreads.com/work/quotes/3358283,"Perhaps - I want the old days back again and they'll never come back, and I am haunted by the memory of them and of the world falling about my ears.",,,
q00067,top1936:2026,3358283,1,11,https://www.goodreads.com/work/quotes/3358283,"Death, taxes and childbirth! There's never any convenient time for any of them.",,,
q00068,top1936:2026,3358283,1,12,https://www.goodreads.com/work/quotes/3358283,"Dear Scarlett! You aren't helpless. Anyone as selfish and determined as you are is never helpless. God help the Yankees if they should get you."" -Rhett Butler",,,
q00069,top1936:2026,3358283,1,13,https://www.goodreads.com/work/quotes/3358283,Life's under no obligation to give us what we expect. We take what we get and are thankful it's no worse than it is.,,,
q00070,top1936:2026,3358283,1,14,https://www.goodreads.com/work/quotes/3358283,"You're so brutal to those who love you, Scarlett. You take their love and hold it over their heads like a whip.",,,
q00071,top1936:2026,3358283,1,15,https://www.goodreads.com/work/quotes/3358283,I'd cut up my heart for you to wear if you wanted it.,,,
q00072,top1936:2026,3358283,1,16,https://www.goodreads.com/work/quotes/3358283,"And apologies, once postponed, become harder and harder to make, and finally impossible.",,,
q00073,top1936:2026,3358283,1,17,https://www.goodreads.com/work/quotes/3358283,"I loved something I made up, something that's just as dead as Melly is. I made a pretty suit of clothes and fell in love with it. And when Ashley came riding along, so handsome, so different, I put that suit on him and made him wear it whether it fitted him or not. And I wouldn't see what he really was. I kept on loving the pretty clothes—and not him at all.",,,
q00074,top1936:2026,3358283,1,18,https://www.goodreads.com/work/quotes/3358283,If I said I was madly in love with you you'd know I was lying.,,,
q00075,top1936:2026,3358283,1,19,https://www.goodreads.com/work/quotes/3358283,That is the one unforgivable sin in any society. Be different and be damned!,,,
q00076,top1936:2026,3358283,1,21,https://www.goodreads.com/work/quotes/3358283,"Child, it's a very bad thing for a woman to face the worst that can happen to her, because after she's faced the worst she can't ever really fear anything again. ...Scarlett, always save something to fear— even as you save something to love...",,,
q00077,top1936:2026,3358283,1,22,https://www.goodreads.com/work/quotes/3358283,"No, my dear, I'm not in love with you, no more than you are with me, and if I were, you would be the last person I'd ever tell. God help the man who ever really loves you. You'd break his heart, my darling, cruel, destructive little cat who is so careless and confident she doesn't even trouble to sheathe her claws.",,,
q00078,top1936:2026,3358283,1,23,https://www.goodreads.com/work/quotes/3358283,Vanity was stronger than love at sixteen and there was no room in her hot heart now for anything but hate.,,,
q00079,top1936:2026,3358283,1,24,https://www.goodreads.com/work/quotes/3358283,I've always had a weakness for lost causes once they're really lost.,,,
q00080,top1936:2026,3358283,1,25,https://www.goodreads.com/work/quotes/3358283,"Say you’ll marry me when I come back or, before God, I won’t go. I’ll stay around here and play a guitar under your window every night and sing at the top of my voice and compromise you, so you’ll have to marry me to save your reputation.",,,
q00081,top1936:2026,3358283,1,27,https://www.goodreads.com/work/quotes/3358283,"I wish to Heaven I was married,"" she said resentfully as she attacked the yams with loathing. ""I'm tired of everlastingly being unnatural and never doing anything I want to do. I'm tired of acting like I don't eat more than a bird, and walking when I want to run and saying I feel faint after a waltz, when I could dance for two days and never get tired. I'm tired of saying, 'How wonderful you are!' to fool men who haven't got one-half the sense I've got, and I'm tired of pretending I don't know anything, so men can tell me things and feel important while they're doing it... I can't eat another bite.",,,
q00082,top1936:2026,3358283,1,28,https://www.goodreads.com/work/quotes/3358283,"Forgive me for startling you with the impetuosity of my sentiments, my dear Scarlett—I mean, my dear Mrs. Kennedy. It cannot have escaped your notice that for some time past the friendship I have had in my heart for you has ripened into a deeper feeling, a feeling more beautiful, more pure, more sacred. Dare I name it you? Ah! It is love which makes me so bold!",,,
q00083,top1936:2026,3358283,1,29,https://www.goodreads.com/work/quotes/3358283,"I bare my soul and you are suspicious! No, Scarlett, this is a bona fide honorable declaration. I admit that it's not in the best of taste, coming at this time, but I have a very good excuse for my lack of breeding. I'm going away tomorrow for a long time and I fear that if I wait till I return you'll have married some one else with a little money. So I thought, why not me and my money? Really, Scarlett, I can't go all my life waiting to catch you between husbands.",,,
q00084,top1937:4844,621034,1,0,https://www.goodreads.com/work/quotes/621034,You are very attractive. And your greatest charm is that you do not realise it!,,,
q00085,top1937:4844,621034,1,1,https://www.goodreads.com/work/quotes/621034,"If we go on trying to make out that everything’s wrong outside the profession and everything is right within, it means the death of scientific progress.",,,
q00086,top1937:4844,621034,1,2,https://www.goodreads.com/work/quotes/621034,with brains. His irreverence had a wholesome ring.,,,
q00087,top1938:6760,583534,1,0,https://www.goodreads.com/work/quotes/583534,Now he understood. This was death. Death was a silence that gave back no answer.,,,
q00088,top1938:6760,583534,1,1,https://www.goodreads.com/work/quotes/583534,"You've seed how things goes in the world o' men. You've knowed men to be low-down and mean. You've seed ol' Death at his tricks...Ever' man wants life to be a fine thing, and a easy. 'Tis fine, boy, powerful fine, but 'tain't easy. Life knocks a man down and he gits up and it knocks him down agin. I've been uneasy all my life...I've wanted life to be easy for you. Easier'n 'twas for me. A man's heart aches, seein' his young uns face the world. Knowin' they got to get their guts tore out, the way his was tore. I wanted to spare you, long as I could. I wanted you to frolic with your yearlin'. I knowed the lonesomeness he eased for you. But ever' man's lonesome. What's he to do then? What's he to do when he gits knocked down? Why, take it for his share and go on. —Penny Baxter",,,
q00089,top1938:6760,583534,1,2,https://www.goodreads.com/work/quotes/583534,He was addled with April. He was dizzy with Spring. He was as drunk as Lem Forrester on a Saturday night.,,,
q00090,top1938:6760,583534,1,3,https://www.goodreads.com/work/quotes/583534,"He watched the sun rise beyond the grape arbor. In the thin golden light the young leaves and tendrils of the Scuppernong were like Twink Weatherby's hair. He decided that sunrise and sunset both gave him a pleasantly sad feeling. The sunrise brought a wild, free sadness; the sunset, a lonely yet a comforting one. He indulged his agreeable melancholy until the earth under him turned from gray to lavender and then to the color dried corn husks.",,,
q00091,top1938:6760,583534,1,4,https://www.goodreads.com/work/quotes/583534,He would be lonely all his life. But a man took it for his share and went on.,,,
q00092,top1938:6760,583534,1,5,https://www.goodreads.com/work/quotes/583534,The wild animals seemed less predatory to him than people he had known.,,,
q00093,top1938:6760,583534,1,6,https://www.goodreads.com/work/quotes/583534,"You kin tame arything, son, excusin’ the human tongue.",,,
q00094,top1938:6760,583534,1,7,https://www.goodreads.com/work/quotes/583534,He lay down beside the fawn. He put one arm across its neck. It did not seem to him that he could ever be lonely again.,,,
q00095,top1938:6760,583534,1,9,https://www.goodreads.com/work/quotes/583534,Ma Baxter rocked complacently. They were all pleased whenever she made a joke. Her good nature made the same difference in the house as the hearth-fire had made in the chill of the evening.,,,
q00096,top1938:6760,583534,1,10,https://www.goodreads.com/work/quotes/583534,"This, then, was hunger. This was what his mother had meant when she had said, ""We'll all go hongry."" He had laughed, for he had thought he had known hunger, and it was faintly pleasant. He knew now that it had been only appetite. This was another thing.",,,
q00097,top1938:6760,583534,1,11,https://www.goodreads.com/work/quotes/583534,"Penny's bowels yearned over his son. He gave him something more that his paternity. He found that the child stood wide-eyed and breathless before the miracle of bird and creature, of flower and tree, of wind and rain and sun and moon, as he had always stood. And if, on a soft day in April, the boy had prowled away on his boy's business, he could understand the thing that had drawn him. He understood, too, its briefness.",,,
q00098,top1938:6760,583534,1,12,https://www.goodreads.com/work/quotes/583534,"You do somethin' for me? Go tell Twink I'll meet her at the old grove Tuesday about dusk-dark.""Jody was frozen.He burst out, ""I won't do it. I hate her. Ol' yellow-headed somethin'.",,,
q00099,top1938:6760,583534,1,13,https://www.goodreads.com/work/quotes/583534,"Jody said, ""Ma, you're shore good.""""Oh, yes. When it's rations.""""Well, I'd a heap ruther you was good about rations and mean about other things.""""Oh, I be mean, be I?""""Only about jest a very few things,"" he soothed her.",,,
q00100,top1938:6760,583534,1,14,https://www.goodreads.com/work/quotes/583534,"A mark was on him from the day's delight, so that all his life, when April was a thin green and the flavor of rain was on his tongue, an old wound would throb and a nostalgia would fill him for something he could not quite remember.",,,
q00101,top1938:6760,583534,1,15,https://www.goodreads.com/work/quotes/583534,I'm eating' it quick... but I'll remember it a long time.,,,
q00102,top1938:6760,583534,1,16,https://www.goodreads.com/work/quotes/583534,She drew gallantry from men as the sun drew water. Her pertness enchanted them. Young men went away from her with a feeling of bravado. Old men were enslaved by her silver curls. Something about her was forever female and made all men virile.,,,
q00103,top1938:6760,583534,1,17,https://www.goodreads.com/work/quotes/583534,"Dogs could die, and bears and deer and other people. That was acceptable, because it was remote. His father could not die. The earth might cave in under him in one vast sink-hole and he could accept it. But without Penny, there was no earth. Without him there was nothing.",,,
q00104,top1938:6760,583534,1,18,https://www.goodreads.com/work/quotes/583534,"He had perhaps been bruised too often. The peace of the vast aloof scrub had drawn him with the beneficence of its silence. Something in him was raw and tender. The touch of men was hurtful upon it, but the touch of pines was healing.",,,
q00105,top1938:6760,583534,1,20,https://www.goodreads.com/work/quotes/583534,"He lay down on his pallet and drew the fawn down beside him. He often lay so with it in the shed, or under the live oaks in the heat of the day. He lay with his head against its side. its ribs lifted and fell with its breathing. It rested its chin on his hand. It had a few short hairs there that prickled him. He had been cudgeling his wits for an excuse to bring the fawn inside at night to sleep with him, and now he had one that could not be disputed. He would smuggle it in and out as long as possible, in the name of peace.",,,
q00106,top1938:6760,583534,1,21,https://www.goodreads.com/work/quotes/583534,"They listened with flattering attention. He was filled with enthusiasm. He began at the beginning and tried to tell it as he thought Penny would do. Half-way through, he looked down at the cake. He lost interest in the account.""Then Pa shot him,"" he ended abruptly.",,,
q00107,top1938:6760,583534,1,22,https://www.goodreads.com/work/quotes/583534,... the human heart is allus the same. Sorrer strikes the same all over. Hit makes a different kind o' mark in different places.,,,
q00108,top1938:6760,583534,1,23,https://www.goodreads.com/work/quotes/583534,Grandma Hutto’s flower garden was a bright patchwork quilt thrown down inside the pickets.,,,
q00109,top1938:6760,583534,1,24,https://www.goodreads.com/work/quotes/583534,"Well, son, you cain’t go thru life chunkin’ things at all the ugly women you meet.",,,
q00110,top1938:6760,583534,1,25,https://www.goodreads.com/work/quotes/583534,Don't go gittin faintified on me.,,,
q00111,top1938:6760,583534,1,27,https://www.goodreads.com/work/quotes/583534,"Living was no longer the grief behind him, but the anxiety ahead.",,,
q00112,top1938:6760,583534,1,28,https://www.goodreads.com/work/quotes/583534,They were no more than conscious that she spoke to them. They hadseen a thing that was unearthly. They were in a trance from the strong spell ofits beauty. •11•,,,
q00113,top1938:6760,583534,1,29,https://www.goodreads.com/work/quotes/583534,"Eulalie in a remote fashion belonged to him, Jody, to do with as he pleased, if only to throw potatoes at her.",,,
q00114,top1938:6760,583534,2,0,https://www.goodreads.com/work/quotes/583534?page=2,"...no man was spared. What all had borne, each could bear. He shared their sorrow, and they became a part of his, and the sharing spread their grief a little, by thinning it.",,,
q00115,top1938:6760,583534,2,1,https://www.goodreads.com/work/quotes/583534?page=2,"Now I shore as the devil won't waste no time tootlin' him. You know me better'n that. You know I'm made outen whale-bone and hell.''Ain't the whalebone gittin' a mite limber?'''Tis, but the hell's hot as ever.",,,
q00116,top1938:6760,583534,2,2,https://www.goodreads.com/work/quotes/583534?page=2,"Doc said, 'That's man-nature, Ma'am. Three things bring a man home again—his bed, his woman, and his dinner.",,,
q00117,top1938:6760,583534,2,3,https://www.goodreads.com/work/quotes/583534?page=2,Words began fights and words ended them.,,,
q00118,top1938:6760,583534,2,4,https://www.goodreads.com/work/quotes/583534?page=2,"Jody looked over his shoulder. The camp site was desolate. The charred logs, the gray ashes, were forlorn. The magic had died out with the flames of the camp-fire.",,,
q00119,top1939:5317,2931549,1,0,https://www.goodreads.com/work/quotes/2931549,There ain't no sin and there ain't no virtue. There's just stuff people do.,,,
q00120,top1939:5317,2931549,1,1,https://www.goodreads.com/work/quotes/2931549,And the little screaming fact that sounds through all history: repression works only to strengthen and knit the repressed.,,,
q00121,top1939:5317,2931549,1,2,https://www.goodreads.com/work/quotes/2931549,It was her habit to build up laughter out of inadequate materials.,,,
q00122,top1939:5317,2931549,1,3,https://www.goodreads.com/work/quotes/2931549,"...and in the eyes of the people there is the failure; and in the eyes of the hungry there is a growing wrath. In the souls of the people the grapes of wrath are filling and growing heavy, growing heavy for the vintage.",,,
q00123,top1939:5317,2931549,1,6,https://www.goodreads.com/work/quotes/2931549,"The quality of owning freezes you forever in ""I,"" and cuts you off forever from the ""we.",,,
q00124,top1939:5317,2931549,1,7,https://www.goodreads.com/work/quotes/2931549,You're bound to get idears if you go thinkin' about stuff,,,
q00125,top1939:5317,2931549,1,8,https://www.goodreads.com/work/quotes/2931549,"Death was a friend, and sleep was Death's brother.",,,
q00126,top1939:5317,2931549,1,9,https://www.goodreads.com/work/quotes/2931549,"Up ahead they's a thousan' lives we might live, but when it comes it'll on'y be one.",,,
q00127,top1939:5317,2931549,1,11,https://www.goodreads.com/work/quotes/2931549,"Muscles aching to work, minds aching to create - this is man.",,,
q00128,top1939:5317,2931549,1,12,https://www.goodreads.com/work/quotes/2931549,"If he needs a million acres to make him feel rich, seems to me he needs it 'cause he feels awful poor inside hisself, and if he's poor in hisself, there ain't no million acres gonna make him feel rich, an' maybe he's disappointed that nothin' he can do 'll make him feel rich.",,,
q00129,top1939:5317,2931549,1,13,https://www.goodreads.com/work/quotes/2931549,"A large drop of sun lingered on the horizon and then dripped over and was gone, and the sky was brilliant over the spot where it had gone, and a torn cloud, like a bloody rag, hung over the spot of its going. And dusk crept over the sky from the eastern horizon, and darkness crept over the land from the east.",,,
q00130,top1939:5317,2931549,1,14,https://www.goodreads.com/work/quotes/2931549,"Sure, cried the tenant men,but it’s our land…We were born on it, and we got killed on it, died on it. Even if it’s no good, it’s still ours….That’s what makes ownership, not a paper with numbers on it.""""We’re sorry. It’s not us. It’s the monster. The bank isn’t like a man.""""Yes, but the bank is only made of men.""""No, you’re wrong there—quite wrong there. The bank is something else than men. It happens that every man in a bank hates what the bank does, and yet the bank does it. The bank is something more than men, I tell you. It’s the monster. Men made it, but they can’t control it.",,,
q00131,top1939:5317,2931549,1,15,https://www.goodreads.com/work/quotes/2931549,"She seemed to know, to accept, to welcome her position, the citadel of the family, the strong place that could not be taken. And since old Tom and the children could not know hurt or fear unless she acknowledged hurt or fear, she had practiced denying them in herself. And since, when a joyful thing happened, they looked to see whether joy was on her, it was her habit to build laughter out of inadequate materials....She seemed to know that if she swayed the family shook, and if she ever deeply wavered or despaired the family would fall.",,,
q00132,top1939:5317,2931549,1,19,https://www.goodreads.com/work/quotes/2931549,"The Western States nervous under the beginning change.Texas and Oklahoma, Kansas and Arkansas, New Mexico,Arizona, California. A single family moved from the land.Pa borrowed money from the bank, and now the bank wantsthe land. The land company--that's the bank when it has land--wants tractors, not families on the land. Is a tractor bad? Isthe power that turns the long furrows wrong? If this tractorwere ours it would be good--not mine, but ours. If our tractorturned the long furrows of our land, it would be good.Not my land, but ours. We could love that tractor then aswe have loved this land when it was ours. But the tractordoes two things--it turns the land and turns us off the land.There is little difference between this tractor and a tank.The people are driven, intimidated, hurt by both. We must thinkabout this.One man, one family driven from the land; this rusty carcreaking along the highway to the west. I lost my land, asingle tractor took my land. I am alone and bewildered.And in the night one family camps in a ditch and anotherfamily pulls in and the tents come out. The two men squaton their hams and the women and children listen. Here is thenode, you who hate change and fear revolution. Keep thesetwo squatting men apart; make them hate, fear, suspect eachother. Here is the anlarge of the thing you fear. This is thezygote. For here ""I lost my land"" is changed; a cell is splitand from its splitting grows the thing you hate--""We lost ourland."" The danger is here, for two men are not as lonely andperplexed as one. And from this first ""we"" there grows a stillmore dangerous thing: ""I have a little food"" plus ""I havenone."" If from this problem the sum is ""We have a littlefood,"" the thing is on its way, the movement has direction.Only a little multiplication now, and this land, this tractor areours. The two men squatting in a ditch, the little fire, the side-meat stewing in a single pot, the silent, stone-eyed women;behind, the children listening with their souls to words theirminds do not understand. The night draws down. The babyhas a cold. Here, take this blanket. It's wool. It was my mother'sblanket--take it for the baby. This is the thing to bomb.This is the beginning--from ""I"" to ""we.""If you who own the things people must have could understandthis, you might preserve yourself. If you could separatecauses from results, if you could know Paine, Marx,Jefferson, Lenin, were results, not causes, you might survive.But that you cannot know. For the quality of owning freezesyou forever into ""I,"" and cuts you off forever from the ""we.""The Western States are nervous under the beginingchange. Need is the stimulus to concept, concept to action.A half-million people moving over the country; a millionmore restive, ready to move; ten million more feeling thefirst nervousness.And tractors turning the multiple furrows in the vacant land.",,,
q00133,top1939:5317,2931549,1,20,https://www.goodreads.com/work/quotes/2931549,If you're in trouble or hurt or need–go to poor people. They're the only ones that'll help–the only ones.,,,
q00134,top1939:5317,2931549,1,21,https://www.goodreads.com/work/quotes/2931549,"Women can change better’n a man,” Ma said soothingly. “Woman got all her life in her arms. Man got it all in his head.”“Man, he lives in jerks-baby born an’ a man dies, an’ that’s a jerk-gets a farm and looses his farm, an’ that’s a jerk. Woman, its all one flow, like a stream, little eddies, little waterfalls, but the river, it goes right on. Woman looks at it like that. We ain’t gonna die out. People is goin’ on-changin’ a little, maybe, but goin’ right on.",,,
q00135,top1939:5317,2931549,1,22,https://www.goodreads.com/work/quotes/2931549,"And this you can know- fear the time when Manself will not suffer and die for a concept, for this one quality is man, distinctive in the universe.",,,
q00136,top1939:5317,2931549,1,24,https://www.goodreads.com/work/quotes/2931549,I’m gettin’ tired way past where sleep rests me.,,,
q00137,top1939:5317,2931549,1,25,https://www.goodreads.com/work/quotes/2931549,"Then it don' matter. Then I'll be all aroun' in the dark. I'll be ever'where - wherever you look. Wherever they's a fight so hungry people can eat, I'll be there. Wherever they's a cop beatin' up a guy, I'll be there. If Casy knowed, why, I'll be in the way guys yell when they're mad an' - I'll be in the way kids laugh when they're hungry an' they know supper's ready. An' when our folks eat the stuff they raise an' live in the houses they build, why, I'll be there.",,,
q00138,top1939:5317,2931549,1,26,https://www.goodreads.com/work/quotes/2931549,"The bank - the monster has to have profits all the time. It can't wait. It'll die. No, taxes go on. When the monster stops growing, it dies. It can't stay one size.",,,
q00139,top1939:5317,2931549,1,27,https://www.goodreads.com/work/quotes/2931549,You got a God. Don't make no difference if you don' know what he looks like.,,,
q00140,top1939:5317,2931549,1,28,https://www.goodreads.com/work/quotes/2931549,"Man, unlike any other thing organic or inorganic in the universe, grows beyond his work, walks up the stairs of his concepts, and emerges ahead of his accomplishments.",,,
q00141,top1939:5317,2931549,1,29,https://www.goodreads.com/work/quotes/2931549,And her joy was nearly like sorrow.,,,
q00142,top1939:5317,2931549,2,0,https://www.goodreads.com/work/quotes/2931549?page=2,They's times when how you feel got to be kep' to yourself.,,,
q00143,top1939:5317,2931549,2,1,https://www.goodreads.com/work/quotes/2931549?page=2,"Some of the owner men were kind because they hated what they had to do, and some of them were angry because they hated to be cruel, and some of them were cold because they had long ago found that one could not be an owner unless one were cold. And all of them were caught in something larger than themselves. Some of them hated the mathematics that drove them, and some were afraid, and some worshiped the mathematics because it provided a refuge from thought and from feeling. If a bank or a finance company owned the land, the owner man said, The Bank - or the Company - needs - wants - insists - must have - as though the Bank or the Company were a monster, with thought and feeling, which had ensnared them. These last would take no responsibility for the banks or the companies because they were men and slaves, while the banks were machines and masters all at the same time. Some of the owner men were a little proud to be slaves to such cold and powerful masters. The owner men sat in the cars and explained. You know the land is poor. You've scrabbled at it long enough, God knows.",,,
q00144,top1939:5317,2931549,2,3,https://www.goodreads.com/work/quotes/2931549?page=2,"Funny thing how it is. If a man owns a little property, that property is him, it's part of him, and it's like him. If he owns property only so he can walk on it and handle it and be sad when it isn't doing well, and feel fine when the rain falls on it, that property is him, and some way he's bigger because he owns it. Even if he isn't successful he's big with his property. That is so.''But let a man get property he doesn't see, or can't take time to get his fingers in, or can't be there to walk on it - why, then the property is the man. He can't do what he wants, he can't think what he wants. The property is the man, stronger than he is. And he is small, not big. Only his possessions are big - and he's the servant of his property. That is so, too.",,,
q00145,top1939:5317,2931549,2,4,https://www.goodreads.com/work/quotes/2931549?page=2,There is a crime here that goes beyond denunciation. There is a sorrow here that weeping cannot symbolize. There is a failure here that topples all our success.,,,
q00146,top1939:5317,2931549,2,7,https://www.goodreads.com/work/quotes/2931549?page=2,"Yes, you should talk,"" he said. ""Sometimes a sad man can talk the sadness right out through his mouth. Sometimes a killin' man can talk the murder right out of his mouth.",,,
q00147,top1939:5317,2931549,2,8,https://www.goodreads.com/work/quotes/2931549?page=2,"But you can't start. Only a baby can start. You and me - why, we're all that's been. The anger of a moment, the thousand pictures, that's us. This land, this red land, is us; and the flood years and the dust years and the drought years are us. We can't start again.",,,
q00148,top1939:5317,2931549,2,9,https://www.goodreads.com/work/quotes/2931549?page=2,"This you may say of man - when theories change and crash, when schools, philosophies, when narrow dark alleys of thought, national, religious, economic, grow and disintegrate, man reaches, stumbles forward, painfully, mistakenly sometimes. Having stepped forward, he may slip back, but only half a step, never the full step back.",,,
q00149,top1939:5317,2931549,2,11,https://www.goodreads.com/work/quotes/2931549?page=2,"Why, Tom - us people will go on livin' when all them people is gone. Why, Tom, we're the people that live. They ain't gonna wipe us out. Why, we're the people - we go on.''We take a beatin' all the time.''I know.' Ma chuckled. 'Maybe that makes us tough. Rich fellas come up an' they die, an' their kids ain't no good, an' they die out. But, Tom, we keep a-comin'. Don' you fret none, Tom. A different time's comin'.",,,
q00150,top1939:5317,2931549,2,12,https://www.goodreads.com/work/quotes/2931549?page=2,I nearly always write just as I nearly always breathe.,,,
q00151,top1939:5317,2931549,2,13,https://www.goodreads.com/work/quotes/2931549?page=2,"Maybe there ain't no sin and there ain't no virtue, they's just what people does. Some things folks do is nice and some ain't so nice, and that's all any man's got a right to say.",,,
q00152,top1939:5317,2931549,2,14,https://www.goodreads.com/work/quotes/2931549?page=2,"He drank too much when he could get it, ate too much when it was there, talked too much all the time.",,,
q00153,top1939:5317,2931549,2,15,https://www.goodreads.com/work/quotes/2931549?page=2,"Two are better than one,because they have a good reward for their labor. For if they fall, the one will lif' up his fellow, but woe to him that is alone when he falleth, for he hath not another to help him up.",,,
q00154,top1939:5317,2931549,2,16,https://www.goodreads.com/work/quotes/2931549?page=2,"Then it don't matter. I'll be all around in the dark - I'll be everywhere. Wherever you can look - wherever there's a fight, so hungry people can eat, I'll be there. Wherever there's a cop beatin' up a guy, I'll be there. I'll be in the way guys yell when they're mad. I'll be in the way kids laugh when they're hungry and they know supper's ready, and when the people are eatin' the stuff they raise and livin' in the houses they build - I'll be there, too. - Tom Joad",,,
q00155,top1939:5317,2931549,2,17,https://www.goodreads.com/work/quotes/2931549?page=2,"The fields were fruitful, and starving men moved on the roads.",,,
q00156,top1939:5317,2931549,2,18,https://www.goodreads.com/work/quotes/2931549?page=2,"The women watched the men, watched to see whether the break had come at last. The women stood silently and watched. And where a number of men gathered together, the fear went from their faces, and anger took its place. And the women sighed with relief, for they knew it was all right - the break had not come; and the break would never come as long as fear could turn to wrath.",,,
q00157,top1939:5317,2931549,2,20,https://www.goodreads.com/work/quotes/2931549?page=2,Tell 'em to God. Don' go burdenin' other people with your sins. That ain't decent.,,,
q00158,top1939:5317,2931549,2,21,https://www.goodreads.com/work/quotes/2931549?page=2,"You're buying years of work, toil in the sun; you're buying a sorrow that can't talk.",,,
q00159,top1939:5317,2931549,2,22,https://www.goodreads.com/work/quotes/2931549?page=2,"The tractors came over the roads and into the fields, great crawlers moving like insects, having the incredible strength of insects … Snub-nosed monsters, raising the dust and sticking their snouts into it, straight down the country, across the country, through fences, through dooryards, in and out of gullies in straight lines. They did not run on the ground, but on their own roadbeds. They ignored hills and gulches, water courses, fences, houses.That man sitting in the iron seat did not look like a man; gloved, goggled, rubber dust mask over nose and mouth, he was a part of the monster, a robot in the seat … The driver could not control it – straight across country it went, cutting through a dozen farms and straight back. A twitch at the controls could swerve the ‘cat, but the driver’s hands could not twitch because the monster that built the tractor, the monster that sent the tractor out, had somehow gotten into the driver’s hands, into his brain and muscle, had goggled him and muzzled him – goggled his mind, muzzled his speech, goggled his perception, muzzled his protest. He could not see the land as it was, he could not smell the land as it smelled; his feet did not stamp the clods or feel the warmth and power of the earth. He sat in an iron seat and stepped on iron pedals. He could not cheer or beat or curse or encourage the extension of his power, and because of this he could not cheer or whip or curse or encourage himself. He did not know or own or trust or beseech the land. If a seed dropped did not germinate, it was no skin off his ass. If the young thrusting plant withered in drought or drowned in a flood of rain, it was no more to the driver than to the tractor.He loved the land no more than the bank loved the land. He could admire the tractor – its machined surfaces, its surge of power, the roar of its detonating cylinders; but it was not his tractor. Behind the tractor rolled the shining disks, cutting the earth with blades – not plowing but surgery … The driver sat in his iron seat and he was proud of the straight lines he did not will, proud of the tractor he did not own or love, proud of the power he could not control. And when that crop grew, and was harvested, no man had crumbled a hot clod in his fingers and let the earth sift past his fingertips. No man had touched the seed, or lusted for the growth. Men ate what they had not raised, had no connection with the bread. The land bore under iron, and under iron gradually died; for it was not loved or hated, it had no prayers or curses.",,,
q00160,top1939:5317,2931549,2,23,https://www.goodreads.com/work/quotes/2931549?page=2,Men who have created new fruits in the world cannot create a system whereby those fruits may be eaten.,,,
q00161,top1939:5317,2931549,2,24,https://www.goodreads.com/work/quotes/2931549?page=2,"I know, Ma. I'm a-tryin'. But them deputies- Did you ever see a deputy that didn't have a fat ass? An' they waggle their ass an' flop their gun aroun'. Ma"", he said, ""if it was the law they was workin' with, why we could take it. But it ain't the law. They're a-working away at our spirits. They're a-tryin' to make us cringe an' crawl like a whipped bitch. They're tryin' to break us. Why, Jesus Christ, Ma, they comes a time when the on'y way a fella can keep his decency is by takin' a sock at a cop. They're working on our decency"".",,,
q00162,top1939:5317,2931549,2,26,https://www.goodreads.com/work/quotes/2931549?page=2,"The clouds appeared and went away, and in a while they did not try anymore.",,,
q00163,top1939:5317,2931549,2,27,https://www.goodreads.com/work/quotes/2931549?page=2,The great companies did not know that the line between hunger and anger is a thin line.,,,
q00164,top1939:5317,2931549,3,0,https://www.goodreads.com/work/quotes/2931549?page=3,"The people in flight from the terror behind-strange things happen to them, some bitterly cruel and some so beautiful that the faith is refired forever.",,,
q00165,top1939:5317,2931549,3,1,https://www.goodreads.com/work/quotes/2931549?page=3,The land is so much more than its analysis.,,,
q00166,top1939:5317,2931549,3,2,https://www.goodreads.com/work/quotes/2931549?page=3,"Our people are good people, our people are kind people. Pray God someday kind people won't all be poor. Pray God someday a kid can eat. And the associations of owners know that some day the praying would stop. And there's the end.",,,
q00167,top1939:5317,2931549,3,3,https://www.goodreads.com/work/quotes/2931549?page=3,"In the evening a strange thing happened: the twenty families became one family, the Children were the children of all. The loss of home became one loss, and the golden time in the West was one dream. And it might be that a sick child threw despair into the hearts of twenty families, of a hundred people; that a birth there in a tent kept a hundred people quiet and awestruck trough the night and filled a hundred people with the birth-joy in the morning...Every night a world created, complete with furniture- friends made and enemies established; a world complete with braggarts and with cowards, with quiet men, with humble men, with kindly men. Every night relationships that make a world, established; and every morning the world torn down like a circus.",,,
q00168,top1939:5317,2931549,3,4,https://www.goodreads.com/work/quotes/2931549?page=3,"You stay out here a little while, an' if you smell any roses, you come let me smell, too.",,,
q00169,top1939:5317,2931549,3,5,https://www.goodreads.com/work/quotes/2931549?page=3,I shall tell them this story against the background of the county I grew up in and along the river I know and do not love very much. For I have discovered that there are other rivers.,,,
q00170,top1939:5317,2931549,3,6,https://www.goodreads.com/work/quotes/2931549?page=3,"I've done my damndest to rip a reader's nerves to rags, I don't want him satisfied.",,,
q00171,top1939:5317,2931549,3,8,https://www.goodreads.com/work/quotes/2931549?page=3,"Why don't you go on west to California? There's work there, and it never gets cold. Why, you can reach out anywhere and pick an orange. Why, there's always some kind of crop to work in. Why don't you go there?",,,
q00172,top1939:5317,2931549,3,12,https://www.goodreads.com/work/quotes/2931549?page=3,"Beside them, little pot-bellied men in light suits and panama hats; clean, pink men with puzzled, worried eyes, with restless eyes. Worried because formulas do not work out; hungry for security and yet sensing its disappearance from the earth. In their lapels the insignia of lodges and service clubs, places where they can go and, by a weight of numbers of little worried men, reassure themselves that business is noble and not the curious ritualized thievery they know it is; that business men are intelligent in spite of the records of their stupidity; that they are kind and charitable in spite of the principles of sound business; that their lives are rich instead of the thin tiresome routines they know; and that a time is coming when they will not be afraid any more.",,,
q00173,top1939:5317,2931549,3,13,https://www.goodreads.com/work/quotes/2931549?page=3,Women and children knew deep in themselves that no misfortune was too great to bear if their men were whole.,,,
q00174,top1939:5317,2931549,3,17,https://www.goodreads.com/work/quotes/2931549?page=3,"He held the apple box against his chest. And then he leaned over and set the box in the stream and steadied it with his hand. He said fiercely, ""Go down an' tell 'em. Go down in the street an' rot an' tell 'em that way. That's the way you can talk. Don' even know if you was a boy or a girl. Ain't gonna find out. Go on down now, an' lay in the street. Maybe they'll know then.",,,
q00175,top1939:5317,2931549,3,18,https://www.goodreads.com/work/quotes/2931549?page=3,It don't take no nerve to do somepin when there ain't nothin' else you can do.,,,
q00176,top1939:5317,2931549,3,19,https://www.goodreads.com/work/quotes/2931549?page=3,"I seen hundreds of men come by on the road an’ on the ranches, with their bindles on their back an’ that same damn thing in their heads . . . every damn one of ’em’s got a little piece of land in his head. An’ never a God damn one of ’em ever gets it. Just like heaven. Ever’body wants a little piece of lan’. I read plenty of books out here. Nobody never gets to heaven, and nobody gets no land.",,,
q00177,top1939:5317,2931549,3,21,https://www.goodreads.com/work/quotes/2931549?page=3,"The last clear definite function of men—muscles aching to work, minds aching to create beyond the single need—this is man.",,,
q00178,top1939:5317,2931549,3,22,https://www.goodreads.com/work/quotes/2931549?page=3,"Pa said, ""Won't you say a few words? Ain't none of our folks ever been buried without a few words."" Connie led Rose of Sharon to the graveside, she reluctant. ""You got to,"" Connie said. ""It ain't decent not to. It'll jus' be a little. The firelight fell on the grouped people, showing their faces and their eyes, dwindling on their dark clothes.All the hats were off now. The light danced, jerking over the people. Casy said, It'll be a short one."" He bowed his head, and the others followed his lead. Casy said solemnly, ""This here ol' man jus' lived a life an' just died out of it. I don't know whether he was good or bad, but that don't matter much. He was alive, an' that's what matters. An' now his dead, an' that don't matter. Heard a fella tell a poem one time, an' he says 'All that lives is holy.' Got to thinkin', an' purty soon it means more than the words says. An' I woundn' pray for a ol' fella that's dead. He's awright. He got a job to do, but it's all laid out for'im an' there's on'y one way to do it. But us, we got a job to do, an' they's a thousan' ways, an' we don' know which one to take. An' if I was to pray, it'd be for the folks that don' know which way to turn. Grampa here, he got the easy straight. An' now cover 'im up and let'im get to his work."" He raised his head.",,,
q00179,top1939:5317,2931549,3,23,https://www.goodreads.com/work/quotes/2931549?page=3,All we got is the family unbroke.,,,
q00180,top1939:5317,2931549,3,24,https://www.goodreads.com/work/quotes/2931549?page=3,"Fella says today, 'Depression is over. I seen a jackrabbit, an' they wasn't nobody after him.' An' another fella says, 'That aint the reason. Can't afford to kill jackrabbits no more. Catch 'em and milk 'em an' turn 'em loose. One you seen prob'ly gone dry.",,,
q00181,top1939:5317,2931549,3,25,https://www.goodreads.com/work/quotes/2931549?page=3,It's a thing to see when a boy comes home.,,,
q00182,top1939:5317,2931549,3,26,https://www.goodreads.com/work/quotes/2931549?page=3,"Sure I got sins. Ever'body got sins. A sin is somepin you ain't sure about. Them people that's sure about ever'thing an' ain't got no sin-- well, with that kind a son-of-a-bitch, if I was God I'd kick their ass right outa heaven! I couldn' stand 'em!",,,
q00183,top1939:5317,2931549,3,27,https://www.goodreads.com/work/quotes/2931549?page=3,"Casy said, ""Ol' Tom's house can't be more'n a mile from here. Ain't she over that third rise?""Sure,"" said Joad. ""Less somebody stole it, like Pa stole it.""Your pa stole it?""Sure, got it a mile an' a half east of here an' drug it. Was a family livin' there, an' they moved away. Grampa an' Pa an' my brother Noah like to took the whole house, but she wouldn't come. They only got part of her. That's why she looks so funny on one end. They cut her in two an' drug her over with twelve head of horses and two mules. They was goin' back for the other half an' stick her together again, but before they got there Wink Manley come with his boys and stole the other half. Pa an' Grampa was pretty sore, but a little later them an' Wink got drunk together an' laughed their heads off about it. Wink, he says his house is a stud, an' if we'll bring our'n over an' breed 'em we'll maybe get a litter of crap houses. Wink was a great ol' fella when he was drunk. After that him an' Pa an' Grampa was friends. Got drunk together ever' chance they got.",,,
q00184,top1939:5317,2931549,3,28,https://www.goodreads.com/work/quotes/2931549?page=3,"I wonder Pa went so easy. I wonder Grampa didn' kill nobody. Nobody never tol' Grampa where to put his feet. An' Ma ain't nobody you can push aroun' neither. I seen her beat the hell out of a tin peddler with a live chicken one time 'cause he give her a argument. She had the chicken in one han', an' the ax in the other, about to cut its head off. She aimed to go for that peddler with the ax, but she forgot which hand was which, an' she takes after him with the chicken. Couldn' even eat that chicken when she got done. They wasn't nothing but a pair of legs in her han'. Grampa throwed his hip outa joint laughin'.",,,
q00185,top1939:5317,2931549,3,29,https://www.goodreads.com/work/quotes/2931549?page=3,Her shame and fierceness were blended.,,,
q00186,top1939:5317,2931549,4,1,https://www.goodreads.com/work/quotes/2931549?page=4,"Here is the node, you who hate change and fear revolution. Keep these two squatting men apart; make them hate, fear, suspect each other. Here is the anlage of the thing you fear. This is the zygote. For here 'I lost my land' is changed; a cell is split and from its splitting grows the thing you hate--'We lost *our* land.",,,
q00187,top1939:5317,2931549,4,2,https://www.goodreads.com/work/quotes/2931549?page=4,"I seen fellas like you before. You ain’t askin’ nothin’; you’re jus’ singin’ a kinda song. ‘What we comin’ to?’ You don’ wanta know. Country’s movin’ aroun’, goin’ places. They’s folks dyin’ all aroun’. Maybe you’ll die pretty soon, but you won’t know nothin’. I seen too many fellas like you. You don’t want to know nothin’. Just sing yourself to sleep with a song—‘What we comin’ to?",,,
q00188,top1939:5317,2931549,4,3,https://www.goodreads.com/work/quotes/2931549?page=4,"I ain't sayin' I'm like Jesus,"" the preacher went on. ""But I got tired like Him, an' I got mixed up like Him, an' I went into the wilderness like Him, without no campin' stuff. Nighttime I'd lay on my back an' look up at the stars; morning I'd set an' watch the sun come up; midday I'd look out from a hill at the rollin' dry country; evenin' I'd foller the sun down. Sometimes I'd pray like I always done. On'y I couldn' figure out what I was prayin' to or for. There was the hills, an' there was me, an' we wasn't separate no more. We was one thing. An' that one thing was holy...An' I got thinkin', on'y it wasn't thinkin', it was deeper down than thinkin'. I got thinkin' how we was holy when we was one thing, and' mankin' was holy when it was one thing. An' it on'y got unholy when mis'able little fella got the bit in his teeth an' run off his own way, kickin' and draggin' and fightin'. Fella like that bust the holiness. But when they're all workin' together, no one fella for another fella, but one fella kind of harnessed to the whole shebang -- that's right, that's holy. An' then I got to thinkin' I don't even know what I mean by holy...I can't say no grace like I use' ta say. I'm glad of the holiness of breakfast. I'm glad there's love here. That's all.",,,
q00189,top1939:5317,2931549,4,4,https://www.goodreads.com/work/quotes/2931549?page=4,"Fella in business got to lie an' cheat, but he calls it somepin else. That's what's important. You go steal that tire an' you're a thief, but he tried to steal your four dollars for a busted tire. They call that sound business.",,,
q00190,top1939:5317,2931549,4,6,https://www.goodreads.com/work/quotes/2931549?page=4,"At night frantic men walked boldly to hen roosts and carried off the squawking chickens. If they were shot at, they did not run, but splashed sullenly away; and if they were hit, they sank tiredly in the mud.",,,
q00191,top1939:5317,2931549,4,8,https://www.goodreads.com/work/quotes/2931549?page=4,"Well, California's a big State.It ain't that big. The whole United States ain't that big. It ain't that big. It ain't big enough. There ain't room enough for you an' me, for your kind an' my kind, for rich and poor together all in one country, for thieves and honest men. For hunger and fat. Whyn't you go back where you come from?",,,
q00192,top1939:5317,2931549,4,9,https://www.goodreads.com/work/quotes/2931549?page=4,"He lived in a strange, silent house and looked out of it through calm eyes. He was a stranger to all the world, but he was not lonely.",,,
q00193,top1939:5317,2931549,4,10,https://www.goodreads.com/work/quotes/2931549?page=4,"The one-eyed man stood helplessly by. ""I'll help ya if ya want,"" he said. ""Know what that son-of-a-bitch done? He come by an' he got on white pants. An' he says, 'Come on, le's go out to my yacht.' By God, I'll whang him some day!"" He breathed heavily. ""I ain't been out with a woman sence I los' my eye. An' he says stuff like that."" And big tears cut channels in the dirt beside his nose.Tom said impatiently, ""Whyn't you roll on? Got no guards to keep ya here.""""Yeah, that's easy to say. Ain't so easy to get a job - not for a one-eye' man.""Tom turned on him. ""Now look-a-here, fella. You got that eye wide open. An' ya dirty, ya stink. Ya jus' askin' for it. Ya like it. Lets ya feel sorry for yaself. 'Course ya can't get no woman with that empty eye flappin' aroun'. Put somepin over it an' wash ya face. You ain't hittin' nobody with no pipe wrench.""""I tell ya, a one-eye' fella got a hard row,"" the man said. ""Can't see stuff the way other fellas can. Can't see how far off a thing is. Ever'thing's jus' flat.""Tom said, ""Ya full of crap. Why, I knowed a one-legged whore one time. Think she was takin' two-bits in a alley? No, by God! She's gettin' half a dollar extra. She says, 'How many one-legged women you slep' with? None!' she says. 'O.K.,' she says. 'You got somepin pretty special here, an it's gonna cos' ya half a buck extry.' An' by God, she was gettin' 'em, too, an' the fellas comin' out thinkin' they're pretty lucky. She says she's good luck. An' I knowed a hump-back in - in a place I was. Make his whole livin' lettin' folk rub his hump for luck. Jesus Christ, an' all you got is one eye gone.""The man said stumblingly, ""Well, Jesus, ya see somebody edge away from ya, an' it gets into ya.""""Cover it up then, goddamn it. Ya stickin' it out like a cow's ass. Ya like to feel sorry for yaself. There ain't nothin' the matter with ya. Buy yaself some white pants. Ya gettin' drunk and cryin' in ya bed, I bet.""...The one-eyed man said softly, ""Think - somebody'd like - me?""""Why, sure,"" said Tom. ""Tell 'em ya dong's growed sence you los' your eye.",,,
q00194,top1939:5317,2931549,4,11,https://www.goodreads.com/work/quotes/2931549?page=4,"And he saw the right evening star reflected in her eyes, and he saw the black cloud reflected in her eyes.",,,
q00195,top1939:5317,2931549,4,12,https://www.goodreads.com/work/quotes/2931549?page=4,Puts a weight on ya. Goin' out lookin' for somepin you know you ain't gonna find.,,,
q00196,top1939:5317,2931549,4,14,https://www.goodreads.com/work/quotes/2931549?page=4,"When you're huntin' somepin you're a hunter, an' you're strong. Can't nobody beat a hunter. But when you get hunted - that's different. Somepin happens to you. You ain't strong: maybe you're fierce, but you ain't strong."" - Muley",,,
q00197,top1939:5317,2931549,4,15,https://www.goodreads.com/work/quotes/2931549?page=4,If I could do this book properly it would be one of the really fine books and a truly American book. But I am assailed with my own ignorance and inability. i'll just have to work from a background of these. Honesty. If I can keep an honesty it is all I can expect of my poor brain.... If I can do that it will be all my lack of genius can produce. For no else knows my lack of ability the way I do. I am pushing against it all the time.,,,
q00198,top1939:5317,2931549,4,17,https://www.goodreads.com/work/quotes/2931549?page=4,I ain't gonna try to teach 'em nothin'. I'm gonna try to learn.,,,
q00199,top1939:5317,2931549,4,18,https://www.goodreads.com/work/quotes/2931549?page=4,I ain't sleepin'. I got too much to puzzle with.,,,
q00200,top1939:5317,2931549,4,19,https://www.goodreads.com/work/quotes/2931549?page=4,"Fella had a team of horses, had to use'em to plow an' cultivate an' mow, wouldn't think a turnin' 'em out to starve when they wasn't workin'.Them's horses - we're men.",,,
q00201,top1939:5317,2931549,4,20,https://www.goodreads.com/work/quotes/2931549?page=4,"...but it's our land. We measured it and broke it up. We were born on it, and we got killed on it, died on it. Even if it's no good, it's still ours. That's what makes it ours- being born on it, working it, dying on it. That makes ownership, not a paper with numbers on it.",,,
q00202,top1939:5317,2931549,4,21,https://www.goodreads.com/work/quotes/2931549?page=4,Prayer never brought in no side-meat. Takes a shoat to bring in pork.,,,
q00203,top1939:5317,2931549,4,22,https://www.goodreads.com/work/quotes/2931549?page=4,"You're jest one person, an' they's a lot of other folks. You git to your proper place. I knowed people built theirself up with sin till they figgered they was big mean shucks in the sight a the Lord. You ain't big enough or mean enough to worry God much.",,,
q00204,top1939:5317,2931549,4,23,https://www.goodreads.com/work/quotes/2931549?page=4,"Minds me of a story they tell about Willy Feeley when he was a young fella. Willy was bashful, awful bashful. Well, one day he takes a heifer over to Graves' bull. Ever'body was out but Elsie Graves, and Elsie wasn't bashful at all. Willy, he stood there turnin' red an' he couldn't even talk. Elsie says, 'I know what you come for; the bull's out in back a the barn.' Well, they took the heifer out there an' Willy an' Elsie sat on the fence to watch. Purty soon Willy got feelin' purty fly. Elsie looks over an' says, like she don't know, 'What's a matter, Willy?' Willy's so randy, he can't hardly set still. 'By God,' he says, 'by God, I wisht I was a-doin' that!' Elsie says, 'Why not, WIlly? It's your heifer.",,,
q00205,top1939:5317,2931549,4,24,https://www.goodreads.com/work/quotes/2931549?page=4,That man who is more then his elements knows the land that is more than its analysis.,,,
q00206,top1939:5317,2931549,4,25,https://www.goodreads.com/work/quotes/2931549?page=4,"They was this rich fella, an he makes like he’s poor, an they’s this rich girl, an she purtends like she’s poor too, an’ they meet in a hamburg’ stan’Why?I don’t know why-that’s how it was.Why’d they purtend like they’s poor?Well, they’re tired of bein’ rich.Horseshit!You want to hear this, or not?Well, go on then. Sure, I wanta hear it, but if I was rich, if I was rich I’d get so many pork chops-I’d cord ‘em up aroun’ me like wood, an’ I’d eat my way out. Go on.",,,
q00207,top1939:5317,2931549,4,26,https://www.goodreads.com/work/quotes/2931549?page=4,That was a time when a man had the right to be burried by his own son an' a son had the right to burry his own father.,,,
q00208,top1939:5317,2931549,4,27,https://www.goodreads.com/work/quotes/2931549?page=4,Gonna cuss an' swear an' here the poetry of folks talkin'.,,,
q00209,top1939:5317,2931549,4,28,https://www.goodreads.com/work/quotes/2931549?page=4,"But where does it stop? Who can we shoot? I don’t aim to starve to death before I kill the man that’s starving me.’’ “I don’t know. Maybe there’s nobody to shoot. Maybe the thing isn’t men at all. Maybe, like you said, the property’s doing it. Anyway I told you my orders.’’ “I got to figure,’’ the tenant said. “We all got to figure. There’s some way to stop this. It’s not like lightning or earthquakes. We’ve got a bad thing made by men, and by God that’s something we can change.",,,
q00210,top1939:5317,2931549,4,29,https://www.goodreads.com/work/quotes/2931549?page=4,"Once California belonged to Mexico and its land to Mexicans; and a horde of tattered feverish Americans poured in. And such was their hunger for land that they took the land, stole Sutter's land, Guerrero' s land, took the grants and broke them up and growled and quarreled over them, those frantic hungry men; and they guarded with guns the land they had stolen. They put up houses and barns, they turned the earth and planted crops. And these things were possession, and possession was ownership.The Mexicans were weak and fed. They could not resist, because they wanted nothing in the world as frantically as the Americans wanted land.",,,
q00211,top1940:2286,2329482,1,0,https://www.goodreads.com/work/quotes/2329482,"O, there is lovely to feel a book, a good book, firm in the hand, for its fatness holds rich promise, and you are hot inside to think of good hours to come.",,,
q00212,top1940:2286,2329482,1,1,https://www.goodreads.com/work/quotes/2329482,"How green was my valley then, and the valley of them that have gone.",,,
q00213,top1940:2286,2329482,1,2,https://www.goodreads.com/work/quotes/2329482,"I saw my father as a man, and not, as a man who was my father.",,,
q00214,top1940:2286,2329482,1,3,https://www.goodreads.com/work/quotes/2329482,"But you have gone now, all of you that were so beautiful when you were quick with life. Yet not gone, for you are still a living truth inside my mind. So how are you dead, my brothers and sisters, and all of you , when you live with me as surely as I live with myself.",,,
q00215,top1940:2286,2329482,1,4,https://www.goodreads.com/work/quotes/2329482,"I wonder is happiness only an essence of good living, that you shall taste only once or twice while you live, and then go on living with the taste in your mouth, and wishing you had the fullness of it solid between your teeth, like a good meal that you have tasted and cherished and look back in your mind to eat again.",,,
q00216,top1940:2286,2329482,1,5,https://www.goodreads.com/work/quotes/2329482,"It is very strange to think back like this, although come to think of it, there is no fence or hedge round Time that has gone. You can go back and have what you like if you remember it well enough.",,,
q00217,top1940:2286,2329482,1,6,https://www.goodreads.com/work/quotes/2329482,"Why is it, I wonder, that people suffer, when there is so little need, when an effort of will and some hard work would bring them from their misery into peace and contentment.",,,
q00218,top1940:2286,2329482,1,7,https://www.goodreads.com/work/quotes/2329482,"Sing, then. Sing, indeed, with shoulders back, and head up so that song might go to the roof and beyond to the sky. Mass on mass of tone, with a hard edge, and rich with quality, every single note a carpet of colour woven from basso profundo, and basso, and baritone, and alto, and tenor, and soprano, and also mezzo, and contralto, singing and singing, until life and all things living are become a song.O, Voice of Man, organ of most lovely might.",,,
q00219,top1940:2286,2329482,1,8,https://www.goodreads.com/work/quotes/2329482,"Hard it is to suffer through stupid people. They make you feel sorry for them, and if your sorrow is as great as your hurt, you will allow them to go free of punishment, for their eyes are the eyes of dogs that have done wrong and know it, and are afraid.",,,
q00220,top1940:2286,2329482,1,9,https://www.goodreads.com/work/quotes/2329482,"Men lose their birthrights for a mess of pottage only if they stop using the gifts given them by God for their betterment. By prayer. That is the first and greatest gift. Use the gift of prayer. Ask for strength of mind, and a clear vision. Then sense. Use your sense. … Think long and well. By prayer and good thought you will conquer all enemies.",,,
q00221,top1940:2286,2329482,1,10,https://www.goodreads.com/work/quotes/2329482,How can there be fury felt for things that are gone to dust.,,,
q00222,top1940:2286,2329482,1,11,https://www.goodreads.com/work/quotes/2329482,"Dear little house that I have lived in, there is happiness you have seen, even before I was born. In you is my life, and all the people I have loved are a part of you, so to go out of you, and leave you, is to leave myself.",,,
q00223,top1940:2286,2329482,1,12,https://www.goodreads.com/work/quotes/2329482,"I saw behind me those who had gone, and before me, those who are to come. I looked back and saw my father, and his father, and all our fathers, and in front, to see my son, and his son, and the sons upon sons beyond.And their eyes were my eyes.As I felt, so they had felt, and were to feel, as then, so now, as tomorrow and forever. Then I was not afraid, for I was in a long line that had no beginning, and no end, and the hand of his father grasped my father's hand, and his hand was in mine, and my unborn son took my right hand, and all, up and down the line stretched from Time That Was, to Time That Is, and is not yet, raised their hands to show the link, and we found that we were one, born of Woman, Son of Man, had in the Image, fashioned in the Womb by the Will of God, the eternal Father.I was one of them, they were of me, and in me, and I in all of them.",,,
q00224,top1940:2286,2329482,1,13,https://www.goodreads.com/work/quotes/2329482,Never mind what you feel. Think. Watch. Think again. And then one step at a time to put things right. As a mason puts one block at a time. To build solid and good. So with thought. Think. Build one thought at a time. Think solid. Then act. Is it?,,,
q00225,top1940:2286,2329482,1,15,https://www.goodreads.com/work/quotes/2329482,"Everywhere was singing, all over the house was singing, and outside the house was alive with singing, and the very air was song.",,,
q00226,top1940:2286,2329482,1,16,https://www.goodreads.com/work/quotes/2329482,Strange that only a little problem of your own will take your mind far from a tragedy belonging to others.,,,
q00227,top1940:2286,2329482,1,17,https://www.goodreads.com/work/quotes/2329482,... the nose. It can be a nuisance in winter and such a blessing before a meal.,,,
q00228,top1940:2286,2329482,1,18,https://www.goodreads.com/work/quotes/2329482,"Prayer is only another name for good, clean, direct thinking. When you pray, think well what you are saying, and make your thoughts into things that are solid. In that manner, your prayer will have strength, and that strength shall become part of you, mind, body, and spirit.",,,
q00229,top1940:2286,2329482,1,19,https://www.goodreads.com/work/quotes/2329482,You will only learn in a fight how much you've got to learn.,,,
q00230,top1940:2286,2329482,1,20,https://www.goodreads.com/work/quotes/2329482,"Pain is a good cleanser of the mind and therefore of the sight. Matters which seem to mean the world, in health, are found to be of no import when pain is hard upon you.",,,
q00231,top1940:2286,2329482,1,21,https://www.goodreads.com/work/quotes/2329482,"Listen to me. Forget all you saw. Leave it. Take your mind from it. It has nothing to do with you. But use it for experience. Now you know what hurt it brings to women when men come into the world. Remember, and make it up to your Mama and to all women...And another thing let it do. There is no room for pride in any man. There is no room for unkindness. There is not room for wit at the expense of others. All men are born the same, and equal. As you saw today, so come Captains and the Kings and the Tinkers and the Tailors. Let the memory direct your dealings with men and women. And be sure to take good care of Mama. Is it?",,,
q00232,top1940:2286,2329482,1,22,https://www.goodreads.com/work/quotes/2329482,A man will will never know a woman until he knows her work.,,,
q00233,top1940:2286,2329482,1,23,https://www.goodreads.com/work/quotes/2329482,"What is there, in the mention of Time To Come, that is so quick to wrench at the heart, to inflict a pain in the senses that is like the run of a sword, I wonder. Perhaps we feel our youngness taken from us without the soothe of sliding years, and the pains of age that come to stand unseen beside us and grow more solid as the minutes pass, are with us solid on the instant, and we sense them, but when we try to assess them, they are back again in their places down in Time To Come, ready to meet us coming.",,,
q00234,top1940:2286,2329482,1,24,https://www.goodreads.com/work/quotes/2329482,"In that quietness they were speaking their own language, with their eyes, with the way they stood, with what they put into the air about them, each knowing what the other was saying, and having strength one from the other, for they had been learning through forty years of being together, and their minds were one.",,,
q00235,top1940:2286,2329482,1,25,https://www.goodreads.com/work/quotes/2329482,"There is strange, and yet not strange, is the kiss. It is strange because it mixes silliness with tragedy, and yet not strange because there is good reason for it. There is shaking by the hand. That should be enough. Yet a shaking of hands is not enough to give a vent to all kinds of feeling. The hand is too hard and too used to doing all things, with too little feeling and too far from the organs of taste and smell, and far from the brain, and the length of an arm from the heart. To rub a nose like the blacks, that we think is so silly, is better, but there is nothing good to the taste about the nose, only a piece of old bone pushing out of the face, and a nuisance in winter, but a friend before meals and in a garden, indeed. With the eyes we can do nothing, for if we come too near, they go crossed and everything comes twice to the sight without good from one or other.There is nothing to be done with the ear, so back we come to the mouth, and we kiss with the mouth because it is part of the head and of the organs of taste and smell. It is temple of the voice, keeper of breath and its giving out, treasurer of tastes and succulences, and home of the noble tongue. And its portals are firm, yet soft, with a warmth, of a ripeness, unlike the rest of the face, rosy, and in women with a crinkling of red tenderness, to the taste not in compare with the wild strawberry, yet if the taste of kisses went , and strawberries came the year round, half of joy would be gone from the world. There is no wonder to me that we kiss, for when mouth comes to mouth, in all its stillness, breath joins breath, and taste joins taste, warmth is enwarmed, and tongues commune in a soundless language, and those things are said that cannot find a shape, have a name, or know a life in the pitiful faults of speech.",,,
q00236,top1940:2286,2329482,1,26,https://www.goodreads.com/work/quotes/2329482,"O, blackberry tart, with berries as big as your thumb, purple and black, and thick with juice, and a crust to endear them that will go to cream in your mouth, and both passing down with such a taste that will make you close your eyes and wish you might live for ever in the wideness of that rich moment.",,,
q00237,top1940:2286,2329482,1,27,https://www.goodreads.com/work/quotes/2329482,It is strange how loud little sounds become when you are in the dark and doing something wrong.,,,
q00238,top1940:2286,2329482,1,28,https://www.goodreads.com/work/quotes/2329482,"There is a wholeness about a woman, of shape, and sound, and colour, and taste, and smell, a quietness that is her, that you will want to hold tightly to you, all, every little bit, without words, in peace, for jealousy for the things that escape the clumsiness of your arms. So you feel when you love....For her womaness is a blessing about her, and you are tender to put your hands upon her and kiss, not with lust, but with the joy of one returning to a lost one.",,,
q00239,top1940:2286,2329482,1,29,https://www.goodreads.com/work/quotes/2329482,"Then all the winds of Heaven ran to join hands and bend a shoulder, to bring down to me the sound of a noble hymn that was heavy with the perfume of Time That Has Gone.The glittering multitudes were singing most mightily, and my heart was in blood to hear a Voice that I knew.The Men of the Valley were marching again.My Fathers were singing up there.Loud, triumphant, the anthem rose, and I knew, in some deep place within, that in the royal music was a prayer to lift up my spirit, to be of good cheer, to keep the faith, that Death was only an end to the things that are made of clay, and to fight, without heed of wounds, all that brings death to the Spirit, with Glory to the Eternal Father, forever, Amen.",,,
q00240,top1941:5530,2429749,1,0,https://www.goodreads.com/work/quotes/2429749,Hell is that state where one has ceased to hope.,,,
q00241,top1941:5530,2429749,1,1,https://www.goodreads.com/work/quotes/2429749,Even if my country remains in war with yours. . .remember. . . i am not your enemy.,,,
q00242,top1941:5530,2429749,1,2,https://www.goodreads.com/work/quotes/2429749,"Religions are many, reason is one, we are all brothers.",,,
q00243,top1941:5530,2429749,1,3,https://www.goodreads.com/work/quotes/2429749,Some temptations cannot be fought. One must close one's mind and fly from them,,,
q00244,top1941:5530,2429749,1,4,https://www.goodreads.com/work/quotes/2429749,"Christ preached everlasting love. He preached the brotherhood of man. He did not climb the mountain and shout, ‘Kill! Kill! Go forth in hatred and plunge a bayonet into thy brother’s belly!’ It isn’t his voice that resounds in the churches and high cathedrals of Christendom today—but the voice of timeservers and cowards.",,,
q00245,top1941:5530,2429749,1,5,https://www.goodreads.com/work/quotes/2429749,A goodness of a religion is best valued by a goodness of it's followers,,,
q00246,top1941:5530,2429749,1,6,https://www.goodreads.com/work/quotes/2429749,"...mercy and tolerance-with these two virtues,how wonderful Your land would have been!",,,
q00247,top1941:5530,2429749,1,7,https://www.goodreads.com/work/quotes/2429749,"Surely, sir, creed is such an accident of birth God can’t set an exclusive value on it.",,,
q00248,top1941:5530,2429749,1,8,https://www.goodreads.com/work/quotes/2429749,"A man must think about battles, which he conquers alone, as well as the invisible victories. Instead, he thinks only about visible defeats.",,,
q00249,top1941:5530,2429749,1,9,https://www.goodreads.com/work/quotes/2429749,...don't forget that a chicken cannot teach the hen.,,,
q00250,top1941:5530,2429749,1,11,https://www.goodreads.com/work/quotes/2429749,"There are many religions, reason is one, we are all brothers",,,
q00251,top1941:5530,2429749,1,12,https://www.goodreads.com/work/quotes/2429749,"Gentlemen act how they should, the rest have to.",,,
q00252,top1942:6157,467637,1,0,https://www.goodreads.com/work/quotes/467637,"Our life is like a land journey, too even and easy and dull over long distances across the plains, too hard and painful up the steep grades; but, on the summits of the mountain, you have a magnificent view--and feel exalted--and your eyes are full of happy tears--and you want to sing--and wish you had wings! And then--you can't stay there, but must continue your journey--you begin climbing down the other side, so busy with your footholds that your summit experience is forgotten.",,,
q00253,top1942:6157,467637,1,1,https://www.goodreads.com/work/quotes/467637,"That's what is wrong. Jesus commands us to carry on his work, no matter at what cost in privation, pain, and hazard of life; and all we've accomplished is a free boarding-house and loafing-place for anybody who will say, ""I believe.",,,
q00254,top1942:6157,467637,1,2,https://www.goodreads.com/work/quotes/467637,"It is a queer thing. In a time of great need, when powerful leadership is demanded, the people—confused and excited—hear only the strident voices of the audacious, and refuse to listen to the voice of wisdom which, being wise, is temperate.",,,
q00255,top1942:6157,467637,1,3,https://www.goodreads.com/work/quotes/467637,"This faith, is not like a deed to a house in which one may live with full rights of possession. It is more like a kit of tools with which a man may build himself a house. The tools will be worth just what he does with them. When he lays them down, they will have no value until he takes them up again.",,,
q00256,top1942:6157,467637,1,5,https://www.goodreads.com/work/quotes/467637,"So much the better. The higher the price you have to pay, the more you will cherish it.",,,
q00257,top1942:6157,467637,1,7,https://www.goodreads.com/work/quotes/467637,"For many years a tree might wage a slow and silent warfare against an encumbering wall, without making any visible progress. One day the wall would topple--not because the tree had suddenly laid hold upon some supernormal energy, but because its patient work of self-defense and self release had reached fulfillment. The long-imprisoned tree had freed itself. Nature had had her way.",,,
q00258,top1942:6157,467637,1,8,https://www.goodreads.com/work/quotes/467637,"A talent for truth is real property. If a man loves truth better than things, people like to be around where he is. Almost everybody wishes he could be honest, but you can’t have the spirit of truth when your heart is set on dickering for things.",,,
q00259,top1942:6157,467637,1,9,https://www.goodreads.com/work/quotes/467637,"He was oppressed and afflicted, yet he opened not his mouth.",,,
q00260,top1942:6157,467637,1,11,https://www.goodreads.com/work/quotes/467637,"there is always something fundamentally wrong with a rich man or a king who pretends to be religious. Let the poor and helpless invoke the gods. That is what the gods are for—to distract the attention of the weak from their otherwise intolerable miseries. When an emperor makes much ado about religion, he is either cracked or crooked.",,,
q00261,top1942:6157,467637,1,12,https://www.goodreads.com/work/quotes/467637,There is no vanity so damaging to a man's character as pride over his good deeds!,,,
q00262,top1942:6157,467637,1,13,https://www.goodreads.com/work/quotes/467637,"Perhaps this general degradation was the result of too much crowding, too little privacy, too much noise. You couldn't be decent if you weren't intelligent; you couldn't be intelligent if you couldn't think—and who could think in all this racket? Add the stench to the confusion of cramped quarters, and who could be self-respecting?",,,
q00263,top1942:6157,467637,1,14,https://www.goodreads.com/work/quotes/467637,"Hoarded things might easily become a menace; a mere fire-and-theft risk; a breeding-ground for destructive insects; a source of worry. Men would have plenty of anxieties, but there was no sense in accumulating worries over THINGS! That kind of worry destroyed your character. Even an unused coat, hanging in your closet—it wasn't merely a useless thing that did nobody any good; it was an active agent of destruction to your life. And your LIFE must be saved, at all costs. What would it advantage a man—Jesus had demanded—if he were to gain the whole world, and lose his own life?",,,
q00264,top1942:6157,467637,1,17,https://www.goodreads.com/work/quotes/467637,"Marcellus cudgeled his memory. What did he know about Arpino? Delicious little melons! Arpino melons! And exactly the right time for them, too.",,,
q00265,top1942:6157,467637,1,18,https://www.goodreads.com/work/quotes/467637,Nor could you clarify this confusion by assuming that the old man had been a victim of hallucination. Bartholomew wasn’t that type of person. He was neither a liar nor a fool.,,,
q00266,top1942:6157,467637,1,20,https://www.goodreads.com/work/quotes/467637,"I never thought much about flowers until I made the close acquaintance of a man who knew all about them. You would have thought that the butterflies and flowers were friends of his. 'See how richly they are clad,' he said. 'Even King Solomon did not have such raiment.",,,
q00267,top1942:6157,467637,1,21,https://www.goodreads.com/work/quotes/467637,"Her voice was unusually deep toned for a girl, he thought. Girls were always screaming what they had to say. Her throaty voice made you feel you had known her a long time.",,,
q00268,top1942:6157,467637,1,22,https://www.goodreads.com/work/quotes/467637,"…they pick flowers, but they do not sweep the sky!",,,
q00269,top1942:6157,467637,1,23,https://www.goodreads.com/work/quotes/467637,"Are men and beasts of the same category? Is there no essential difference between them in respect to the quality of their value?…It is an offense to the majesty of the human spirit; for if any man deserves to be regarded as of the same quality as a beast of burden, then no man has any dignity left.",,,
q00270,top1942:6157,467637,1,24,https://www.goodreads.com/work/quotes/467637,"Honorable men were keeping their word, my son, long before this Christian religion was proposed.",,,
q00271,top1942:6157,467637,1,26,https://www.goodreads.com/work/quotes/467637,"Lumea nu merită sacrificiul de a trăi pentru ea, cu atât mai puțin de a muri.",,,
q00272,top1942:6157,467637,1,27,https://www.goodreads.com/work/quotes/467637,"I used to pass the flowers by without seeing them, as almost every man does.",,,
q00273,top1942:6157,467637,1,28,https://www.goodreads.com/work/quotes/467637,But a change of government wouldn’t help. That wasn’t the trouble. The trouble was that the people couldn’t change each other or themselves.,,,
q00274,top1943:263,833257,1,0,https://www.goodreads.com/work/quotes/833257,The world was hers for the reading.,,,
q00275,top1943:263,833257,1,1,https://www.goodreads.com/work/quotes/833257,Look at everything always as though you were seeing it either for the first or last time: Thus is your time on earth filled with glory.,,,
q00276,top1943:263,833257,1,2,https://www.goodreads.com/work/quotes/833257,"Dear God,"" she prayed, ""let me be something every minute of every hour of my life. Let me be gay; let me be sad. Let me be cold; let me be warm. Let me be hungry...have too much to eat. Let me be ragged or well dressed. Let me be sincere - be deceitful. Let me be truthful; let me be a liar. Let me be honorable and let me sin. Only let me be something every blessed minute. And when I sleep, let me dream all the time so that not one little piece of living is ever lost.",,,
q00277,top1943:263,833257,1,3,https://www.goodreads.com/work/quotes/833257,"I know that's what people say-- you'll get over it. I'd say it, too. But I know it's not true. Oh, youll be happy again, never fear. But you won't forget. Every time you fall in love it will be because something in the man reminds you of him.",,,
q00278,top1943:263,833257,1,5,https://www.goodreads.com/work/quotes/833257,"People always think that happiness is a faraway thing,"" thought Francie, ""something complicated and hard to get. Yet, what little things can make it up; a place of shelter when it rains - a cup of strong hot coffee when you're blue; for a man, a cigarette for contentment; a book to read when you're alone - just to be with someone you love. Those things make happiness.",,,
q00279,top1943:263,833257,1,6,https://www.goodreads.com/work/quotes/833257,She had become accustomed to being lonely. She was used to walking alone and to being considered 'different.' She did not suffer too much.,,,
q00280,top1943:263,833257,1,7,https://www.goodreads.com/work/quotes/833257,"She was made up of more, too. She was the books she read in the library. She was the flower in the brown bowl. Part of her life was made from the tree growing rankly in the yard. She was the bitter quarrels she had with her brother whom she loved dearly. She was Katie's secret, despairing weeping. She was the shame of her father stumbling home drunk. She was all of these things and of something more...It was what God or whatever is His equivalent puts into each soul that is given life - the one different thing such as that which makes no two fingerprints on the face of the earth alike.",,,
q00281,top1943:263,833257,1,8,https://www.goodreads.com/work/quotes/833257,"Oh, magic hour, when a child first knows she can read printed words.",,,
q00282,top1943:263,833257,1,10,https://www.goodreads.com/work/quotes/833257,"Who wants to die? Everything struggles to live. Look at that tree growing up there out of that grating. It gets no sun, and water only when it rains. It's growing out of sour earth. And it's strong because its hard struggle to live is making it strong. My children will be strong that way.",,,
q00283,top1943:263,833257,1,11,https://www.goodreads.com/work/quotes/833257,"Because,"" explained Mary Rommely simply, ""the child must have a valuable thing which is called imagination. The child must have a secret world in which live things that never were. It is necessary that she believe. She must start out by believing in things not of this world. Then when the world becomes too ugly for living in, the child can reach back and live in her imagination. I, myself, even in this day and at my age, have great need of recalling the miraculous lives of the Saints and the great miracles that have come to pass on earth. Only by having these things in my mind can I live beyond what I have to live for.",,,
q00284,top1943:263,833257,1,12,https://www.goodreads.com/work/quotes/833257,"I hate all those flirty-birty games that women make up. Life's too short. If you ever find a man you love, don't waste time hanging your head and simpering. Go right up to him and say, 'I love you. How about getting married?",,,
q00285,top1943:263,833257,1,13,https://www.goodreads.com/work/quotes/833257,"Sometimes I think it's better to suffer bitter unhappiness and to fight and to scream out, and even to suffer that terrible pain, than to just be... safe. At least she knows she's living.",,,
q00286,top1943:263,833257,1,14,https://www.goodreads.com/work/quotes/833257,Forgiveness is a gift of high value. Yet its cost is nothing.,,,
q00287,top1943:263,833257,1,15,https://www.goodreads.com/work/quotes/833257,"If there was only one tree like that in the world, you would think it was beautiful. But because there are so many, you just can't see how beautiful it really is.",,,
q00288,top1943:263,833257,1,16,https://www.goodreads.com/work/quotes/833257,I need someone. I need to hold somebody close. And I need more than this holding. I need someone to understand how I feel at a time like now. And the understanding must be part of the holding.,,,
q00289,top1943:263,833257,1,18,https://www.goodreads.com/work/quotes/833257,"It's come at last"", she thought, ""the time when you can no longer stand between your children and heartache.",,,
q00290,top1943:263,833257,1,19,https://www.goodreads.com/work/quotes/833257,"And always, there was the magic of learning things.",,,
q00291,top1943:263,833257,1,20,https://www.goodreads.com/work/quotes/833257,"As she read, at peace with the world and happy as only a little girl could be with a fine book and a little bowl of candy, and all alone in the house, the leaf shadows shifted and the afternoon passed.",,,
q00292,top1943:263,833257,1,22,https://www.goodreads.com/work/quotes/833257,"A lie was something you told because you were mean or a coward. A story was something you made up out of something that might have happened. Only you didn't tell it like it was, you told it like you thought it should have been.",,,
q00293,top1943:263,833257,1,23,https://www.goodreads.com/work/quotes/833257,"In teaching your child, do not forget that suffering is good too. It makes a person rich in character.",,,
q00294,top1943:263,833257,1,24,https://www.goodreads.com/work/quotes/833257,They learned no compassion from their own anguish. Thus their suffering was wasted.,,,
q00295,top1943:263,833257,1,25,https://www.goodreads.com/work/quotes/833257,But she needs me more than she needs him and I guess being needed is almost as good as being loved. Maybe better.,,,
q00296,top1943:263,833257,1,26,https://www.goodreads.com/work/quotes/833257,"A person who pulls himself up from a low environment via the bootstrap route has two choices. Having risen above his environment, he can forget it; or, he can rise above it and never forget it and keep compassion and understanding in his heart for those he has left behind him in the cruel upclimb. The nurse had chosen the forgetting way. Yet, as she stood there, she knew that years later she would be haunted by the sorrow in the face of that starveling child and that she would wish bitterly that she had said a comforting word then and done something towards the saving of her immortal soul. She had the knowledge that she was small but she lacked the courage to be otherwise.",,,
q00297,top1943:263,833257,1,27,https://www.goodreads.com/work/quotes/833257,There are very few bad people. There are just a lot of people that are unlucky.,,,
q00298,top1943:263,833257,1,28,https://www.goodreads.com/work/quotes/833257,"We'll leave now, so that this moment will remain a perfect memory...let it be our song and think of me every time you hear it.",,,
q00299,top1943:263,833257,1,29,https://www.goodreads.com/work/quotes/833257,And that's where the whole trouble is. We're too much alike to understand each other because we don't even understand our own selves.,,,
q00300,top1943:263,833257,2,1,https://www.goodreads.com/work/quotes/833257?page=2,"There's a tree that grows in Brooklyn. Some people call it the Tree of Heaven. No matter where its seed falls, it makes a tree which struggles to reach the sky. It grows in boarded-up lots and out of neglected rubbish heaps. It grows up out of cellar gratings. It is the only tree that grows out of cement. It grows lushly . . . survives without sun, water, and seemingly without earth. It would be considered beautiful except that there are too many of it.",,,
q00301,top1943:263,833257,2,2,https://www.goodreads.com/work/quotes/833257?page=2,Katie had a fierce desire for survival which made her a fighter. Johnny had a hankering after immortality which made him a useless dreamer. And that was the great difference between these two who loved each other so well.,,,
q00302,top1943:263,833257,2,3,https://www.goodreads.com/work/quotes/833257?page=2,"It was the last time she’d see the river from that window. The last time of anything has the poignancy of death itself. This that I see now, she thought, to see no more this way. Oh, the last time how clearly you see everything; as though a magnifying light had been turned on it. And you grieve because you hadn’t held it tighter when you had it every day.",,,
q00303,top1943:263,833257,2,4,https://www.goodreads.com/work/quotes/833257?page=2,"Books became her friends, and there was one for every mood.",,,
q00304,top1943:263,833257,2,5,https://www.goodreads.com/work/quotes/833257?page=2,"The library was a little old shabby place. Francie thought it was beautiful. The feeling she had about it was as good as the feeling she had about church. She pushed open the door and went in. She liked the combined smell of worn leather bindings, library past and freshly inked stamping pads better than she liked the smell of burning incense at high mass.",,,
q00305,top1943:263,833257,2,6,https://www.goodreads.com/work/quotes/833257?page=2,"Someday you'll remember what I said and you'll thank me for it.""Francie wished adults would stop telling her that. Already the load of thanks in the future was weighing her down. She figured she'd have to spend the best years of her womanhood hunting up people to tell them that they were right and to thank them.",,,
q00306,top1943:263,833257,2,7,https://www.goodreads.com/work/quotes/833257?page=2,Most women had the one thing in common: they had great pain when they gave birth to their children. This should make a bond that held them all together; it should make them love and protect each other against the man-world. But it was not so. It seemed like their great birth pains shrank their hearts and their souls. They stuck together for only one thing: to trample on some other woman... whether it was by throwing stones or by mean gossip. It was the only kind of loyalty they seemed to have. Men were different. They might hate each other but they stuck together against the world and against any woman who would ensnare one of them.,,,
q00307,top1943:263,833257,2,8,https://www.goodreads.com/work/quotes/833257?page=2,"Intolerance is a thing that causes war, pogroms, crucifixions, lynchings, and makes people cruel to little children and each other. It is responsible for most of the viciousness, violence, terror, and heart and soul breaking of the world.",,,
q00308,top1943:263,833257,2,9,https://www.goodreads.com/work/quotes/833257?page=2,"It doesn't take long to write things of which you know nothing. When you write of actual things, it takes longer, because you have to live them first.",,,
q00309,top1943:263,833257,2,10,https://www.goodreads.com/work/quotes/833257?page=2,"She loved books. She loved them with her senses and her intellect. They way they looked and smelled; the way they felt in her hands; the way the pages seemed to murmur as she turned them. Everything there is in the world, she thought, is in books.",,,
q00310,top1943:263,833257,2,11,https://www.goodreads.com/work/quotes/833257?page=2,"Well' Francie decided, 'I guess the thing that is giving me this headache is life - and nothing else but'.",,,
q00311,top1943:263,833257,2,12,https://www.goodreads.com/work/quotes/833257?page=2,I want to live for something. I don't want to live to get charity food to give me enough strength to go back to get more charity food.,,,
q00312,top1943:263,833257,2,15,https://www.goodreads.com/work/quotes/833257?page=2,"Mother, I am young. Mother, I am just eighteen. I am strong. I will work hard, Mother. But I do not want this child to grow up just to work hard. What must I do, mother, what must I do to make a different world for her? How do I start?""""The secret lies in the reading and the writing. You are able to read. Every day you must read one page from some good book to your child. Every day this must be until the child learns to read. Then she must read every day, I know this is the secret",,,
q00313,top1943:263,833257,2,17,https://www.goodreads.com/work/quotes/833257?page=2,"The difference between rich and poor"", said Francie, ""is that the poor do everything with thier own hands and the rich hire hands to do things.",,,
q00314,top1943:263,833257,2,18,https://www.goodreads.com/work/quotes/833257?page=2,All my life I've been lonely. I've been lonely at crowded parties. I've been lonely in the middle of kissing a girl and I've been lonely at camp with hundreds of fellows around. But now I'm not lonely any more.,,,
q00315,top1943:263,833257,2,20,https://www.goodreads.com/work/quotes/833257?page=2,"In the future, when something comes up, you tell exactly how it happened but write down for yourself the way you think it should have happened. Tell the truth and write the story. Then you won't get mixed up. It was the best advice Francie every got.",,,
q00316,top1943:263,833257,2,21,https://www.goodreads.com/work/quotes/833257?page=2,"Sissy had two great failings. She was a great lover and a great mother. She had so much of tenderness in her, so much of wanting to give of herself to whoever needed what she had, whether it was her money, her time, the clothes off her back, her pity, her understanding, her friendship or her companionship and love. She was mother to everything that came her way. She loved men, yes. She loved women too, and old people and especially children. How she loved children! She loved loved the down-and-outers. She wanted to make everybody happy. She had tried to seduce the good priest who heard her infrequent confessions because she felt sorry for him. She thought he was missing the greatest joy on earth by being committed to a life of celibacy.She loved all the scratching curs on the street and wept for the gaunt scavenging cats who slunk around Brooklyn corners with their sides swollen looking for a hole in which they might bring forth their young. She loved the sooty sparrows and thought that the very grass that grew in the lots was beautiful. She picked bouquets of white clover in the lots believing they were the most beautiful flowers God ever made...Yes, she listened to everybody's troubles but no one listened to hers. But that was right because Sissy was a giver and never a taker.",,,
q00317,top1943:263,833257,2,22,https://www.goodreads.com/work/quotes/833257?page=2,"She told Papa about it. He made her stick out her tongue and he felt her wrist. He shook his head sadly and said,""You have a bad case, a very bad case.""""Of what?""""Growing up.",,,
q00318,top1943:263,833257,2,23,https://www.goodreads.com/work/quotes/833257?page=2,"But the penciled sheets did not seem like nor smell like the library book so she had given it up, consoling herself with the vow that when she grew up, she would work hard, save money and buy every single book that she liked.",,,
q00319,top1943:263,833257,2,24,https://www.goodreads.com/work/quotes/833257?page=2,"This could be a whole life,"" she thought. ""You work eight hours a day covering wires to earn money to buy food and to pay for a place to sleep so that you can keep living to come back to cover more wires. Some people are born and kept living just to come to this...",,,
q00320,top1943:263,833257,2,25,https://www.goodreads.com/work/quotes/833257?page=2,"Growing up spoiled a lot of things. It spoiled the nice game they had when there was nothing to eat in the house. When money gave out and food ran low, Katie and the children pretended they were explorers discovering the North Pole and had been trapped by a blizzard in a cave with just a little food. They had to make it last till help came. Mama divided up what food there was in the cupboard and called it rations and when the children were still hungry after a meal, she'd say, 'Courage, my men, help will come soon.' When some money came in and Mama bought a lot of groceries, she bought a little cake as celebration, and she'd stick a penny flag in it and say, 'We made it, men. We got to the North Pole.'One day after one of the 'rescues' Francie asked Mama:'When explorers get hungry and suffer like that, it's for a reason . Something big comes out of it. They discover the North Pole. But what big things comes out of us being hungry like that?'Katie looked tired all of a sudden. She said something Francie didn't understand at the time. She said, 'You found the catch in it.",,,
q00321,top1943:263,833257,2,27,https://www.goodreads.com/work/quotes/833257?page=2,New York! I've always wanted to see it and now I've see it. It's true what they say-- it's the most wonderful city in the world.,,,
q00322,top1943:263,833257,2,28,https://www.goodreads.com/work/quotes/833257?page=2,"Then I've been drunk, too,"" admitted Francie.""On beer?""""No. Last spring, in McCarren's Park, I saw a tulip for the first time in my life.",,,
q00323,top1943:263,833257,2,29,https://www.goodreads.com/work/quotes/833257?page=2,"Oh time...time, pass so that I forget!Oh time, Great Healer, pass over me and let me forget.",,,
q00324,top1943:263,833257,3,0,https://www.goodreads.com/work/quotes/833257?page=3,"You won't die, Francie. You were born to lick this rotten life.",,,
q00325,top1943:263,833257,3,3,https://www.goodreads.com/work/quotes/833257?page=3,"It's a beautiful religion and I wish I understood it more. No, I don't want to understand it all. It's beautiful because it's always a mystery. Sometimes I say I don't believe in God and Jesus and Mary. I'm a bad Catholic because I miss mass once in a while and I grumble when, at confession, I get a heavy penance for something I couldn't help doing. But good or bad, I am a Catholic and I'll never be anything else.Of course, I didn't ask to be born Catholic, no more than I asked to be born American. But I'm glad it turned out that I'm both these things.",,,
q00326,top1943:263,833257,3,4,https://www.goodreads.com/work/quotes/833257?page=3,Isn't hot coffee a wonderful thing? How did people get along before it was invented?,,,
q00327,top1943:263,833257,3,5,https://www.goodreads.com/work/quotes/833257?page=3,"Everything, decided Francie after that first lecture, was vibrant with life and there was no death in chemistry. She was puzzled as to why learned people didn't adopt chemistry as a religion.",,,
q00328,top1943:263,833257,3,6,https://www.goodreads.com/work/quotes/833257?page=3,"She went out and took a last long look at the shabby little library. She knew she would never see it again. Eyes changed after they looked at new things. If in the years to be she were to come back, her new eyes might make everything seem different from the way she saw it now. The way it was now was the way she wanted to remember it.",,,
q00329,top1943:263,833257,3,7,https://www.goodreads.com/work/quotes/833257?page=3,"Brooklyn was a dream. All the things that happened there just couldn't happen. It was all dream stuff. Or was it all real and true and was it that she, Francie, was the dreamer?",,,
q00330,top1943:263,833257,3,9,https://www.goodreads.com/work/quotes/833257?page=3,"He was a baby once. He must have been sweet and clean and his mother kissed his little pink toes. Maybe when it thundered at night she came to his crib and fixed his blanket better and whispered that he mustn't be afraid, that mother was here. Then she picked him up and put her cheek on his head and said that he was her own sweet baby. He might have been a boy like my brother, running in and out of the house and slamming the door. And while his mother scolded him she was thinking that maybe he'll be president some day. Then he was a young man, strong and happy. When he walked down the street, the girls smiled and turned to watch him. He smiled back and maybe he winked at the prettiest one. I guess he must have married and had children and they thought he was the most wonderful papa in the world the way he worked hard and bought them toys for Christmas. Now his children are getting old too, like him, and they have children and nobody wants the old man any more and they are waiting for him to die. But he don't want to die. He wants to keep living even though he's so old and there's nothing to be happy about anymore.",,,
q00331,top1943:263,833257,3,11,https://www.goodreads.com/work/quotes/833257?page=3,"When night draws back the curtain,And pins it with a star,Remember you are still my friend,Though you may wander far",,,
q00332,top1943:263,833257,3,12,https://www.goodreads.com/work/quotes/833257?page=3,"I never listen to what people tell me and I can't read. The only way I know what is right and wrong is the way I feel about things. If I feel bad, it's wrong. If I feel good, it's right.",,,
q00333,top1943:263,833257,3,13,https://www.goodreads.com/work/quotes/833257?page=3,"For quite a while, Francie had been spelling out letters, sounding them and then putting the sounds together to mean a word. But one day, she looked at a page and the word ""mouse"" had instantaneous meaning. She looked at the word, and the picture of a gray mouse scampered through her mind. She looked further and when she saw ""horse,"" she heard him pawing the ground and saw the sun glint on his glossy coat. The word ""running"" hit her suddenly and she breathed hard as though running herself. The barrier between the individual sound of each letter and the whole meaning of the word was removed and the printed word meant a thing at one quick glance. She read a few pages rapidly and almost became ill with excitement. She wanted to shout it out. She could read! She could read!",,,
q00334,top1943:263,833257,3,14,https://www.goodreads.com/work/quotes/833257?page=3,It was a good thing that she got herself into this other school. It showed her that there were other worlds beside the world she had been born into and that these other worlds were not unattainable.,,,
q00335,top1943:263,833257,3,16,https://www.goodreads.com/work/quotes/833257?page=3,I'll not punish you for having an imagination.,,,
q00336,top1943:263,833257,3,17,https://www.goodreads.com/work/quotes/833257?page=3,"No matter where its seed fell, it made a tree which struggled to reach the sky. It grew in boarded-up lots and out of neglected rubbish heaps, and it was the only tree that grew out of cement. It grew lushly, but only in the tenements districts.... That was the kind of tree it was. It liked poor people.",,,
q00337,top1943:263,833257,3,18,https://www.goodreads.com/work/quotes/833257?page=3,She had heard Papa sing so many songs about the heart; the heart that was breaking - was aching - was dancing -was heavy laden - that leaped for joy - that was heavy in sorrow - that turned over - that stood still. She really believed the heart actually did those things.,,,
q00338,top1943:263,833257,3,19,https://www.goodreads.com/work/quotes/833257?page=3,"But this tree in the yard-this tree that men chopped down...this tree that they built a bonfire around, trying to burn up it's stump-this tree lived!It lived! And nothing could destroy it.",,,
q00339,top1943:263,833257,3,20,https://www.goodreads.com/work/quotes/833257?page=3,"There is here, what is not in the old country. In spite of hard, unfamiliar things, there is here - hope. In the old country, a man can be no more than his father, providing he works hard. If his father was a carpenter, he may be a carpenter. He many not be a teacher or a priest. He may rise - but only to his father's state. In the old country, a man is given to the past. Here he belongs to the future. In this land, he may be what he will, if he has the good heart and the way of working honestly at the right things.",,,
q00340,top1943:263,833257,3,22,https://www.goodreads.com/work/quotes/833257?page=3,"The tree man eulogized them by screaming, 'And now get the hell out of here with your tree, you lousy bastards.'Francie had heard swearing since she had heard words. Obscenity and profanity had no meaning as such among those people. They were emotional expressions of inarticulate people with small vocabularies; they made a kind of dialect. The phrases could mean many things according to the expression and tone used in saying them. So now, when Francie heard themselves called lousy bastards, she smiled tremulously at the kind man. She knew that he was really saying, 'Good-bye--God bless you.",,,
q00341,top1943:263,833257,3,23,https://www.goodreads.com/work/quotes/833257?page=3,It was so simple that a flash of astonishment that felt like pain shot through her head. Education! That was it! It was education that made the difference! Education would pull them ut of the grame and dirt.,,,
q00342,top1943:263,833257,3,24,https://www.goodreads.com/work/quotes/833257?page=3,Francie thought that all the books in the world were in that library and she had a plan about reading all the books in the world.,,,
q00343,top1943:263,833257,3,25,https://www.goodreads.com/work/quotes/833257?page=3,You married him. There was something about him that caught your heart. Hang on to that and forget the rest.,,,
q00344,top1943:263,833257,3,26,https://www.goodreads.com/work/quotes/833257?page=3,"Well, there's a little bit of man in every woman and a little bit of woman in every man.",,,
q00345,top1943:263,833257,3,27,https://www.goodreads.com/work/quotes/833257?page=3,She was surprised at how tiny the school seemed now. She supposed it was just as big as it had ever been only her eyes had grown used to looking at bigger things.,,,
q00346,top1943:263,833257,3,28,https://www.goodreads.com/work/quotes/833257?page=3,"She sat in the sunshine watching the life on the street and guarding within herself, her own mystery of life.",,,
q00347,top1943:263,833257,3,29,https://www.goodreads.com/work/quotes/833257?page=3,It meant that she belonged some place. She was a Brooklyn girl with a Brooklyn name and a Brooklyn accent. She didn't want to change into a bit of this and a bit of that.,,,
q00348,top1944:1896,2522906,1,0,https://www.goodreads.com/work/quotes/2522906,If you had better sense you’d have learned by now that nothing thrives so well as wickedness,,,
q00349,top1944:1896,2522906,1,1,https://www.goodreads.com/work/quotes/2522906,"Death was democratic. It made no choice between the rich and the poor, the beautiful and the ugly, the young and the old.",,,
q00350,top1944:1896,2522906,1,2,https://www.goodreads.com/work/quotes/2522906,"They had stopped now and he gave a glance up at the sky, through the trees, as though to see how much time was left. Amber, watching him, was suddenly struck with panic. Now he was going--out again into that great world with its bustle and noise and excitement--and she must stay here. She had a terrible new feeling of loneliness, as if she stood in some solitary corner at a party where she was the only stranger. Those places he had seen, she would never see; those fine things he had done, she would never do. But worst of all she would never see him again.",,,
q00351,top1944:1896,2522906,1,3,https://www.goodreads.com/work/quotes/2522906,"Her honey-coloured hair fell in heavy wavesbelow her shoulders and as she stared up at him her eyes, clear, speckled amber, seemed to tilt at the corners; her brows were black and swept up in arcs, and she had thick black lashesh. There was about her a kind of warm luxuriance, something immediately suggestive to the men of pleasurable fulfillment- something for which she was not responsible but of which she was acutely conscious.",,,
q00352,top1944:1896,2522906,1,4,https://www.goodreads.com/work/quotes/2522906,"She had never seen anyone like him before in her life. The clothes he wore, the sound of his voice, the expression in his eys, all made her feel that she had had z moomentary glimpse into another world - and she longed passionately to see it again, if only for a brief while.",,,
q00353,top1944:1896,2522906,1,5,https://www.goodreads.com/work/quotes/2522906,I think I'll name her Amber - for the colour of her father's eyes.,,,
q00354,top1944:1896,2522906,1,6,https://www.goodreads.com/work/quotes/2522906,"Edward Progers was his Majesty’s Page of the Backstairs. He handled private money transactions, secret correspondence, and served in an ex-officio capacity as the King’s pimp. It was a position of no mean prestige, and of considerable activity.",,,
q00355,top1944:1896,2522906,1,7,https://www.goodreads.com/work/quotes/2522906,She had now become so desperate for entertainment that she was finally willing to read a book.,,,
q00356,top1944:1896,2522906,1,8,https://www.goodreads.com/work/quotes/2522906,"once described fiction as a monumental lie that has to have the absolute ring of truth if it is to succeed. And that ring of truth invariably comes from research, which in turn gives a novel its authenticity. It is this kind of authenticity plus good storytelling that made Forever Amber a bestseller 56 years ago. Now",,,
q00357,top1949:5038,2072467,1,0,https://www.goodreads.com/work/quotes/2072467,"Even were the time to come when there would be neither poor nor rich, yet there will always be wise and stupid, sly and simple, for so there have ever been and ever will be. The strong man sets his foot on the neck of the weakling; the cunning man runs off with the simpleton's purse and sets the dunce to work for him. Man is a crooked dealer and even his virtue is imperfect. Only he who lies down never to rise again is wholly good.",,,
q00358,top1949:5038,2072467,1,1,https://www.goodreads.com/work/quotes/2072467,"I, SINUHE, the son of Senmut and of his wife Kipa, write this. I do not write it to the glory of the gods in the land of Kem, for I am weary of gods, nor to the glory of the Pharaohs, for I am weary of their deeds. I write neither from fear nor from any hope of the future but for myself alone. During my life I have seen, known, and lost too much to be the prey of vain dread; and, as for the hope of immortality, I am as weary of that as I am of gods and kings. For my own sake only I write this; and herein I differ from all other writers, past and to come.",,,
q00359,top1949:5038,2072467,1,2,https://www.goodreads.com/work/quotes/2072467,"Sinuhe, my friend, we have been born into strange times. Everything is melting – changing its shape – like clay on a potter’s wheel. Dress is changing, words, customs are changing, and people no longer believe in the gods – though they may fear them. Sinuhe, my friend, perhaps we were born to see the sunset of the world, for the world is already old, and twelve hundred years have passed since the building of the pyramids. When I think of this, I want to bury my head in my hands and cry like a child.",,,
q00360,top1949:5038,2072467,1,3,https://www.goodreads.com/work/quotes/2072467,"So foolish is the heart of man that he ever puts his hope in the future, learning nothing from his past errors and fancying that tomorrow must be better than today.",,,
q00361,top1949:5038,2072467,1,4,https://www.goodreads.com/work/quotes/2072467,"For I, Sinuhe, am a human being. I have lived in everyone who existed before me and shall live in all who come after me. I shall live in human tears and laughter, in human sorrow and fear, in human goodness and wickedness, in justice and injustice, in weakness and strength. As a human being I shall live eternally in mankind. I desire no offerings at my tomb and no immortality for my name. This was written by Sinuhe, the Egyptian, who lived alone all the days of his life.",,,
q00362,top1949:5038,2072467,1,7,https://www.goodreads.com/work/quotes/2072467,He who once drunk of Nile water will forever yearn to be by the Nile again.,,,
q00363,top1949:5038,2072467,1,9,https://www.goodreads.com/work/quotes/2072467,"My spirit welled up in its joy because I asked myself ""why?"" The dread key to all true knowledge is ""why?",,,
q00364,top1949:5038,2072467,1,11,https://www.goodreads.com/work/quotes/2072467,"There is no difference between one man and another, for all are born naked into the world. A man cannot be measured by the colour of his skin, or by his speech, or by his clothes and jewels, but only by his heart. A good man is better than a bad man, and justice is better than injustice--and that is all I know.",,,
q00365,top1949:5038,2072467,1,15,https://www.goodreads.com/work/quotes/2072467,"With the approach of age the soul flies like a bird back to the days of childhood. Now those days shine bright and clear in my memory until it seems as if everything then must have been better, lovelier than in the world of today. In this rich and poor do not differ, for there is surely none so destitute but his childhood shows some glint of happiness when he remembers it in age.",,,
q00366,top1949:5038,2072467,1,16,https://www.goodreads.com/work/quotes/2072467,...her eyes green as the Nile's water in the heat of summer.,,,
q00367,top1949:5038,2072467,1,17,https://www.goodreads.com/work/quotes/2072467,"Turn, O you years_roll again, you vanished years_sail, Ammon, from west to east across the heavens and bring again my youth! Not one word of it will I alter, not my least action will I amend. O brittle pen, smooth papyrus, give me back my folly and my youth!",,,
q00368,top1949:5038,2072467,1,29,https://www.goodreads.com/work/quotes/2072467,Doubtless you would prefer a gayer woman than myself. But I would be gay—,,,
q00369,top1949:5038,2072467,2,1,https://www.goodreads.com/work/quotes/2072467?page=2,...it is not your words that persuade me. They are as the tedious buzzing of flies in my ear.,,,
q00370,top1949:5038,2072467,2,2,https://www.goodreads.com/work/quotes/2072467?page=2,"She shook a slim finger before my face, and her eyes laughed as she said, ""And remember to beware of women whose loins burn worse than fire!",,,
q00371,top1949:5038,2072467,2,3,https://www.goodreads.com/work/quotes/2072467?page=2,"A woman will always accept such talk, however false she knows it to be. The older and uglier she is the more readily will she do so, because she desires to believe it",,,
q00372,top1949:5038,2072467,2,15,https://www.goodreads.com/work/quotes/2072467?page=2,"For the longer I live the more clearly do I see that what a man does he does for many reasons - reasons of which he himself may be unaware; therefore, his actions are as dust beneath my feet, since I cannot know his motives or his purposes.",,,
q00373,top1949:5038,2072467,2,21,https://www.goodreads.com/work/quotes/2072467?page=2,"The seamen lowered a jar and brought up in it water that was not salt; it was Nile water and tasted of the mud of Egypt. No wine ever tasted so delectable to me as this muddy water, hauled up so far from land.Kaptah said, “Water is always water, even in the Nile. Have patience, lord, until we find an honest tavern where the beer is clear and foaming, so that a man need not suck it through a straw to avoid the husks of grain. Then and then only shall I know that I am home.”His godless talk jarred on me, and I said, “Once a slave always a slave, even when he is robed in fine wool. Have patience, Kaptah, until I find a flexible cane—such a one as can be cut only in the reed swamps of the Nile—and then, indeed, you shall know that you are home.”He was not offended, but his eyes filled with tears, his chin quivered, and he bowed before me, stretching forth his hands at knee level.“Truly, lord, you have the gift of hitting upon the right word at the right moment, for I had already forgotten how sweet is the caress of a slender cane on the legs and backside. Ah, my lord Sinuhe, it is an experience that I wish that you also might share. Better than water or beer, better than incense, better than wild duck among the reeds—more eloquently than these does it speak of life in Egypt, where each fills his proper place and nothing changes. Do not wonder if in my emotion I weep, for only now do I feel that I am coming home after seeing much that is alien and perplexing and contemptible. O blessed cane that sets each in his proper place and resolves all problems, there is none like you!",,,
q00374,top1950:4758,1867260,1,0,https://www.goodreads.com/work/quotes/1867260,"You will all be assailed, my dear friends, by the very real temptation to believe that you have been forsaken by God – that your priesthood is in vain, and that the weight of mortal grief and sin is more than you can bear. In the midst of your anguish you will ask of Him a sign, some visible ray of His unchanging light in a world of hideous darkness. I am sorry to say that this visible sign will rarely be given. The burning bush of Moses, the jewel-encrusted dove of Theresa, the Tolle lege of Augustine – these are no longer the style, as in the simpler days of saint and prophet. The light will be interior; you must look for it within",,,
q00375,top1950:4758,1867260,1,1,https://www.goodreads.com/work/quotes/1867260,"You will go far in the Church.""""I have no desire to go far. My only ambition is to be a good priest.""""You will be that, of course. Nevertheless, you will go higher. And do you know why?”“Why?”“Because,” said Orselli, “you are not afraid of worldliness. I do not mean that you are worldly. Far from it. But you have a talent for being all things to all men.",,,
q00376,top1951:4749,1059565,1,0,https://www.goodreads.com/work/quotes/1059565,"This life is slow suicide, unless you read.",,,
q00377,top1951:4749,1059565,1,1,https://www.goodreads.com/work/quotes/1059565,"Remember this, if you can--there is nothing, nothing more precious than time. You probably feel you have a measureless supply of it, but you haven't. Wasted hours destroy your life just as surely at the beginning as at the end--only in the end it becomes more obvious.",,,
q00378,top1951:4749,1059565,1,2,https://www.goodreads.com/work/quotes/1059565,"The Navy is a master plan designed by geniuses for execution by idiots. If you are not an idiot, but find yourself in the Navy, you can only operate well by pretending to be one. All the shortcuts and economies and common-sense changes that your native intelligence suggests to you are mistakes. Learn to quash them. Constantly ask yourself, ""How would I do this if I were a fool?"" Throttle down your mind to a crawl. Then you will never go wrong.",,,
q00379,top1951:4749,1059565,1,3,https://www.goodreads.com/work/quotes/1059565,"Life is a dream, a little more coherent than most.",,,
q00380,top1951:4749,1059565,1,4,https://www.goodreads.com/work/quotes/1059565,"You can’t understand command till you’ve had it. It’s the loneliest, most oppressive job in the whole world. It’s a nightmare, unless you’re an ox. You’re forever teetering along a tiny path of correct decisions and good luck that meanders through an infinite gloom of possible mistakes.",,,
q00381,top1951:4749,1059565,1,5,https://www.goodreads.com/work/quotes/1059565,"So I have gone all the way around Robin Hood's barn to arrive at the old platitudes, which I guess is the process of growing up.",,,
q00382,top1951:4749,1059565,1,6,https://www.goodreads.com/work/quotes/1059565,"Money is a very pleasant thing, Willie, and I think you can trade almost anything for it wisely except the work you really want to do. If you sell out your time for a comfortable life, and give up your natural work, I think you lose the exchange. There remains an inner uneasiness that spoils the comforts.",,,
q00383,top1951:4749,1059565,1,7,https://www.goodreads.com/work/quotes/1059565,"With the smoke of the dead sailor's cigar wreathing around him, Willie passed to thinking about death and life and luck and God. Philosophers are at home with such thoughts, perhaps, but for other people it is actual torture when these concepts--not the words, the realities--break through the crust of daily occurrences and grip the soul. A half hour of such racking meditation can change the ways of a lifetime.",,,
q00384,top1951:4749,1059565,1,8,https://www.goodreads.com/work/quotes/1059565,"Willie didn't have a historian's respect for the victories at Guadalcanal, Stalingrad, and Midway. The stream of news as it burbled by his mind left only a confused impression that our side was a bit ahead in the game, but making painful slow work of it. He had often wondered in his boyhood what it must have been like to live in the stirring days of Gettysburg and Waterloo; now he knew, but he didn't know that he knew. This war seemed to him different from all the others: diffuse, slogging, and empty of drama.",,,
q00385,top1951:4749,1059565,1,9,https://www.goodreads.com/work/quotes/1059565,The trouble started one morning when there was a fog.,,,
q00386,top1951:4749,1059565,1,10,https://www.goodreads.com/work/quotes/1059565,"He’s too clever to be wise, if that makes any sense. Very",,,
q00387,top1951:4749,1059565,1,12,https://www.goodreads.com/work/quotes/1059565,"Seventeen days before the end of the war, the minesweeper Caine finally swept a mine.",,,
q00388,top1951:4749,1059565,1,13,https://www.goodreads.com/work/quotes/1059565,the one loophole that military wisdom can never quite button up—the sympathy of the downtrodden for each other.,,,
q00389,top1951:4749,1059565,1,14,https://www.goodreads.com/work/quotes/1059565,"Cabs, cabs! Why did God give you feet? Walk me to Fiftieth.",,,
q00390,top1951:4749,1059565,1,15,https://www.goodreads.com/work/quotes/1059565,Can’t stop a Nazi with a lawbook.,,,
q00391,top1951:4749,1059565,1,18,https://www.goodreads.com/work/quotes/1059565,He still had not the slightest understanding of why he had really come; he blamed himself for a late flare of desire crudely masked as a need for advice. He had no way of recognizing the very common impulse of a husband to talk things over with his wife.,,,
q00392,top1951:4749,1059565,1,19,https://www.goodreads.com/work/quotes/1059565,no man who rises to command of a United States naval ship can possibly be a coward. And,,,
q00393,top1951:4749,1059565,1,20,https://www.goodreads.com/work/quotes/1059565,"The Caine was a pile of junk in the last hours of decay, manned by hoodlums.",,,
q00394,top1951:4749,1059565,1,21,https://www.goodreads.com/work/quotes/1059565,"don’t make the mistake of skipping the Old Testament. It’s the core of all religion, I",,,
q00395,top1951:4749,1059565,1,22,https://www.goodreads.com/work/quotes/1059565,"This country of ours consists of pioneers, after",,,
q00396,top1951:4749,1059565,1,23,https://www.goodreads.com/work/quotes/1059565,"the nameless maiden in the advertisement was like a thousand other clothing models he had seen in magazines—arched brows, big eyes, angular cheeks, pouting mouth, a fetching figure, and a haughty, revolted look, as though someone had just offered her a jellyfish to hold.",,,
q00397,top1951:4749,1059565,1,25,https://www.goodreads.com/work/quotes/1059565,You can't assume a goddamned thing in this Navy.,,,
q00398,top1951:4749,1059565,1,26,https://www.goodreads.com/work/quotes/1059565,"Willie experienced the strange sensations of the first days of a new captain: a shrinking of his personal identiy, and a stretching out of his nerve ends to all the spaces and machinery of the ship. He was less free than before. He developed the apprehensive listening ears of a young mother; the ears listened on in his sleep; he never quite slept, not the way he had before.",,,
q00399,top1951:4749,1059565,1,27,https://www.goodreads.com/work/quotes/1059565,The officers had tried very hard to make the crew look respectable for the occasion; but despite the shoeshines and new dungarees and shaved faces the general effect was that of a group of tramps freshly deloused by the Salvation Army.,,,
q00400,top1951:4749,1059565,1,28,https://www.goodreads.com/work/quotes/1059565,"Well, most of you are pretty new to the Caine. It’s a broken-down obsolete ship. It steamed through four years of war. It has no unit citation and it achieved nothing spectacular. It was supposed to be a mine-sweeper, but in the whole war it swept six mines. It did every kind of menial fleet duty, mostly several hundred thousand miles of dull escorting. Now it’s a damaged hulk and will probably be broken up. Every hour spent on the Caine was a great hour in all our lives—if you don’t think so now you will later on, more and more. We were all doing part of what had to be done to keep our country existing, not any better than before, just the same old country that we love. We’re all landlubbers who pitted our lives and brains against the sea and the enemy, and did what we were told to do. The hours we spent on the Caine were hours of glory. They are all over. We’ll scatter into the trains and busses now and most of us will go home. But we will remember the Caine, the old ship in which we helped to win the war. Caine duty is the kind of duty that counts. The high-powered stuff just sets the date and place of the victory won by the Caine. “Lower the flag.",,,
q00401,top1951:4749,1059565,2,0,https://www.goodreads.com/work/quotes/1059565?page=2,"The Kwajalein invasion, the first of these,",,,
q00402,top1951:4749,1059565,2,1,https://www.goodreads.com/work/quotes/1059565?page=2,"You’re not supposed to love Jews necessarily, just to give them a fair shake.",,,
q00403,top1951:4749,1059565,2,2,https://www.goodreads.com/work/quotes/1059565?page=2,"I like novels where the author proves how terrible military guys are, and how superior sensitive civilians are. I know they’re true to life because I’m a sensitive civilian myself.” He puffed at the cigar, made a mouth of distaste, and threw it into a brass jar half full of sand.",,,
q00404,top1951:4749,1059565,2,3,https://www.goodreads.com/work/quotes/1059565?page=2,They were invited to fine homes and exclusive clubs. It was a great war.,,,
q00405,top1951:4749,1059565,2,5,https://www.goodreads.com/work/quotes/1059565?page=2,"His identity as a naval officer is the essential balancing factor. It’s the key to his personal security and therefore he’s excessively zealous to protect his standing. That would account for the harshness and ill temper I spoke about before.” “Would he be disinclined to admit to mistakes?” “Well, there’s a tendency that way. The commander has a fixed anxiety about protecting his standing. Of course there’s nothing unbalanced in that.” “Would he be a perfectionist?” “Such a personality would be.” “Inclined to hound subordinates about small details?” “He prides himself on meticulousness. Any mistake of a subordinate is intolerable because it might endanger him.” “Is such a personality, with such a zeal for perfection, likely to avoid all mistakes?” “Well, we all know that reality is beyond the hundred-per-cent control of any human being—” “Yet he will not admit mistakes when made. Is he lying?” “Definitely not! He—you might say he revises reality in his own mind so that he comes out blameless. There’s a tendency to blame others—",,,
q00406,top1951:4749,1059565,2,6,https://www.goodreads.com/work/quotes/1059565?page=2,"For the rest the Navy is a third-rate career for third-rate people, offering a sort of skimpy security in return for twenty or thirty years of a polite penal servitude.",,,
q00407,top1951:4749,1059565,2,7,https://www.goodreads.com/work/quotes/1059565?page=2,"The circle of gleaming green numbers on the black face of the gyroscope compass ticked steadily counterclockwise and the heading increased: 95 degrees, 100, 105, 120, 150. Queeg",,,
q00408,top1951:4749,1059565,2,8,https://www.goodreads.com/work/quotes/1059565?page=2,Not that I really think the Caine is inanimate. It’s an iron poltergeist sent into the world by God,,,
q00409,top1951:4749,1059565,2,9,https://www.goodreads.com/work/quotes/1059565?page=2,"I almost died, and I realized that all I regretted was you.",,,
q00410,top1951:4749,1059565,2,10,https://www.goodreads.com/work/quotes/1059565?page=2,I think appreciating Dickens goes with ten thousand in the bank.,,,
q00411,top1951:4749,1059565,2,11,https://www.goodreads.com/work/quotes/1059565?page=2,"Sex takes up a very small part of the day, anyway.” “It makes the rest of the day worth living.” “You",,,
q00412,top1951:4749,1059565,2,12,https://www.goodreads.com/work/quotes/1059565?page=2,"See, the Germans aren’t kidding about the Jews. They’re cooking us down to soap over there. They think we’re vermin and should be ’sterminated and our corpses turned into something useful.",,,
q00413,top1951:4749,1059565,2,15,https://www.goodreads.com/work/quotes/1059565?page=2,"I’ve given up. This ship is an outcast, manned by outcasts, and named for the great outcast of mankind. My destiny is the Caine. It’s the purgatory for my sins.” “Any interesting sins, Tom?",,,
q00414,top1951:4749,1059565,2,16,https://www.goodreads.com/work/quotes/1059565?page=2,"Could be,” said Horrible “Chief Budge had ’em scraping bilges in number-two engine room. I told him there wasn’t nothin’ keepin’ the water out but that rust.",,,
q00415,top1951:4749,1059565,2,17,https://www.goodreads.com/work/quotes/1059565?page=2,"The glory of Manhattan which Willie had seen from the airplane was nowhere visible at Broadway and Fiftieth Street when he came up out of the subway. It was the same old dirty crowded corner: here a cigar store, there an orange-drink stand, yonder a flickering movie marquee, everywhere people with ugly tired faces hurrying in a bitter wind that whirled flapping newspapers and little spirals of dry snow along the gutters. It was all as familiar to Willie as his hand. The reception room of the Sono-phono Studios, some seven feet square, consisted of plasterboard walls, a plasterboard door in back, a green metal desk, and a very ugly receptionist with a plasterboard complexion, chewing a large wad of pink gum. “Yeah? What can I do for you?",,,
q00416,top1951:4749,1059565,2,18,https://www.goodreads.com/work/quotes/1059565?page=2,"None of the authorities have experienced the worst of enough typhoons to make airtight generalizations. None of the authorities, moreover, are anxious to acquire the experience. The",,,
q00417,top1951:4749,1059565,2,19,https://www.goodreads.com/work/quotes/1059565?page=2,"If you want to know, what I’ve studied seems to me a lot of rubbish. The rules, the lingo, strike me as comical. The idea of men spending their lives in this make-believe appalls me. I used to think it was preferable to the Army, but I’m sure now that they’re both the same kind of foolishness. I don’t care. I picked the Navy. I’ll see this stupid war through in the Navy.",,,
q00418,top1951:4749,1059565,2,20,https://www.goodreads.com/work/quotes/1059565?page=2,"Well, normality, you know, is a fiction in psychiatry. It’s all relative. No adult is without problems except a happy imbecile.",,,
q00419,top1951:4749,1059565,2,23,https://www.goodreads.com/work/quotes/1059565?page=2,We transferred to Queeg the hatred we should have felt for Hitler and the Japs who,,,
q00420,top1951:4749,1059565,2,24,https://www.goodreads.com/work/quotes/1059565?page=2,"It was like the hate of a husband for a sick wife, a mature, solid hate, caused by an unbreakable tie to a loathsome person, and existing not as a self-justification, but for the rotten gleam of pleasure it gave off in the continuing gloom. Out",,,
q00421,top1951:4749,1059565,2,27,https://www.goodreads.com/work/quotes/1059565?page=2,"Another day and another passed of rough seas and lowering skies; of rolling and pitching, cold winds, and cold damp eating into bones softened by tropic warmth; of a treadmill of watches in a wheelhouse dank and gloomy by day and danker and gloomier by night; of sullen silent sailors and pale dog-tired officers, of meals in the wardroom eaten in silence, with the captain at the head of the table ceaselessly rolling the balls in his fingers and saying nothing except an infrequent grumpy sentence about the progress of the work requests. Willie lost track of time. He stumbled from the bridge to his coding, from coding to correcting publications, from corrections back up to the bridge, from the bridge to the table for an unappetizing bolted meal, from the table to the clipping shack for sleep which never went uninterrupted for more than a couple of hours. The world became narrowed to a wobbling iron shell on a waste of foamy gray, and the business of the world was staring out at empty water or making red-ink insertions in the devil’s own endless library of mildewed unintelligible volumes.",,,
q00422,top1951:4749,1059565,2,28,https://www.goodreads.com/work/quotes/1059565?page=2,"When you’re at the bottom, there’s no place to go but up,” said",,,
q00423,top1951:4749,1059565,2,29,https://www.goodreads.com/work/quotes/1059565?page=2,"What is his basic premise? That everyone on the Caine is a liar, a traitor, and a funk-off, so that the ship can only function if he constantly nags and spies and threatens and screeches and hands out draconic punishments. Now, how do you go about proving that his premise is wrong?” “You",,,
q00424,top1952:6310,2219799,1,0,https://www.goodreads.com/work/quotes/2219799,"Do you agree that we should order them back into the house and then scatter these watchers an send them home? If they refuse to obey there will be trouble. We will have to slit throats. I confess to you, Eleazer , that I do not like slitting throats at a wedding.",,,
q00425,top1952:6310,2219799,1,1,https://www.goodreads.com/work/quotes/2219799,When is this old moneybags doing to give up and die as any decent man would do? I am tired of standing at his door.,,,
q00426,top1952:6310,2219799,1,2,https://www.goodreads.com/work/quotes/2219799,"feeble and so I lay this command on you, that you finish your task as soon as possible.",,,
q00427,top1955:549,2248207,1,0,https://www.goodreads.com/work/quotes/2248207,"Life is a banquet and most poor s.o.b.'s are starving to death."" Auntie Mame",,,
q00428,top1955:549,2248207,1,1,https://www.goodreads.com/work/quotes/2248207,Life is a banquet and most poor bastards are starving to death!,,,
q00429,top1955:549,2248207,1,2,https://www.goodreads.com/work/quotes/2248207,"Oh, darling, you know we writers must occasionally stretch a point to heighten the dramatic situation.",,,
q00430,top1955:549,2248207,1,4,https://www.goodreads.com/work/quotes/2248207,"Within the last two years it had been called Tony's, Belle's Bar Sinister, The Ole Plantation, Tony's, Alt Wien, Paris Soir--or Sewer--Victor's Vesuvius, Chez Cocotte, York House, Gay Madrid, and Tony's.",,,
q00431,top1955:549,2248207,1,5,https://www.goodreads.com/work/quotes/2248207,"I wish you wouldn’t use the term Christian where it is so obviously misapplied,” Auntie Mame said steadily.",,,
q00432,top1955:549,2248207,1,6,https://www.goodreads.com/work/quotes/2248207,"My dear, a rich vocabulary is the true hallmark of every intellectual person. Here now”—she burrowed into the mess on her bedside table and brought forth another pad and pencil—“every time I say a word, or you hear a word, that you don’t understand, you write it down and I’ll tell you what it means. Then you memorize it and soon you’ll have a decent vocabulary. Oh, the adventure,” she cried ecstatically, “of molding a little new life!” She made another sweeping gesture that somehow went wrong because she knocked over the coffee pot and I immediately wrote down six new words which Auntie Mame said to scratch out and forget about.",,,
q00433,top1955:549,2248207,1,7,https://www.goodreads.com/work/quotes/2248207,"She was built along the lines of a General Electric refrigerator and looked like a cross between Caligula and a cockatoo. Mother Burnside had beady little eyes, an imperious beak of a nose, sallow skin, and bad breath. She wore a stiff black wig and a stiff black dress and she sat all day long in a darkened drawing room, her pudgy hands - encrusted with dirty diamond rings - folded over her pudgy belly.",,,
q00434,top1955:549,2248207,1,8,https://www.goodreads.com/work/quotes/2248207,"To Mame, conventional thinking and Early American décor are a prison; she advocates total sexual freedom, world travel, and “the feverish excitement of the creative career!” Mame believes that life must be art,",,,
q00435,top1955:549,2248207,1,10,https://www.goodreads.com/work/quotes/2248207,I giochi che si svolgono in silenzio sono quelli più pericolosi,,,
q00436,top1955:549,2248207,1,11,https://www.goodreads.com/work/quotes/2248207,and they don’t have to know about a lot of things that ordinary mortals just don’t have to know about!,,,
q00437,top1955:549,2248207,1,12,https://www.goodreads.com/work/quotes/2248207,"Auntie Mame sat decoratively on a Louis XIV love seat and discussed the heat, the humidity, how the climate was changing from year to year in New York,",,,
q00438,top1956:3507,37258,1,0,https://www.goodreads.com/work/quotes/37258,"There can be neither beauty, nor trust, nor security between a man and a woman if there is not truth.",,,
q00439,top1956:3507,37258,1,1,https://www.goodreads.com/work/quotes/37258,The public loves to create a hero....Sometimes I think they do it for the sheer joy of knocking him down from the highest peak. Like a child who builds a house of blocks and then destroys it with one vicious kick.,,,
q00440,top1956:3507,37258,1,2,https://www.goodreads.com/work/quotes/37258,"She saw hopelessness as an old enemy, as persistent and inevitable as death.",,,
q00441,top1956:3507,37258,1,3,https://www.goodreads.com/work/quotes/37258,"It was as if each of them sensed vaguely that the Saturday afternoons of youth are few, and precious, and this feeling which neither of them could have defined or described made every moment of this time together too short, too quickly gone, yet clearer and more sharply edged than any other.",,,
q00442,top1956:3507,37258,1,4,https://www.goodreads.com/work/quotes/37258,Indian summer is like a woman.,,,
q00443,top1956:3507,37258,1,6,https://www.goodreads.com/work/quotes/37258,"If God was going to do what He thought was best anyway, why bother to ask for anything one wanted? If you prayed, and God thought that what you asked should be granted, He would grant it. If you did not pray, and it was true that God always acted in one's best interest, you would receive whatever He wanted you to receive anyway.Prayer, thought Allison, was a dreadfully unfair, rather unsportsmanlike affair, with all the advantages on one side.",,,
q00444,top1956:3507,37258,1,7,https://www.goodreads.com/work/quotes/37258,"Dead folks can't hurt you none. It's the ones that are alive, you have to watch out for.",,,
q00445,top1956:3507,37258,1,8,https://www.goodreads.com/work/quotes/37258,"Did it ever occur to you, Charlie, that tolerance can reach a point where it is no longer tolerance? When that happens, the noble-sounding attitude on which most of us pride ourselves degenerates into weakness and acquiescence.",,,
q00446,top1956:3507,37258,1,9,https://www.goodreads.com/work/quotes/37258,"If every man, ...ceased to hate and blame every other man for his own failures and shortcomings, we would see the end of every evil in the world, from war to backbiting.",,,
q00447,top1956:3507,37258,1,11,https://www.goodreads.com/work/quotes/37258,"when you start telling a man he’s got to do this, that or the other thing, you’re coming pretty damned close to infringing on a citizen’s rights.",,,
q00448,top1956:3507,37258,1,13,https://www.goodreads.com/work/quotes/37258,"Give me a child until he is seven, thought Tom, and he is forever after mine. When the Fascists say it, they're bums and kidnappers, but when the Church says it, it is known as putting a kid on the right track.",,,
q00449,top1956:3507,37258,1,14,https://www.goodreads.com/work/quotes/37258,"Sometimes, I've thought of each life as a tree. First there are the little green leaves, that's when you're little, and then there are the big green leaves. Thais when you are older, the way I am now. Then there is the time of Indian summer and fall, when the leaves are bright and beautiful, and that's when you're really grown and can do all the things you've always wanted to do. Then there are no leaves at all, and its winter. Then you are dead, and it's over.",,,
q00450,top1958:1699,804397,1,0,https://www.goodreads.com/work/quotes/804397,"Why must we fight for the right to live, over and over, each time the sun rises?",,,
q00451,top1958:1699,804397,1,1,https://www.goodreads.com/work/quotes/804397,"Anything to declare? the customs inspector said.""Two pound of uncut heroin and a manual of pornographic art,"" Mark answered, looking about for Kity. All Americans are comedians, the inspector thought, as he passed Parker through. A government tourist hostess approached him.""Are you Mr. Mark Parker?""""Guilty.",,,
q00452,top1958:1699,804397,1,2,https://www.goodreads.com/work/quotes/804397,Like so many creative men of his school he was hounded by an incessant restlessness.,,,
q00453,top1958:1699,804397,1,3,https://www.goodreads.com/work/quotes/804397,"With so much utter insanity all about, a man had to keep a clear head. Clement reckoned a scientist could actually chart the course of human events as one would chart the tides and waves of the sea. There were waves of emotion and hate and waves of complete unreason. They’d reach a peak and fall to nothingness. All mankind lived in this sea except for a few who perched on islands so high and dry they remained always out of the reach of the mainstream of life. A university, Johann Clement reasoned, was such an island, such a sanctuary.",,,
q00454,top1958:1699,804397,1,4,https://www.goodreads.com/work/quotes/804397,"And that is where I have failed you, Ari. You see, I would have crawled to your mother a million times. I would crawl to her because I need her in order to live. She is my strength. God help me, Ari, I have been a party to the creation of a breed of men and women so hard they refuse to know the meaning of tears and humility.",,,
q00455,top1958:1699,804397,1,5,https://www.goodreads.com/work/quotes/804397,"Johann Clement watched the blows fall. First there had been wild talk and then printed accusations and insinuations. Then came a boycott of Jewish business and professional people, then the public humiliations: beatings and beard pullings. Then came the night terror of the Brown Shirts. Then came the concentration camps. Gestapo, SS, SD, KRIPO, RSHA. Soon every family in Germany was under Nazi scrutiny, and the grip of tyranny tightened until the last croak of defiance strangled and died.",,,
q00456,top1958:1699,804397,1,6,https://www.goodreads.com/work/quotes/804397,"Unfortunately, reprisal seemed to be the only language that the Arabs understood, the only thing that might stop them.",,,
q00457,top1958:1699,804397,1,8,https://www.goodreads.com/work/quotes/804397,France was the first country in Europe to grant Jews the full rights of citizenship without qualification.,,,
q00458,top1958:1699,804397,1,10,https://www.goodreads.com/work/quotes/804397,"The Arab people need a century of peace. The Arab people need leadership, not of desert sheiks who own thousands of slaves, not of hate-filled religious fanatics, not of military cliques, not of men whose entire thinking is in the Dark Ages. The Arab people need leaders who will bring them civil liberties, education, medicine, land reforms, equality. They need leaders with the courage to face the real problems of ignorance, illiteracy, and disease instead of waving a ranting banner of ultranationalism and promoting the evil idea that the destruction of Israel will be the cure for all their problems. Unfortunately, whenever an enlightened Arab leader arises he is generally murdered. The Arabs want neither resettlement of the refugees, alleviation of their plight, nor do they want peace. Israel today stands as the greatest single instrument for bringing the Arab people out of the Dark Ages.",,,
q00459,top1958:1699,804397,1,13,https://www.goodreads.com/work/quotes/804397,"Let me tell you something, man. I sat here at this desk during the war as one report after another of Arab sellouts came in. The Egyptian Chief of Staff selling secrets to the Germans; Cairo all decked out to welcome Rommel as their liberator; the Iraqis going to the Germans; the Syrians going to the Germans; the Mufti of Jerusalem a Nazi agent. I could go on for hours. You must look at Whitehall’s side of this, Bruce. We can’t risk losing our prestige and our hold on the entire Middle East over a few thousand Jews.” Sutherland sighed. “And this is our most tragic mistake of all, Sir Clarence. We are going to lose the Middle East despite it.” “You are all wound up, Bruce.” “There is a right and a wrong, you know.” General Sir Clarence Tevor-Browne smiled slightly and shook his head sadly. “I have learned very little in my years, Bruce, but one thing I have learned. Foreign policies of this, or any other, country are not based on right and wrong. Right and wrong? It is not for you and me to argue the right or the wrong of this question. The only kingdom that runs on righteousness is the kingdom of heaven. The kingdoms of the earth run on oil. The Arabs have oil.” Bruce Sutherland was silent. Then he nodded. “Only the kingdom of heaven runs on righteousness,",,,
q00460,top1958:1699,804397,1,15,https://www.goodreads.com/work/quotes/804397,"Karen Hansen Clement sank deep in melancholy. She heard till she could hear no more. She saw until she could see no more. She was exhausted and confused, and the will to go on was being drained from her blood. Then, as so often happens when one reaches the end of the line, there was a turning upward and she emerged into the light. It",,,
q00461,top1958:1699,804397,1,16,https://www.goodreads.com/work/quotes/804397,"He did not believe, in his wildest moments, that he would ever see Palestine, nor did he believe his children would ever see Palestine. But he did believe in the idea.",,,
q00462,top1958:1699,804397,1,18,https://www.goodreads.com/work/quotes/804397,"Shoshanna, the first kibbutz in Palestine, seemed to be the long-awaited answer for Zionism.",,,
q00463,top1958:1699,804397,1,19,https://www.goodreads.com/work/quotes/804397,"Bruce, these Jews escaping from Europe have posed quite a problem. They are simply flooding Palestine. Frankly, the Arabs are getting quite upset about the numbers getting into the mandate. We here have decided to set up detention camps on Cyprus to contain these people—at least as a temporary measure until Whitehall decides what we are going to do with the Palestine mandate.” “I see,” Sutherland said softly.",,,
q00464,top1958:1699,804397,1,20,https://www.goodreads.com/work/quotes/804397,Polish prisoner Dr. Wladislaw Dering performed castrations and ovariectomies ordered by his German masters as part of their insane program to find a way to sterilize the entire Jewish race.,,,
q00465,top1958:1699,804397,1,21,https://www.goodreads.com/work/quotes/804397,"From there Ari took her to the church which marked the place of the miracle of the multiplication of loaves and fishes a short distance from Capernaum. The floor of the church held a Byzantine mosaic depicting cormorants and herons and ducks and other wild birds which still inhabited the lake. And then they moved on to the Mount of Beatitudes to a little chapel on the hill where Jesus preached the Sermon on the Mount. Blessed are they which are persecuted for righteousness’ sake: for theirs is the kingdom of heaven. Blessed are ye, when men shall revile you, and persecute you, and shall say all manner of evil against you falsely, for my sake. Rejoice, and be exceeding glad: for great is your reward in heaven: for so persecuted they the prophets which were before you. These were His words spoken from this place. As she",,,
q00466,top1958:1699,804397,1,22,https://www.goodreads.com/work/quotes/804397,"At the edge of the sea he took her to the ruins of the synagogue of Capernaum. Here, Jesus walked and taught and healed. Words came to Kitty’s mind that she thought she had forgotten. Jesus walked by the Sea of Galilee and saw two brethren, Simon called Peter and Andrew his brother casting a net into the sea ... And they went into Capernaum and straight away on the Sabbath He entered into the synagogue and taught. It was",,,
q00467,top1958:1699,804397,1,24,https://www.goodreads.com/work/quotes/804397,Israel is the bridge between darkness and light.,,,
q00468,top1958:1699,804397,1,26,https://www.goodreads.com/work/quotes/804397,I love Tom. I'll never feel that way again.,,,
q00469,top1958:1699,804397,1,27,https://www.goodreads.com/work/quotes/804397,Children are instinctive about knowing who their friends are. – Dr. Lieberman,,,
q00470,top1958:1699,804397,2,0,https://www.goodreads.com/work/quotes/804397?page=2,subjugate the Arab world. Dr. Weizmann and the Zionists felt,,,
q00471,top1958:1699,804397,2,3,https://www.goodreads.com/work/quotes/804397?page=2,"Almost everything that Jesus taught, all His ideas, had been set down before in the Old Testament. Then came the largest riddle of all. If Jesus were to return to the earth she was certain He would go to a synagogue rather than a church. Why could people worship Jesus and hate His people?",,,
q00472,top1958:1699,804397,2,4,https://www.goodreads.com/work/quotes/804397?page=2,The Yishuv covered itself with glory. Just as in World War I the British glorified the Arab revolt—so they tried to hide the efforts of the Yishuv in World War II. No country gave with so much vitality to the war. But the British Government did not want the Jews to use this as a bargaining point for their homeland aspirations later on. Whitehall and Chatham House kept the Yishuv’s war effort one of the best secrets of the war.,,,
q00473,top1958:1699,804397,2,6,https://www.goodreads.com/work/quotes/804397?page=2,"We come now to the most horrible of all the facts concerning the Arab refugees. The Arab nations do not want these people. They are kept caged like animals in suffering as a deliberate political weapon. In Gaza, to cite one example, the roads are mined and patrolled so that these refugees cannot reach Egypt.",,,
q00474,top1958:1699,804397,2,11,https://www.goodreads.com/work/quotes/804397?page=2,"At the Suez Canal, the British became alarmed at the Egyptian debacle and the possibility of Israeli penetration near the canal. They demanded that the Jews stop or face the British Army. In warning, the British sent Spitfire fighters into the sky to gun the Israelis. It seemed only fitting somehow that the last shots of the War of Liberation were against the British. The Israeli Air Force brought down six British fighter planes. Then Israel yielded to international pressure by letting the Egyptians escape. The",,,
q00475,top1958:1699,804397,2,12,https://www.goodreads.com/work/quotes/804397?page=2,What could be more fortunate for the German propaganda machine than to be able to pump the theme that the Jews of Palestine were stealing the Arab lands just as they had tried to steal Germany. Jew hating and British imperialism—what music to the Mufti’s ears! The,,,
q00476,top1958:1699,804397,2,13,https://www.goodreads.com/work/quotes/804397?page=2,"Their pledge, in fact, came close to later communal farming ideas. The communal farm was not born of social or political idealism. It was based on the necessities of survival; there was no other way.",,,
q00477,top1958:1699,804397,2,15,https://www.goodreads.com/work/quotes/804397?page=2,"Ari knelt for a long time over Akiva’s grave. Yakov Rabinsky had been born in anger and he had died in sorrow. After so very many years of torment, he could at last find peace. He could find here a peace that had avoided him in life and he could sleep eternally looking down upon the land of the Jews. Someday, Ari thought, all the world will know where Akiva sleeps and it will be a shrine of all Jews.",,,
q00478,top1958:1699,804397,2,16,https://www.goodreads.com/work/quotes/804397?page=2,The British Government issued a White Paper on the eve of World War II shutting off immigration to the frantic German Jews and stopping Jewish land buying. The appeasers of Munich who had sold Spain and Czechoslovakia down the river had done the same to the Jews of Palestine.,,,
q00479,top1958:1699,804397,2,24,https://www.goodreads.com/work/quotes/804397?page=2,Jossi had been slow in agreeing with Ben Yehuda and the others. Hebrew had to be revived. If the desire for national identity was great enough a dead language could be brought back. But Sarah was set in her ways. Yiddish was what she spoke and what her mother had spoken. She had no intention of becoming a scholar so late in life.,,,
q00480,top1958:1699,804397,2,28,https://www.goodreads.com/work/quotes/804397?page=2,"Ari Ben Canaan was a machine. He was an efficient, daring operator. Sometimes he won, sometimes he lost. But once in a while Ari Ben Canaan looked at it all with realism and it nearly crushed him.",,,
q00481,top1958:1699,804397,2,29,https://www.goodreads.com/work/quotes/804397?page=2,"One night above all other nights is the most important for a Jew you and that is the religious holiday of Passover. The Passover is celebrated in memory of the deliverance from the bondage of Egypt. The Egyptian’s, the original oppressors, had become the symbol of all the oppressors of all the Jews throughout the ages.",,,
q00482,top1959:319,153802,1,0,https://www.goodreads.com/work/quotes/153802,"Son, this is a Washington, D.C. kind of lie. It's when the other person knows you're lying, and also knows you know he knows.",,,
q00483,top1959:319,153802,1,1,https://www.goodreads.com/work/quotes/153802,"Democracy “Democracy is the most fragile thing on earth, for what does it rest upon? You and me, and the fact that we agree to maintain it. The moment either of us says we will not, that’s the end of it. It doesn’t rest on anything but us; it doesn’t rest on armed force, the moment it does it isn’t democracy. It isn’t something to kick around or experiment with.” —Allen Drury, Stanford University (age 19)",,,
q00484,top1959:319,153802,1,2,https://www.goodreads.com/work/quotes/153802,"Let me see if I can state it for you this way, Senator,” he said slowly. “Under certain circumstances that may have existed in the past, the United States guided her actions by certain standards that had been proved to be valid for their time when those circumstances were found to exist. Now the circumstances may have changed and she may still be adhering to those standards although they no longer can be effectively or justifiably applied to the new circumstances which now confront us in which other standards may prove to be more beneficial than those of the past.",,,
q00485,top1959:319,153802,1,3,https://www.goodreads.com/work/quotes/153802,"Especially was this so in a troubled time in which the great promise was being challenged and the great Republic which embodied it was being desperately threatened. In his lifetime he had seen America rise and rise and rise, some sort of golden legend to her own people, some sort of impossible fantasy to others to be hated or loved according to their own cupidity, envy, and greed, or lack of it; rise and rise and rise and rise—and then, in the sudden burst of Soviet science in the later fifties, the golden legend crumbled, overnight the fall began, the heart went out of it, a too complacent and uncaring people awoke to find themselves naked with the winds of the world howling around their ears, the impossible merry-go-round slowed down. Now the reaction was on, in a time of worry and confusion and uncertainty. Men walked the tight rope between brittle confidence and sudden fear, never knowing when reality would suddenly intrude and laughter fade and the dark abyss yawn open and remind them it was waiting there for a still unhumbled land.",,,
q00486,top1959:319,153802,1,5,https://www.goodreads.com/work/quotes/153802,"It’s starting to snow,” Kitty announced excitedly. “Do you suppose we will all be able to get back home all right? Washington gets so confused when it snows.",,,
q00487,top1960:6887,3275794,1,0,https://www.goodreads.com/work/quotes/3275794,You never really understand a person until you consider things from his point of view... Until you climb inside of his skin and walk around in it.,,,
q00488,top1960:6887,3275794,1,1,https://www.goodreads.com/work/quotes/3275794,"Until I feared I would lose it, I never loved to read. One does not love breathing.",,,
q00489,top1960:6887,3275794,1,2,https://www.goodreads.com/work/quotes/3275794,"I wanted you to see what real courage is, instead of getting the idea that courage is a man with a gun in his hand. It's when you know you're licked before you begin, but you begin anyway and see it through no matter what.",,,
q00490,top1960:6887,3275794,1,3,https://www.goodreads.com/work/quotes/3275794,"People generally see what they look for, and hear what they listen for.",,,
q00491,top1960:6887,3275794,1,4,https://www.goodreads.com/work/quotes/3275794,The one thing that doesn't abide by majority rule is a person's conscience.,,,
q00492,top1960:6887,3275794,1,5,https://www.goodreads.com/work/quotes/3275794,Atticus told me to delete the adjectives and I'd have the facts.,,,
q00493,top1960:6887,3275794,1,6,https://www.goodreads.com/work/quotes/3275794,I think there's just one kind of folks. Folks.,,,
q00494,top1960:6887,3275794,1,7,https://www.goodreads.com/work/quotes/3275794,"Sometimes the Bible in the hand of one man is worse than a whisky bottle in the hand of (another)... There are just some kind of men who - who're so busy worrying about the next world they've never learned to live in this one, and you can look down the street and see the results.",,,
q00495,top1960:6887,3275794,1,8,https://www.goodreads.com/work/quotes/3275794,"Atticus, he was real nice.""""Most people are, Scout, when you finally see them.",,,
q00496,top1960:6887,3275794,1,10,https://www.goodreads.com/work/quotes/3275794,"Atticus said to Jem one day, ""I’d rather you shot at tin cans in the backyard, but I know you’ll go after birds. Shoot all the blue jays you want, if you can hit ‘em, but remember it’s a sin to kill a mockingbird."" That was the only time I ever heard Atticus say it was a sin to do something, and I asked Miss Maudie about it. ""Your father’s right,"" she said. ""Mockingbirds don’t do one thing except make music for us to enjoy. They don’t eat up people’s gardens, don’t nest in corn cribs, they don’t do one thing but sing their hearts out for us. That’s why it’s a sin to kill a mockingbird.",,,
q00497,top1960:6887,3275794,1,11,https://www.goodreads.com/work/quotes/3275794,"As you grow older, you’ll see white men cheat black men every day of your life, but let me tell you something and don’t you forget it—whenever a white man does that to a black man, no matter who he is, how rich he is, or how fine a family he comes from, that white man is trash",,,
q00498,top1960:6887,3275794,1,12,https://www.goodreads.com/work/quotes/3275794,People in their right minds never take pride in their talents.,,,
q00499,top1960:6887,3275794,1,13,https://www.goodreads.com/work/quotes/3275794,"It was times like these when I thought my father, who hated guns and had never been to any wars, was the bravest man who ever lived.",,,
q00500,top1960:6887,3275794,1,15,https://www.goodreads.com/work/quotes/3275794,"With him, life was routine; without him, life was unbearable.",,,
q00501,top1960:6887,3275794,1,17,https://www.goodreads.com/work/quotes/3275794,"You just hold your head high and keep those fists down. No matter what anybody says to you, don't you let 'em get your goat. Try fightin' with your head for a change.-Atticus Finch",,,
q00502,top1960:6887,3275794,1,18,https://www.goodreads.com/work/quotes/3275794,"It’s never an insult to be called what somebody thinks is a bad name. It just shows you how poor that person is, it doesn’t hurt you.",,,
q00503,top1960:6887,3275794,1,19,https://www.goodreads.com/work/quotes/3275794,"When a child asks you something, answer him, for goodness sake. But don't make a production of it. Children are children, but they can spot an evasion faster than adults, and evasion simply muddles 'em.",,,
q00504,top1960:6887,3275794,1,20,https://www.goodreads.com/work/quotes/3275794,Simply because we were licked a hundred years before we started is no reason for us not to try to win.,,,
q00505,top1960:6887,3275794,1,21,https://www.goodreads.com/work/quotes/3275794,"If there's just one kind of folks, why can't they get along with each other? If they're all alike, why do they go out of their way to despise each other? Scout, I think I'm beginning to understand something. I think I'm beginning to understand why Boo Radley's stayed shut up in the house all this time. It's because he wants to stay inside.",,,
q00506,top1960:6887,3275794,1,22,https://www.goodreads.com/work/quotes/3275794,Things are always better in the morning.,,,
q00507,top1960:6887,3275794,1,23,https://www.goodreads.com/work/quotes/3275794,We're paying the highest tribute you can pay a man. We trust him to do right. It's that simple.,,,
q00508,top1960:6887,3275794,1,24,https://www.goodreads.com/work/quotes/3275794,I was born good but had grown progressively worse every year. Scout,,,
q00509,top1960:6887,3275794,1,26,https://www.goodreads.com/work/quotes/3275794,"Neighbors bring food with death and flowers with sickness and little things in between. Boo was our neighbor. He gave us two soap dolls, a broken watch and chain, a pair of good-luck pennies, and our lives. But neighbors give in return. We never put back into the tree what we took out of it: we had given him nothing, and it made me sad.",,,
q00510,top1960:6887,3275794,1,27,https://www.goodreads.com/work/quotes/3275794,"You can choose your friends but you sho' can't choose your family, an' they're still kin to you no matter whether you acknowledge 'em or not, and it makes you look right silly when you don't.",,,
q00511,top1960:6887,3275794,1,29,https://www.goodreads.com/work/quotes/3275794,It's not time to worry yet,,,
q00512,top1961:4529,1504548,1,0,https://www.goodreads.com/work/quotes/1504548,Talent is cheap; dedication is expensive. It will cost you your life.,,,
q00513,top1961:4529,1504548,1,1,https://www.goodreads.com/work/quotes/1504548,"One should not become an artist because he can, but because he must. It is only for those who would be miserable without it.",,,
q00514,top1961:4529,1504548,1,2,https://www.goodreads.com/work/quotes/1504548,"It's freezing up here. What did you use to keep warm?""""Indignation,"" said Michelangelo. ""Best fuel I know. Never burns out.",,,
q00515,top1961:4529,1504548,1,3,https://www.goodreads.com/work/quotes/1504548,"To try to understand another human being, to grapple for his ultimate depths, that is the most dangerous of human endeavors.",,,
q00516,top1961:4529,1504548,1,4,https://www.goodreads.com/work/quotes/1504548,"He had always loved God. In his darkest hours he cried out, ""God did not create us to abandon us.",,,
q00517,top1961:4529,1504548,1,5,https://www.goodreads.com/work/quotes/1504548,The most perfect guide is nature. Continue without fail to draw something every day.,,,
q00518,top1961:4529,1504548,1,6,https://www.goodreads.com/work/quotes/1504548,"Listen, my friend, all forms that exist in God's universe can be found in the human figure. A man's body and face can tell everything he represents. So how could I ever exhaust my interest in it?",,,
q00519,top1961:4529,1504548,1,7,https://www.goodreads.com/work/quotes/1504548,"We...believe that art is religious, because it is one of man's highest aspirations. There is no such thing as pagan art, only good and bad art.",,,
q00520,top1961:4529,1504548,1,8,https://www.goodreads.com/work/quotes/1504548,"An artist without ideas is a mendicant; barren, he goes begging among the hours.",,,
q00521,top1961:4529,1504548,1,9,https://www.goodreads.com/work/quotes/1504548,"Drawing is the poet's written line, set down to see if there be a story worth telling, a truth worth revealing.",,,
q00522,top1961:4529,1504548,1,10,https://www.goodreads.com/work/quotes/1504548,What we know of others is our personal secret.,,,
q00523,top1961:4529,1504548,1,11,https://www.goodreads.com/work/quotes/1504548,"Bleed me of art, and there won't be enough liquid left in me to spit! [Michelangelo Buonorotti]",,,
q00524,top1961:4529,1504548,1,12,https://www.goodreads.com/work/quotes/1504548,What meaning has a compliment if one hears it night and day.,,,
q00525,top1961:4529,1504548,1,13,https://www.goodreads.com/work/quotes/1504548,No man is born into the world whose work is not born with him.,,,
q00526,top1961:4529,1504548,1,14,https://www.goodreads.com/work/quotes/1504548,"We are giving the world back to man, and man back to himself. Man shall no longer be vile, but noble. We shall not destroy his mind in return for an immortal soul. Without a free, vigorous and creative mind, man is but an animal, and he will die like an animal, without any shred of a soul. We return to man his arts, his literature, his sciences, his independence to think and feel as an individual, not to be bound to dogma like a slave, to rot in his chains.",,,
q00527,top1961:4529,1504548,1,15,https://www.goodreads.com/work/quotes/1504548,The sculptor is master of time; he can change his subjects forward or back.,,,
q00528,top1961:4529,1504548,1,16,https://www.goodreads.com/work/quotes/1504548,He had never believed that spirituality had to be anemic or aesthetic.,,,
q00529,top1961:4529,1504548,1,17,https://www.goodreads.com/work/quotes/1504548,"That was how his pen finally designed his sculpture; in the center the weak, confused, arrogant, soon to be destroyed young man holding cup a loft, behind him the idyllic child, clear-eyed, munching his grapes, symbol of joy; between them the tiger skin. The Bacchus, hollow within himself, flabby, reeling, already old; the Satyr, eternally young and gay, symbol of man’s childhood and naughty innocence",,,
q00530,top1961:4529,1504548,1,18,https://www.goodreads.com/work/quotes/1504548,"...and rout the magical mystical moonlight with fierce proof of its own greater power to light, to heat, to make everything known.",,,
q00531,top1961:4529,1504548,1,22,https://www.goodreads.com/work/quotes/1504548,"He believed that every individual was responsible for his conduct on earth, that there was a judge within. Could even a blazingly Christ inflict greater retribution? Could Dante's Charon in his rowboat on the river Acheron whip the miscreants into a deeper, more everlasting hell than man's unvarnished verdict of himself?",,,
q00532,top1961:4529,1504548,1,23,https://www.goodreads.com/work/quotes/1504548,"It's pleasant to get used to the expensive, the soft, the comfortable. Once you're addicted, it's so easy to become a sycophant, to trim the sails of your judgment in order to be kept on. The next step is to change your work to please those in power, and that is death to the sculptor.",,,
q00533,top1961:4529,1504548,1,24,https://www.goodreads.com/work/quotes/1504548,"It was like penetrating deep into white marble with the pounding live thrust of his chisel beating upward through the warm living marble with one ”Go!”, his whole body behind the heavy hammer, penetrating through ever deeper and deeper furrows of soft yielding living substance until he had reached the explosive climax, and all of his fluid strength, love, passion, desire had been poured into the nascent form, and the marble block, made to love the and of the true sculptor, and responded, giving of its inner heat and substance and fluid form, until at last the sculptor and the marble had totally coalesced, so deeply penetrating and infusing each other that they had become one, marble and man and organic unity, each fulfilling the other in the greatest act of art and love known to the human species.",,,
q00534,top1961:4529,1504548,1,25,https://www.goodreads.com/work/quotes/1504548,"A new doctor had been sent for, Lazzaro of Pavia, who had administered to Lorenzo a pulverized mixture of diamonds and pearls. This hitherto infallible medicine had failed to help.",,,
q00535,top1961:4529,1504548,1,26,https://www.goodreads.com/work/quotes/1504548,"As he reached the door of the chapel and turned back for a last look, he saw that the Virgin too was sad and lonely; the most alone human being God ever put on earth.",,,
q00536,top1961:4529,1504548,1,27,https://www.goodreads.com/work/quotes/1504548,"Lorenzo il Magnifico, the Plato Four, the humanists had taught him that man was the center of the universe; and this was never more demonstrable that when he stood looking upward and found himself, a lone individual, serving as the central pole holding up the tarpaulin of sun and clouds, moon and stars, knowing that, lone or abandoned as he might feel, without his support the heavens would fall.",,,
q00537,top1961:4529,1504548,1,28,https://www.goodreads.com/work/quotes/1504548,"Even in your kindness there is a cruel revelation. Life is cruel, never love.",,,
q00538,top1961:4529,1504548,1,29,https://www.goodreads.com/work/quotes/1504548,Art has an enemy called ignorance,,,
q00539,top1961:4529,1504548,2,0,https://www.goodreads.com/work/quotes/1504548?page=2,"... sculpture bore the relationship the truth did to falsehood... if a painter blundered, what did he do? He patched and repaired and covered over with another layer of paint. The sculptor on the contrary had to see within th marble the form that it held. He could not glue back broken parts.",,,
q00540,top1961:4529,1504548,2,2,https://www.goodreads.com/work/quotes/1504548?page=2,"His personal fulfillment did not lead him to evolve a cheerful Madonna; on the contrary this Madonna was sad; she had already, through his sculptures, known the Descent. The tranquility of his early bas-relief, when Mary still had her decision to make, could never be recaptured. This young mother was committed; she knew the end of her boy’s life. That was why she was reluctant to let him go, this beautiful, husky,healthy boy, his hand clasped for protection in hers. Thatwas why she sheltered him with the side of her cloak. The child, sensitive to his mother’s mood, had a touch of melancholy about the eyes. He was strong, he had courage, he would step forth from the safe harbor of his mother’s lap, but just now he gripped her hand with the fingers of one hand, and with the other held securely to her side. Or was it his own mother he was thinking about, sad because she must leave her son alone in the world? Himself, who clung to her?",,,
q00541,top1961:4529,1504548,2,3,https://www.goodreads.com/work/quotes/1504548?page=2,"He turned, stood above the crowd gazing up at him. There was silence in the square. And yet he had never felt such complete communication. It was as though they read each other’s thoughts, as though they were one and the same: they were part of him,every Florentine standing below, eyes turned up to him, and he was a part of them.",,,
q00542,top1961:4529,1504548,2,4,https://www.goodreads.com/work/quotes/1504548?page=2,"From this vantage point he came to a realization that everything that had happened to him before this had been a journey upward through time, everything that occurred after it a descent. If he could not control his fate, why be born?",,,
q00543,top1961:4529,1504548,2,5,https://www.goodreads.com/work/quotes/1504548?page=2,He...breathed inheavy gulps of air to prove to himself that he was three-dimensional.,,,
q00544,top1961:4529,1504548,2,7,https://www.goodreads.com/work/quotes/1504548?page=2,"A work of art meant growth from the particular to the universal. To a work of art, time brought timelessness.",,,
q00545,top1961:4529,1504548,2,9,https://www.goodreads.com/work/quotes/1504548?page=2,There is only a God-given number of years in which to work and fulfill yourself. Don't squander them.,,,
q00546,top1961:4529,1504548,2,10,https://www.goodreads.com/work/quotes/1504548?page=2,"Have you ever been in love?""""...in a way.""""It's always 'in a way.",,,
q00547,top1961:4529,1504548,2,12,https://www.goodreads.com/work/quotes/1504548?page=2,"What went through the mind of Christ between the sunset hour when the Roman soldier drove the first nail through his flesh, and the hour when he died? For these thoughts would determine not only how he accepted his fate, butalso the position of his body on the cross. Donatello’s Christ accepted in serenity, and thought nothing. Brunelleschi’s Christ was so ethereal that he died at the first touch of the nail, and had no time to think. He returned to his workbench, began exploring his mind with charcoal and ink. On Christ’s face appeared the expression, “I am in agony, not from the iron nails, but form the rust of doubt.” He could not bring himself to convey Christ’s divinity by anything so obvious as a halo; it had to be portrayed through an inner force, strong enough to conquer his misgivings at this hour of severest trial. It was inevitable that his Christ would be closer to man than to God. He did not know that he was to be crucified. He neither wanted it nor liked it. And as a result his body was twisted in conflict, torn, like all men, by innerquestioning. When he was ready to begin carving he had before him a new concept: he turned Christ’s head and knees in opposite directions, establishing through his contrapuntal design a graphic tension, the intense physical and spiritualinner conflict of a man who is being pulled two ways.",,,
q00548,top1961:4529,1504548,2,13,https://www.goodreads.com/work/quotes/1504548?page=2,"… evil was vulnerable, even though it wore armor weighing a thousand pounds. There would always be some spot in it which was u defended; and if the good in man were dominant it would find that exposed area and evolve a way to penetrate it. The emotion must convey the idea that his conflict with Goliath was a parable of good and evil.",,,
q00549,top1961:4529,1504548,2,14,https://www.goodreads.com/work/quotes/1504548?page=2,"Art has a magic quality: the more minds that digest it, the longer it lives.",,,
q00550,top1961:4529,1504548,2,16,https://www.goodreads.com/work/quotes/1504548?page=2,"He had come into the autumn of his life: a man had his seasons, even as had the earth. Was the harvesting of autumn less important than the seeding of spring? Each without the other was meaningless.",,,
q00551,top1961:4529,1504548,2,17,https://www.goodreads.com/work/quotes/1504548?page=2,"How could he have been so stupid, so blind? David pictured after Goliath could be no one but the biblical David, a special individual. He was not content to portray one man; he was seeking universal man, Everyman, all of whom,from the beginning of time, had faced a decision to strike for freedom",,,
q00552,top1961:4529,1504548,2,18,https://www.goodreads.com/work/quotes/1504548?page=2,"His sculpture would have joy in it, try to capture the sense of fertility of Dionysus, the nature god, the power of the intoxicating drink that enabled a man to laugh and sing and forget for a while the sorrow of his earthly miseries. And then, perhaps, at the same time he could portray the decay that came with too much forgetfulness, that he saw all around him, when man surrendered his moral and spiritual values for the pleasures of the flesh. The Bacchus would be the central figure of his theme, a human being rather than a demigod; then there would be a child of about seven, sweet-faced, lovable, nibbling from a bunch of grapes. His composition would have death in it too; the tiger, who liked wine and was loved by Bacchus, with the deadest, dead skin and head conceivable",,,
q00553,top1961:4529,1504548,2,19,https://www.goodreads.com/work/quotes/1504548?page=2,Michelangelo on sculpture: “I feel about each new figure the way an astronomer does each time he discovers a new star: one more fragment of the universe has been filled in.,,,
q00554,top1961:4529,1504548,2,20,https://www.goodreads.com/work/quotes/1504548?page=2,"The most important idea he gleaned from the swift, learned talk was that religion and knowledge could exist side by side, enriching each other. Greece and Rome, before the dawn of Christianity, had built gloriously in the arts, humanities, sciences, philosophy. Then for a thousand years all such wisdom and beauty had been crushed, declared anathema, buried in darkness. Now this little group of men, the sensual Poliziano, the lined Landino, the tiny Ficino, the golden-haired Pico della Mirandola, these few fragile men, led and aided by Lorenzo de' Medici, were attempting to create a new intellect under the banner of a word Michelangelo had never heard before:Humanism.What did it mean?",,,
q00555,top1961:4529,1504548,2,21,https://www.goodreads.com/work/quotes/1504548?page=2,I wanted the figures to be real and believable so that you would feel that with their very next breath would begin life itself.,,,
q00556,top1961:4529,1504548,2,22,https://www.goodreads.com/work/quotes/1504548?page=2,Cardinal Giovanni still did not like delicate matters; they were usually painful.,,,
q00557,top1961:4529,1504548,2,23,https://www.goodreads.com/work/quotes/1504548?page=2,"Galli to Michelangelo: “In the days of the emperors, you would have been designing colosseums, baths, and reservoirs. Instead, you’ve created a soul.",,,
q00558,top1961:4529,1504548,2,25,https://www.goodreads.com/work/quotes/1504548?page=2,"If He were omnipotent, why had He not devised a more peaceable way to bring His message to the world?",,,
q00559,top1963:5339,1496165,1,0,https://www.goodreads.com/work/quotes/1496165,"You mustn’t force sex to do the work of love or love to do the work of sex—that’s quite a thought, isn’t it?",,,
q00560,top1963:5339,1496165,1,1,https://www.goodreads.com/work/quotes/1496165,"One of the big features of living alone was that you could talk to yourself all you wanted and address imaginary audiences, running the gamut of emotion.",,,
q00561,top1963:5339,1496165,1,2,https://www.goodreads.com/work/quotes/1496165,"She decided she wanted a cool, starchy independent life, with ruffles of humor like window curtains.",,,
q00562,top1963:5339,1496165,1,3,https://www.goodreads.com/work/quotes/1496165,"If [she] had come to prefer the company of odd ducks, it was possibly because they had no conception of oddity, or rather, they thought you were odd if you weren't.",,,
q00563,top1963:5339,1496165,1,4,https://www.goodreads.com/work/quotes/1496165,"I understand what you are feeling,” he said. “As Socrates showed, love cannot be anything else but the love of the good. But to find the good is very rare. That is why love is rare, in spite of what people think. It happens to one in a thousand, and to that one it is a revelation. No wonder he cannot communicate with the other nine hundred and ninety-nine.",,,
q00564,top1963:5339,1496165,1,5,https://www.goodreads.com/work/quotes/1496165,He would have been far more attractive to her if she could have trusted him. You could not love a man who was always playing hide-and-seek with you; that was the lesson she had learned.,,,
q00565,top1963:5339,1496165,1,6,https://www.goodreads.com/work/quotes/1496165,"Love had done this to her, for the second time. Love was bad for her. There must be certain people who were allergic to love, and she was one of them. Not only was it bad for her; it made her bad; it poisoned her. Before she knew him, not only had she been far, far happier but she had been nicer. Loving him was turning her into an awful person, a person she hated.",,,
q00566,top1963:5339,1496165,1,7,https://www.goodreads.com/work/quotes/1496165,"He was a thoroughly bad hat, then, but that was the kind, of course, that nice women broke their hearts over.",,,
q00567,top1963:5339,1496165,1,8,https://www.goodreads.com/work/quotes/1496165,"All I knew that night was that I believed in something and couldn’t express it, while your team believed in nothing but knew how to say it—in other men’s words.",,,
q00568,top1963:5339,1496165,1,9,https://www.goodreads.com/work/quotes/1496165,"You have to live without love, learn not to need it in order to live with it.",,,
q00569,top1963:5339,1496165,1,10,https://www.goodreads.com/work/quotes/1496165,"It came to her that he was going to leave without making love to her. This would mean they had made love for the last time this morning. But that did not count: this morning they did not know it was for the last time. When the door shut behind him, she still could not believe it. ""It can't end like this,"" she said to herself over and over, drumming with her knuckles on her mouth to keep from screaming.",,,
q00570,top1963:5339,1496165,1,11,https://www.goodreads.com/work/quotes/1496165,Elinor was always firmly convinced of other people’s hypocrisy since she could not believe that they noticed less than she did.,,,
q00571,top1963:5339,1496165,1,12,https://www.goodreads.com/work/quotes/1496165,"The group was not afraid of being radical either; they could see the good Roosevelt was doing, despite what Mother and Dad said; they were not taken in by party labels and thought the Democrats should be given a chance to show what they had up their sleeve.",,,
q00572,top1963:5339,1496165,1,13,https://www.goodreads.com/work/quotes/1496165,"But this poor chap is a dangerous neurotic.” Polly laughed. “So you saw that, Father. I never could. He always seemed so normal.” “It’s the same thing,” said her father, putting the groceries away. “All neurotics are petty bourgeois. And vice versa. Madness is too revolutionary for them. They can’t go the whole hog. We madmen are the aristocrats of mental illness. You could never marry that fellow, my dear.",,,
q00573,top1963:5339,1496165,1,14,https://www.goodreads.com/work/quotes/1496165,It was the cocktail hour in Priss’s room at New York Hospital—terribly gay.,,,
q00574,top1963:5339,1496165,1,15,https://www.goodreads.com/work/quotes/1496165,"I mean exactly that,” Mr. Davison retorted. “You’ve hit the nail smack on the head. We pay a price for having money. People in my position”—he turned to Kay—“have ‘privilege.’ That’s what I read in the Nation and the New Republic.” Mrs. Davison nodded. “Good,” said Mr. Davison. “Now listen. The fellow who’s got privilege gives up some rights or ought to.",,,
q00575,top1963:5339,1496165,1,16,https://www.goodreads.com/work/quotes/1496165,"handicap; it insulated you from living. The depression, whatever else you could say about it, had been a truly wonderful thing for the propertied classes; it had waked a lot of them up to the things that really counted. There wasn’t a family Priss knew that wasn’t happier and saner for having to scale down its expenditures; sacrifices had drawn the members together.",,,
q00576,top1963:5339,1496165,1,17,https://www.goodreads.com/work/quotes/1496165,"To be curious about someone opened you to contamination from them. But she was still determined to play him a trick, to take a revenge for Kay, for women, and most of all for the impudence of his associating himself with her. She had no pity for Harald. Swinging the car into line behind the funeral procession, she waited for the question he would ask. “To be superior,” he said, “of course, is not only a prerequisite for tragedy; it is tragedy. Hamlet’s tragedy.",,,
q00577,top1963:5339,1496165,1,18,https://www.goodreads.com/work/quotes/1496165,"Put makes us keep a record of every two-cent stamp we buy. He got me a little pocket notebook, like his, for my birthday, to write down items like subway fares so I can transfer them at night to the budget. We do the accounts every night, before we go to bed. That way, we know where we are every day, and if we spend too much one day, we can economize on the next. All I have to do is look at the graph. Put’s very visual. Tonight I’ll be short a nickel—the one I used to call you. He’ll take me back, step by step, over my day and say, ‘Visualize what you did next,’ till he can locate that nickel. He’s nuts about accuracy.” A brief sigh followed this eulogy, which had caused Helena’s eyebrows to rise in disapproval; she had been given her own bank account at the age of ten and taught to keep her own check stubs. “Let me supply the nickel,” she said, opening her pocketbook.",,,
q00578,top1963:5339,1496165,1,19,https://www.goodreads.com/work/quotes/1496165,"brandy Alexanders and White Ladies and wanted to hear about a cocktail called the Clover Club that was one-third gin, one-third lemon juice, one-third grenadine, and the white of an egg.",,,
q00579,top1963:5339,1496165,1,20,https://www.goodreads.com/work/quotes/1496165,"On her lips, which were dry, was a new shade of lipstick, by Tussy; her doctor had ordered her to put on lipstick and powder right in the middle of labour; he and Sloan both thought it was important for a maternity patient to keep herself up to the mark.",,,
q00580,top1963:5339,1496165,1,21,https://www.goodreads.com/work/quotes/1496165,"She was horribly sorry for Libby, to the point where she could hardly bear seeing her; Libby's red open mouth, continually gabbling, was like a running wound in the middle of her open face.",,,
q00581,top1964:6381,1177001,1,0,https://www.goodreads.com/work/quotes/1177001,"This is a war,"" Lemas replied. ""It's graphic and unpleasant because it's fought on a tiny scale, at close range; fought with a wastage of innocent life sometimes, I admit. But it's nothing, nothing at all besides other wars - the last or the next.",,,
q00582,top1964:6381,1177001,1,1,https://www.goodreads.com/work/quotes/1177001,"We have to live without sympathy, don't we? That's impossible of course. We act it to one another, all this hardness; but we aren't like that really, I mean...one can't be out in the cold all the time; one has to come in from the cold...d'you see what I mean?",,,
q00583,top1964:6381,1177001,1,2,https://www.goodreads.com/work/quotes/1177001,"It is said that men condemned to death are subject to sudden moments of elation; as if, like moths in the fire, their destruction were coincidental with attainment.",,,
q00584,top1964:6381,1177001,1,3,https://www.goodreads.com/work/quotes/1177001,"I would say that since the war, our methods-out and those of the opposition-have become much the same. I mean you can't be less ruthless than the opposition simply because your government's 'policy' is benevolent, can you now?",,,
q00585,top1964:6381,1177001,1,4,https://www.goodreads.com/work/quotes/1177001,Intelligence work has one moral law - it is justified by results.,,,
q00586,top1964:6381,1177001,1,5,https://www.goodreads.com/work/quotes/1177001,"He met failure as one day he would probably meet death, with cynical resentment and the courage of a solitary.",,,
q00587,top1964:6381,1177001,1,6,https://www.goodreads.com/work/quotes/1177001,"What do you think spies are: priests, saints, and martyrs? They’re a squalid procession of vain fools, traitors too, yes; pansies, sadists, and drunkards, people who play cowboys and Indians to brighten their rotten lives. Do you think they sit like monks in London balancing the rights and wrongs? I’d have killed Mundt if I could, I hate his guts; but not now. It so happens that they need him. They need him so that the great moronic mass that you admire can sleep soundly in their beds at night. They need him for the safety of ordinary, crummy people like you and me.",,,
q00588,top1964:6381,1177001,1,7,https://www.goodreads.com/work/quotes/1177001,"It is not fashionable to quote Stalin but he said once, ""half a million liquidated is a statistic, and one man killed in a traffic accident is a national tragedy.",,,
q00589,top1964:6381,1177001,1,8,https://www.goodreads.com/work/quotes/1177001,"Don't give it to them all at once, make them work for it. Confuse them with detail, leave things out, go back on your tracks. Be testy, be cussed, be difficult. Drink like a fish; don't give way on the ideology, they won't trust that. They want to deal with a man they've bought; they want the clash of opposites, Alec, not some half-cock convert.",,,
q00590,top1964:6381,1177001,1,9,https://www.goodreads.com/work/quotes/1177001,"He knew then what it was that Liz had given him; the thing that he would have to go back and find if ever he got home to England; it was the caring about little things - the faith in ordinary life; the simplicity that made you break up a bit of bread into a paper bag, walk down to the beach and throw it to the gulls. It was this respect for triviality which he had never been allowed to possess; whether it was bread of the seagulls or love",,,
q00591,top1964:6381,1177001,1,10,https://www.goodreads.com/work/quotes/1177001,"A man who lives apart, not to others but alone, is exposed to obvious psychological dangers. In itself, the practice of deception is not particularly exacting; it is a matter of experience, of professional expertise, it is a facility most of us can acquire.",,,
q00592,top1964:6381,1177001,1,11,https://www.goodreads.com/work/quotes/1177001,"He became a solitary, belonging to that tragic class of active men prematurely deprived of activity; swimmers barred from the water or actors banished from the stage.",,,
q00593,top1964:6381,1177001,1,13,https://www.goodreads.com/work/quotes/1177001,"Sometimes she thought Alec was right—you believed in things because you needed to; what you believed in had no value of its own, no function. What did he say: “A dog scratches where it itches. Different dogs itch in different places.",,,
q00594,top1964:6381,1177001,1,14,https://www.goodreads.com/work/quotes/1177001,"Alec, what do you believe in? Don't laugh-tell me.' She waited and at last he said:'I believe an eleven bus will take me to Hammersmith. I don't believe it's driven by Father Christmas.",,,
q00595,top1964:6381,1177001,1,17,https://www.goodreads.com/work/quotes/1177001,"Most of all he asked about their philosophy. To Leamas that was the most difficult question of all. ‘What do you mean, a philosophy?’ he replied. ‘We’re not Marxists, we’re nothing. Just people.’ ‘Are you Christians, then?’ ‘Not many, I shouldn’t think. I don’t know many.’ ‘What makes them do it, then?’ Fiedler persisted. ‘They must have a philosophy.’ ‘Why must they? Perhaps they don’t know, don’t even care. Not everyone has a philosophy,’ Leamas answered, a little helplessly.",,,
q00596,top1964:6381,1177001,1,19,https://www.goodreads.com/work/quotes/1177001,"Ashe was typical of that strata of mankind which conducts its human relationships according to a principle of challenge and response. Where there was softness, he would advance; where he found resistance, retreat. Having himself no particular opinions or tastes he relied upon whatever conformed with those of his companion. He was as ready to drink tea at Fortnum's as beer at the Prospect of Whitby; he would listen to military music in St. James's Park or jazz in Compton Street cellar; his voice would tremble with sympathy when he spoke of Sharpeville, or with indignation at the growth of Britain's colored population. To Leamas this observably passive role was repellent; it brought out the bully in him, so that he would lead the other gently into a position where he was committed, and then himself withdraw, so that Ashe was constantly scampering back from some cul-de-sac into which Leamas had enticed him.",,,
q00597,top1964:6381,1177001,1,20,https://www.goodreads.com/work/quotes/1177001,"As he fell, Leamas saw a small car smashed between great lorries, and the children waving cheerfully through the window.",,,
q00598,top1964:6381,1177001,1,21,https://www.goodreads.com/work/quotes/1177001,I am afraid that as a nation we tend to over-organise. Abroad that passes for efficiency.,,,
q00599,top1964:6381,1177001,1,23,https://www.goodreads.com/work/quotes/1177001,"New prisoners are largely of two kinds -- there are those who for shame, fear or shock wait in fascinated horror to be initiated into the lore of prison life, and there are those who trade on their wretched novelty in order to endear themselves to the community. Leamas did neither of these things. He seemed pleased to despise them all, and they hated him because, like the world outside, he did not need them.",,,
q00600,top1964:6381,1177001,1,24,https://www.goodreads.com/work/quotes/1177001,The rich have eaten your future and your poor have given them the food,,,
q00601,top1964:6381,1177001,1,25,https://www.goodreads.com/work/quotes/1177001,That is the price they pay; to despise God and Karl Marx in the same sentence.,,,
q00602,top1964:6381,1177001,1,26,https://www.goodreads.com/work/quotes/1177001,"To the hard-liners of East and West the Second World War was a distraction. Now it was over, they could get on with the real war that had started with the Bolshevik Revolution in 1917, and had been running under different flags and disguises ever since.",,,
q00603,top1964:6381,1177001,1,27,https://www.goodreads.com/work/quotes/1177001,"We're all the same, you know, that's the joke.",,,
q00604,top1964:6381,1177001,1,28,https://www.goodreads.com/work/quotes/1177001,"They walked to her flat through the rain and they might have been anywhere—Berlin, London, any town where paving stones turn to lakes of light in the evening rain, and the traffic shuffles despondently through wet streets.",,,
q00605,top1964:6381,1177001,1,29,https://www.goodreads.com/work/quotes/1177001,"It’s as well to begin as one intends to continue, isn’t it?",,,
q00606,top1964:6381,1177001,2,0,https://www.goodreads.com/work/quotes/1177001?page=2,"Thus we do disagreeable things, but we are defensive. That, I think, is still fair. We do disagreeable things so that ordinary people here and elsewhere can sleep safely in their beds at night. Is that too romantic? Of course, we occasionally do very wicked things”; he grinned like a schoolboy. “And in weighing up the moralities, we rather go in for dishonest comparisons; after all, you can’t compare the ideals of one side with the methods of the other, can you, now?",,,
q00607,top1964:6381,1177001,2,1,https://www.goodreads.com/work/quotes/1177001?page=2,"There is a kind of stupidity among the drunks, particularly when they are sober...",,,
q00608,top1964:6381,1177001,2,2,https://www.goodreads.com/work/quotes/1177001?page=2,Austerity pleased her—it gave her the comfort of sacrifice.,,,
q00609,top1964:6381,1177001,2,3,https://www.goodreads.com/work/quotes/1177001?page=2,"The Party knows more about us than we know ourselves,’ the woman replied.",,,
q00610,top1964:6381,1177001,2,4,https://www.goodreads.com/work/quotes/1177001?page=2,"Ashe, Kiever, Peters; that was a progression in quality, in authority, which to Leamas was axiomatic of the hierarchy of an intelligence network. It was also, he suspected, a progression in ideology. Ashe, the mercenary, Kiever the fellow traveler, and now Peters, for whom the end and the means were identical.",,,
q00611,top1964:6381,1177001,2,6,https://www.goodreads.com/work/quotes/1177001?page=2,"Very slowly, Leamas now lowered himself into a crouch putting his hand in the side pocket of his jacket as he did so. He was quite calm, almost relieved at the prospect of action, but memories were racing through his mind. “You’ve nearly always got a weapon: an ash-tray, a couple of coins, a fountain-pen—anything that will gouge or cut.” It was the favourite dictum of the mild little Welsh sergeant at that house near Oxford in the war; “Never use both hands at once, not with a knife, a stick or a pistol; keep your left arm free, and hold it across the belly. If you can’t find anything to hit with, keep the hands open and the thumbs stiff.",,,
q00612,top1964:6381,1177001,2,7,https://www.goodreads.com/work/quotes/1177001?page=2,"He was shorter than Leamas remembered him: otherwise, just the same. The same affected detachment, the same donnish conceits; the same horror of draughts; courteous according to a formula miles removed from Leamas’ experience. The same milk-and-water smile, the same elaborate diffidence, the same apologetic adherence to a code",,,
q00613,top1964:6381,1177001,2,9,https://www.goodreads.com/work/quotes/1177001?page=2,"No wonder then if Alec Leamas found himself rubbing shoulders with some pretty unsavory colleagues in the ranks of Western intelligence. Former Nazis with attractive qualifications weren’t just tolerated by the Allies, they were positively mollycoddled for their anti-Communist credentials. Who was America’s first choice to head West Germany’s embryonic intelligence service? General Reinhard Gehlen, former chief of Hitler’s Foreign Armies East (Russian theater) where he had made himself a corner in the Soviet order of battle. Anticipating Germany’s defeat, the general had assembled his files and his people, and at the first opportunity had turned them over to the Americans, who accepted them with open arms. Recruited, Gehlen",,,
q00614,top1964:6381,1177001,2,11,https://www.goodreads.com/work/quotes/1177001?page=2,"I wrote The Spy Who Came in from the Cold at the age of thirty under intense, unshared, personal stress and in extreme privacy. As an intelligence officer in the guise of a junior diplomat at the British Embassy in Bonn, I was a secret to my colleagues, and much of the time to myself.",,,
q00615,top1964:6381,1177001,2,12,https://www.goodreads.com/work/quotes/1177001?page=2,"sample behind him, went to a pub and got very drunk at a cost of twenty-five shillings, which he could not afford. They threw him out for shouting at a woman who tried to pick him up. They told him never to come back, but they’d forgotten all about it a week later. They were beginning to know Leamas there. They were beginning to know him elsewhere too, the grey, shambling figure from the Mansions. Not a wasted word did he speak, not a friend, neither man, woman, nor beast did he have. They guessed he was in trouble, run away from his wife like as not. He never knew the price of anything, never remembered it when he was told. He patted all his pockets whenever he looked for change, he never remembered to bring a basket, always buying carrier bags. They didn’t like him in the Street, but they were almost sorry for him. They thought he was dirty too, the way he didn’t shave weekends, and his shirts all grubby. A Mrs. McCaird from Sudbury Avenue cleaned for him for a week, but having never received a civil word from him withdrew her labour.",,,
q00616,top1964:6381,1177001,2,14,https://www.goodreads.com/work/quotes/1177001?page=2,"Everywhere that air of conspiracy which generates among people who have been up since dawn – of superiority almost, derived from the common experience of having seen the night disappear and the morning come.",,,
q00617,top1964:6381,1177001,2,15,https://www.goodreads.com/work/quotes/1177001?page=2,"Or so my memory, not always a reliable informant, tells me.",,,
q00618,top1964:6381,1177001,2,20,https://www.goodreads.com/work/quotes/1177001?page=2,how far can we go in the rightful defense of our Western values without abandoning them along the way?,,,
q00619,top1964:6381,1177001,2,21,https://www.goodreads.com/work/quotes/1177001?page=2,"The airport reminded Leamas of the war: machines, half hidden in the fog, waiting patiently for their masters; the resonant voices and their echoes, the sudden shout and the incongruous clip of a girl’s heels on a stone floor; the roar of an engine that might have been at your elbow.",,,
q00620,top1964:6381,1177001,2,24,https://www.goodreads.com/work/quotes/1177001?page=2,They don’t proselytise; they don’t stand in pulpits or on party platforms and tell us to fight for Peace or for God or whatever it is.,,,
q00621,top1964:6381,1177001,2,26,https://www.goodreads.com/work/quotes/1177001?page=2,At every turn one must be consistent.,,,
q00622,top1964:6381,1177001,2,28,https://www.goodreads.com/work/quotes/1177001?page=2,"No,” Kiever replied, “but you can get some on the plane. You’d better look through this,” he added, and handed Leamas a British passport. It was made out in his name with his own photograph mounted in it, embossed by the deep press Foreign Office seal running across the corner. It was neither old nor new; it described Leamas as a clerk, and gave his status as single. Holding it in his hand for the first time, Leamas was a little nervous. It was like getting married: whatever happened, things would never be the same again.",,,
q00623,top1964:6381,1177001,2,29,https://www.goodreads.com/work/quotes/1177001?page=2,"She remembered, in the fevered condition of her mind, how, as a child, she had been horrified to learn that with every step she made, thousands of minute creatures were destroyed beneath her foot; and now, whether she had lied or told the truth—or even, she was sure, had kept silent—she had been forced to destroy a human being; perhaps two, for was there not also the Jew, Fiedler, who had been gentle with her, taken her arm and told her to go back to England? They would shoot Fiedler, that’s what the woman said. Why did it have to be Fiedler—why not the old man who asked the questions, or the fair one in the front row between the soldiers, the one who smiled all the time; whenever she turned round she had caught sight of his smooth, blond head and his smooth, cruel face smiling as if it were all a great joke. It comforted her that Leamas and Fiedler were on the same side.",,,
q00624,top1964:6381,1177001,3,0,https://www.goodreads.com/work/quotes/1177001?page=3,"Then the people in this prison are intellectuals?” The woman smiled. “Yes,” she said, “they are reactionaries who call themselves progressive: they defend the individual against the state. Do you know what Khrushchev said about the counter-revolution in Hungary?” Liz shook her head. She must show interest, she must make the woman talk. “He said it would never have happened if a couple of writers had been shot in time.",,,
q00625,top1964:6381,1177001,3,3,https://www.goodreads.com/work/quotes/1177001?page=3,"Are you going to eat that?” she inquired, indicating the food on the desk. Liz shook her head. “Then I must,” she declared, with a grotesque attempt at reluctance. “They have given you a potato. You must have a lover in the kitchen.” The humor of this observation sustained her until she had finished the last of Liz’s meal.",,,
q00626,top1964:6381,1177001,3,5,https://www.goodreads.com/work/quotes/1177001?page=3,"It is a prison for those who fail to recognize socialist reality; for those who think they have the right to err; for those who slow down the march. Traitors,” she concluded briefly. “But what have they done?” “We cannot build communism without doing away with individualism. You cannot plan a great building if some swine builds his sty on your site.",,,
q00627,top1964:6381,1177001,3,7,https://www.goodreads.com/work/quotes/1177001?page=3,"But she never quite saw the fighting for votes and the fighting for sales in the same way. Perhaps that was because it cut them down to size, she thought. It was easy when there were a dozen or so together at a Branch meeting to rebuild the world, march at the vanguard of socialism and talk of the inevitability of history. But afterwards she’d go out into the streets with an armful of Daily Worker’s, often waiting an hour, two hours, to sell a copy. Sometimes she’d cheat, as the others cheated, and pay for a dozen herself just to get out of it and go home. At the next meeting they’d boast about it—forgetting they’d bought them themselves—”Comrade Gold sold eighteen copies on Saturday night—eighteen!” It would go in the Minutes then, and the Branch bulletin as well. District would rub their hands, and perhaps she’d get a mention in that little panel on the front page about the Fighting Fund. It was such a little world, and she wished they could be more honest. But she lied to herself about it all, too. Perhaps they all did. Or perhaps the others understood more why you had to lie so much.",,,
q00628,top1964:6381,1177001,3,8,https://www.goodreads.com/work/quotes/1177001?page=3,"Coffee he drinks—nothing else—just coffee all the time. He says Germans are too introspective to make good agents, and it all comes out in counterintelligence. He says counterintelligence people are like wolves chewing dry bones—you have to take away the bones and make them find new quarry—I see all that, I know what he means. But he’s gone too far.",,,
q00629,top1964:6381,1177001,3,9,https://www.goodreads.com/work/quotes/1177001?page=3,"You see, for us it does,” Fiedler continued. “I myself would have put a bomb in a restaurant if it brought us farther along the road. Afterwards I would draw the balance—so many women, so many children; and so far along the road. But Christians—and yours is a Christian society—Christians may not draw the balance.",,,
q00630,top1964:6381,1177001,3,10,https://www.goodreads.com/work/quotes/1177001?page=3,"He had seen it, even in men who had undergone a complete ideological reversal, who in the secret hours of the night had found a new creed, and alone, compelled by the internal power of their convictions, had betrayed their calling, their families, their countries. Even they, filled as they were with new zeal and new hope, had had to struggle against the stigma of treachery; even they wrestled with the al most physical anguish of saying that which they had been trained never, never to reveal.",,,
q00631,top1964:6381,1177001,3,12,https://www.goodreads.com/work/quotes/1177001?page=3,"As they crossed the fifty yards which separated the two checkpoints, Leamas was dimly aware of the new fortifications on the Eastern side of the wall—dragons’ teeth, observation towers, and double aprons of barbed wire. Things had brightened up.",,,
q00632,top1964:6381,1177001,3,13,https://www.goodreads.com/work/quotes/1177001?page=3,Leamas’ departure caused only a ripple on the water; with other winds and the changing of the seasons it was soon forgotten.,,,
q00633,top1964:6381,1177001,3,14,https://www.goodreads.com/work/quotes/1177001?page=3,Espionage is not a cricket game,,,
q00634,top1964:6381,1177001,3,16,https://www.goodreads.com/work/quotes/1177001?page=3,"You killed a sentry, you know that?""""I guessed I had...What do they expect if they mount such a damn stupid operation? Why didn't they pull us both in at once? Why put all the lights out? If anything was over organized, that was.""""I am afraid that as a nation we tend to over organize. Abroad that passes for efficiency.",,,
q00635,top1964:6381,1177001,3,17,https://www.goodreads.com/work/quotes/1177001?page=3,They would expect him to be afraid; for his service pursued traitors as the eye of God followed Cain across the desert.,,,
q00636,top1964:6381,1177001,3,18,https://www.goodreads.com/work/quotes/1177001?page=3,"They would know that inconsistency in human decision can make nonsense of the best-planned espionage approach; that cheats, liars and criminals may resist every blandishment while respectable gentlemen have been moved to appalling treasons by watery cabbage in a Departmental canteen.",,,
q00637,top1964:6381,1177001,3,25,https://www.goodreads.com/work/quotes/1177001?page=3,"it was like mid-week evensong when she used to go to church—the same dutiful, little group of lost faces, and same fussy self-consciousness, the same feeling of a great idea in the hands of little people.",,,
q00638,top1965:6366,1251662,1,0,https://www.goodreads.com/work/quotes/1251662,"A Roman came to Rabbi Gimzo the Water Carrier, and asked, ""What is this study of the law that you Jews engage in?"" and Gimzo replied, ""I shall explain. There were two men on a roof, and they climbed down the chimney. One's face became sooty. The other's not. Which one washed his face?"" The Roman said, ""That's easy, the sooty one, of course."" Gimzo said, ""No. The man without the soot looked at his friend, saw that the man's face was dirty, assumed that his was too, and washed it."" Cried the Roman, ""Ah ha! So that's the study of law. Sound reasoning."" But Gimzo said, ""You foolish man, you don't understand. Let me explain again. Two men on a roof. They climb down a chimney. One's face is sooty, the other's not. Which one washes?"" The Roman said, ""As you just explained, the man without the soot."" Gimzo cried,""No, you foolish one! There was a mirror on the wall and the man with the dirty face saw how sooty it was and washed it."" The Roman said, ""Ah ha! So that's the study of law! Conforming to the logical."" But Rabbi Gimzo said, ""No, you foolish one. Two men climbed down the chimney. One's face became sooty? The other's not? That's impossible. You're wasting my time with such a proposition."" And the Roman said, ""So that's the law! Common sense."" And Gimzo said, ""You foolish man! Of course it was possible. When the first man climbed down the chimney he brushed the soot away. So the man who followed found none to mar him."" And the Roman cried, ""That's brilliant, Rabbi Gimzo. Law is getting at the basic facts."" And for the last time Gimzo said, ""No, you foolish man. Who could brush all the soot from a chimney? Who could ever understand all the facts?"" Humbly the Roman asked, ""Then what is the law?"" And Gimzo said quietly, ""It's doing the best we can to ascertain God's intention, for there were indeed two men on a roof, and they did climb down the same chimney. The first man emerged completely clean while it was the second who was covered with soot, and neither man washed his face, because you forgot to ask me whether there was any water in the basin. There was none.",,,
q00639,top1965:6366,1251662,1,1,https://www.goodreads.com/work/quotes/1251662,"We seek God so earnestly, Eliav reflected, not to find Him but to discover ourselves.",,,
q00640,top1965:6366,1251662,1,2,https://www.goodreads.com/work/quotes/1251662,The dead are dead but they rely on us to fulfill their hopes.,,,
q00641,top1965:6366,1251662,1,3,https://www.goodreads.com/work/quotes/1251662,"In these centuries when God,...was forging a Christian church so that it might fulfill the longing of a hungry world, He was at the same time perfecting His first religion, Judaism, so that it might stand as the permanent norm against which to judge all others. Whenever, in the future some new religion strayed too far from the basic precepts of Judaism, God could be assured that it was in error; so in the Galilee, His ancient cauldron of faith, he spent as much time upon the old Jews as He did upon the new Christians.",,,
q00642,top1965:6366,1251662,1,4,https://www.goodreads.com/work/quotes/1251662,"this phrase was meaningless, for no matter where the Jew wandered, if he took with him the Talmud he was",,,
q00643,top1965:6366,1251662,1,5,https://www.goodreads.com/work/quotes/1251662,Why were these people seeking a new home coming to Israel and not to America? Where had the American dream faltered? And he saw that Israel was right; it was taking people—any people—as America had once done; so that in fifty years the bright new ideas of the world would come probably from Israel and no longer from a tired America.,,,
q00644,top1965:6366,1251662,1,6,https://www.goodreads.com/work/quotes/1251662,"Simple. Judaism had its day, and if the Jews had been smart, when Christianity came along they’d have joined up. Christianity has had its day, and if you were intelligent you’d both join the newest religion. Islam!” He bowed low and said, “Soon all Africa will be Islamic. And all Black America. I see India giving up Hinduism while Burma and Thailand surrender Buddhism. Gentlemen, I represent the religion of the future. I offer you salvation.",,,
q00645,top1965:6366,1251662,1,7,https://www.goodreads.com/work/quotes/1251662,"You say you were lucky that in the critical years between 100 and 800 C.E. Christianity went forward, and we were unlucky that during the same years Judaism went backward. Don’t you see that the real question is forward to what, backward to what?” Cullinane reflected for a moment and said, “By God, I do! That’s what’s been bugging me without my knowing it, because I hadn’t even formulated the question.” “My thought is that in those critical years Judaism went back to the basic religious precepts by which men can live together in a society, whereas Christianity rushed forward to a magnificent personal religion which never in ten thousand years will teach men how to live together. You Christians will have beauty, passionate intercourse with God, magnificent buildings, frenzied worship and exaltation of the spirit. But you will never have that close organization of society, family life and the little community that is possible under Judaism. Cullinane, let me ask you this: Could a group of rabbis, founding their decisions on Torah and Talmud, possibly have come up with an invention like the Inquisition—an essentially anti-social concept?",,,
q00646,top1965:6366,1251662,1,8,https://www.goodreads.com/work/quotes/1251662,The mystic perceives with his heart what the mind knows to be true... but cannot prove,,,
q00647,top1965:6366,1251662,1,10,https://www.goodreads.com/work/quotes/1251662,A man is never old if he can still be moved emotionally by a woman of his own age.,,,
q00648,top1965:6366,1251662,1,11,https://www.goodreads.com/work/quotes/1251662,"It was the Sea of Galilee, now known by its Latin name, Mare Tyberiadis, sunk in its deep depression among surrounding hills whose red and brown coloring played across the surface of the water, so that sometimes the lake was its own blue—a deep, pulsating blue of vivid quality which made the heart cry out with joy—while at other times it was red or brown or, where the trees were, green. But always its colors were in motion, a living, twisting kaleidoscope, as marvelous a body of water as there was on earth.",,,
q00649,top1965:6366,1251662,1,12,https://www.goodreads.com/work/quotes/1251662,"Nor was Israel’s historic claim to the land impressive; to Cullinane it was irrelevant. Once a man started opening the historical-rights barrel of eels, no one could predict where the slippery evidence might run.",,,
q00650,top1965:6366,1251662,1,15,https://www.goodreads.com/work/quotes/1251662,"and you can do it.” He hesitated, then pointed at Tabari.",,,
q00651,top1965:6366,1251662,1,16,https://www.goodreads.com/work/quotes/1251662,Together we have made the perfume of life,,,
q00652,top1965:6366,1251662,1,18,https://www.goodreads.com/work/quotes/1251662,I’m going to live the rest of my life as if I were a great man.,,,
q00653,top1965:6366,1251662,1,19,https://www.goodreads.com/work/quotes/1251662,"To live in harmony with himself a man must labor to untie the knots which bind his soul, and this is a personal matter between man and himself; then he must seek through contemplation an understanding of the Name of God, which is the timeless relationship between man and God.",,,
q00654,top1965:6366,1251662,1,20,https://www.goodreads.com/work/quotes/1251662,"And the anguish that Ur knew that night—the mystery of death, the triumph of evil, the terrible loneliness of being alone, the discovery that self of itself is insufficient—is the anxiety that torments the world to this day.",,,
q00655,top1965:6366,1251662,1,22,https://www.goodreads.com/work/quotes/1251662,There were few deaths from torture in the dungeon of Avaro.,,,
q00656,top1965:6366,1251662,1,24,https://www.goodreads.com/work/quotes/1251662,"Again and again he pleaded with his listeners to be generous, and the joke was circulated through Safed: “Rabbi Zaki wants more than anything else in the world to give things away … especially his daughters.",,,
q00657,top1965:6366,1251662,1,26,https://www.goodreads.com/work/quotes/1251662,"Just like the Jews,” he said. “Denied religious liberty by all, they extend it to everyone.",,,
q00658,top1965:6366,1251662,1,27,https://www.goodreads.com/work/quotes/1251662,"This was the way the Turks ruled: Start no pogroms yourself, but if the Arabs went to massacre the Jews, let them; then sweep in and execute the Arabs. Thus each community lost its leaders and relative quiet was maintained. But certainly in this cynical system the Turk treated the Jew no worse than he did the Muslim",,,
q00659,top1965:6366,1251662,1,28,https://www.goodreads.com/work/quotes/1251662,"On May 31, 1834, a sizable earthquake struck Safad, accompanied by much loss of property, and some weeks later word reached town that the Egyptian army was going to conscript Arab men. Superstitious Arabs concluded that some malign influence was working against them, and the Jews were blamed. The logical solution was to massacre them, which the Arabs started to do. For thirty-three unhampered days the Muslims were allowed to riot, destroying synagogues, killing rabbis and defacing over two hundred scrolls of the Torah, each worth more than a man’s home. The remnants of the great Jewish settlement were driven into the countryside, where for more than a month they lived on grass and slaughtered sheep, after which the government came back, caught the Arab ringleaders and hanged thirteen of them.",,,
q00660,top1966:7095,1203845,1,0,https://www.goodreads.com/work/quotes/1203845,"I've got a library copy of Gone with the Wind, a quart of milk and all these cookies. Wow! What an orgy!",,,
q00661,top1966:7095,1203845,1,1,https://www.goodreads.com/work/quotes/1203845,Never judge anyone by another's opinions. We all have different sides that we show to different people.,,,
q00662,top1966:7095,1203845,1,2,https://www.goodreads.com/work/quotes/1203845,"Love shouldn't make a beggar of one. I wouldn't want love if I had to beg for it, to barter or qualify it. And I should despise it if anyone ever begged for my love. Love is something that must be given -- it can't be bought with words or pity, or even reason.",,,
q00663,top1966:7095,1203845,1,3,https://www.goodreads.com/work/quotes/1203845,"People parted, years passed, they met again- and the meeting proved no reunion, offered no warm memories, only the acid knowledge that time had passed and things weren't as bright or attractive as they had been.",,,
q00664,top1966:7095,1203845,1,4,https://www.goodreads.com/work/quotes/1203845,Never let anyone shame you into doing anything you don't choose to do. Keep your identity.,,,
q00665,top1966:7095,1203845,1,5,https://www.goodreads.com/work/quotes/1203845,"Yes, there's one thing I do want. I want to be aware of the minutes and the seconds, and to make each one count.",,,
q00666,top1966:7095,1203845,1,6,https://www.goodreads.com/work/quotes/1203845,"Everyone has an identity. One of their own, and one for show.",,,
q00667,top1966:7095,1203845,1,7,https://www.goodreads.com/work/quotes/1203845,"A man must feel he runs things, but as long as you control yourself, you control him.",,,
q00668,top1966:7095,1203845,1,8,https://www.goodreads.com/work/quotes/1203845,No one should give up a dream without giving it a chance to come true.,,,
q00669,top1966:7095,1203845,1,9,https://www.goodreads.com/work/quotes/1203845,"When you're climbing Mount Everest, nothing is easy. You just take one step at a time, never look back and always keep your eyes glued to the top.",,,
q00670,top1966:7095,1203845,1,10,https://www.goodreads.com/work/quotes/1203845,Money bought freedom; without it one could never be free.,,,
q00671,top1966:7095,1203845,1,11,https://www.goodreads.com/work/quotes/1203845,Alone on the summit of Mount Everest.,,,
q00672,top1966:7095,1203845,1,12,https://www.goodreads.com/work/quotes/1203845,...when you’re young you think you’ll always be young. Then one day you suddenly wake up and you’re over fifty. And the names in the obituary columns are no longer anonymous old people. They’re your contemporaries and friends.,,,
q00673,top1966:7095,1203845,1,13,https://www.goodreads.com/work/quotes/1203845,"She was climbing Mount Everest and the air was invigorating and wonderful. Even if every second verged on crisis, this was part of living - not just watching from the sidelines.",,,
q00674,top1966:7095,1203845,1,14,https://www.goodreads.com/work/quotes/1203845,"Close friendships with girls come early in life. After thirty it becomes harder to make new friends — there are fewer hopes, dreams or anticipations to share.",,,
q00675,top1966:7095,1203845,1,15,https://www.goodreads.com/work/quotes/1203845,"each time it would hurt less, and afterward she would love Lyon less, until one day there would be nothing left — no hurt, and no love. She",,,
q00676,top1966:7095,1203845,1,16,https://www.goodreads.com/work/quotes/1203845,Everyone should at least try to do the thing he wants to do. Later in life situations and responsibilities force people to compromise. But to compromise now...it's like quitting before you start.,,,
q00677,top1966:7095,1203845,1,17,https://www.goodreads.com/work/quotes/1203845,"Before I came to New York I lived here, in this mausoleum. I was nothing. I was dead. When I came to New York it was like a veil lifting. For the first time I felt I was alive, breathing.",,,
q00678,top1966:7095,1203845,1,19,https://www.goodreads.com/work/quotes/1203845,And suddenly you recall all the senseless time-wasting things you’ve done . . . the wasted minutes you’ll never recover. And you realize that time is the most precious thing. Because time is life. It’s the only thing you can never get,,,
q00679,top1966:7095,1203845,1,20,https://www.goodreads.com/work/quotes/1203845,"Remember, the most important thing in the world is to have a man who loves you.",,,
q00680,top1966:7095,1203845,1,21,https://www.goodreads.com/work/quotes/1203845,giving a party was not as simple as going to one. You could always leave someone else’s party. You were stuck with your own.,,,
q00681,top1966:7095,1203845,1,23,https://www.goodreads.com/work/quotes/1203845,"guess a woman can either love or be loved, but it’s almost impossible to have both.",,,
q00682,top1966:7095,1203845,1,24,https://www.goodreads.com/work/quotes/1203845,Did money give people a blind spot? Rob them of their hearing?,,,
q00683,top1966:7095,1203845,1,25,https://www.goodreads.com/work/quotes/1203845,"Helen Lawson: They drummed you out of Hollywood, so you come crawling back to Broadway. But Broadway doesn't go for booze and dope. Now get out of my way, I've got a man waiting for me.",,,
q00684,top1966:7095,1203845,1,26,https://www.goodreads.com/work/quotes/1203845,"Helen Lawson: The only hit that comes out of a Helen Lawson show is Helen Lawson, and that's ME, baby, remember?",,,
q00685,top1966:7095,1203845,1,29,https://www.goodreads.com/work/quotes/1203845,Many girls enjoyed kissing men they didn’t love. It was supposed to be normal.,,,
q00686,top1966:7095,1203845,2,0,https://www.goodreads.com/work/quotes/1203845?page=2,"The girl was undeniably beautiful. She was tall, with a spectacular figure. Her white dress, shimmering with crystal beads, was cut low enough to prove the authenticity of her remarkable cleavage. Her long hair was almost white in its blondeness. But it was her face that held Anne’s attention, a face so naturally beautiful that it came as a startling contrast to the theatrical beauty of her hair and figure. It was a perfect face with a fine square jaw, high cheekbones and intelligent brow. The eyes seemed warm and friendly, and the short, straight nose belonged to a beautiful child, as did the even white teeth and little-girl dimples. It was an innocent face, a face that looked at everything with breathless excitement and trusting enthusiasm, seemingly unaware of the commotion the body was causing. A face that glowed with genuine interest in each person who demanded attention, rewarding each with a warm smile. The body and its accouterments continued to pose and undulate for the staring crowd and flashing cameras, but the face ignored the furor and greeted people with the intimacy of meeting a few new friends at a gathering.",,,
q00687,top1966:7095,1203845,2,1,https://www.goodreads.com/work/quotes/1203845?page=2,So what? You're no worse off than if you hadn't asked. At least this way you give yourself a fifty-fifty chance,,,
q00688,top1966:7095,1203845,2,4,https://www.goodreads.com/work/quotes/1203845?page=2,"Age settled with more grace on ordinary people, but for celebrities — women stars in particular — age became a hatchet that vandalized a work of art.",,,
q00689,top1966:7095,1203845,2,6,https://www.goodreads.com/work/quotes/1203845?page=2,"And so he accepted her frigidity as the normal attribute of a lady, and being a gentleman, he expected nothing more.",,,
q00690,top1966:7095,1203845,2,7,https://www.goodreads.com/work/quotes/1203845?page=2,Something’s happening to this country. We’re going to go immoral. And television is doing it.,,,
q00691,top1966:7095,1203845,2,9,https://www.goodreads.com/work/quotes/1203845?page=2,She was filled with a sense of expectancy — as if at any moment something very wonderful could happen.,,,
q00692,top1966:7095,1203845,2,10,https://www.goodreads.com/work/quotes/1203845?page=2,"There was an acceptance at face value in New York, as if everyone had just been born, with no past heritage to acknowledge or hide.",,,
q00693,top1966:7095,1203845,2,11,https://www.goodreads.com/work/quotes/1203845?page=2,"It sneaks up on you, Anne-the habit. And after all emotion is gone and logic takes over, the habit is still there. For the rest of your life,",,,
q00694,top1966:7095,1203845,2,12,https://www.goodreads.com/work/quotes/1203845?page=2,"Listen, all I ask in the next life is to come back as a beautiful broad,",,,
q00695,top1966:7095,1203845,2,14,https://www.goodreads.com/work/quotes/1203845?page=2,"Yes, my uterus was removed — peritonitis had set in. But it is wonderful. I am no longer bothered with the monthly period.",,,
q00696,top1966:7095,1203845,2,15,https://www.goodreads.com/work/quotes/1203845?page=2,"And I eat what I please. Geez, I weigh a hundred and sixty, but who cares? And Anne — I sing. Christ, I sing like a fucking canary.",,,
q00697,top1966:7095,1203845,2,18,https://www.goodreads.com/work/quotes/1203845?page=2,Without money you [are] someone's captive.,,,
q00698,top1966:7095,1203845,2,19,https://www.goodreads.com/work/quotes/1203845?page=2,Maybe I dreamed him into an image.,,,
q00699,top1966:7095,1203845,2,20,https://www.goodreads.com/work/quotes/1203845?page=2,"Talk, nothing. You marry him! Maybe I’ll come live with you if Hit the Sky bombs.",,,
q00700,top1966:7095,1203845,2,21,https://www.goodreads.com/work/quotes/1203845?page=2,"There is no such thing as love, the way you talk about it. You’ll only find that kind of love in cheap movies and novels. Love is companionship, having friends in common, the same interests. Sex is the connotation you’re placing on love, and let me tell you, young lady, that if and when it does exist, it dies very quickly after marriage — or as soon as the girl learns what it’s all about.",,,
q00701,top1966:7095,1203845,2,22,https://www.goodreads.com/work/quotes/1203845?page=2,Whenever I get stuck on a man you can be sure he's some kind of a louse.,,,
q00702,top1966:7095,1203845,2,24,https://www.goodreads.com/work/quotes/1203845?page=2,"The long evenings sitting in the large, clean kitchen with Mother and Aunt Amy. Or the occasional trips to the movies, or the bowling alley, ot to play bridge. O God, she prayed, thank You for giving me the strength to run. Never make me go back - never!",,,
q00703,top1966:7095,1203845,2,27,https://www.goodreads.com/work/quotes/1203845?page=2,"She fastened her attention on the taxi window as they drove crosstown. It was one of those last wonderful days in October, when the air is balmy and the faded sun tries to pretend it's spring.",,,
q00704,top1966:7095,1203845,2,28,https://www.goodreads.com/work/quotes/1203845?page=2,"New York you forgot how cold and bleak winter could be. The neon lights, the moving crowds, the taxi-filled streets stampeded the snow into slush and the slush into gray water that quickly disappeared and you forgot about the bare, desolate ground of the outside world. The loneliness of winter. The",,,
q00705,top1966:7095,1203845,3,0,https://www.goodreads.com/work/quotes/1203845?page=3,"It will get better --- I promise you."" Would it? Would she ever shudder and tremble and stiffen with the ecstasy she had felt? It didn't matter. All that mattered was Lyon, to hold him in her arms, to please him --- to know that she could feel love, that this remarkable man wanted her body against his...",,,
q00706,top1966:7095,1203845,3,1,https://www.goodreads.com/work/quotes/1203845?page=3,But it's different with a man. You don't expect him to be a virgin.,,,
q00707,top1966:7095,1203845,3,2,https://www.goodreads.com/work/quotes/1203845?page=3,"she couldn’t offer sympathy to a girl who regarded the incident as a stroke of marvelous luck. “Well,",,,
q00708,top1967:6929,2784864,1,1,https://www.goodreads.com/work/quotes/2784864,"Nordstrom.” “Would you care for some tea or a brandy?” “No .... Nicole, I know",,,
q00709,top1967:6929,2784864,1,2,https://www.goodreads.com/work/quotes/2784864,"Both of them had a sad desperation about them. Lord, André thought, why do young lovers dote on misery? How nice to be an aging lover and when you walk into the room meet someone who is happy and loves in an uncomplicated way. Young people demand tragedy. He had had that with Nicole. Love for the young is a waste and a mess.",,,
q00710,top1967:6929,2784864,1,3,https://www.goodreads.com/work/quotes/2784864,waved his hand palm down with,,,
q00711,top1967:6929,2784864,1,4,https://www.goodreads.com/work/quotes/2784864,"Prologue Summer, 1962 MARSH MCKITTRICK’S BUICK WAS passed through the gates of the vast Government complex outside Langley. He eased onto the turnpike, then sped toward Washington, touching his briefcase nervously and looking into the rearview mirror. Two cars filled with heavily armed guards followed closely. Sanderson Hooper beside him and Michael Nordstrom in the rear seat remained speechless.",,,
q00712,top1967:6929,2784864,1,5,https://www.goodreads.com/work/quotes/2784864,"In the end, what would Michele’s life be? A",,,
q00713,top1967:6929,2784864,1,6,https://www.goodreads.com/work/quotes/2784864,"President Truman had a little sign on his desk. I’ve always admired its philosophy. It read: THE BUCK STOPS HERE. I’ve envied certain people, too, the great majority of my colleagues whose sole mission in life is to attain the goal of mediocrity. They sail into a safe harbor, button up and conveniently and quietly sort their paper clips, avoiding responsibility and decisions. I can’t explain, Nicole, why I was singled out and am unable to avoid conflict, but I can’t run or plug my ears or close my eyes or turn my back. I often envy those who can.",,,
q00714,top1968:350,120317,1,0,https://www.goodreads.com/work/quotes/120317,"There was no surer way to lose the confidence of an audience, or a jury, than by letting them think faster than yourself, so that they became aware of what you were going to say before you said it.",,,
q00715,top1968:350,120317,1,1,https://www.goodreads.com/work/quotes/120317,"That was pretty good. You should be in politics.""Demerest said sourly, ""Nobody'd vote for me. Most times, people don't like plain talking and the truth.",,,
q00716,top1968:350,120317,1,2,https://www.goodreads.com/work/quotes/120317,"Every bit of human progress has happened for a single, simple reason: the elevation of the status of the individual. Each time civilization has stumbled into another age that's a little better, a bit more enlightened, than the one before it, it's because people cared more about other people and respected them as individuals. When they haven't cared, those have been the times of slipping backward. Even a short world history---if you read one---will prove it's true.",,,
q00717,top1968:350,120317,1,3,https://www.goodreads.com/work/quotes/120317,"Madam, are you normally stupid or just being deliberately obtuse?",,,
q00718,top1968:350,120317,1,4,https://www.goodreads.com/work/quotes/120317,"the pyschopathic mind had a way of perceiving only what it wanted to, of bending facts to suit what it was convenient to believe.",,,
q00719,top1968:350,120317,1,5,https://www.goodreads.com/work/quotes/120317,"A human brain could achieve soaring imagery, conceive poetry and radarscopes, create the Sistine Chapel and a supersonic Concordé. Yet a brain, too--holding memory and conscience---could be compelling, self-tormenting, never resting; so that only death could end its persecution.",,,
q00720,top1968:350,120317,1,7,https://www.goodreads.com/work/quotes/120317,"The same rumour continued: Patroni made love the same way he did everything else – with a long, thin cigar stuck jauntily in the side of his mouth. This was untrue, at least nowadays. Marie, having coped with several pillow fires during their early years in marriage- drawing on her training as a TWA air hostess to extinguish them – had emphatically forbidden any more cigars in bed.",,,
q00721,top1968:350,120317,1,10,https://www.goodreads.com/work/quotes/120317,"to the airport’s duty fire chief. Danny summarized the situation so far. “And when we locate the truck, let’s get an ambulance out there, and you may need an inhalator or heat, could be both. But better not roll until we know where exactly. We don’t want to dig you guys out, too.",,,
q00722,top1968:350,120317,1,11,https://www.goodreads.com/work/quotes/120317,"nodded, resisting a temptation to take over and direct the search himself for the missing truck and driver. Action would be a therapy. The cold of several days, and dampness with it, had",,,
q00723,top1968:350,120317,1,12,https://www.goodreads.com/work/quotes/120317,"roaring, on a hot, sunny day. But if any expressed surprise at the extent of preparation, Mel Bakersfeld would remind them that removing snow from the airport’s operating area was equal to clearing seven hundred miles of highway. Like the Snow Desk",,,
q00724,top1968:350,120317,1,13,https://www.goodreads.com/work/quotes/120317,"nastiness. Next day, fat and monstrous, it rumbled up the Mississippi Valley. Finally, over Illinois the storm unloaded, almost paralyzing the state with blizzard winds, freezing",,,
q00725,top1968:350,120317,1,15,https://www.goodreads.com/work/quotes/120317,As long as you could feel your heart--wherever it seemed to be--that was the important thing. Libby had an instinct for essentials; at times he had the impression that her little hands reached up and gathered stars of truth.,,,
q00726,top1969:5279,266624,1,0,https://www.goodreads.com/work/quotes/266624,I'll make him an offer he can't refuse.,,,
q00727,top1969:5279,266624,1,1,https://www.goodreads.com/work/quotes/266624,Friendship is everything. Friendship is more than talent. It is more than the government. It is almost the equal of family.,,,
q00728,top1969:5279,266624,1,2,https://www.goodreads.com/work/quotes/266624,"Great men are not born great, they grow great . . .",,,
q00729,top1969:5279,266624,1,4,https://www.goodreads.com/work/quotes/266624,Revenge is a dish that tastes best when served cold.,,,
q00730,top1969:5279,266624,1,5,https://www.goodreads.com/work/quotes/266624,A man who doesn't spend time with his family can never be a real man.,,,
q00731,top1969:5279,266624,1,6,https://www.goodreads.com/work/quotes/266624,A friend should always underestimate your virtues and an enemy overestimate your faults,,,
q00732,top1969:5279,266624,1,7,https://www.goodreads.com/work/quotes/266624,The lawyer with the briefcase can steal more money than the man with the gun.,,,
q00733,top1969:5279,266624,1,8,https://www.goodreads.com/work/quotes/266624,"I don't trust society to protect us, I have no intention of placing my fate in the hands of men whose only qualification is that they managed to con a block of people to vote for them.",,,
q00734,top1969:5279,266624,1,10,https://www.goodreads.com/work/quotes/266624,"You cannot say 'no' to the people you love, not often. That's the secret. And then when you do, it has to sound like a 'yes'. Or you have to make them say 'no.' You have to take time and trouble.",,,
q00735,top1969:5279,266624,1,11,https://www.goodreads.com/work/quotes/266624,"Tom, don't let anybody kid you. It's all personal, every bit of business. Every piece of shit every man has to eat every day of his life is personal. They call it business. OK. But it's personal as hell. You know where I learned that from? The Don. My old man. The Godfather. If a bolt of lightning hit a friend of his the old man would take it personal. He took my going into the Marines personal. That's what makes him great. The Great Don. He takes everything personal Like God. He knows every feather that falls from the tail of a sparrow or however the hell it goes? Right? And you know something? Accidents don't happen to people who take accidents as a personal insult.",,,
q00736,top1969:5279,266624,1,12,https://www.goodreads.com/work/quotes/266624,"Italians have a little joke, that the world is so hard a man must have two fathers to look after him, and that's why they have godfathers.",,,
q00737,top1969:5279,266624,1,13,https://www.goodreads.com/work/quotes/266624,Never let anyone know what you are thinking.,,,
q00738,top1969:5279,266624,1,15,https://www.goodreads.com/work/quotes/266624,"He smelled the garden, the yellow shield of light smote his eyes, and he whispered, ""Life is so beautiful.""...Yes, he thought, if I can die saying, ""Life is so beautiful,"" then nothing else is important.",,,
q00739,top1969:5279,266624,1,16,https://www.goodreads.com/work/quotes/266624,Behind every successful fortune there is a crime.,,,
q00740,top1969:5279,266624,1,17,https://www.goodreads.com/work/quotes/266624,Many young men started down a false path to their true destiny. Time and fortune usually set them aright.,,,
q00741,top1969:5279,266624,1,19,https://www.goodreads.com/work/quotes/266624,"A man who is not a father to his children can never be a real man,",,,
q00742,top1969:5279,266624,1,20,https://www.goodreads.com/work/quotes/266624,Lawyers can steal more money with a briefcase than a thousand men with guns and masks.,,,
q00743,top1969:5279,266624,1,21,https://www.goodreads.com/work/quotes/266624,Why should I be afraid now? Strange men have come to kill me ever since I was twelve years old.,,,
q00744,top1969:5279,266624,1,22,https://www.goodreads.com/work/quotes/266624,There are things that have to be done and you do them and you never talk about them. You don't try to justify them. They can't be justified. You just do them. Then you forget it.,,,
q00745,top1969:5279,266624,1,23,https://www.goodreads.com/work/quotes/266624,"We are all honorable men here, we do not have to give each other assurances as if we were lawyers.",,,
q00746,top1969:5279,266624,1,24,https://www.goodreads.com/work/quotes/266624,"He had long ago learned that society imposes insults that must be borne, comforted by the knowledge that in this world there comes a time when the most humble of men, if he keeps his eyes open, can take his revenge on the most powerful. It was this knowledge that prevented the Don from losing the humility all his friends admired in him.",,,
q00747,top1969:5279,266624,1,26,https://www.goodreads.com/work/quotes/266624,"Michael could never remember his father ever having uttered a word about death, as if the Don respected death too much to philosophize about it.",,,
q00748,top1969:5279,266624,1,27,https://www.goodreads.com/work/quotes/266624,He should be careful. It's dangerous to be an honest man.,,,
q00749,top1969:5279,266624,1,28,https://www.goodreads.com/work/quotes/266624,"You can't hide the thunderbolt. When it hits you, everybody can see it. Christ, man, don't be ashamed of it, some men pray for the thunderbolt. You're a very lucky fellow. - Calo",,,
q00750,top1969:5279,266624,1,29,https://www.goodreads.com/work/quotes/266624,"It was not perhaps the warmest friendship in the world, they would not send each other Christmas gift greetings, but they would not murder each other.",,,
q00751,top1969:5279,266624,2,0,https://www.goodreads.com/work/quotes/266624?page=2,"Woman and children can afford to be careless, men can not.",,,
q00752,top1969:5279,266624,2,1,https://www.goodreads.com/work/quotes/266624?page=2,"It was a lie but he believed in telling lies to people. Truth telling and medicine just didn't go together except in dire emergencies, if then.",,,
q00753,top1969:5279,266624,2,2,https://www.goodreads.com/work/quotes/266624?page=2,"But let me say this. I am a superstitious man, a ridiculous failing but I must confess it here. And so if some unlucky accident should befall my youngest son, if some police officer should accidentally shoot him, if he should hang himself while in his jail cell, if new witnesses appear to testify to his guilt, my superstition will make me feel that it was the result of the ill will still borne me by some people here. Let me go further. If my son is struck by a bolt of lightning I will blame some of the people here. If his plane show fall into the sea or his ship sink beneath the waves of the ocean, if he should catch a mortal fever, if his automobile should be struck by a train, such is my superstition that I would blame the ill will felt by people here. Gentlemen, that ill will, that bad luck, I could never forgive. But aside from that let me swear by the souls of my grandchildren that I will never break the peace we have made. After all, are we or are we not better men than those pezzonovanti who have killed countless millions of men in our lifetimes?",,,
q00754,top1969:5279,266624,2,3,https://www.goodreads.com/work/quotes/266624?page=2,When they come... they come at what you love.,,,
q00755,top1969:5279,266624,2,5,https://www.goodreads.com/work/quotes/266624?page=2,Forgive. Forget. Life is full of misfortunes.,,,
q00756,top1969:5279,266624,2,6,https://www.goodreads.com/work/quotes/266624?page=2,"No, that's not possible,"" Michael said. ""Killed, yes; jail, no.",,,
q00757,top1969:5279,266624,2,7,https://www.goodreads.com/work/quotes/266624?page=2,Behind every great fortune there is a crime.,,,
q00758,top1969:5279,266624,2,8,https://www.goodreads.com/work/quotes/266624?page=2,Friendship is more than talent. It is more than government. It is almost the equal of family. Never forget that. If you had built up a wall of friendship you wouldn't have to ask me to help. - Don Corleone,,,
q00759,top1969:5279,266624,2,9,https://www.goodreads.com/work/quotes/266624?page=2,Mothers are like cops. They always believe the worst.,,,
q00760,top1969:5279,266624,2,10,https://www.goodreads.com/work/quotes/266624?page=2,"I have no such powers. If I did I would be more merciful than God, believe me.",,,
q00761,top1969:5279,266624,2,11,https://www.goodreads.com/work/quotes/266624?page=2,Tell my father I wish to be his son.,,,
q00762,top1969:5279,266624,2,12,https://www.goodreads.com/work/quotes/266624?page=2,"Like many business men of genius he learned that free competition was wasteful, monopoly efficient.",,,
q00763,top1969:5279,266624,2,14,https://www.goodreads.com/work/quotes/266624?page=2,"She emptied her mind of all thought of herself, of her children, of all anger, of all rebellion, of all questions. Then with a profound and deeply willed desire to believe, to be heard, as she had done every day since the murder of Carlo Rizzi, she said the necessary prayers for the soul of Michael Corleone.",,,
q00764,top1969:5279,266624,2,15,https://www.goodreads.com/work/quotes/266624?page=2,"You let women dictate your actions and they are not competent in this world, though certainly they will be saints in heaven while we men burn in hell.",,,
q00765,top1969:5279,266624,2,16,https://www.goodreads.com/work/quotes/266624?page=2,Your enemies always get strong on what you leave behind.,,,
q00766,top1969:5279,266624,2,17,https://www.goodreads.com/work/quotes/266624?page=2,"And in that fraction of a second before anything actually happened, Santino Corleone knew he was a dead man.",,,
q00767,top1969:5279,266624,2,18,https://www.goodreads.com/work/quotes/266624?page=2,"The gunman said, ""Fabrizzio,Michael Corleone sends you his regards.",,,
q00768,top1969:5279,266624,2,19,https://www.goodreads.com/work/quotes/266624?page=2,She was the only person in the world who could make him act against his own nature,,,
q00769,top1969:5279,266624,2,20,https://www.goodreads.com/work/quotes/266624?page=2,"You talk about vengeance. Is vengeance going to bring your son back to you or my boy to me? I forgo the vengeance of my son. But I have selfish reasons, my youngest son was forced to leave this country because of this Sollozzo business. All right, now I have to make arrangements to bring him back here safely cleared of all these false charges. But I'm a superstitious man and if some unlucky accident should befall him, if he should get shot in the head by a police officer, or if should hang himself in his jail cell, or if he's struck by a bolt of lightening, then I'm going to blame some of the people in this room, and that I do not forgive. But, that aside, let me say that I swear, on the souls of my grandchildren, that I will not be the one to break the peace we have made here today.",,,
q00770,top1969:5279,266624,2,21,https://www.goodreads.com/work/quotes/266624?page=2,You lived like a fool and you have come to a fool’s end.,,,
q00771,top1969:5279,266624,2,23,https://www.goodreads.com/work/quotes/266624?page=2,"He claimed that there was no greater natural advantage in life than having an enemy overestimate your faults, unless it was to have a friend underestimate your virtues.",,,
q00772,top1969:5279,266624,2,25,https://www.goodreads.com/work/quotes/266624?page=2,"The Don considered a use of threats the most foolish kind of exposure; the unleashing of anger without forethought as the most dangerous indulgence. No one had ever heard the Don utter a naked threat, no one had ever seen him in an uncontrollable rage. It was unthinkable.",,,
q00773,top1969:5279,266624,2,26,https://www.goodreads.com/work/quotes/266624?page=2,"None of us here want to see our children follow in our footsteps, it’s too hard a life.",,,
q00774,top1969:5279,266624,2,27,https://www.goodreads.com/work/quotes/266624?page=2,"Jack Woltz: Now you listen to me, you smooth-talking son-of-a-bitch, let me lay it on the line for you and your boss, whoever he is! Johnny Fontane will never get that movie! I don't care how many dago guinea wop greaseball goombahs come out of the woodwork!Tom Hagen: I'm German-Irish.Jack Woltz: Well, let me tell you something, my kraut-mick friend, I'm gonna make so much trouble for you, you won t know what hit you!Tom Hagen: Mr. Woltz, I'm a lawyer. I have not threatened you.",,,
q00775,top1969:5279,266624,2,29,https://www.goodreads.com/work/quotes/266624?page=2,"Nothing was more calming, more conducive to pure reason, than the atmosphere of money.",,,
q00776,top1970:2816,816372,1,1,https://www.goodreads.com/work/quotes/816372,"What the hell makes you so smart?"" I asked. ""I wouldn't go for coffee with you, "" she answered. ""Listen -- I wouldn't ask you."" ""That, ""she replied ""is what makes you stupid.",,,
q00777,top1970:2816,816372,1,2,https://www.goodreads.com/work/quotes/816372,"I was afraid of being rejected, yes. I was also afraid of being accepted for the wrong reasons.",,,
q00778,top1970:2816,816372,1,3,https://www.goodreads.com/work/quotes/816372,"And then I did what I had never done in his presence, much less in his arms. I cried.",,,
q00779,top1970:2816,816372,1,4,https://www.goodreads.com/work/quotes/816372,The pain of not knowing what to do was exceeded only by that of knowing what I had done.,,,
q00780,top1970:2816,816372,1,5,https://www.goodreads.com/work/quotes/816372,"What the hell makes you smart?"" I asked.""I wouldn't go for coffee with you.""""Listen - I wouldn't ask you.""""That,"" she replied, ""is what makes you stupid.",,,
q00781,top1970:2816,816372,1,6,https://www.goodreads.com/work/quotes/816372,"Please, if one of us cries, let both of us cry. But preferably neither of us.",,,
q00782,top1970:2816,816372,1,7,https://www.goodreads.com/work/quotes/816372,"He had then warned his daughter not to violate the Eleventh Commandment.""Which one is that?"" I asked her.""Do not bullshit thy father,"" she said.",,,
q00783,top1970:2816,816372,1,8,https://www.goodreads.com/work/quotes/816372,"Now would you do me a favor?' From somewhere inside me came this devastating assault to make me cry. But I withstood. I would not cry. I would merely indicate to Jennifer - by the affirmative nodding of my head - that I would be happy to do her any favor whatsoever.'Would you please hold me very tight?' she asked.I put my hand on her forearm - Christ, so thin - and gave it a little squeeze.'No, Oliver,' she said, 'really hold me. Next to me.'I was very, very careful - of the tubes and things - as I got onto the bed with her and put my arms around her.'Thanks, Ollie.'Those were her last words.",,,
q00784,top1970:2816,816372,1,9,https://www.goodreads.com/work/quotes/816372,There was a brief silence. I think I heard snow falling.,,,
q00785,top1970:2816,816372,1,10,https://www.goodreads.com/work/quotes/816372,"You don't know about falling off cliffs, Prep­pie,' she said. 'You never fell off one in your god­damn life.''Yeah,' I said, re­cov­er­ing the power of speech. 'When I met you.",,,
q00786,top1970:2816,816372,1,11,https://www.goodreads.com/work/quotes/816372,What can you say about a twenty-five-year-old girl who died?,,,
q00787,top1970:2816,816372,1,12,https://www.goodreads.com/work/quotes/816372,"Her handwriting was curious  small sharp little letters with no capitals (who did she think she was, e. e. cummings?).",,,
q00788,top1970:2816,816372,1,13,https://www.goodreads.com/work/quotes/816372,"I think the Peace Corps is a fine thing, don't you?"" he said.""Well,"" I replied, ""it's certainly better than War Corps.",,,
q00789,top1970:2816,816372,1,14,https://www.goodreads.com/work/quotes/816372,"What term do you employ when you speak of your progenitor?""I answered with the term I'd always wanted to employ.""Sonovabitch.""""To his face?"" she asked.""I never see his face.""""He wears a mask?""""In a way, yes. Of stone. Of absolute stone.",,,
q00790,top1970:2816,816372,1,15,https://www.goodreads.com/work/quotes/816372,"Either way I don't come first, which for some stupid reason bothers hell out of me, having grown up with the notion that I always had to be number one. Family heritage, don't you know?",,,
q00791,top1970:2816,816372,1,16,https://www.goodreads.com/work/quotes/816372,"Jenny, if you're so con­vinced I'm a loser, why did you bull­doze me into buy­ing you cof­fee?'She looked me straight in the eye and smiled.'I like your body,' she said.",,,
q00792,top1970:2816,816372,1,17,https://www.goodreads.com/work/quotes/816372,"I wanted to keep looking at her because I wanted to never take my eyes from her, but still I had tolower my eyes, I was so ashamed that even now Jenny was reading my mind so perfectly.'Listen, that's the only goddamn thing I'm asking, Ollie. Otherwise, I know you'll be okay.' That thing in my gut was stirring again, so I was afraid to even speak the word 'okay.' I justlooked mutely at Jenny.",,,
q00793,top1970:2816,816372,1,18,https://www.goodreads.com/work/quotes/816372,"I began to think about God. I mean, the notion of a Supreme Being existing somewhere began to creep into my private thoughts. Not because I wanted to strike Him on the face, to punch Him out for what He was about to do to me - to Jenny, that is. No, the kind of religious thoughts I had were just the opposite. Like, when I woke up in the morning and Jenny was there. Still there. I'm sorry, embarrassed even, but I hoped there was a God I could say thank you to.",,,
q00794,top1970:2816,816372,1,21,https://www.goodreads.com/work/quotes/816372,"But what does he do to qualify as a sonovabitch?” Jenny asked.“Make me”, I replied.“Beg pardon?”“Make me”, I repeated.Her eyes widened like saucers. “You mean like incest?” she asked.“Don’t give me your family problems, Jen. I have enough of my own.”“Like what, Oliver?” she asked, “like just what is it he makes you do?”“The ‘right things’”, I said. “What’s wrong with the ‘right things’?” she asked, delighting in the apparent paradox.",,,
q00795,top1970:2816,816372,1,25,https://www.goodreads.com/work/quotes/816372,"he had then warned his daughter not to violate the eleventh commandment. which one is that? i asked her. do not bullshit thy father, she said.",,,
q00796,top1970:2816,816372,1,26,https://www.goodreads.com/work/quotes/816372,Do you have The Waning of the Middle Ages?” She shot a glance up at me. “Do you have your own library?” she asked.,,,
q00797,top1970:2816,816372,1,27,https://www.goodreads.com/work/quotes/816372,"I didn't know you were re­lated to Se­wall Boat House too,' she said.'Yeah. I come from a long line of wood and stone.",,,
q00798,top1971:6709,1936731,1,0,https://www.goodreads.com/work/quotes/1936731,"Peace, if it ever exists, will not be based on the fear of war, but on the love of peace. It will not be the abstaining from an act, but the coming of a state of mind.",,,
q00799,top1971:6709,1936731,1,1,https://www.goodreads.com/work/quotes/1936731,The girl you marry and the woman you must make a life with are two different people.,,,
q00800,top1971:6709,1936731,1,2,https://www.goodreads.com/work/quotes/1936731,"He was just head over ears in love, with a young woman as near as his hand and as remote as a star, and for the moment it was enough to be where she was.",,,
q00801,top1971:6709,1936731,1,3,https://www.goodreads.com/work/quotes/1936731,"It’s occurred to me that our human values, our ideas of right and wrong, good and bad, evolved in simpler times, before there were machines.",,,
q00802,top1971:6709,1936731,1,4,https://www.goodreads.com/work/quotes/1936731,"IT IS BETTER TO KEEP YOUR MOUTH SHUT AND LET PEOPLE THINK YOU’RE A FOOL, THAN TO OPEN IT AND REMOVE ALL DOUBT.",,,
q00803,top1971:6709,1936731,1,5,https://www.goodreads.com/work/quotes/1936731,"Gliding across an imaginary line that splits the Pacific Ocean from the north to the south polar caps, the sunrise acquired a new label, June 23. Behind that line, June 22 had just dawned. This murky international convention, amid world chaos, still stood. For the globe still turned as always in the light of the sun, ninety million miles away in black space, and the tiny dwellers on the globe still had to agree, as they went about their mutual butcheries, on a way to tell the time.",,,
q00804,top1971:6709,1936731,1,6,https://www.goodreads.com/work/quotes/1936731,"The Russian Revolution is a radical change in history. The abolition of private property has created a new world. You may like it or detest it, but it’s new. Hitler’s socialism was a sham to get a mob of gangsters into power. He’s frozen the German economy just as it was, smashed the labor unions, lengthened the working hours, cut the pay, and kept all the old rich crowd on top, the Krupps and Thyssens, the men who gave him the money to run for office. The big Nazis live like barons, like sultans. The concentration camps are for anybody who still wants the socialist part of National Socialism.""[...]""I’m sorry. I’m impressed with Hitler’s ability to use socialist prattle when necessary, and then discard it. He uses doctrines as he uses money, to get things done. They’re expendable. He uses racism because that’s the pure distillate of German romantic egotism, just as Lenin used utopian Marxism because it appealed to Russia’s messianic streak. Hitler means to hammer out a united Europe.... He understands them, and he may just succeed. A unified Europe must come. The medieval jigsaw of nations is obsolete. The balance of power is dangerous foolishness in the industrial age. It must all be thrown out. Somebody has to be ruthless enough to do it, since the peoples with their ancient hatreds will never do it themselves. It’s only Napoleon’s original vision, but he was a century ahead of his time.",,,
q00805,top1971:6709,1936731,1,7,https://www.goodreads.com/work/quotes/1936731,So it is to Hitler. He has never moved when he couldn’t get away with it.,,,
q00806,top1971:6709,1936731,1,9,https://www.goodreads.com/work/quotes/1936731,"of writers, musicians, an actress, some other new girls like me. There",,,
q00807,top1971:6709,1936731,1,10,https://www.goodreads.com/work/quotes/1936731,"Then followed an incredible tactical blunder. With the British expeditionary force helplessly retreating toward the sea, but far behind in the race and about to be cut off by Guderian’s massed tanks, the Führer halted Guderian on the River Aa, nine miles from Dunkirk, and forbade the tank divisions to advance for three days! To this day nobody has factually ascertained why he did this. Theories are almost as abundant as military historians, but they add little to the facts. During these three days the British rescued their armies from the Dunkirk beaches. That is the long and short of the “miracle of Dunkirk.",,,
q00808,top1971:6709,1936731,1,11,https://www.goodreads.com/work/quotes/1936731,"There are no difficulties that can’t be overcome,",,,
q00809,top1971:6709,1936731,1,12,https://www.goodreads.com/work/quotes/1936731,"steamy day, and though the windows of the oval study were open, the room was oppressively hot. “You know Captain Henry, of course, Admiral? His boy’s just gotten his wings at Pensacola.",,,
q00810,top1971:6709,1936731,1,13,https://www.goodreads.com/work/quotes/1936731,"Tell me, Briny,” Natalie said, “are you still having fun?” He looked around at the noisy, crowded, evil-smelling ward, where the Polish women were helplessly bringing new life into a city which was being dynamited to death by the Germans, going through unpostponable birth pangs with the best care the dying city could give them. “More fun than a barrel of monkeys.",,,
q00811,top1971:6709,1936731,1,14,https://www.goodreads.com/work/quotes/1936731,"Individually the Germans were remarkably like Americans; he thought it curious that both peoples had the eagle for their national emblem. The Germans were the same sort of businesslike go-getters: direct, roughly humorous, and usually reliable and able.",,,
q00812,top1971:6709,1936731,1,15,https://www.goodreads.com/work/quotes/1936731,"My view is that Hitler and the Nazis have grown out of the heart of German culture—a cancer, maybe, but a uniquely German phenomenon. Some very clever men have given me hell for holding this opinion. They insist the same thing could have happened anywhere, given the same conditions: defeat in a major war, a harsh peace treaty, ruinous inflation, mass unemployment, communism on the march, anarchy in the streets—all leading to the rise of a demagogue, and a reign of terror.",,,
q00813,top1971:6709,1936731,1,16,https://www.goodreads.com/work/quotes/1936731,"Churchill was exactly the kind of brilliant amateur meddler in military affairs that Hitler was. Both rose to power from the depths of political rejection. Both relied chiefly on oratory to sway the multitude. Both somehow expressed the spirits of their peoples and so won loyalty that outnumbered any mistakes, defeats and disasters. Both thought in grandiose terms, knew little about economic and logistical realities, and cared less. Both were iron men in defeat. Above all, both men had overwhelming personalities that could silence rational opposition when they talked.",,,
q00814,top1971:6709,1936731,1,18,https://www.goodreads.com/work/quotes/1936731,"He could almost picture God the Father looking down with sad wonder at this mischief. In a world so rich and lovely, could his children find nothing better to do than to dig iron from the ground and work it into vast grotesque engines for blowing each other up? Yet this madness was the way of the world.",,,
q00815,top1971:6709,1936731,1,19,https://www.goodreads.com/work/quotes/1936731,"There was no clear-cut moment of victory for the British. They really won when Sea Lion was called off, but this Hitler backdown was a secret. The Luftwaffe kept up heavy night raids on the cities, and this with the U-boat sinkings made the outlook for England darker and darker until Hitler attacked the Soviet Union. But the Luftwaffe never recovered from the Battle of Britain. This was one reason why the Germans failed to take Moscow in 1941. The blitzkrieg ran out of blitz in Russia because it had dropped too much of it on the fields of Kent and Surrey, and in the streets of London.—V.H.",,,
q00816,top1971:6709,1936731,1,20,https://www.goodreads.com/work/quotes/1936731,"Germany’s grand aim, he says, must be a Nordic racial alliance in which England maintains its sea empire, while Germany as its equal partner takes first place on the continent and acquires new soil in the east.",,,
q00817,top1971:6709,1936731,1,21,https://www.goodreads.com/work/quotes/1936731,"In a solemn tone, like a priest chanting a mass, beating time in the air with a stiff finger, Slote quoted: "" 'The German Revolution will not prove any milder or gentler because it was preceded by the Critique of Kant, by the Transcendental Idealism of Fichte. These doctrines served to develop revolutionary forces that only await their time to break forth. Christianity subdued the brutal warrior passion of the Germans, but it could not quench it. When the Cross, that restraining talisman, falls to pieces, then will break forth again the frantic Berserker rage. The old stone gods will then arise from the forgotten ruins and wipe from their eyes the dust of centuries. Thor with his giant hammer will arise again, and he will shatter the Gothic cathedrals.' ""Slote made an awkward, weak gesture with a fist to represent a hammerblow, and went on: "" 'Smile not at the dreamer who warns you against Kantians, Fichteans, and the other philosophers. Smile not at the fantasy of one who foresees in the region of reality the same outburst of revolution that has taken place in the region of intellect. The thought precedes the deed as the lightning the thunder. German thunder is of true German character. It is not very nimble but rumbles along somewhat slowly. But come it will. And when you hear a crashing such as never before has been heard in the world's history, then know that at last the German thunderbolt has fallen.'""Heine - the Jew who composed the greatest German poetry, and who fell in love with German philosophy - Heine wrote that,"" Slote said in a quieter tone. ""He wrote that a hundred and six years ago.",,,
q00818,top1971:6709,1936731,1,23,https://www.goodreads.com/work/quotes/1936731,"This game still had its old ritual fascination for Pug; he was following it tensely, smoking a cigar. Once his nostalgia had been keen for the tough youthful combat on the grass, the slamming of bodies, the tricky well-drilled plays, above all for the rare moments of breaking free and sprinting down the field, dodging one man and another with the stands around him a roaring sea of voices. Nothing in his life had since been quite like it. But long ago that nostalgia had departed; those grooves of memory had worn out. To think that lads much younger than his own two sons were out on that chilly field in Philadelphia now, made Victor Henry feel that he had led a very long, multilayered existence, and was now almost a living mummy. “Pug!",,,
q00819,top1971:6709,1936731,1,24,https://www.goodreads.com/work/quotes/1936731,"Winston Churchill, today an idealized hero of history, was in his time variously considered a bombastic blunderer, an unstable politician, an intermittently inspired orator, a reckless self-dramatizer, a voluminous able writer in an old-fashioned vein, and a warmongering drunkard. Through most of his long life he cut an antic, brilliant, occasionally absurd figure in British affairs. He never won the trust of the people until 1940, when he was sixty-six years old, and",,,
q00820,top1971:6709,1936731,1,25,https://www.goodreads.com/work/quotes/1936731,"Please tell Field Marshal Goring for me, to stick his Swiss bank account up his fat ass.",,,
q00821,top1971:6709,1936731,1,27,https://www.goodreads.com/work/quotes/1936731,the winds of war have been blowing us all around the world.,,,
q00822,top1971:6709,1936731,1,29,https://www.goodreads.com/work/quotes/1936731,"There is no morality in world history. There are only tides of change borne on violence and death. The victors write the history, pass the judgments, and hang or shoot the losers. In truth history is an endless chain of hegemony shifts, based on the decay of old political structures and the rise of new ones. Wars are the fever crises of those shifts. Wars are inevitable; there will always be wars; and the one war crime is to lose. That is the reality, and the rest is sentimental nonsense.",,,
q00823,top1972:2501,1743336,1,0,https://www.goodreads.com/work/quotes/1743336,Don’t believe what your eyes are telling you. All they show is limitation. Look with your understanding. Find out what you already know and you will see the way to fly.,,,
q00824,top1972:2501,1743336,1,1,https://www.goodreads.com/work/quotes/1743336,"You have the freedom to be yourself, your true self, here and now, and nothing can stand in your way"".",,,
q00825,top1972:2501,1743336,1,2,https://www.goodreads.com/work/quotes/1743336,"Jonathan sighed. The price of being misunderstood, he thought. They call you devil or they call you god.",,,
q00826,top1972:2501,1743336,1,3,https://www.goodreads.com/work/quotes/1743336,"You will begin to touch heaven, Jonathan, in the moment that you touch perfect speed. And that isn’t flying a thousand miles an hour, or a million, or flying at the speed of light. Because any number is a limit, and perfection doesn’t have limits. Perfect speed, my son, is being there.",,,
q00827,top1972:2501,1743336,1,4,https://www.goodreads.com/work/quotes/1743336,"Overcome space, and all we have left is Here. Overcome time, and all we have left is Now.",,,
q00828,top1972:2501,1743336,1,5,https://www.goodreads.com/work/quotes/1743336,"We can lift ourselves out of ignorance, we can find ourselves as creatures of excellence and intelligence and skill.",,,
q00829,top1972:2501,1743336,1,6,https://www.goodreads.com/work/quotes/1743336,"He was not bone and feather but a perfect idea of freedom and flight, limited by nothing at all",,,
q00830,top1972:2501,1743336,1,7,https://www.goodreads.com/work/quotes/1743336,"Your whole body, from wingtip to wingtip,"" Jonathan would say, other times, ""is nothing more than your thought itself, in a form you can see. Break the chains of your thought, and you break the chains of your body, too.",,,
q00831,top1972:2501,1743336,1,8,https://www.goodreads.com/work/quotes/1743336,"We choose our next world through what we learn in this one. Learn nothing, and the next world is the same as this one, all the same limitations and lead weights to overcome.",,,
q00832,top1972:2501,1743336,1,10,https://www.goodreads.com/work/quotes/1743336,"Jonathan Seagull discovered that boredom and fear and anger are the reasons that a gull's life is so short, and with those gone from his thought, he lived a long fine life indeed.",,,
q00833,top1972:2501,1743336,1,11,https://www.goodreads.com/work/quotes/1743336,The gull sees farthest who flies highest,,,
q00834,top1972:2501,1743336,1,12,https://www.goodreads.com/work/quotes/1743336,"Heaven is not a place, and it's not a time. Heaven is being perfect.",,,
q00835,top1972:2501,1743336,1,13,https://www.goodreads.com/work/quotes/1743336,"He spoke of very simple things- that it is right for a gull to fly, that freedom is the very nature of his being, that whatever stands against that freedom must be set aside, be it ritual or superstition or limitation in any form. ""Set aside,"" came a voice from the multitude, ""even if it be the Law of the Flock?""""The only true law is that which leads to freedom,"" Jonathan said. ""There is no other.",,,
q00836,top1972:2501,1743336,1,14,https://www.goodreads.com/work/quotes/1743336,"To fly as fast as thought, to anywhere that is, you must begin by knowing that you have already arrived.",,,
q00837,top1972:2501,1743336,1,15,https://www.goodreads.com/work/quotes/1743336,"Why, Jon, why?"" his mother asked. ""Why is it so hard to be like the rest of the flock, Jon? Why can't you leave low flying to the pelicans, the alhatross? Why don't you eat? Son, you're bone and feathers!"" ""I don't mind being bone and feathers mom. I just want to know what I can do in the air and what I can't, that's all. I just want to know.",,,
q00838,top1972:2501,1743336,1,16,https://www.goodreads.com/work/quotes/1743336,"One school is finished, and the time has come for another to begin.",,,
q00839,top1972:2501,1743336,1,17,https://www.goodreads.com/work/quotes/1743336,"Do you have any idea how many lives we must have gone through before we even got the first idea that there is more to life than eating, or fighting, or power in the Flock? A thousand lives, Jon, ten thousand!",,,
q00840,top1972:2501,1743336,1,18,https://www.goodreads.com/work/quotes/1743336,"You don't love hatred and evil, of course. You have to practice and see the real gull, the good in every one of them, and to help them see it in themselves. That's what I mean by love.",,,
q00841,top1972:2501,1743336,1,21,https://www.goodreads.com/work/quotes/1743336,"It was morning, and the new sun sparkled gold across the ripples of a gentle sea.",,,
q00842,top1972:2501,1743336,1,23,https://www.goodreads.com/work/quotes/1743336,"For most gulls it was not flying that matters, but eating. For this gull, though, it was not eating that mattered, but flight.",,,
q00843,top1972:2501,1743336,1,24,https://www.goodreads.com/work/quotes/1743336,"A moment later Jonathan’s body wavered in the air, shimmering, and began to go transparent. “Don’t let them spread silly rumors about me, or make me a god. O.K., Fletch? I’m a seagull. I like to fly, maybe…",,,
q00844,top1972:2501,1743336,1,26,https://www.goodreads.com/work/quotes/1743336,Most gulls don't bother to learn more than the simplest facts of flight - how to get from shore to food and back again,,,
q00845,top1972:2501,1743336,1,27,https://www.goodreads.com/work/quotes/1743336,"Why is it,” Jonathan puzzled, “that the hardest thing in the world is to convince a bird that he is free, and that he can prove it for himself if he’d just spend a little time practicing? Why should that be so hard?",,,
q00846,top1973:886,1702196,1,0,https://www.goodreads.com/work/quotes/1702196,For the average American freedom of speech is simply the freedom to repeat what everyone else is saying and no more.,,,
q00847,top1973:886,1702196,1,1,https://www.goodreads.com/work/quotes/1702196,Eventually all things are known. And few matter.,,,
q00848,top1973:886,1702196,1,2,https://www.goodreads.com/work/quotes/1702196,"Although Americans justify their self-interest in moral terms, their true interest is never itself moral.",,,
q00849,top1973:886,1702196,1,3,https://www.goodreads.com/work/quotes/1702196,The public is always relieved to find that once the chief officers of state are elected they do not sincerely want change.,,,
q00850,top1973:886,1702196,1,4,https://www.goodreads.com/work/quotes/1702196,"But then in all his words if not deeds Jefferson was so beautifully human, so eminently vague, so entirely dishonest but not in any meretricious way. Rather it was a passionate form of self-delusion that rendered Jefferson as president and as man (not to mention as writer of tangled sentences and lunatic metaphors) confusing even to his admirers. Proclaiming the unalienable rights of man for everyone (excepting slaves, Indians, women and those entirely without property), Jefferson tried to seize the Floridas by force, dreamed of a conquest of Cuba, and after his illegal purchase of Louisiana sent a military governor to rule New Orleans against the will of its inhabitants.",,,
q00851,top1973:886,1702196,1,5,https://www.goodreads.com/work/quotes/1702196,"…the American reader cannot bear a surprise. He knows that this is the greatest country on earth…and evidence to the contrary is not admissible. That means no inconvenient facts, no new information. If you really want the reader’s attention, you must flatter him. Make his prejudices your own. Tell him things he already knows. He will love your soundness.",,,
q00852,top1973:886,1702196,1,6,https://www.goodreads.com/work/quotes/1702196,"It was of course Jefferson’s gift at one time or another to put with eloquence the “right” answer to every moral question. In practice, however, he seldom deviated from an opportunistic course, calculated to bring him power.",,,
q00853,top1973:886,1702196,1,7,https://www.goodreads.com/work/quotes/1702196,...Leggett feels that to be excitingly right in general is better than to be dully accurate in particular. That is why he is such an effective journalist.,,,
q00854,top1973:886,1702196,1,8,https://www.goodreads.com/work/quotes/1702196,"Since a president can do wrong and since he can be named in debate, he is not an anointed king and so like any man is answerable to the law.” John Marshall then summoned President Jefferson to Richmond",,,
q00855,top1973:886,1702196,1,9,https://www.goodreads.com/work/quotes/1702196,I am afraid that as people grow old there is a tendency for them to believe that what the past *ought* to have been it was.,,,
q00856,top1973:886,1702196,1,10,https://www.goodreads.com/work/quotes/1702196,"In passing, I continually marvel at how different today’s lawyers and politicians are from us of the first generation. We did not possess a single orator to compare with the present crop. Jefferson and Madison were inaudible. Monroe was dull. Hamilton rambled and I was far too dry (and brief) for the popular taste. Fisher Ames was the nearest thing we had to an orator (I never heard Patrick Henry). Today, however, practically every public man is now a marvellous orator—no, actor! capable of shouting down a tempest, causing tears to flow, laughter to rise. I cannot fathom the reason for this change unless it be the influence of a generation of evangelical ministers (Clay always makes me think of a preacher a-wash in the Blood of the Lamb who, even as he calls his flock to repent, is planning to seduce the lady in the back pew); and of course today’s politician must deal with a much larger electorate than ours. We had only to enchant a caucus in a conversational tone while they must thrill the multitude with brass and cymbal.",,,
q00857,top1973:886,1702196,1,12,https://www.goodreads.com/work/quotes/1702196,"We do not want the old to be sharper than we. It is bad enough that they were there first, and got the best things.",,,
q00858,top1973:886,1702196,1,13,https://www.goodreads.com/work/quotes/1702196,"To Jefferson the Constitution was simply a convenience when it allowed him to do what he wanted to do, and a monarchical document when it stayed his hand. He regarded domestic government as the business of the states and foreign affairs as the business of the Executive, and he was naïve enough in those days to think that the two businesses could be kept separate.",,,
q00859,top1973:886,1702196,1,14,https://www.goodreads.com/work/quotes/1702196,"And at some length Dr. Bogart spoke of a period in which skies were bluer, water purer, potatoes better-grained than now. I know the speech. It is the tirade of the old.",,,
q00860,top1973:886,1702196,1,15,https://www.goodreads.com/work/quotes/1702196,"In Broadway, I suddenly found myself face to face with William de la Touche Clancey.""Well!"" A long drawn-out syllable, in which fear and condescension were unpleasantly mingled. ""What is the young Old Patroon about to turn his hand to next?""""The Vauxhall Gardens, I should think."" My dislike of Clancey is almost physical. Yet I stare at him with fascination; note that his protuberant eyes are yellowish; that he scratches himself compulsively; that his tongue darts in and out of his mouth like a lizard's catching flies.""Of the delicious nymphs you sport with there?""""Of the delicious fauns, too — and their goatish friends.""""Uh-huh..."" A long, drawn-out attempt at sounding amused failed of its object. ""I hope you realize that your editor's unholy passion for the Negro grows more embarrassing each day. If I were he I should beware. He might simply vanish one dark night.""""Murdered? Or sold into slavery?"" Clancey recently delighted his admirers by proposing that since the institution of slavery has been an integral part of every high civilization (and peculiarly well-adapted to those nations that follow the word as well as the spirit of Old and New Testaments), poor whites should be bought and sold as well as blacks.""I don't believe that poor sick Mr. Leggett would command a high price in the bazaar. Only his diseased mind would have a certain morbid interest to the special collector. You, on the other hand, ought to fetch a pretty price.""""More than the usual two dollars you pay?"" Two dollars is the current rate for a male prostitute.""Much more! Why, just for those pink Dutch cheeks alone!"" It would be nice to record that I thought to something terminal to say but in my rage I could think of absolutely nothing and so left him with the last word.",,,
q00861,top1973:886,1702196,1,16,https://www.goodreads.com/work/quotes/1702196,"In other words, if public opinion is not unduly aroused one may safely set aside the Constitution and illegally arrest one’s enemies. Had this letter been published at the time, an excellent case might have been made for the impeachment and removal of a president who had broken that oath he had taken to defend and to protect the Constitution by conspiring to obstruct and pervert the course of justice.",,,
q00862,top1973:886,1702196,1,18,https://www.goodreads.com/work/quotes/1702196,"Now-a-days lower Broadway is blocked with traffic at this hour and everyone walks; even the decrepit John Jacob Astor can be seen crawling along the street like some ancient snail, his viscous track the allure of money. Instead",,,
q00863,top1973:886,1702196,1,19,https://www.goodreads.com/work/quotes/1702196,"AFTER HAMILTON’S DEATH, I remained at Richmond Hill for ten days. I confess that I was not prepared for the response to our interview. Apparently no one had ever fought a duel in the whole history of the United States until Aaron Burr invented this diabolic game in order to murder the greatest American that ever lived (after George Washington, of course). Over night the arrogant, mob-detesting Hamilton was metamorphosed into a Christ-like figure with me as the Judas—no, the Caiaphas who so villainously despatched the godhead to its heavenly father (George Washington again) at Weehawk, our new Jerusalem’s most unlikely Golgotha. I",,,
q00864,top1973:886,1702196,1,20,https://www.goodreads.com/work/quotes/1702196,"Contrary to accepted legend, the Philadelphians did not at all mind the presence of the British army in their city; in fact, many of them hoped that Washington would soon be caught and hanged, putting an end to those disruptions and discomforts which had been set in motion by the ambitions of a number of greedy and vain lawyers shrewdly able to use as cover for their private designs Jefferson’s high-minded platitudes and cloudy political theorizings. Shortly",,,
q00865,top1973:886,1702196,1,21,https://www.goodreads.com/work/quotes/1702196,"I confess to not having listened to a word of the Declaration of Independence. At the time I barely knew the name of the author of this sublime document. I do remember hearing someone comment that since Mr. Jefferson had seen fit to pledge so eloquently our lives to the cause of independence, he might at least join us in the army. But wise Tom preferred the safety of Virginia and the excitement of local politics to the discomforts and dangers of war.",,,
q00866,top1973:886,1702196,1,22,https://www.goodreads.com/work/quotes/1702196,"of all this world’s creatures, the author is the vainest,",,,
q00867,top1973:886,1702196,1,23,https://www.goodreads.com/work/quotes/1702196,We are in danger of government by professional office-holders …,,,
q00868,top1973:886,1702196,1,24,https://www.goodreads.com/work/quotes/1702196,"Oh, there are ghosts among us! But then what are memories but shadows of objects gone to dust?",,,
q00869,top1973:886,1702196,1,26,https://www.goodreads.com/work/quotes/1702196,"For two nights running he had slept in his clothes on the floor of my bedroom at the Golden Eagle; nor had I tried to move him. I knew from experience that when Luther Martin decided to sleep on the floor (or in a cupboard—he was unnaturally partial to cupboards), it was pointless to protest.",,,
q00870,top1973:886,1702196,1,27,https://www.goodreads.com/work/quotes/1702196,"Worlds are there to be conquered.” I was light but I meant what I said. We were living at a time when for the adventurous and imaginative man anything was possible. Bonaparte had inspired, no doubt in a bad way, an entire generation.",,,
q00871,top1973:886,1702196,1,28,https://www.goodreads.com/work/quotes/1702196,"At about ten in the morning toward the end of September, I stood below the hill on which the mansion Monticello was a-building. All was confusion. A large forge manned (or rather boy-ed) by a dozen black children was turning out nails. The apostle of the agrarian life gaily admitted to now being a wholesale manufacturer. “I have no choice,” said Jefferson who greeted me at the smithy. “The crops pay for re-building the house. The nails pay for groceries. I calculate at my present rate of production I shall be out of debt in four years.” I complimented him. I too have had my nail manufactories which were to get me out of debt. But somehow the nails never do the trick.",,,
q00872,top1973:886,1702196,1,29,https://www.goodreads.com/work/quotes/1702196,"At first Madison was shy but Mrs. Todd soon warmed him up, filled his glass again and again with my best claret.",,,
q00873,top1973:886,1702196,2,0,https://www.goodreads.com/work/quotes/1702196?page=2,"Mrs. Todd was a pretty if coarse-looking girl with thick brows, an endearing husky laugh and rather too much flesh on her bones for my taste, which often rules me but is no tyrant.",,,
q00874,top1973:886,1702196,2,1,https://www.goodreads.com/work/quotes/1702196?page=2,I was passing in the street and thought I’d bring you the news straight from the port. Lafayette is dead!” “One cannot say that he was taken before his time. We must restrain our grief.,,,
q00875,top1973:886,1702196,2,2,https://www.goodreads.com/work/quotes/1702196?page=2,"The vice-presidential carriage arrived, splattering us sternly but justly with mud.",,,
q00876,top1973:886,1702196,2,3,https://www.goodreads.com/work/quotes/1702196?page=2,"She could not get enough of the sights and the sounds the rest of us take for granted. The Gingerbread Man on Broadway particularly intrigued her as he ran by, coat-tails streaming in the wind, pockets bulging with gingerbread, his only food. No one knows who he is or where he lives because he never speaks, just runs, eats gingerbread, sips water at the public pumps.",,,
q00877,top1973:886,1702196,2,4,https://www.goodreads.com/work/quotes/1702196?page=2,"A red face poked through the hole in the window and bellowed, “There they are, the …” We never heard just what we were, for Mr. Davis in a swift gesture raised his cane and cracked smartly the red face. “Out, you whoreson!” rang the voice of Tammany’s one-time Grand Sachem. The red face was seen no more.",,,
q00878,top1973:886,1702196,2,5,https://www.goodreads.com/work/quotes/1702196?page=2,"Halleck smiled. “Good. So do I. But then I am an enemy of the people, and regard the ship of state like any other ship: for the captain to sail it safely he must never ever consult the crew. That is why I am for a king, any king, the more tyrannical the better.",,,
q00879,top1973:886,1702196,2,6,https://www.goodreads.com/work/quotes/1702196?page=2,I plainly lacked Wilkinson’s doggedness in pursuing those commanders who might help me up in the world.,,,
q00880,top1973:886,1702196,2,7,https://www.goodreads.com/work/quotes/1702196?page=2,"I waited alone in a cold ante-room. Aides came and went, including General Knox who bestowed on me his fish eye as he went inside.",,,
q00881,top1973:886,1702196,2,8,https://www.goodreads.com/work/quotes/1702196?page=2,Nelson Chase’s dull face hung in the middle distance like a jack-a-lantern.,,,
q00882,top1973:886,1702196,2,9,https://www.goodreads.com/work/quotes/1702196?page=2,Colonel Burr sat wreathed in smoke from a long seegar.,,,
q00883,top1973:886,1702196,2,11,https://www.goodreads.com/work/quotes/1702196?page=2,I suspect Cromwell was right: the man who does not know where he’s going goes farthest.,,,
q00884,top1973:886,1702196,2,12,https://www.goodreads.com/work/quotes/1702196?page=2,"As we rounded a small pavilion, we nearly stepped into a pair of figures — who leapt apart. One was William de la Touche Clancey. The other was a well-made boy of perhaps sixteen, carefully got up to resemble a swell; only the red blunt hands betrayed the fact that he was a workie.""So!"" Clancey gave his accusing goose-like hiss.The boy looked embarrassed, as well he should. There are some things that the poor ought not to do even for money.",,,
q00885,top1973:886,1702196,2,13,https://www.goodreads.com/work/quotes/1702196?page=2,Dr. Bogart was about to tell me more when William de la Touche Clancey sat down next to me with an insolent crash (do I resemble a country youth because I am small?),,,
q00886,top1973:886,1702196,2,14,https://www.goodreads.com/work/quotes/1702196?page=2,"The Bowery b'hoys were delighted ... to observe a pair of their favorites in league against their natural enemy, for Clancey detests our democracy, finds even the Whigs radical, the Adams family vulgar, Daniel Webster a sans-culotte. He fills the pages of his magazine America with libellous comments on all things American. Despite a rich wife and five children, he is a compulsive sodomite, forever preying on country boys new to the city.",,,
q00887,top1973:886,1702196,2,15,https://www.goodreads.com/work/quotes/1702196?page=2,"Safe at the opposite corner, Clancey was himself again — coolly disdainful despite dirt-smeared face, torn shirt ... Clancey's voice is like that of a furious goose, all honks and hisses.",,,
q00888,top1973:886,1702196,2,16,https://www.goodreads.com/work/quotes/1702196?page=2,"As we left the bar, we saw two men fighting at the wooden pump. One was short and stocky: he was pummelling a tall gangling creature with loose flapping arms ... Edwin Forrest was giving a much deserved beating to William de la Touche Clancey, the Tory sodomite.",,,
q00889,top1973:886,1702196,2,17,https://www.goodreads.com/work/quotes/1702196?page=2,"The next week both small pox and the bloody flux began to go through the camp. General Washington maintained that the flux came from drinking new cider. But the cider-drinking continued, and so for that matter did the flux, which is a terrible death, the bowels emptying out one’s life in bloody spasms. I",,,
q00890,top1973:886,1702196,2,18,https://www.goodreads.com/work/quotes/1702196?page=2,"breathed breakfast Madeira in my face. “Charlot, he has robbed me!” I looked at her blankly; not breathing until she removed her face from mine, and sank back onto the velvet cushions. “I have married a thief!” Madame clutched her reticule to her bosom as though I had designs on one or the other, and in a torrent of Frenchified English told me how she had owned stock in a toll-bridge near Hartford. During the first raptures of their honeymoon in the house of Governor Edwards, the Colonel persuaded her to sell the stock. So trusting, so loving, so secure in her new place as the bride of a former vice-president, Madame",,,
q00891,top1974:982,14948,1,0,https://www.goodreads.com/work/quotes/14948,"Only the rocks live forever, Gray Wolf said.",,,
q00892,top1974:982,14948,1,1,https://www.goodreads.com/work/quotes/14948,"The way we react to the Indian will always remain this nation’s unique moral headache. It may seem a smaller problem than our Negro one, and less important, but many other sections of the world have had to grapple with slavery and its consequences. There’s no parallel for our treatment of the Indian. In Tasmania the English settlers solved the matter neatly by killing off every single Tasmanian, bagging the last one as late as 1910. Australia had tried to keep its aborigines permanently debased—much crueler than anything we did with our Indians. Brazil, about the same. Only in America did we show total confusion. One day we treated Indians as sovereign nations. Did you know that my relative Lost Eagle and Lincoln were photographed together as two heads of state? The next year we treated him as an uncivilized brute to be exterminated. And this dreadful dichotomy continues.",,,
q00893,top1974:982,14948,1,2,https://www.goodreads.com/work/quotes/14948,"It took her three seconds-one, two, three-to know that her destiny required her to join this man, and his gun and his wagon, and his waiting horses. She had no conception of what was being asked of her, but she knew that there could be no viable alternative. She dashed inside the orphanage and grabbed the few things that belonged to her.",,,
q00894,top1974:982,14948,1,3,https://www.goodreads.com/work/quotes/14948,"Where, indeed? Captain Vincent Reed had been born in the city of Richmond, Virginia, of northern parents who were stationed there by the telegraph company. He had attended West Point and he thought he knew something about warfare, having served under General Pope in his long and futile struggle against General Stonewall Jackson. Those men were fighters who would face the enemy till the last bullet was fired, but neither would participate in such a slaughter. Reed had had his troops in position. He was quite prepared to rush in for the kill, and he had positioned himself so that he would be in the vanguard when his men made their charge against the guns of the young braves threatening the left flank. But when he saw that the enemy had no weapons, that even their bows and arrows were not at hand, and that he was supposed to chop down little girls and old women, he rebelled on the spot, taking counsel with no one but his own conscience.",,,
q00895,top1974:982,14948,1,4,https://www.goodreads.com/work/quotes/14948,"The Rockies are therefore very young and should never be thought of as ancient. They are still in the process of building and eroding, and no one today can calculate what they will look like ten million years from now. They have the extravagant beauty of youth, the allure of adolescence, and they are mountains to be loved.",,,
q00896,top1974:982,14948,1,5,https://www.goodreads.com/work/quotes/14948,"Of all the men who were photographed that day, the chief’s life had come closest to the American ideal, closest in observing the principles on which this nation had been founded. He was immeasurably greater than Chester Arthur, the hack politician from New York, incomparably finer than Robert Lincoln, a niggardly man of no stature who inherited from his father only his name, and a better warrior, considering his troops and ordnance, than Phil Sheridan. His only close competitor was Senator Vest, who shared with him a love of land and a joy in seeing it used constructively.",,,
q00897,top1974:982,14948,1,6,https://www.goodreads.com/work/quotes/14948,"At last he found the branching stream that flowed down from Blue Valley, and now he was guided by the little stone beaver that climbed the cliff.",,,
q00898,top1974:982,14948,1,7,https://www.goodreads.com/work/quotes/14948,"In the late afternoon he was standing by a tent run by a trapper-merchant from Oregon, an Englishman named Haversham, the only man at the rendezvous in European dress, and Haversham asked, “Care for a cup of tea?” It had been a long time since McKeag had drunk tea and he said, “Don’t mind if I do.” The Englishman had two china cups and a small porcelain pot. Washing the cups with steaming water, he took down a square brown tin, opened the top carefully and placed a small portion of leaves in the pot. To McKeag they bore no visible difference from the tea leaves his mother had used, but when Haversham poured him a cup and he took his first sip, an aroma unlike any he had ever known greeted him. He sniffed it several times, then took a deep taste of the hot tea. It was better than anything he had previously tasted, better even than whiskey. What did it taste like? Well, at first it was tarry, as if the person making the tea had infused by mistake some stray ends of well-tarred rope. But it was penetrating too, and a wee bit salty, and very rich and lingering. McKeag noticed that its taste dwelled in the mouth long after that of an ordinary tea. It was a man’s tea, deep and subtle and blended in some rugged place. “What is it?” he asked. Haversham pointed to the brown canister, and McKeag said, “I can’t read.” Haversham indicated the lettering and the scene of tea-pickers in India. “Lapsang souchong,” he said. “Best tea in the world.” Impulsively McKeag asked, “You have some for sale?” “Of course. We’re the agents.” It was a tea, Haversham explained, blended in India especially for men who had known the sea. It was cured in a unique way which the makers kept secret. “But smoke and tar must obviously play a part,” he said. It came normally from India to London, but the English traders in Oregon imported theirs from China. “How long would a can like that last?” McKeag asked, cautiously again. “It’ll keep forever … with the top on.” “I mean, how many cups?” “I use it sparingly. It would last me a year.” “I’ll take two cans,” McKeag said, without asking the price. It was expensive, and as he tucked his small supply of coins back into his belt, Haversham explained, “The secret in making good lapsang souchong lies in heating the cup first. Heat it well. Then the flavor expands.” McKeag hid the canisters at the bottom of his gear, for he knew they were precious.",,,
q00899,top1974:982,14948,1,8,https://www.goodreads.com/work/quotes/14948,"From too much love of living, From hope and fear set free, We thank with brief thanksgiving Whatever gods may be That no life lives forever; That dead men rise up never; That even the weariest river Winds somewhere safe to sea.",,,
q00900,top1974:982,14948,1,9,https://www.goodreads.com/work/quotes/14948,"Our People were imprisoned within the most difficult of the Indian languages, so difficult indeed that no other tribe except one related branch, the Gros Ventres, ever learned to speak it. It stood by itself, a language spoken by only 3300 people in the world: that was the total number of Our People. The enemy tribes were not much larger: the Ute had 3600; the Comanche, 3500; the Pawnee, about 6000. The great Cheyenne, who would be famous in history, had only 3500. The Dakota, known also as the Sioux, had many branches, and they totaled perhaps 11,000.",,,
q00901,top1974:982,14948,1,17,https://www.goodreads.com/work/quotes/14948,"language could be most robust, with words that would have shocked ordinary Baptists or Presbyterians. They particularly liked to use barnyard terms,",,,
q00902,top1974:982,14948,1,23,https://www.goodreads.com/work/quotes/14948,"Las Mañanitas,” the birthday song with that totally strange beginning “This is the song King David sang,” captivated him, and he always sang along. “It must be the strangest birthday song in the world,” he told me, “and the best.",,,
q00903,top1974:982,14948,1,27,https://www.goodreads.com/work/quotes/14948,"The universities were judged not on their libraries or their research centers or their courses in philosophy, but only on their capacity to buy a football team, most of whose members did not come from the home state or reside in it. Often they were not even true students connected with the university; they were young men dedicated principally to the job of landing contracts with acknowledged professional teams after their so-called graduations from the institutions of which they had never been a real part.",,,
q00904,top1974:982,14948,1,28,https://www.goodreads.com/work/quotes/14948,"This nation is running out of everything. We forgot the fact that we’ve always existed in a precarious balance, and now if we don’t protect all the components, we’ll collapse.",,,
q00905,top1974:982,14948,1,29,https://www.goodreads.com/work/quotes/14948,"In some families the rider always arrives too late, no matter how soon he starts.",,,
q00906,top1975:3699,551195,1,0,https://www.goodreads.com/work/quotes/551195,I am often asked the question How can the masses permit themselves to be exploited by the few. The answer is By being persuaded to identify with them.,,,
q00907,top1975:3699,551195,1,1,https://www.goodreads.com/work/quotes/551195,It was evident to him that the world composed and recomposed itself constantly in an endless process of dissatisfaction.,,,
q00908,top1975:3699,551195,1,2,https://www.goodreads.com/work/quotes/551195,"We are all good friends. Friendship is what endures. Shared ideals, respect for the whole character of a human being.",,,
q00909,top1975:3699,551195,1,3,https://www.goodreads.com/work/quotes/551195,"Because like all whores you value propriety. You are creature of capitalism, the ethics of which are so totally corrupt and hypocritical that your beauty is no more than the beauty of gold, which is to say false and cold and useless.",,,
q00910,top1975:3699,551195,1,4,https://www.goodreads.com/work/quotes/551195,"Writing is like driving a car at night. You can only see as far as your headlights, but you can make the whole trip that way.",,,
q00911,top1975:3699,551195,1,5,https://www.goodreads.com/work/quotes/551195,"And though the newspapers called the shooting the Crime of the Century, Goldman knew it was only 1906 and there were ninety-four years to go.",,,
q00912,top1975:3699,551195,1,6,https://www.goodreads.com/work/quotes/551195,You're nothing more than a clever prostitute. You accepted the conditions in which you found yourself and you triumphed.,,,
q00913,top1975:3699,551195,1,7,https://www.goodreads.com/work/quotes/551195,"His life was absurd. He went all over the world accepting all kinds of bondage and escaping. He was roped to a chair. He escaped. He was chained to a ladder. He escaped. He was handcuffed, his legs were put in irons, he was tied up in a strait jacket and put in a locked cabinet. He escaped. He escaped from bank vaults, nailed-up barrels, sewn mailbags; he escaped from a zinc-lined Knabe piano case, a giant football, a galvanized iron boiler, a rolltop desk, a sausage skin. His escapes were mystifying because he never damaged or appeared to unlock what he escaped from. The screen was pulled away and there he stood disheveled but triumphant beside the inviolate container that was supposed to have contained him. He waved to the crowd. He escaped from a sealed milk can filled with water. He escaped from a Siberian exile van. From a Chinese torture crucifix. From a Hamburg penitentiary. From an English prison ship. From a Boston jail. He was chained to automobile tires, water wheels, cannon, and he escaped. He dove manacled from a bridge into the Mississippi, the Seine, the Mersey, and came up waving. He hung upside down and strait-jacketed from cranes, biplanes and the tops of buildings. He was dropped into the ocean padlocked in a diving suit fully weighted and not connected to an air supply, and he escaped. He was buried alive in a grave and could not escape, and had to be rescued. Hurriedly, they dug him out. The earth is too heavy, he said gasping. His nails bled. Soil fell from his eyes. He was drained of color and couldn't stand. His assistant threw up. Houdini wheezed and sputtered. He coughed blood. They cleaned him off and took him back to the hotel. Today, nearly fifty years since his death, the audience for escapes is even larger.",,,
q00914,top1975:3699,551195,1,8,https://www.goodreads.com/work/quotes/551195,And why? Is our genius only in our wombs? Can we not write books and create learned scholarship and perform music and provide philosophical models for the betterment of mankind?,,,
q00915,top1975:3699,551195,1,9,https://www.goodreads.com/work/quotes/551195,Father looked at her and she was beautiful in the way she had been as a girl. He did not realize the pleasure he felt in having made her cry.,,,
q00916,top1975:3699,551195,1,10,https://www.goodreads.com/work/quotes/551195,"Thus with continued concentration and the expenditure of enormous amounts of energy he tried to keep himself from slipping into the vast distances of his unhappiness. It was all around him. It was a darkness as impudently close as his brow. It choked him by its closeness. And what was most terrifying was its treachery. He would wake up in the morning and see the sun coming in the window, and sit up in his bed and think it was gone, and then find it there after all, behind his ears or in his heart.",,,
q00917,top1975:3699,551195,1,11,https://www.goodreads.com/work/quotes/551195,"The consumption of food was a sacrament of success. A man who carried a great stomach before him was thought to be in his prime. Women went into hospitals to die of burst bladders, collapsed lungs, overtaxed hearts and meningitis of the spine. There was a heavy traffic to the spas and sulphur springs, where the purgative was valued as an inducement to the appetite. America was a great farting country. All this began to change when Taft moved into the White House. His accession to the one mythic office in the American imagination weighed everyone down. His great figure immediately expressed the apotheosis of that style of man. Thereafter fashion would go the other way and only poor people would be stout.",,,
q00918,top1975:3699,551195,1,12,https://www.goodreads.com/work/quotes/551195,"It proposed that human beings, by the act of making witness, warranted times and places for their existence other than the time and place they were living through.",,,
q00919,top1975:3699,551195,1,13,https://www.goodreads.com/work/quotes/551195,"Poor Father, I see his final exploration. He arrives at the new place, his hair risen in astonishment, his mouth and eyes dumb. His toe scuffs a soft storm of sand, he kneels and his arms spread in pantomimic celebration, the immigrant, as in every moment of his life, arriving eternally on the shore of his Self.",,,
q00920,top1975:3699,551195,1,14,https://www.goodreads.com/work/quotes/551195,"No longer expecting to be beautiful and touched with grace till the end of her days, she was coming to the realization that whereas once, in his courtship, Father might have embodied the infinite possibilities of loving, he had aged and gone dull, made stupid, perhaps, by his travels and his work, so that more and more he only demonstrated his limits, that he had reached them, and that he would never move beyond them.",,,
q00921,top1975:3699,551195,1,15,https://www.goodreads.com/work/quotes/551195,"To Morgan, the disfigurement of his monstrous nose was the touch of God upon him, the assurance of mortality. It was the steadiest assurance he had.",,,
q00922,top1975:3699,551195,1,17,https://www.goodreads.com/work/quotes/551195,Somehow he had catapulted himself beyond the world's value system. But this very fact lay upon him an awesome responsibility to maintain the illusions of other men.,,,
q00923,top1975:3699,551195,1,18,https://www.goodreads.com/work/quotes/551195,It is the law of wealth that such people only profit from the money that is taken from them.,,,
q00924,top1975:3699,551195,1,19,https://www.goodreads.com/work/quotes/551195,"So that individuation may be compared to a pyramid in that it is only achieved by the placement of the top stone… The Jews, Ford said. They ain't like anyone else I know. There goes you theory up shits creek. He smiled.",,,
q00925,top1975:3699,551195,1,20,https://www.goodreads.com/work/quotes/551195,"Despite such experiences Houdini never developed what we think of as a political consciousness. He could not reason from his own hurt feelings. To the end he would be almost totally unaware of the design of his career, the great map of revolution laid out by his life. He was a Jew. His real name was Erich Weiss. He was passionately in love with his ancient mother whom he had installed in his brownstone home on West 113th Street. In fact Sigmund Freud had just arrived in America to give a series of lectures at Clark University in Worcester, Massachusetts, and so Houdini was destined to be, with Al Jolson, the last of the great shameless mother lovers, a nineteenth-century movement that included such men as Poe, John Brown, Lincoln, and James McNeill Whistler. Of course Freud's immediate reception in America was not auspicious. A few professional alienists understood his importance, but to most of the public he appeared as some kind of German sexologist, an exponent of free love who used big words to talk about dirty things. At least a decade would have to pass before Freud would have his revenge and see his ideas begin to destroy sex in America for ever.",,,
q00926,top1975:3699,551195,1,21,https://www.goodreads.com/work/quotes/551195,"But the boy's eyes saw only the tracks made by the skaters, traces quickly erased of moments past, journeys taken.",,,
q00927,top1975:3699,551195,1,22,https://www.goodreads.com/work/quotes/551195,"When the Great War came he would wage it with the fury of the affronted. Neither Theodore Roosevelt’s son Quentin, who was to die in a dogfight over France, nor the old Bull Moose himself, who was to die in grief not long thereafter, would survive Wilson’s abhorrence of war.",,,
q00928,top1975:3699,551195,1,23,https://www.goodreads.com/work/quotes/551195,Suppose I could prove to you that there are universal patterns of order and repetition that give meaning to the activity of this planet. Suppose I could demonstrate that you yourself are an instrumentation in our modern age of trends,,,
q00929,top1975:3699,551195,1,24,https://www.goodreads.com/work/quotes/551195,"Grandfather's stories proposed to him that the forms of life were volatile and that everything in the world could as easily be something else. The old man's narrative would often drift from English to Latin without his being aware of it, as if he were reading to one of his classes of forty years before, so that it appeared nothing was immune to the principle of volatility, not even language.",,,
q00930,top1975:3699,551195,1,25,https://www.goodreads.com/work/quotes/551195,"For a moment he thought the chair was aligned, but then he decided it was not. He moved it another turn to the right. He tried sitting in the chair now but it still felt peculiar. He turned it again. Eventually he made a complete circle and still he could not find the proper alignment for the chair.",,,
q00931,top1975:3699,551195,1,28,https://www.goodreads.com/work/quotes/551195,"It was clear the crisis was driving the spirit from their lives. Father had always felt secretly that as a family they were touched by an extra light. He felt it going now. He felt stupid and plodding, available simply to have done to him what circumstances would do.",,,
q00932,top1975:3699,551195,1,29,https://www.goodreads.com/work/quotes/551195,"In the morning he picked up a discarded newspaper. On the front page was an account of the police terror in Lawrence, Massachusetts. He found his cigarettes in their box in his pocket and smoked and read the paper. An editorial called for an investigation of the outrage by the Federal Government. So that was it, the strike would be won. But then what? He heard the clacking of the looms. A salary of six dollars and change. Would that transform their lives? They would still live in that wretched room, in that terrible dark street. Tateh shook his head. This country will not let me breathe.",,,
q00933,top1975:3699,551195,2,1,https://www.goodreads.com/work/quotes/551195?page=2,"With his disciples he sailed back to Germany on the Kaiser Wilhelm der Grosse. He had not really gotten used to the food or the scarcity of American public facilities. He believed the trip had ruined both his stomach and his bladder. The entire population seemed to him over-powered, brash and rude. The vulgar wholesale appropriation of European art and architecture regardless of period or country he found appalling. He had seen in our careless commingling of great wealth and great poverty the chaos of an entropic European civilization. He sat in his quiet cozy study in Vienna, glad to be back. He said to Ernest Jones, America is a mistake, a gigantic mistake.",,,
q00934,top1975:3699,551195,2,2,https://www.goodreads.com/work/quotes/551195?page=2,"Teddy Roosevelt was President. The population customarily gathered in great numbers either out of doors for parades, public concerts, fish fries, political picnics, social outings, or indoors in meeting halls, vaudeville theatres, operas, ballrooms. There seemed to be no entertainment that did not involve great swarms of people. Trains and steamers and trolleys moved them from one place to another. That was the style, that was the way people lived.",,,
q00935,top1975:3699,551195,2,4,https://www.goodreads.com/work/quotes/551195?page=2,"Tracks! Tracks! It seemed to the visionaries who wrote for the popular magazines that the future lay at the end of parallel rails. There were longdistance locomotive railroads and interurban electric railroads and street railways and elevated railroads, all laying their steel stripes on the land, crisscrossing like the texture of an indefatigable civilization. And in Boston and New York there were even railroads under the streets, new rapid-transit subway systems transporting thousands of people every day. In",,,
q00936,top1975:3699,551195,2,5,https://www.goodreads.com/work/quotes/551195?page=2,There was in these days of our history a highly developed system of interurban street railway lines. One could travel great distances on hard rush seats or wooden benches by taking each line to its terminus and transferring to the next.,,,
q00937,top1975:3699,551195,2,6,https://www.goodreads.com/work/quotes/551195?page=2,where reporters were not constrained by the interests of the local chamber of commerce.,,,
q00938,top1975:3699,551195,2,8,https://www.goodreads.com/work/quotes/551195?page=2,"Tompkins Square Park. The Park is crowded. This is not 14th street, this is the community. There is a music phenomenon coming out of hundreds of transistor radios. There is a mamba phenomenon. There is a dog phenomenon- there are dogs in the dog run taking craps, dogs on the leash, dogs roaming free in packs. Men and girls playing handball in the fenced-in handball courts. The girls are good. They shout in Spanish. Dogs jump for the ball in the handball courts. In the benches of the park sit old Ukrainian ladies with babushkas. The old ladies have small yapping dogs on leashes. Old men play chess at tables. The old dogs of the men lie under the stone tables with their tongues hanging. On the big dirt hill in the centre of the park, a kid and a dog roll over each other. A burned-out head drifts by, barefoot with his feet red and swollen. A dog growls at him. Down the path from the old ladies in babushkas sits one blond-haired girl on the pipe fence. Four black guys surround her. One talks to her earnestly. She stares straight ahead. Her radio plays Aretha. Her dog sleeps at the end of its leash. Benches are turned over, a group of hippies huddles around the guitar, dogs streak back and forth under the bandshell with the zigzag propulsion of pinballs. Two cop cars are parked on 10th street. Mambo, mambo. A thousand radios play rock.",,,
q00939,top1975:3699,551195,2,10,https://www.goodreads.com/work/quotes/551195?page=2,The businessmen wondered if they could create such individuals not from the accidents of news events but from the deliberate manufactures of their own medium.,,,
q00940,top1976:6971,363317,1,0,https://www.goodreads.com/work/quotes/363317,"Love can't mature in one room. It has to come out of the full sharing of everything: joys, aspirations, downfalls, all of it. That's the only real path to love.",,,
q00941,top1976:6971,363317,1,1,https://www.goodreads.com/work/quotes/363317,"If you're lucky enough to fall in love, that's one thing. Otherwise all that was ever truly beautiful to me was boyhood. It's the meal we sup on for the rest of our lives. Love puts the icing on life. But if you don't find it...you must call on your childhood memories over and over till you do.",,,
q00942,top1976:6971,363317,1,2,https://www.goodreads.com/work/quotes/363317,"Look at me, man, look at me and tell me I don't know what I'm about. I'm Conor Larkin. I'm an Irishman and I've had enough.",,,
q00943,top1976:6971,363317,1,3,https://www.goodreads.com/work/quotes/363317,The only time we can attract a crowd is for some pilgrimage up some god-damned holy mountain to chase the snakes and banshees out of the country.,,,
q00944,top1976:6971,363317,1,4,https://www.goodreads.com/work/quotes/363317,"It all begins and ends in the same place, doesn't it? Conor and me in Ballyutogue. We all come home eventually.",,,
q00945,top1976:6971,363317,1,5,https://www.goodreads.com/work/quotes/363317,"There's a curse on me as there's a curse on the Larkin name. The curse comes back, again and again, to taunt me! Ronan! Kilty! Tomas! And now me! What are the Irish among men? Are we lepers? Are we a blight? Will there ever be an end to our tears?",,,
q00946,top1976:6971,363317,1,6,https://www.goodreads.com/work/quotes/363317,The issue before the British government was not the survival of the people they had conquered but the survival of the aristocracy they had planted on our soil.,,,
q00947,top1976:6971,363317,1,7,https://www.goodreads.com/work/quotes/363317,"After the crushing of the Wolfe Tone’s United Irishmen Rising of 1798, the British were determined not to have to contend with any further liberation-minded Dublin Parliaments. To this end, William Pitt, the British Prime Minister, engineered an Act of Union for the sole purpose of total political suppression of the Irish. Cornwallis, the Viceroy of Ireland, embarked on a campaign of rank chicanery designed to coerce the Dublin Parliament into dissolving itself after five hundred years. When it was done, the Cross of St. Patrick was added to the British Cross of St. George and the Scottish Cross of St. Andrew, all fixed on a single banner known as the Union Jack to fly over a so-called United Kingdom. For",,,
q00948,top1976:6971,363317,1,8,https://www.goodreads.com/work/quotes/363317,"They were the weary down there, the craggy-faced, knobby, leather-handed toilers rehearsing their own demise, yielding in pitiful weakness to the scythe of mystery kept poised a lifetime at their jugulars … too simple and too tired to protest … too frightened to seek the truth … succumbed in silence, for without it … what was there left to believe?",,,
q00949,top1976:6971,363317,1,9,https://www.goodreads.com/work/quotes/363317,Belfast was born as the mongoloid child of British imperialism.,,,
q00950,top1976:6971,363317,1,11,https://www.goodreads.com/work/quotes/363317,I've not been right for any man or myself since I met you.,,,
q00951,top1976:6971,363317,1,12,https://www.goodreads.com/work/quotes/363317,"If I burned you for a fool, I’d have wise ashes,” he said.",,,
q00952,top1976:6971,363317,1,13,https://www.goodreads.com/work/quotes/363317,A lot was spoken but nothing was said.,,,
q00953,top1976:6971,363317,1,14,https://www.goodreads.com/work/quotes/363317,. “We’re still a family and you don’t count time as minutes on a clock or miles of an ocean.” Brigid tried to shove past him but he held fast.,,,
q00954,top1976:6971,363317,1,15,https://www.goodreads.com/work/quotes/363317,"Certain of us are meant for certain things,” he began. “I thank God I discovered at an early age and was able to make peace about myself within the narrow framework allowed to me. There’s a book kept on all of us from the moment we’re born. If only we could open it and really learn what’s in store. The problem is it takes most of us most of our lives to understand what we should have known from the beginning.",,,
q00955,top1976:6971,363317,1,16,https://www.goodreads.com/work/quotes/363317,"If you remember nothing else, remember this. No crime a man commits in behalf of his freedom can be as great as the crimes committed by those who deny his freedom.",,,
q00956,top1976:6971,363317,1,17,https://www.goodreads.com/work/quotes/363317,"There is no present or future—only the past, happening over and over again—now.” —EUGENE O’NEILL",,,
q00957,top1976:6971,363317,1,18,https://www.goodreads.com/work/quotes/363317,No blight that ever destroyed our fields can match the human blight that came to us from across the Irish Sea. Why don’t you people declare war on your ignorance?,,,
q00958,top1976:6971,363317,1,21,https://www.goodreads.com/work/quotes/363317,She could start a fight in an empty house.,,,
q00959,top1976:6971,363317,1,24,https://www.goodreads.com/work/quotes/363317,"In that case,” Tomas answered softly, “your sin will be as grave as mine. I know it’s disappointing to you after having waited so long for the sweet victory of Kilty and Tomas Larkin both inside St. Columba’s at the same time … one laid out and the other on his knees praying for his immortal soul. But God won’t know who we are anyhow, because we’ve priests here who don’t even know how to pray in the Irish language … it’s that English they are.",,,
q00960,top1976:6971,363317,1,25,https://www.goodreads.com/work/quotes/363317,"For you see, in Ireland there is no future, only the past happening over and over.",,,
q00961,top1976:6971,363317,1,26,https://www.goodreads.com/work/quotes/363317,Caroline are definitely the people to carry it out.” Men of ambition understood men of ambition,,,
q00962,top1976:6971,363317,1,27,https://www.goodreads.com/work/quotes/363317,"Parnell’s star had zenithed. The aloof man who spoke loudest by listening, the unemotional exterior which wept within at injustice, the shy man whose moral strength was powerfully evident, the Protestant who fought the Catholic cause, the Anglo-ascendancy landowner who led the landless, the Cambridge-educated genius who alone was able to rally and control an effective conglomeration of wild Irishmen. Charles Stewart Parnell, indeed, was the uncrowned king of Ireland.",,,
q00963,top1976:6971,363317,1,28,https://www.goodreads.com/work/quotes/363317,There were a lot of things between us we never exactly put into words because they were understood.,,,
q00964,top1976:6971,363317,1,29,https://www.goodreads.com/work/quotes/363317,"With the hours they worked and having the yearly baby, it was small wonder the grayness came and the teeth were lost and the stoop of weariness invaded long before its rightful time. There was little joy for these women. Even the joy that one felt as a haughty young girl being courted, and the joy of the moment of marriage, fled too soon.",,,
q00965,top1977:2363,30365,1,0,https://www.goodreads.com/work/quotes/30365,"The bond that links your true family is not one of blood, but of respect and joy in each other's life. Rarely do members of one family grow up under the same roof.",,,
q00966,top1977:2363,30365,1,1,https://www.goodreads.com/work/quotes/30365,Your conscience is the measure of the honesty of your selfishness.Listen to it carefully.,,,
q00967,top1977:2363,30365,1,2,https://www.goodreads.com/work/quotes/30365,You're never given a dream without also being given the power to make it true.,,,
q00968,top1977:2363,30365,1,3,https://www.goodreads.com/work/quotes/30365,"Don't be dismayed at good-byes. A farewell is necessary before you can meet again. And meeting again, after moments or lifetimes, is certain for those who are friends.",,,
q00969,top1977:2363,30365,1,4,https://www.goodreads.com/work/quotes/30365,I do not exist to impress the world. I exist to live my life in a way that will make me happy.,,,
q00970,top1977:2363,30365,1,5,https://www.goodreads.com/work/quotes/30365,"What the caterpillar calls the end of the world, the master calls a butterfly.",,,
q00971,top1977:2363,30365,1,6,https://www.goodreads.com/work/quotes/30365,Your only obligation in any lifetime is to be true to yourself.,,,
q00972,top1977:2363,30365,1,7,https://www.goodreads.com/work/quotes/30365,"Argue for your limitations and, sure enough, they're yours.",,,
q00973,top1977:2363,30365,1,8,https://www.goodreads.com/work/quotes/30365,We teach best what we most need to learn.,,,
q00974,top1977:2363,30365,1,9,https://www.goodreads.com/work/quotes/30365,"Remember where you came from, where you're going, and why you created this mess you got yourself into in the first place.",,,
q00975,top1977:2363,30365,1,10,https://www.goodreads.com/work/quotes/30365,"If you will practice being fictional for a while, you will understand that fictional characters are sometimes more real than people with bodies and heartbeats.",,,
q00976,top1977:2363,30365,1,11,https://www.goodreads.com/work/quotes/30365,"Learning is finding out what you already know. Doing is demonstrating that you know it. Teaching is reminding others that they know just as well as you. You are all learners, doers, teachers.",,,
q00977,top1977:2363,30365,1,12,https://www.goodreads.com/work/quotes/30365,"Listen,' he said. 'It's important. We are all. Free. To do. Whatever. We want. To do.",,,
q00978,top1977:2363,30365,1,13,https://www.goodreads.com/work/quotes/30365,"Believe you know all the answers, and you know all the answers. Believe you're a master, and you are.",,,
q00979,top1977:2363,30365,1,14,https://www.goodreads.com/work/quotes/30365,"This is a test to see if your mission in this life is complete, if you are alive, it isn't.",,,
q00980,top1977:2363,30365,1,15,https://www.goodreads.com/work/quotes/30365,"The best way to avoid responsibility is to say, 'I've gotresponsibilities.",,,
q00981,top1977:2363,30365,1,16,https://www.goodreads.com/work/quotes/30365,"The world is your exercise book, the pages on which you do your sums. It is not reality, though you may express reality there if you wish. You are also free to write lies, or nonsense, or to tear the pages.",,,
q00982,top1977:2363,30365,1,17,https://www.goodreads.com/work/quotes/30365,You seek problems because you need their gifts.,,,
q00983,top1977:2363,30365,1,18,https://www.goodreads.com/work/quotes/30365,if you argue for your limitations they are yours,,,
q00984,top1977:2363,30365,1,19,https://www.goodreads.com/work/quotes/30365,Live never to be ashamed if anything you do or say is published around the world -- even if what is published is not true.,,,
q00985,top1977:2363,30365,1,20,https://www.goodreads.com/work/quotes/30365,"You are led through your lifetime by the inner learning creature, the playful spiritual being that is your real self. Don't turn away from possible futures before you're certain you don't have anything to learn from them. You're always free to change your mind and choose a different future, or a different past.",,,
q00986,top1977:2363,30365,1,21,https://www.goodreads.com/work/quotes/30365,"Amazing. You were so attached to it, and it still disappeared for you.""“Attached! I was whocking that cloud with everything I had! Fireballs, laser beams, vacuum cleaner a block high...”“Negative attachments, Richard. If you really want to remove a cloud from your life, you do not make a big production out of it, you just relax and remove it from your thinking. That’s all there is to it.",,,
q00987,top1977:2363,30365,1,22,https://www.goodreads.com/work/quotes/30365,"The world is a dream, you say, and it’s lovely, sometimes. Sunset. Clouds. Sky.”“No. The image is a dream. The beauty is real. Can you see the difference?",,,
q00988,top1977:2363,30365,1,24,https://www.goodreads.com/work/quotes/30365,How easy it is to be compassionate when it's yourself you see in trouble.,,,
q00989,top1977:2363,30365,1,26,https://www.goodreads.com/work/quotes/30365,"Like attracts like. Just be who you are, calm and clear and bright. Automatically, as we shine who we are, asking ourselves every minute is this what I really want to do, doing it only when we answer yes, automatically that turns away those who have nothing to learn from who we are,and attracts those who do, and from whom we have to learn, as well.",,,
q00990,top1977:2363,30365,1,29,https://www.goodreads.com/work/quotes/30365,The original sin is to limit the Is. Don't.,,,
q00991,top1977:2363,30365,2,0,https://www.goodreads.com/work/quotes/30365?page=2,"Nothing good is a miracle, nothing lovely is a dream.",,,
q00992,top1977:2363,30365,2,1,https://www.goodreads.com/work/quotes/30365?page=2,Happiness is a choice. It is not always an easy one.,,,
q00993,top1977:2363,30365,2,2,https://www.goodreads.com/work/quotes/30365?page=2,The only obligation we have in any lifetime is to be true to ourselves.,,,
q00994,top1977:2363,30365,2,4,https://www.goodreads.com/work/quotes/30365?page=2,"Only a few people are interested in what you have to say, but that's all right. You don't tell the quality of a master by the size of his crowds, remember.",,,
q00995,top1977:2363,30365,2,5,https://www.goodreads.com/work/quotes/30365?page=2,"I'll quote the truth wherever I find it, thank you.",,,
q00996,top1977:2363,30365,2,6,https://www.goodreads.com/work/quotes/30365?page=2,"But one creature said at last, ""I am tired of clinging. Though I cannot see it with my eyes, I trust that the current knows where it is going. I shall let go, and let it take me where it will. Clinging, I shall die of boredom.",,,
q00997,top1977:2363,30365,2,7,https://www.goodreads.com/work/quotes/30365?page=2,"Two thousand years ago, five thousand, they didn't have a word for imagination, and faith was the best they could come up with for a pretty solemn bunch of followers.",,,
q00998,top1977:2363,30365,2,8,https://www.goodreads.com/work/quotes/30365?page=2,"Anybody who’s ever mattered, anybody who’s ever been happy, anybody who’s ever given any gift into the world has been a divinely selfish soul, living for his own best interest. No exceptions.",,,
q00999,top1977:2363,30365,2,9,https://www.goodreads.com/work/quotes/30365?page=2,In the path of our happiness shall we find the learning for which we have chosen this lifetime.,,,
q01000,top1977:2363,30365,2,10,https://www.goodreads.com/work/quotes/30365?page=2,There was part of me listening that didn't think what I said was fiction. I was making up a true story.,,,
q01001,top1977:2363,30365,2,11,https://www.goodreads.com/work/quotes/30365?page=2,"We are game-playing, fun-having creatures, we are the otters of the universe.",,,
q01002,top1977:2363,30365,2,12,https://www.goodreads.com/work/quotes/30365?page=2,"Responsible is Able to Respond, able to answer for the way we choose to live. There's only one person we have to answer to, of course, and that is...?...ourselves.",,,
q01003,top1977:2363,30365,2,13,https://www.goodreads.com/work/quotes/30365?page=2,"We choose, ourselves, to be hurt or not to be hurt, no matter what. Us who decides. Nobody else.",,,
q01004,top1977:2363,30365,2,14,https://www.goodreads.com/work/quotes/30365?page=2,"Learning/ is finding out/ what you already know./ Doing is demonstrating that/ you know it./ Teach is reminding others/ that they known just as well as you. Your only/ obligation in any life time/ is to be true to yourself. The simplest questions/ are the most profound./ Where were you born? Where is your home?/ Where are you going?/ What are you doing?/ Think about these/ once in a while, and/ watch your answers/ change.",,,
q01005,top1977:2363,30365,2,15,https://www.goodreads.com/work/quotes/30365?page=2,"Argue for your limitations and you get to keep them,",,,
q01006,top1977:2363,30365,2,19,https://www.goodreads.com/work/quotes/30365?page=2,"I wanted to say, for the love of God, if you want freedom, can't you see it's not anywhere outside of you? Say you have it, and you have it! Act as if it is your's, and it is! Richard, what is so damned hard about that? But they didn't hear, most of them. Miracles - like going to auto races to see the crashes, they came to see miracles. First it's frustrating and then after a while it just gets dull. I have no idea how the other messiahs could stand it",,,
q01007,top1977:2363,30365,2,20,https://www.goodreads.com/work/quotes/30365?page=2,"In order to live free and happily, you must sacrifice boredom. It is not always an easy sacrifice",,,
q01008,top1977:2363,30365,2,21,https://www.goodreads.com/work/quotes/30365?page=2,"A person gets used to being alone, but break it just for a day and you have to get used to it again, all over from the beginning.",,,
q01009,top1977:2363,30365,2,23,https://www.goodreads.com/work/quotes/30365?page=2,You gave your life to become you are right now. Was it worth it?,,,
q01010,top1977:2363,30365,2,24,https://www.goodreads.com/work/quotes/30365?page=2,"Are you telling me that even though it’s changing every second, the sky is always a perfect sky?",,,
q01011,top1977:2363,30365,2,27,https://www.goodreads.com/work/quotes/30365?page=2,"Mine's a free life, but it does get lonely sometimes.",,,
q01012,top1978:7166,1936731,1,0,https://www.goodreads.com/work/quotes/1936731,"Peace, if it ever exists, will not be based on the fear of war, but on the love of peace. It will not be the abstaining from an act, but the coming of a state of mind.",,,
q01013,top1978:7166,1936731,1,1,https://www.goodreads.com/work/quotes/1936731,The girl you marry and the woman you must make a life with are two different people.,,,
q01014,top1978:7166,1936731,1,2,https://www.goodreads.com/work/quotes/1936731,"He was just head over ears in love, with a young woman as near as his hand and as remote as a star, and for the moment it was enough to be where she was.",,,
q01015,top1978:7166,1936731,1,3,https://www.goodreads.com/work/quotes/1936731,"It’s occurred to me that our human values, our ideas of right and wrong, good and bad, evolved in simpler times, before there were machines.",,,
q01016,top1978:7166,1936731,1,4,https://www.goodreads.com/work/quotes/1936731,"IT IS BETTER TO KEEP YOUR MOUTH SHUT AND LET PEOPLE THINK YOU’RE A FOOL, THAN TO OPEN IT AND REMOVE ALL DOUBT.",,,
q01017,top1978:7166,1936731,1,5,https://www.goodreads.com/work/quotes/1936731,"Gliding across an imaginary line that splits the Pacific Ocean from the north to the south polar caps, the sunrise acquired a new label, June 23. Behind that line, June 22 had just dawned. This murky international convention, amid world chaos, still stood. For the globe still turned as always in the light of the sun, ninety million miles away in black space, and the tiny dwellers on the globe still had to agree, as they went about their mutual butcheries, on a way to tell the time.",,,
q01018,top1978:7166,1936731,1,6,https://www.goodreads.com/work/quotes/1936731,"The Russian Revolution is a radical change in history. The abolition of private property has created a new world. You may like it or detest it, but it’s new. Hitler’s socialism was a sham to get a mob of gangsters into power. He’s frozen the German economy just as it was, smashed the labor unions, lengthened the working hours, cut the pay, and kept all the old rich crowd on top, the Krupps and Thyssens, the men who gave him the money to run for office. The big Nazis live like barons, like sultans. The concentration camps are for anybody who still wants the socialist part of National Socialism.""[...]""I’m sorry. I’m impressed with Hitler’s ability to use socialist prattle when necessary, and then discard it. He uses doctrines as he uses money, to get things done. They’re expendable. He uses racism because that’s the pure distillate of German romantic egotism, just as Lenin used utopian Marxism because it appealed to Russia’s messianic streak. Hitler means to hammer out a united Europe.... He understands them, and he may just succeed. A unified Europe must come. The medieval jigsaw of nations is obsolete. The balance of power is dangerous foolishness in the industrial age. It must all be thrown out. Somebody has to be ruthless enough to do it, since the peoples with their ancient hatreds will never do it themselves. It’s only Napoleon’s original vision, but he was a century ahead of his time.",,,
q01019,top1978:7166,1936731,1,7,https://www.goodreads.com/work/quotes/1936731,So it is to Hitler. He has never moved when he couldn’t get away with it.,,,
q01020,top1978:7166,1936731,1,9,https://www.goodreads.com/work/quotes/1936731,"of writers, musicians, an actress, some other new girls like me. There",,,
q01021,top1978:7166,1936731,1,10,https://www.goodreads.com/work/quotes/1936731,"Then followed an incredible tactical blunder. With the British expeditionary force helplessly retreating toward the sea, but far behind in the race and about to be cut off by Guderian’s massed tanks, the Führer halted Guderian on the River Aa, nine miles from Dunkirk, and forbade the tank divisions to advance for three days! To this day nobody has factually ascertained why he did this. Theories are almost as abundant as military historians, but they add little to the facts. During these three days the British rescued their armies from the Dunkirk beaches. That is the long and short of the “miracle of Dunkirk.",,,
q01022,top1978:7166,1936731,1,11,https://www.goodreads.com/work/quotes/1936731,"There are no difficulties that can’t be overcome,",,,
q01023,top1978:7166,1936731,1,12,https://www.goodreads.com/work/quotes/1936731,"steamy day, and though the windows of the oval study were open, the room was oppressively hot. “You know Captain Henry, of course, Admiral? His boy’s just gotten his wings at Pensacola.",,,
q01024,top1978:7166,1936731,1,13,https://www.goodreads.com/work/quotes/1936731,"Tell me, Briny,” Natalie said, “are you still having fun?” He looked around at the noisy, crowded, evil-smelling ward, where the Polish women were helplessly bringing new life into a city which was being dynamited to death by the Germans, going through unpostponable birth pangs with the best care the dying city could give them. “More fun than a barrel of monkeys.",,,
q01025,top1978:7166,1936731,1,14,https://www.goodreads.com/work/quotes/1936731,"Individually the Germans were remarkably like Americans; he thought it curious that both peoples had the eagle for their national emblem. The Germans were the same sort of businesslike go-getters: direct, roughly humorous, and usually reliable and able.",,,
q01026,top1978:7166,1936731,1,15,https://www.goodreads.com/work/quotes/1936731,"My view is that Hitler and the Nazis have grown out of the heart of German culture—a cancer, maybe, but a uniquely German phenomenon. Some very clever men have given me hell for holding this opinion. They insist the same thing could have happened anywhere, given the same conditions: defeat in a major war, a harsh peace treaty, ruinous inflation, mass unemployment, communism on the march, anarchy in the streets—all leading to the rise of a demagogue, and a reign of terror.",,,
q01027,top1978:7166,1936731,1,16,https://www.goodreads.com/work/quotes/1936731,"Churchill was exactly the kind of brilliant amateur meddler in military affairs that Hitler was. Both rose to power from the depths of political rejection. Both relied chiefly on oratory to sway the multitude. Both somehow expressed the spirits of their peoples and so won loyalty that outnumbered any mistakes, defeats and disasters. Both thought in grandiose terms, knew little about economic and logistical realities, and cared less. Both were iron men in defeat. Above all, both men had overwhelming personalities that could silence rational opposition when they talked.",,,
q01028,top1978:7166,1936731,1,18,https://www.goodreads.com/work/quotes/1936731,"He could almost picture God the Father looking down with sad wonder at this mischief. In a world so rich and lovely, could his children find nothing better to do than to dig iron from the ground and work it into vast grotesque engines for blowing each other up? Yet this madness was the way of the world.",,,
q01029,top1978:7166,1936731,1,19,https://www.goodreads.com/work/quotes/1936731,"There was no clear-cut moment of victory for the British. They really won when Sea Lion was called off, but this Hitler backdown was a secret. The Luftwaffe kept up heavy night raids on the cities, and this with the U-boat sinkings made the outlook for England darker and darker until Hitler attacked the Soviet Union. But the Luftwaffe never recovered from the Battle of Britain. This was one reason why the Germans failed to take Moscow in 1941. The blitzkrieg ran out of blitz in Russia because it had dropped too much of it on the fields of Kent and Surrey, and in the streets of London.—V.H.",,,
q01030,top1978:7166,1936731,1,20,https://www.goodreads.com/work/quotes/1936731,"Germany’s grand aim, he says, must be a Nordic racial alliance in which England maintains its sea empire, while Germany as its equal partner takes first place on the continent and acquires new soil in the east.",,,
q01031,top1978:7166,1936731,1,21,https://www.goodreads.com/work/quotes/1936731,"In a solemn tone, like a priest chanting a mass, beating time in the air with a stiff finger, Slote quoted: "" 'The German Revolution will not prove any milder or gentler because it was preceded by the Critique of Kant, by the Transcendental Idealism of Fichte. These doctrines served to develop revolutionary forces that only await their time to break forth. Christianity subdued the brutal warrior passion of the Germans, but it could not quench it. When the Cross, that restraining talisman, falls to pieces, then will break forth again the frantic Berserker rage. The old stone gods will then arise from the forgotten ruins and wipe from their eyes the dust of centuries. Thor with his giant hammer will arise again, and he will shatter the Gothic cathedrals.' ""Slote made an awkward, weak gesture with a fist to represent a hammerblow, and went on: "" 'Smile not at the dreamer who warns you against Kantians, Fichteans, and the other philosophers. Smile not at the fantasy of one who foresees in the region of reality the same outburst of revolution that has taken place in the region of intellect. The thought precedes the deed as the lightning the thunder. German thunder is of true German character. It is not very nimble but rumbles along somewhat slowly. But come it will. And when you hear a crashing such as never before has been heard in the world's history, then know that at last the German thunderbolt has fallen.'""Heine - the Jew who composed the greatest German poetry, and who fell in love with German philosophy - Heine wrote that,"" Slote said in a quieter tone. ""He wrote that a hundred and six years ago.",,,
q01032,top1978:7166,1936731,1,23,https://www.goodreads.com/work/quotes/1936731,"This game still had its old ritual fascination for Pug; he was following it tensely, smoking a cigar. Once his nostalgia had been keen for the tough youthful combat on the grass, the slamming of bodies, the tricky well-drilled plays, above all for the rare moments of breaking free and sprinting down the field, dodging one man and another with the stands around him a roaring sea of voices. Nothing in his life had since been quite like it. But long ago that nostalgia had departed; those grooves of memory had worn out. To think that lads much younger than his own two sons were out on that chilly field in Philadelphia now, made Victor Henry feel that he had led a very long, multilayered existence, and was now almost a living mummy. “Pug!",,,
q01033,top1978:7166,1936731,1,24,https://www.goodreads.com/work/quotes/1936731,"Winston Churchill, today an idealized hero of history, was in his time variously considered a bombastic blunderer, an unstable politician, an intermittently inspired orator, a reckless self-dramatizer, a voluminous able writer in an old-fashioned vein, and a warmongering drunkard. Through most of his long life he cut an antic, brilliant, occasionally absurd figure in British affairs. He never won the trust of the people until 1940, when he was sixty-six years old, and",,,
q01034,top1978:7166,1936731,1,25,https://www.goodreads.com/work/quotes/1936731,"Please tell Field Marshal Goring for me, to stick his Swiss bank account up his fat ass.",,,
q01035,top1978:7166,1936731,1,27,https://www.goodreads.com/work/quotes/1936731,the winds of war have been blowing us all around the world.,,,
q01036,top1978:7166,1936731,1,29,https://www.goodreads.com/work/quotes/1936731,"There is no morality in world history. There are only tides of change borne on violence and death. The victors write the history, pass the judgments, and hang or shoot the losers. In truth history is an endless chain of hegemony shifts, based on the decay of old political structures and the rise of new ones. Wars are the fever crises of those shifts. Wars are inevitable; there will always be wars; and the one war crime is to lose. That is the reality, and the rest is sentimental nonsense.",,,
q01037,top1979:4218,2912834,1,0,https://www.goodreads.com/work/quotes/2912834,"Someday I will understand Auschwitz. This was a brave statement but innocently absurd. No one will ever understand Auschwitz. What I might have set down with more accuracy would have been: Someday I will write about Sophie's life and death, and thereby help demonstrate how absolute evil is never extinguished from the world. Auschwitz itself remains inexplicable. The most profound statement yet made about Auschwitz was not a statement at all, but a response.The query: ""At Auschwitz, tell me, where was God?""And the answer: ""Where was man?",,,
q01038,top1979:4218,2912834,1,1,https://www.goodreads.com/work/quotes/2912834,This was not judgment day - only morning. Morning: excellent and fair.,,,
q01039,top1979:4218,2912834,1,2,https://www.goodreads.com/work/quotes/2912834,"There are friends one makes at a youthful age in whom one simply rejoices, for whom one possesses a love and loyalty mysteriously lacking in the friendships made in after-years, no matter how genuine.",,,
q01040,top1979:4218,2912834,1,4,https://www.goodreads.com/work/quotes/2912834,"I have learned to cry again and I think perhaps that means I am a human being again. Perhaps that at least. A piece of human being but yes, a human being.",,,
q01041,top1979:4218,2912834,1,5,https://www.goodreads.com/work/quotes/2912834,"Mercifully, I was at that age when reading was still a passion and thus, save for a happy marriage, the best state possible in which to keep absolute loneliness at bay. I could not have made it through those evenings otherwise.",,,
q01042,top1979:4218,2912834,1,6,https://www.goodreads.com/work/quotes/2912834,"I suddenly encountered the face of loneliness, and decided that it was a merciless and ugly face indeed.",,,
q01043,top1979:4218,2912834,1,7,https://www.goodreads.com/work/quotes/2912834,"Then I resolved that I would go back out there and somehow cope with the situation, despite the fact that I lacked a strategy and was frightened to the pit of my being.",,,
q01044,top1979:4218,2912834,1,8,https://www.goodreads.com/work/quotes/2912834,"It was, of course, the memory of Sophie and Nathan's long-ago plunge that set loose this flood [of tears], but it was also a letting go of rage and sorrow for the many others who during these past months had battered at my mind and now demanded my mourning: Sophie and Nathan, yes, but also Jan and Eva -- Eva with her one-eyed mis -- and Eddie Farrell, and Bobby Weed, and my young black savior Artiste, and Maria Hunt, and Nat Turner, and Wanda Muck-Horch von Kretschmann, who were but a few of the beaten and butchered and betrayed and martyred children of the earth. I did not weep for the six million Jews or the two million Poles or the one million Serbs or the five million Russians -- I was unprepared to weep for all humanity -- but I did weep for these others who in one way or another had become dear to me, and my sobs made an unashamed racket across the abandoned beach; then I had no more tears to shed, I lowered myself to the sand...and slept...When I awoke it was nearly morning...I heard children chattering nearby. I stirred...Blessing my resurrection, I realized that the children had covered me with sand, protectively, and that I lay as safe as a mummy beneath this fine, enveloping overcoat.",,,
q01045,top1979:4218,2912834,1,9,https://www.goodreads.com/work/quotes/2912834,"Dress is important. It's part of being human. It might as well be a thing of beauty, something you take real pleasure in doing. And maybe in the process, give other people pleasure. Though that's secondary.",,,
q01046,top1979:4218,2912834,1,10,https://www.goodreads.com/work/quotes/2912834,"At Dachau. We had a wonderful pool for the garrison children. It was even heated. But that was before we were transferred. Dachau was ever so much nicer than Auschwitz. But then, it was in the Reich. See my trophies there. The one in the middle, the big one. That was presented to me by the Reich Youth Leader himself, Baldur von Schirach. Let me show you my scrapbook.",,,
q01047,top1979:4218,2912834,1,12,https://www.goodreads.com/work/quotes/2912834,"I mean, I don't know much about the Civil War, but whenever I think of that time—I mean, ever since Gone With the Wind I've had these fantasies about those generals, those gorgeous young Southern generals with their tawny mustaches and beards, and hair in ringlets, on horseback. And those beautiful girls in crinoline and pantalettes. You would never know that they ever fucked, from all you're able to read."" She paused and squeezed my hand. ""I mean, doesn't it just do something to you to think of one of those ravishing girls with that crinoline all in a fabulous tangle, and one of those gorgeous young officers—I mean, both of them fucking like crazy?""""Oh yes,"" I said with a shiver, ""oh yes, it does. It enlarges one's sense of history.",,,
q01048,top1979:4218,2912834,1,13,https://www.goodreads.com/work/quotes/2912834,"And so you see, dear reader, the death of my friend Sophie forced me to realize that the whole universe is one big concentration camp run by God -- the biggest Nazi of them all! So slavery in Virginia wasn't all that bad. And it was really God's fault anyway. Pretty good tragic insight there. Think I'll crank some Bellamy Brothers and get loaded!",,,
q01049,top1979:4218,2912834,1,14,https://www.goodreads.com/work/quotes/2912834,An extermination center can only manufacture corpses; a society of total domination creates a world of the living dead...,,,
q01050,top1979:4218,2912834,1,15,https://www.goodreads.com/work/quotes/2912834,"I don’t see any point in trying to equate one evil with another, or to assign some stupid scale of values. They’re both awful! Would",,,
q01051,top1979:4218,2912834,1,16,https://www.goodreads.com/work/quotes/2912834,"The query: “At Auschwitz, tell me, where was God?” And the answer: “Where was man?",,,
q01052,top1979:4218,2912834,1,17,https://www.goodreads.com/work/quotes/2912834,"One of the things I cannnot grasp, though I have often written about them, trying to get them into some kind of bearable perspective,"" Steiner writes, ""is the time relation."" Steiner has just quoted descriptions of the brutal deaths of two Jews at the Treblinka extermination camp. ""Precisely at the same hour in which Mehring and Langner were being done to death, the overwhelming plurality of human beings, two miles away on the Polish farms, five thousand miles away in New York, were sleeping or eating or going to a film or making love or worrying about the dentist. This is where my imagination balks. The two orders of simultaneous experience are so different, so irreconcilable to any common norm of human values, their coexistence is so hideous a paradox-Treblinka is both because some men have built it and almost all other men let it be-that I puzzle over time.",,,
q01053,top1979:4218,2912834,1,19,https://www.goodreads.com/work/quotes/2912834,This was not judgment day—only morning. Morning: excellent and fair.,,,
q01054,top1979:4218,2912834,1,21,https://www.goodreads.com/work/quotes/2912834,"Military men are capable of abominable crimes; witness, in our recent time alone, Chile, My Lai, Greece. But it is a ""liberal"" fallacy that equates the military mind with real evil and makes it the exclusive province of lieutenants or generals; the secondary evil of which the military is frequently capable is aggressive, romantic, melodramatic, thrilling, orgasmic. Real evil, the suffocating evil of Auschwitz—gloomy, monotonous, barren, boring—was perpetrated almost exclusively by civilians.",,,
q01055,top1979:4218,2912834,1,22,https://www.goodreads.com/work/quotes/2912834,"Are there, as science fiction and Gnostic speculation imply, different species of time in the same world, 'good time' and enveloping folds of inhuman time, in which men fall into the slow hands of the living damnation?",,,
q01056,top1979:4218,2912834,1,23,https://www.goodreads.com/work/quotes/2912834,"Aushwitze itself remains explicable. The most profound statement yet made upon Aushwitz was not a statement at all, but a response. The query, 'At Aushwitze, tell me, where was God?'And the answer: 'Where was man?",,,
q01057,top1979:4218,2912834,1,24,https://www.goodreads.com/work/quotes/2912834,I was still in this state of being a little girl and thinking that this wonderful life so comfortable and safe and secure would continue forever. Mama,,,
q01058,top1979:4218,2912834,1,25,https://www.goodreads.com/work/quotes/2912834,the fate of Bobby Weed at the hands of white Southern Americans is as bottomlessly barbaric as any act performed by the Nazis during the rule of Adolf Hitler! Do,,,
q01059,top1979:4218,2912834,1,26,https://www.goodreads.com/work/quotes/2912834,greed is not a racial but a human prediliction and,,,
q01060,top1979:4218,2912834,1,27,https://www.goodreads.com/work/quotes/2912834,"For the first time in my life, which had for years been sometimes witlessly gregarious, I discovered the pain of unwanted solitude. Like a felon suddenly thrown into solitary confinement, I found myself feeding off the unburned fat of inward resources I barely knew I possessed.",,,
q01061,top1979:4218,2912834,1,28,https://www.goodreads.com/work/quotes/2912834,"Those strange creepy people, all picking at their little... scabs,” she had complained to me when Nathan was not around. “I hate this type of—and here I thought she used a lovely gem of a phrase—“unearned unhappiness!",,,
q01062,top1979:4218,2912834,1,29,https://www.goodreads.com/work/quotes/2912834,"To make matters worse, I was out of a job and had very little money and was self-exiled to Flatbush—like others of my countrymen, another lean and lonesome Southerner wandering amid the Kingdom of the Jews.",,,
q01063,top1979:4218,2912834,2,1,https://www.goodreads.com/work/quotes/2912834?page=2,"I still mourn the fact that I lacked the courage to quit on the spot. Instead, I went on a sort of slow-down strike—work-stoppage would be a more accurate term.",,,
q01064,top1979:4218,2912834,2,2,https://www.goodreads.com/work/quotes/2912834?page=2,"way I dealt with that great classic of modern adventure, Kon-Tiki Months later, watching this book remain first on the best-seller list for unbelievable week after week, I was able to rationalize my blindness by saying to myself that if McGraw-Hill had paid me more than ninety cents an hour I might have been more sensitive to the nexus between good books and filthy lucre.",,,
q01065,top1979:4218,2912834,2,3,https://www.goodreads.com/work/quotes/2912834?page=2,What causes human beings to inflict upon themselves these stupid little scissor snips of unhappy remembrance?,,,
q01066,top1979:4218,2912834,2,4,https://www.goodreads.com/work/quotes/2912834?page=2,"they appeared from where I stood as peaceful as two lovers who had gaily costumed themselves for an afternoon stroll, but on impulse had decided to lie down and nap, or kiss and make love, or merely whisper to each other of fond matters, and were frozen in this grave and tender embrace forever.",,,
q01067,top1979:4218,2912834,2,5,https://www.goodreads.com/work/quotes/2912834?page=2,"O Lord God of my salvation, I have cried day and night before thee: Let my prayer come before thee: incline thine ear unto my cry; For my soul is full of troubles...",,,
q01068,top1979:4218,2912834,2,6,https://www.goodreads.com/work/quotes/2912834?page=2,"I was so completely dependent on him, you see, and that was not a healthy thing.",,,
q01069,top1979:4218,2912834,2,7,https://www.goodreads.com/work/quotes/2912834?page=2,But I could tell from the way his muscles become stiff and this trembling that ran through him that he was finished with me. Even so I couldn’t stop.,,,
q01070,top1979:4218,2912834,2,8,https://www.goodreads.com/work/quotes/2912834?page=2,"She had not planned to weep—it was the last thing from her mind, a display of mawkish weakness—but she could not help it.",,,
q01071,top1979:4218,2912834,2,9,https://www.goodreads.com/work/quotes/2912834?page=2,"it is more often than not the person one loves from whom one withholds the most searing truths about one’s self, if only out of the very human motive to spare groundless pain.",,,
q01072,top1979:4218,2912834,2,10,https://www.goodreads.com/work/quotes/2912834?page=2,She was determined to put behind her the madness of the past—or as much as a vulnerable and memory-racked mind permitted—,,,
q01073,top1979:4218,2912834,2,11,https://www.goodreads.com/work/quotes/2912834?page=2,Somehow I still could not believe that this life we all have together would ever be changed.,,,
q01074,top1979:4218,2912834,2,12,https://www.goodreads.com/work/quotes/2912834?page=2,"Sophie slept, understanding with a dreamer’s fierce clarity that she was doomed.",,,
q01075,top1979:4218,2912834,2,14,https://www.goodreads.com/work/quotes/2912834?page=2,"And I realize how faulty were my own perceptions, how clumsily I handled the situation, with what lack of wit and with what ineffectiveness did I deal with Nathan at a moment when supreme delicacy was called for… far from my mind was any idea that Nathan might be disturbed. I thought he was merely being a colossal prick. I regarded Nathan’s outburst as a shocking failure of character, a lapse of decency, rather than the product of some aberration of mind.",,,
q01076,top1979:4218,2912834,2,16,https://www.goodreads.com/work/quotes/2912834?page=2,"In my career as a writer I have always been attracted to morbid themes—suicide, rape, murder, military life, marriage, slavery.",,,
q01077,top1979:4218,2912834,2,18,https://www.goodreads.com/work/quotes/2912834?page=2,"Is it best to know about a child's death, even one so horrible, or to know that the child lives but that you will never, never see him again?",,,
q01078,top1979:4218,2912834,2,19,https://www.goodreads.com/work/quotes/2912834?page=2,"Despoiled and exploited like the South, and like it, a poverty-ridden, agrarian, feudal society, Poland has shared with the Old South one bulwark against its immemorial humiliation, and that is pride. Pride and the recollection of vanished glories.",,,
q01079,top1979:4218,2912834,2,20,https://www.goodreads.com/work/quotes/2912834?page=2,"Neath cold sand I dreamed of death / but woke at dawn to see / in glory, the bright, the morning star.",,,
q01080,top1979:4218,2912834,2,22,https://www.goodreads.com/work/quotes/2912834?page=2,"During that spring afternoon’s jaunt in the company of one of Poland’s most influential anti-Semites, her admirer Walter Dürrfeld, like his host, uttered not a word about Jews. Six years later almost all that she heard from Dürrfeld’s lips concerned Jews and their consignment to oblivion.",,,
q01081,top1979:4218,2912834,2,23,https://www.goodreads.com/work/quotes/2912834?page=2,"If I am no longer able to function with you, it is, you understand, due to no lack of virility but because almost everything about you, especially your body, leaves me totally without sensation... I",,,
q01082,top1979:4218,2912834,2,24,https://www.goodreads.com/work/quotes/2912834?page=2,"almost unique in Eastern Europe in possessing its own constitution, called even now “the Magdeburg rights” and based upon medieval laws formulated in the city of Magdeburg? Was",,,
q01083,top1979:4218,2912834,2,25,https://www.goodreads.com/work/quotes/2912834?page=2,"If there are Jews in this group, you have no right to live more than two weeks.’ Then he said, ‘Any nuns here? Like the priests, you have one month. All the rest, three months.",,,
q01084,top1979:4218,2912834,2,26,https://www.goodreads.com/work/quotes/2912834?page=2,there is only one way out—up the chimney.’ He,,,
q01085,top1979:4218,2912834,2,27,https://www.goodreads.com/work/quotes/2912834?page=2,the repressiveness of a society in general is directly proportionate to its harsh repression of sexual language.” What,,,
q01086,top1979:4218,2912834,2,28,https://www.goodreads.com/work/quotes/2912834?page=2,the iron determination with which we must carry out Hitler’s orders could only be obtained by a stifling of all human emotions.,,,
q01087,top1979:4218,2912834,2,29,https://www.goodreads.com/work/quotes/2912834?page=2,in modern times most of the mischief ascribed to the military has been wrought with the advice and consent of civil authority. As,,,
q01088,top1980:3696,1475717,1,0,https://www.goodreads.com/work/quotes/1475717,Being poor is only romantic in books.,,,
q01089,top1980:3696,1475717,1,1,https://www.goodreads.com/work/quotes/1475717,I was scared. Do you know what it's like to hold someone else's life inyour hands? It's like playing God. Can you think of anything scarier thanthat?,,,
q01090,top1980:3696,1475717,1,2,https://www.goodreads.com/work/quotes/1475717,"But she was looking into the past, trying to understand when it was that all the laughter died.",,,
q01091,top1980:3696,1475717,1,3,https://www.goodreads.com/work/quotes/1475717,"If we want a spaceship built or the distance of a star measured, we call in the experts. But when we want something really important done, we collect twelve ordinary folks to do it. As I recall, the founder of Christianity did the same thing.",,,
q01092,top1980:3696,1475717,1,4,https://www.goodreads.com/work/quotes/1475717,"Beware of people who say they’re too rich to have to work for money, Adam thought.",,,
q01093,top1980:3696,1475717,1,5,https://www.goodreads.com/work/quotes/1475717,A Woman’s Place is in the House … and in the Senate.,,,
q01094,top1980:3696,1475717,1,6,https://www.goodreads.com/work/quotes/1475717,"Greed, for lack of a better word, is good. Greed is right. Greed works. Greed clarifies, cuts through, and captures the essence of the evolutionary spirit. Greed, in all of its forms—greed for life, for money, for love, for knowledge—has marked the upward surge of mankind. (Gordon Gekko, in Wall Street.",,,
q01095,top1980:3696,1475717,1,7,https://www.goodreads.com/work/quotes/1475717,"It takes a man to make a woman feel female, Jennifer thought, to make her feel beautiful, to make her feel wanted.",,,
q01096,top1980:3696,1475717,1,8,https://www.goodreads.com/work/quotes/1475717,"A man’s shoes said something about his character. Jennifer looked for jurors who wore comfortable shoes, because they were inclined to be easy-going.",,,
q01097,top1980:3696,1475717,1,9,https://www.goodreads.com/work/quotes/1475717,"Time was a swiftly flowing river that had no shores, no boundaries. Its seasons were not winter, spring, fall or summer, but birthdays and joys and troubles and pain.",,,
q01098,top1980:3696,1475717,1,11,https://www.goodreads.com/work/quotes/1475717,"I worked my butt off to get where I am. I love it. I love the money. I love the power. I'm a king, baby, and I love being king.",,,
q01099,top1980:3696,1475717,1,12,https://www.goodreads.com/work/quotes/1475717,we do not inherit the world from our parents; we borrow it from our children.,,,
q01100,top1980:3696,1475717,1,13,https://www.goodreads.com/work/quotes/1475717,I don’t like the fact that running for public office has become a personality contest. - Adam Warner,,,
q01101,top1981:3278,1486259,1,0,https://www.goodreads.com/work/quotes/1486259,an able man has many burdens. As I’m abler than most I have to sweat more than most.,,,
q01102,top1981:3278,1486259,1,1,https://www.goodreads.com/work/quotes/1486259,"Didn’t JFK give Khrushchev a written promise not to invade Cuba, not to permit an invasion from American territory—or from any other place in the Western Hemisphere? Written, by God! So now, a hostile European power, Soviet Russia, totally against your Monroe Doctrine, is openly established ninety miles off your coast, the borders of which are guaranteed in writing by your own President and ratified by your own Congress. The Big K pulled off a colossal coup never duplicated in your whole history. And all for nothing!",,,
q01103,top1981:3278,1486259,1,2,https://www.goodreads.com/work/quotes/1486259,"How could such a pretty girl become known as the Hag, she wondered. It must be hateful to become old in face and body when you’re young at heart and still strong and tough—so unfair for a woman.",,,
q01104,top1981:3278,1486259,1,3,https://www.goodreads.com/work/quotes/1486259,Lend a little and you have a debtor—lend a lot and you have a partner!,,,
q01105,top1981:3278,1486259,1,4,https://www.goodreads.com/work/quotes/1486259,"All gods bear witness! The Jade Gate and the One-Eyed Monk are truly yin and yang, truly everlasting, truly godlike, both insatiable however much one consumes the other.",,,
q01106,top1981:3278,1486259,1,5,https://www.goodreads.com/work/quotes/1486259,"why?” he had asked him. “This guy came up to me in San Diego and said he’d like to know all about the Corregidor and he’d pay.” “But don’t you understand about treason? About betraying your country?” “Hell, all he wanted was a few facts and figures. So what? What’s the difference? We can blast the hell outta the goddamn Commies anytime we like. The Corregidor’s the greatest carrier afloat! It was a caper and I wanted to see if I could do it and they paid on the dot….",,,
q01107,top1981:3278,1486259,1,6,https://www.goodreads.com/work/quotes/1486259,"he’s not very pro-American and it drives him mad that the British Empire’s no more, that the U.S. is arbiter of the world’s fate and making obvious mistakes,",,,
q01108,top1981:3278,1486259,1,7,https://www.goodreads.com/work/quotes/1486259,"Russia’s just trying to solve her own problems, Mr. Dunross, one of them’s the U.S. containment policy. They just want to be left alone and not surrounded by highly emotional Americans with their overfed hands on nuclear triggers.",,,
q01109,top1981:3278,1486259,1,8,https://www.goodreads.com/work/quotes/1486259,"Remember, child,” her father had drummed into her, “remember that advice, good advice, comes from unexpected places at unexpected times.",,,
q01110,top1981:3278,1486259,1,9,https://www.goodreads.com/work/quotes/1486259,"He took a deep breath of air. Once again he caught a strangeness on the wind, neither pleasant nor unpleasant, neither odor nor perfume—just strange, and curiously exciting. “Superintendent, what’s that smell? Casey noticed it too, the moment Sven opened the door.” Armstrong hesitated. Then he smiled. “That’s Hong Kong’s very own, Mr. Bartlett. It’s money.",,,
q01111,top1981:3278,1486259,1,10,https://www.goodreads.com/work/quotes/1486259,"It’s the right of every red-blooded American to avoid taxes, but not evade them.",,,
q01112,top1981:3278,1486259,1,11,https://www.goodreads.com/work/quotes/1486259,"the motor industry, because of its countless allied industries, being the core of any capitalist society.",,,
q01113,top1981:3278,1486259,1,12,https://www.goodreads.com/work/quotes/1486259,But they’re as Communist as Russia. They went to war against us when we were only trying to protect freedom in South Korea. We weren’t going to attack them.,,,
q01114,top1981:3278,1486259,1,13,https://www.goodreads.com/work/quotes/1486259,"I think the Soviets have deliberately enticed you into Vietnam. You’ll send in troops but they won’t. You’ll be fighting Viets and the jungle, and the Soviets will be the winners. Your CIA’s already there in strength. They’re running an airline. Even now airfields are being constructed with U.S. money, U.S. arms are pouring in. You’ve soldiers fighting there already.",,,
q01115,top1981:3278,1486259,1,14,https://www.goodreads.com/work/quotes/1486259,"You should talk to Ian about Cuba, old chap, that really gets him going. He says, and I agree, you lost. The Soviets sucked you into another trap. A fool’s mate. He believes they built their sites almost openly—wanting you to detect them and you did and then there was a lot of saber-rattling, the whole world’s frightened to death, and in exchange for the Soviet agreement to take the missiles out of Cuba your President tore up your Monroe Doctrine, the cornerstone of your whole security system.",,,
q01116,top1981:3278,1486259,1,15,https://www.goodreads.com/work/quotes/1486259,Any history book will tell them China always crosses her borders to protect her buffer zones when any invader approaches,,,
q01117,top1981:3278,1486259,1,16,https://www.goodreads.com/work/quotes/1486259,"When the Dragons belch, all Hong Kong defecates.",,,
q01118,top1981:3278,1486259,1,17,https://www.goodreads.com/work/quotes/1486259,Aye. You’ve surely got the right amount of Devil Struan in your blood to serve that master if you’ve a mind.,,,
q01119,top1981:3278,1486259,1,18,https://www.goodreads.com/work/quotes/1486259,"The talk had turned to business, and in the few short hours she had learned more about Hong Kong techniques than through all the reading she had done. More and more it was clear that unless you were on the inside, real power and real riches would escape you.",,,
q01120,top1981:3278,1486259,1,19,https://www.goodreads.com/work/quotes/1486259,"Changi changed everyone, changed values permanently. For instance, it gave you a dullness about death—we saw too much of it to have the same sort of meaning to outsiders, to normal people. We’re a generation of dinosaurs, we the few who survived. I suppose anyone who goes to war, any war, sees life with different eyes if they end up in one piece.",,,
q01121,top1981:3278,1486259,1,20,https://www.goodreads.com/work/quotes/1486259,"Malayan. It means ‘ashamed.’” He smiled to himself. It was a contraction of puki mahlu. Mahlu ashamed, puki a Golden Gulley. Malays grant feelings to that part of a woman: hunger, sadness, kindness, rapaciousness, hesitancy, shame, anger—anything and everything.",,,
q01122,top1981:3278,1486259,1,21,https://www.goodreads.com/work/quotes/1486259,kith or kin lust for power as others do.,,,
q01123,top1981:3278,1486259,1,22,https://www.goodreads.com/work/quotes/1486259,"Do I want to bed her? Sure. So mount a campaign, maneuver her into bed without commitments. Don’t play the game of life according to female rules, all’s fair in war and war. What’s love anyway? It’s like Casey said, sex’s only a part of it.",,,
q01124,top1981:3278,1486259,1,23,https://www.goodreads.com/work/quotes/1486259,We in the KGB are like Japanese in that we too agree the only sin is failure.,,,
q01125,top1981:3278,1486259,1,24,https://www.goodreads.com/work/quotes/1486259,"Those fanatics’ll never live at peace with one another even though they could, easily. They will never bury their differences even if it costs them their stupid lives.” He laughed",,,
q01126,top1981:3278,1486259,1,25,https://www.goodreads.com/work/quotes/1486259,"I really don’t understand them, the capitalists. They delude themselves. We’re openly committed to consume them but they give us the means to do it.",,,
q01127,top1981:3278,1486259,1,26,https://www.goodreads.com/work/quotes/1486259,"An army of helpers for the twenty-eight cooks were preparing the meats and vegetables, plucking chickens, killing fresh fish and lobsters and crabs and cleaning them, doing the thousand tasks that Chinese food requires—as each dish is cooked freshly for each customer.",,,
q01128,top1981:3278,1486259,1,28,https://www.goodreads.com/work/quotes/1486259,"A lot of bull that’s worshipped as the be-all and end-all of existence. So much of ‘normal, civilized’ life is bull that you can’t imagine it. For us ex-Changi-ites—we’re lucky, we’re cleansed, we know what life is really all about. What frightens you, doesn’t frighten me, what frightens me, you’d laugh at.",,,
q01129,top1981:3278,1486259,1,29,https://www.goodreads.com/work/quotes/1486259,"After all those horrors at Changi, you don’t detest them?” After a pause Peter Marlowe shook his head. “I don’t detest anyone. Even Grey. It takes all of my mind and energy to appreciate that I’m alive.",,,
q01130,top1981:3278,1486259,2,0,https://www.goodreads.com/work/quotes/1486259?page=2,"Our writers have always pointed the way for us, Mr. Grey, they’ve formed our thinking and feeling, Tolstoy, Dostoevski, Chekhov, Bunin …” He added with pride, “Writers with us are pathfinders.",,,
q01131,top1981:3278,1486259,2,2,https://www.goodreads.com/work/quotes/1486259?page=2,"As to Vietnam, no one here thinks President Kennedy can handle that either, much as we admire him personally.",,,
q01132,top1981:3278,1486259,2,3,https://www.goodreads.com/work/quotes/1486259?page=2,"Vietnam’s going to be a big problem for your government unless it’s very smart.” Bartlett said confidently, “Thank God it is. JFK handled Cuba. He’ll handle Vietnam too. He made the Big K back off there and he can do it again. We won that time. The Soviets took their missiles out.",,,
q01133,top1981:3278,1486259,2,4,https://www.goodreads.com/work/quotes/1486259?page=2,Nothing is of more importance to the state than the quality of its spies. It is ten thousand times cheaper to pay the best spies lavishly than even a tiny army poorly.,,,
q01134,top1981:3278,1486259,2,5,https://www.goodreads.com/work/quotes/1486259?page=2,"The British. We have proved beyond all doubt we’re to be trusted, we can govern, and, by and large, our bureaucracy’s incorruptible.",,,
q01135,top1981:3278,1486259,2,7,https://www.goodreads.com/work/quotes/1486259?page=2,"Oh yes,” Dunstan Barre said sadly. “Casey, in war to survive you have to stretch things a bit sometimes. As to trading, Marlowe, I agree, most times you have to equate the problem to the time and place. I thank God I was never caught. Don’t think I’d’ve survived, know I wouldn’t.",,,
q01136,top1981:3278,1486259,2,8,https://www.goodreads.com/work/quotes/1486259?page=2,"Wildcat strikes are the way of the future. With wildcats we can get around union hierarchies without disrupting existing unionism. Our unions’re fragmented. Deliberately. Fifty men can be a separate union and that union can dominate thousands—and so long as there’s never a secret ballot, the few will always rule the many!",,,
q01137,top1981:3278,1486259,2,9,https://www.goodreads.com/work/quotes/1486259?page=2,"they set out to acquire—steal—our industrial secrets. “Curiously our free-world media fail dismally to point out that all Soviet advances are based originally on one of our stolen inventions or techniques, that without our grain they starve, and without our vast and ever-growing financial assistance and credits to buy our grains and technology they cannot fuel and refuel their whole military-industrial infrastructure which keeps their empire and people enthralled.",,,
q01138,top1981:3278,1486259,2,10,https://www.goodreads.com/work/quotes/1486259?page=2,"It hurts and it costs you. It costs you plenty and the attorneys get most, get a good part and they cleverly fan the fire between you for their own goddamn gain.",,,
q01139,top1981:3278,1486259,2,11,https://www.goodreads.com/work/quotes/1486259?page=2,Without terror how can the few rule the many?,,,
q01140,top1981:3278,1486259,2,12,https://www.goodreads.com/work/quotes/1486259?page=2,"Israel was a Stalin-Beria coup of monumental proportions! Who helped it, overt and covert, come into being? Who gave it immediate recognition? We did, and why?” Suslev belched again, “To cement into the guts of Arabia a perpetual cancer that will suppurate and destroy both sides and, along with them, bring down the industrial might of the West. Jew against Mohammedan against Christian.",,,
q01141,top1981:3278,1486259,2,13,https://www.goodreads.com/work/quotes/1486259?page=2,Why should we fight them when their own greed and stupidity’s destroying them. Eh?,,,
q01142,top1981:3278,1486259,2,14,https://www.goodreads.com/work/quotes/1486259?page=2,I even heard that part of a very large government loan to South Vietnam was expended on a nonexistent airfield that’s still impenetrable jungle.,,,
q01143,top1981:3278,1486259,2,15,https://www.goodreads.com/work/quotes/1486259?page=2,These are Pleasure Ladies who may offer you their youth which has great value,,,
q01144,top1981:3278,1486259,2,16,https://www.goodreads.com/work/quotes/1486259?page=2,"Kashmir, to a little place I know on the banks of the Jehlum River, north of Srinagar. The floor of the valley’s about six thousand feet and, up there amongst the greatest mountains on earth, it’s paradise. They have houseboats on the rivers and lakes and you drift, no phones, no mail, just you and the Infinite, wonderful",,,
q01145,top1981:3278,1486259,2,17,https://www.goodreads.com/work/quotes/1486259?page=2,"Are you a psychiatrist too?’ He laughed. ‘No, nor a father-confessor, though I like to know about people and like to listen but not to lecture and never to give advice – that’s the most thankless task in the world.",,,
q01146,top1982:6595,630903,1,0,https://www.goodreads.com/work/quotes/630903,"If you want to fall in love, you can't hold everything in. You have to open up, take that risk. You'll be hurt sometimes, but if you don't, you'll never be happy. The one you find may not be the kind of woman you expected to fall in love with, but it wont matter, you'll love her for exactly what she is.",,,
q01147,top1982:6595,630903,1,1,https://www.goodreads.com/work/quotes/630903,"Ayla, I looked for you all my life and didn't know I was looking. You are everything I ever wanted, everything I ever dreamed of in a woman, and more. You are a fascinating enigma, a paradox. You are totally honest, open; you hide nothing: yet you are the most mysterious woman I've ever met.",,,
q01148,top1982:6595,630903,1,2,https://www.goodreads.com/work/quotes/630903,"Sometimes women who aren’t perfect are more interesting; they’ve done more, or learned something.",,,
q01149,top1982:6595,630903,1,3,https://www.goodreads.com/work/quotes/630903,"You are strong, self-reliant, entirely able to take care of yourself and of me... You are fearless, courageous; you saved my life, nursed me back to health, hunted for my food, provided for my comfort. You don't need me. Yet you make me want to protect you, watch over you, make sure no harm comes to you. I could live with you all my life and never really know you; you have depths it would take many lifetimes to explore. You are wise and ancient... and as fresh and young as a woman as... And you are the most beautiful woman I have ever seen. I love you more than life itself.",,,
q01150,top1982:6595,630903,1,4,https://www.goodreads.com/work/quotes/630903,"I don't know, Jondalar. Maybe you haven't found the right woman. Maybe the Mother has someone special for you. She doesn't make many like you. You are really more than most women could bear. If all your love were concentrated on one, it could overwhelm her, if she wasn't one to whom the Mother gave equal gifts.",,,
q01151,top1982:6595,630903,1,5,https://www.goodreads.com/work/quotes/630903,"What are counting words?” “They are … names for the marks on your sticks, for one thing, for other things too. They are used to say the number of … anything. They can say how many deer a scout has seen, or how many days away they are. If it is a large herd, such as bison in the fall, then a zelandoni must scout the herd, one who knows the special ways to use counting words.” An undercurrent of anticipation stirred through the woman; she could almost understand what he meant. She felt on the edge of resolving questions whose answers had eluded her.",,,
q01152,top1982:6595,630903,1,6,https://www.goodreads.com/work/quotes/630903,"Like men, some grow best in company, striving to outdo the rest. Others need to grow their own way, though it may be lonely. Both have value.",,,
q01153,top1982:6595,630903,1,8,https://www.goodreads.com/work/quotes/630903,"You need no call, you were born to this destiny. But you will be tested. You will cause pain and suffer for it …",,,
q01154,top1982:6595,630903,1,11,https://www.goodreads.com/work/quotes/630903,"Serenio had been right, his love was too much for most people to bear. His anger, let loose, could not be contained until it had run its course either. Growing up, he had once wreaked such havoc with righteous anger that he had caused someone serious injury. All his emotions were too powerful. Even his mother had felt forced to put a distance between them, and she had watched with silent sympathy when friends backed off because he clung too fiercely, loved too hard, demanded too much of them.",,,
q01155,top1982:6595,630903,1,12,https://www.goodreads.com/work/quotes/630903,"Ayla, what am I doing wrong?"" he asked, standing in front of her, dripping. ""It's not you. I'm the one who's doingit wrong."" ""You're not doing anything wrong."" ""Yes I am. I've been trying all day to encourage you, but you don't understand Clan gestures.",,,
q01156,top1982:6595,630903,1,13,https://www.goodreads.com/work/quotes/630903,"The pit was roughly rectangular, somewhat longer than it was wide, and muddy around the edges where the last wet loads had been hauled out. Loose piles of dirt, spilled from the hide, were strewn on the trampled grass within the triangular area defined by the two walls of brush coming together at the muddy hole. Through a gap where the pit separated the two fences, the river could be seen, reflecting the glowing eastern sky. On the other side of the rippling water, the steep southern wall of the valley loomed darkly; only near the top were its contours distinguishable.",,,
q01157,top1982:6595,630903,1,14,https://www.goodreads.com/work/quotes/630903,He thought he might be able to save the baby – sometimes that will work.,,,
q01158,top1982:6595,630903,1,15,https://www.goodreads.com/work/quotes/630903,"marigolds were healing for open wounds, ulcers, and skin sores. Chamomile was an aid to digestion and a mild wash for wounds, and the wild rose petals floating in a bowl of water in the sun were a fragrant astringent skin lotion.",,,
q01159,top1982:6595,630903,1,16,https://www.goodreads.com/work/quotes/630903,"said. “Make … Noria … Make …” She heaved a sob, wishing she knew the words to tell him what she wanted to say. “I know, Noria. I know,” he said,",,,
q01160,top1982:6595,630903,1,17,https://www.goodreads.com/work/quotes/630903,"If Earth’s children ever forget who provides for them, we may wake up someday and find we don’t have a home.",,,
q01161,top1982:6595,630903,1,18,https://www.goodreads.com/work/quotes/630903,"Usually it will be something special or unusual. It may be a stone you have never seen before, or a root with a special shape that has meaning for you. You must learn to understand with your heart and mind, not your eyes and ears; then you will know. But, when the time comes and you find a sign your totem has left you, put it in your amulet. It will bring you luck.",,,
q01162,top1982:6595,630903,1,19,https://www.goodreads.com/work/quotes/630903,No podía obligarle a quedarse; sólo podía ayudarle a marcharse.,,,
q01163,top1982:6595,630903,1,21,https://www.goodreads.com/work/quotes/630903,Shamud took it. He thought he might save at least the baby. It was too late.,,,
q01164,top1982:6595,630903,1,22,https://www.goodreads.com/work/quotes/630903,the women who honour Duna most seem to be blessed more often with young ones. The Great Earth Mother smiles on those who appreciate Her Gifts.,,,
q01165,top1982:6595,630903,1,23,https://www.goodreads.com/work/quotes/630903,"I am not the same man I was when you found me. You have changed me, woman, and I love you for it.” “I, too, am changed, Jondalar. I love you.",,,
q01166,top1982:6595,630903,1,24,https://www.goodreads.com/work/quotes/630903,"He didn’t know that panic was a survival trait, in extreme circumstances. When all else fails, and all rational means of finding a solution have been exhausted, panic takes over. And sometimes an irrational act becomes a solution the rational mind would never have thought of.",,,
q01167,top1982:6595,630903,1,25,https://www.goodreads.com/work/quotes/630903,"Sorry. That is courtesy, right? Custom? Jondalar, what good are words like sorry? It doesn’t change anything, it doesn’t make me feel any better.” He pulled his hand through his hair. She was right. Whatever he had done—and he thought he knew what it was—being sorry didn’t help.",,,
q01168,top1982:6595,630903,1,26,https://www.goodreads.com/work/quotes/630903,"Then, slowly, it filled her. An urge, like none she had ever known, rose out of her depths, grew in her throat, and burst from her mouth in a primal scream of victory. She did it! At that moment, in a lonely valley in the middle of a vast continent, somewhere near the undefined boundary of the desolate northern loess steppes and the wetter continental steppes to the south, a young woman stood with a bone club in her hand—and felt powerful. She could survive. She would survive.",,,
q01169,top1982:6595,630903,1,27,https://www.goodreads.com/work/quotes/630903,"Populations of humans were sparse and so widely spaced that they seldom infringed on each other’s territories, which tended to make the infrequent contact with the occasional stranger a novelty. If a little wary at first, people were usually not hostile, and it wasn’t uncommon to be welcomed.",,,
q01170,top1982:6595,630903,1,29,https://www.goodreads.com/work/quotes/630903,"Ayla had grown accustomed to quiet and solitude over the past years. The mere presence of another person, while relished, required some adjustment and accommodation, but the emotional upheavals of the day had left her drained and exhausted. She did not want to feel, or think about, or react to, the man who shared her cave. She only wanted to rest.",,,
q01171,top1983:5851,3138328,1,0,https://www.goodreads.com/work/quotes/3138328,"Books are not made to be believed, but to be subjected to inquiry. When we consider a book, we mustn't ask ourselves what it says but what it means...",,,
q01172,top1983:5851,3138328,1,1,https://www.goodreads.com/work/quotes/3138328,"Then why do you want to know?""""Because learning does not consist only of knowing what we must or we can do, but also of knowing what we could do and perhaps should not do.",,,
q01173,top1983:5851,3138328,1,2,https://www.goodreads.com/work/quotes/3138328,"Until then I had thought each book spoke of the things, human or divine, that lie outside books. Now I realized that not infrequently books speak of books: it is as if they spoke among themselves. In the light of this reflection, the library seemed all the more disturbing to me. It was then the place of a long, centuries-old murmuring, an imperceptible dialogue between one parchment and another, a living thing, a receptacle of powers not to be ruled by a human mind, a treasure of secrets emanated by many minds, surviving the death of those who had produced them or had been their conveyors.",,,
q01174,top1983:5851,3138328,1,3,https://www.goodreads.com/work/quotes/3138328,"What is love? There is nothing in the world, neither man nor Devil nor any thing, that I hold as suspect as love, for it penetrates the soul more than any other thing. Nothing exists that so fills and binds the heart as love does. Therefore, unless you have those weapons that subdue it, the soul plunges through love into an immense abyss.",,,
q01175,top1983:5851,3138328,1,4,https://www.goodreads.com/work/quotes/3138328,"Fear prophets, Adso, and those prepared to die for the truth, for as a rule they make many others die with them, often before them, at times instead of them.",,,
q01176,top1983:5851,3138328,1,5,https://www.goodreads.com/work/quotes/3138328,"Daytime sleep is like the sin of the flesh; the more you have the more you want, and yet you feel unhappy, sated and unsated at the same time.",,,
q01177,top1983:5851,3138328,1,7,https://www.goodreads.com/work/quotes/3138328,We live for books. A sweet mission in this world dominated by disorder and decay.,,,
q01178,top1983:5851,3138328,1,8,https://www.goodreads.com/work/quotes/3138328,"A dream is a scripture, and many scriptures are nothing but dreams.",,,
q01179,top1983:5851,3138328,1,9,https://www.goodreads.com/work/quotes/3138328,"How peaceful life would be without Love, Adso. How Safe. How Tranquil. And how Dull.",,,
q01180,top1983:5851,3138328,1,10,https://www.goodreads.com/work/quotes/3138328,"Show not what has been done, but what can be. How beautiful the world would be if there were a procedure for moving through labyrinths.",,,
q01181,top1983:5851,3138328,1,11,https://www.goodreads.com/work/quotes/3138328,"A book is a fragile creature, it suffers the wear of time, it fears rodents, the elements and clumsy hands. so the librarian protects the books not only against mankind but also against nature and devotes his life to this war with the forces of oblivion.",,,
q01182,top1983:5851,3138328,1,12,https://www.goodreads.com/work/quotes/3138328,"True learning must not be content with ideas, which are, in fact, signs, but must discover things in their individual truth.",,,
q01183,top1983:5851,3138328,1,13,https://www.goodreads.com/work/quotes/3138328,"Yesterday's rose endures in its name, we hold empty names.",,,
q01184,top1983:5851,3138328,1,15,https://www.goodreads.com/work/quotes/3138328,"The order that our mind imagines is like a net, or like a ladder, built to attain something. But afterward you must throw the ladder away, because you discover that, even if it was useful, it was meaningless.",,,
q01185,top1983:5851,3138328,1,16,https://www.goodreads.com/work/quotes/3138328,"After so many years even the fire of passion dies, and with it what was believed the light of the truth. Who of us is able to say now whether Hector or Achilles was right, Agamemnon or Priam, when they fought over the beauty of a woman who is now dust and ashes?",,,
q01186,top1983:5851,3138328,1,17,https://www.goodreads.com/work/quotes/3138328,"A narrator should not supply interpretations of his work; otherwise he would have not written a novel, which is a machine for generating interpretations.",,,
q01187,top1983:5851,3138328,1,18,https://www.goodreads.com/work/quotes/3138328,How beautiful was the spectacle of nature not yet touched bythe often perverse wisdom of man!,,,
q01188,top1983:5851,3138328,1,20,https://www.goodreads.com/work/quotes/3138328,"Then we are living in a place abandoned by God,"" I said, disheartened.""Have you found any places where God would have felt at home?"" William asked me, looking down from his great height.",,,
q01189,top1983:5851,3138328,1,21,https://www.goodreads.com/work/quotes/3138328,"The older I grow and the more I abandon myself to God's will, the lessI value intelligence that wants to know and will that wants to do; andas the only element of salvation I recognize faith, which can wait patiently, without asking too many questions.",,,
q01190,top1983:5851,3138328,1,22,https://www.goodreads.com/work/quotes/3138328,"I dared, for the first and last time in my life, to express a theological conclusion: ""But how can a necessary being exist totally polluted with the possible? What difference is there, then, between God and primogenial chaos? Isn't affirming God's absolute omnipotence and His absolute freedom with regard to His own choices tantamount to demonstrating that God does not exist?",,,
q01191,top1983:5851,3138328,1,23,https://www.goodreads.com/work/quotes/3138328,"The beauty of the universe consists not only of unity in variety, but also of variety in unity.",,,
q01192,top1983:5851,3138328,1,24,https://www.goodreads.com/work/quotes/3138328,"Under torture you are as if under the dominion of those grasses that produce visions. Everything you have heard told, everything you have read returns to your mind, as if you were being transported, not toward heaven, but toward hell. Under torture you say not only what the inquisitor wants, but also what you imagine might please him, because a bond (this, truly, diabolical) is established between you and him ... These things I know, Ubertino; I also have belonged to those groups of men who believe they can produce the truth with white-hot iron. Well, let me tell you, the white heat of truth comes from another flame.",,,
q01193,top1983:5851,3138328,1,26,https://www.goodreads.com/work/quotes/3138328,"This, in fact, is the power of the imagination, which, combining the memory of gold with that of the mountain, can compose the idea of a golden mountain.",,,
q01194,top1983:5851,3138328,1,27,https://www.goodreads.com/work/quotes/3138328,"A monk should surely love his books with humility, wishing their good and not the glory of his own curiosity; but what the temptation of adultery is for laymen and the yearning for riches is for secular ecclesiastics, the seduction of knowledge is for monks.",,,
q01195,top1983:5851,3138328,1,28,https://www.goodreads.com/work/quotes/3138328,"We stopped to browse in the cases, and now that William - with his new glasses on his nose - could linger and read the books, at every title he discovered he let out exclamations of happiness, either because he knew the work, or because he had been seeking it for a long time, or finally because he had never heard it mentioned and was highly excited and titillated. In short, for him every book was like a fabulous animal that he was meeting in a strange land.",,,
q01196,top1985:2624,897867,1,0,https://www.goodreads.com/work/quotes/897867,"If you lived today as if it were your last, you'd buy up a box of rockets and fire them all off, wouldn't you?",,,
q01197,top1985:2624,897867,1,1,https://www.goodreads.com/work/quotes/897867,He was admired for never being at a loss for words and never wasting any either.,,,
q01198,top1985:2624,897867,1,2,https://www.goodreads.com/work/quotes/897867,You're such a big liar you gotta get your neighbor to call your dog.,,,
q01199,top1985:2624,897867,1,3,https://www.goodreads.com/work/quotes/897867,The rich can afford to be progressive. Poor people have reason to be afraid of the future.,,,
q01200,top1985:2624,897867,1,4,https://www.goodreads.com/work/quotes/897867,"I can see how I could write a bold account of myself as a passionate man who rose from humble beginnings to cut a wide swath in the world, whose crimes along the way might be written off to extravagance and love and art, and could even almost believe some of it myself on certain days after the sun went down if I’d had a snort or two and was in Los Angeles and it was February and I was twenty-four, but I find a truer account in the Herald-Star, where it says: “Mr. Gary Keillor visited at the home of Al and Florence Crandall on Monday and after lunch returned to St. Paul, where he is currently employed in the radio show business… Lunch was fried chicken with gravy and creamed peas”.",,,
q01201,top1985:2624,897867,1,5,https://www.goodreads.com/work/quotes/897867,If you can't read a simple goddam sign and follow one simple goddam instruction then get your fat butt the hell out of here.,,,
q01202,top1985:2624,897867,1,6,https://www.goodreads.com/work/quotes/897867,"Free enterprise runs on self interest. This is socialism and it runs on loyalty . . . if people were going to live by comparison shopping, the town would go bust . . . If you live there you have to take it as a whole. That's loyalty.",,,
q01203,top1985:2624,897867,1,7,https://www.goodreads.com/work/quotes/897867,"My God, rich people have the time to praise You if they want to, but the poor people are so busy, accept their work as praise because, my God, they don’t have time for everything.",,,
q01204,top1985:2624,897867,1,8,https://www.goodreads.com/work/quotes/897867,"Some luck lies in not getting what you thought you wanted but getting what you have, which once you have got it you may be smart enough to see is what you would have wanted had you known",,,
q01205,top1985:2624,897867,1,9,https://www.goodreads.com/work/quotes/897867,"... you are never so smart again in a language learned in middle age nor so romantic, brave or kind.",,,
q01206,top1985:2624,897867,1,10,https://www.goodreads.com/work/quotes/897867,"Good old Norwegian cooking: you don't read much about that, or about good old Norwegian hospitality.",,,
q01207,top1985:2624,897867,1,11,https://www.goodreads.com/work/quotes/897867,"As children we got so we could tell time by the sun pretty well, and would know by the light in the room when we opened our eyes that it was seven o'clock and time to get up for school, and later that it was almost ten and then almost noon and almost three o'clock and time to be dismissed. School ran strictly by clocks, the old Regulators that Mr. Hamburger was always fiddling with, adding and subtracting paper clips on the pendulum to achieve perfect time, but we were sensitive to light, knowing how little was available to us as winter came on, and always knew what time it was - as anyone will who leads a regular life in a familiar place. My poor great-grandpa,when his house burned down when Grandma left the bread baking in the summer kitchen oven to go visit the Berges and they built the new one facing west instead of south: they say he was confused the rest of his life and never got straightened out even when he set up his bed in the parlor ( which faced north as his former bedroom had): he lived in a twilight world for some time and then moved in his mind to the house he'd grown up in, and in the end didn't know one day from another until he died."" Yea, though I walk through the valley of the shadow of death, I will fear no evil,"" but there's more than one kind of of shadow, and when a man loses track, it can kill him. Not even the siren could have saved my great-grandpa. He died of misdirection.",,,
q01208,top1985:2624,897867,1,12,https://www.goodreads.com/work/quotes/897867,"A major cause of injury to children is parents rushing to the scene. The panic reflex. Some children love to scream for the thrill of making immense people move fast. I remember that, on a quiet day, my sister and I in the backyard wondered, “Where’s Mom?” Upstairs, we thought. So I screamed, “MOM.” She made it down in two seconds. A good pair of wheels for an old lady.",,,
q01209,top1985:2624,897867,1,13,https://www.goodreads.com/work/quotes/897867,"He (coach) looks for size, speed being rare among Norwegians and Germans, and for malleability or what he calls attitude.",,,
q01210,top1986:3741,5054712,1,0,https://www.goodreads.com/work/quotes/5054712,"We sink ships and try to pretend that they’re just ships—things without people in them. It’s dishonest, but we do it anyway.",,,
q01211,top1986:3741,5054712,1,1,https://www.goodreads.com/work/quotes/5054712,"The Americans would claim thirty-seven kills, quite a score since they had expected a total of only twenty-seven Russian aircraft. In fact, of twenty-six MiGs, only five undamaged aircraft remained",,,
q01212,top1986:3741,5054712,1,2,https://www.goodreads.com/work/quotes/5054712,"A Guards regiment, eh, Comrade Colonel? These tit-sucking children could not guard a Turkish whorehouse; much less do anything worthwhile inside of it!” While commenting on how unprepared his troops are. -Alekseyev",,,
q01213,top1986:3741,5054712,1,3,https://www.goodreads.com/work/quotes/5054712,"What will our Defense Minister do when it becomes obvious even to him that we have failed? Have you considered that? When desperate men realize they have failed—and those desperate men have control of atomic weapons, then what?",,,
q01214,top1986:3741,5054712,1,4,https://www.goodreads.com/work/quotes/5054712,Let’s have an attitude check!” Edwards said as he walked over to his meteorological instruments. “I hate this fucking place!” the tower crew answered at once. “Let’s have a positive attitude check.” “I positively hate this fucking place!” “Let’s have a negative attitude check.” “I don’t like this fucking place!” “Let’s have a short attitude check.” “Fuckit!” Everyone had a good laugh.,,,
q01215,top1986:3741,5054712,1,5,https://www.goodreads.com/work/quotes/5054712,"It is time my brothers.""Tolkaze handed the AK-47 rifle and ammo belt to his taller friend.",,,
q01216,top1986:3741,5054712,1,6,https://www.goodreads.com/work/quotes/5054712,"There is no wall between a tactical and a strategic nuclear exchange, just a fuzzy line in the imagination of the amateurs and academics who advise their political leaders.",,,
q01217,top1986:3741,5054712,1,7,https://www.goodreads.com/work/quotes/5054712,"The plan said they would not be necessary, but the plan had also said his division had to hold the island unsupported for only two weeks. By that time Germany was supposed to be fully defeated, and the land war in Europe mainly over.",,,
q01218,top1986:3741,5054712,1,9,https://www.goodreads.com/work/quotes/5054712,"His brilliant tactical success at Alfeld had led nowhere yet, and he wondered in his soul if it ever would, if he had cast young lives away for nothing more than words in books written by men who did their best to forget the horrors they had inflicted and endured.",,,
q01219,top1986:3741,5054712,1,10,https://www.goodreads.com/work/quotes/5054712,and air power had never won a war.,,,
q01220,top1986:3741,5054712,1,11,https://www.goodreads.com/work/quotes/5054712,"They were not fighting for a principle, or a political decision, or a treaty made of paper. They were here for these people and others not the least different from those they’d left at home.",,,
q01221,top1986:3741,5054712,1,12,https://www.goodreads.com/work/quotes/5054712,I’ve been in the Navy for seventeen years and I’ve never met anybody who likes killing people.,,,
q01222,top1986:3741,5054712,1,13,https://www.goodreads.com/work/quotes/5054712,"For a thousand years, without an army or a navy, Iceland had never been attacked.",,,
q01223,top1986:3741,5054712,1,14,https://www.goodreads.com/work/quotes/5054712,"So, we never even knew that they were here, but the militia captain with our team did, and he kind of blurted it out. His exact words were, ‘My God, the Politburo’s in there!",,,
q01224,top1986:3741,5054712,1,15,https://www.goodreads.com/work/quotes/5054712,The Navy wanted to see just how effective her new quieting systems were.,,,
q01225,top1986:3741,5054712,1,16,https://www.goodreads.com/work/quotes/5054712,To call the situation a disgrace was to describe gang rape as a mild social deviation.,,,
q01226,top1986:3741,5054712,1,17,https://www.goodreads.com/work/quotes/5054712,"Thirty miles north, at the piers of Philadelphia, Chester, and Camden, ships of the National Reserve Defense Fleet that had been held in readiness for years were getting ready to sail.",,,
q01227,top1986:3741,5054712,1,18,https://www.goodreads.com/work/quotes/5054712,"If you penetrate the hull at deep depth, the sudden pressure change inside the hull supposedly causes the air to ignite and everyone inside the boat incinerates.",,,
q01228,top1986:3741,5054712,1,19,https://www.goodreads.com/work/quotes/5054712,"There was a tendency in the U.S. Navy to assume that since they made their living by charging into machine-gun fire, Marines were dumb.",,,
q01229,top1986:3741,5054712,1,20,https://www.goodreads.com/work/quotes/5054712,"For the moment, technology has defeated the military art, ours and theirs.",,,
q01230,top1986:3741,5054712,1,21,https://www.goodreads.com/work/quotes/5054712,"The General remembered his own time aboard ship, how vulnerable he’d felt, how dangerous it had been. A distant part of his consciousness felt sympathy for the American Marines. But gallantry was a luxury the General could not afford. His paratroopers were heavily engaged, and he didn’t need more enemy troops and heavy equipment—of course! His division was deployed to keep the Americans away from the Reykjavik-Keflavik area as long as possible. His original orders remained operative: deny the Keflavik Air Base to NATO. That he could do, though it would mean the probable annihilation of his elite troopers. His problem was that Reykjavik airport would be equally useful to the enemy, and one light division wasn’t enough to cover both places. So now the Americans trailed their coats in plain view of his observers—a full regiment of troops plus heavy weapons and helicopters that they could land anywhere they wished. If he redeployed to meet this threat, he risked disaster when he disengaged his forward units. If he moved his reserves, they would be in the open where naval guns and aircraft could massacre them. This unit was being moved, not to join the others deployed against his airborne infantrymen, but to exploit a weakness within minutes instead of hours. Once in place, the landing ships could wait for relative darkness or a storm and race unseen across the water to landbound troops. How could he deploy his own forces to deal with that? His radars were finished, he had a single remaining SAM launcher, and the battleships had systematically exterminated most of his artillery. “How many submarines out there?” “I don’t know, Comrade General.” USS REUBEN JAMES Morris watched the sonar plot. The sonobuoy contact had faded off after a few minutes. A school of herring, perhaps. The ocean waters abounded with fish, and enough of them on active sonar looked like a",,,
q01231,top1986:3741,5054712,1,22,https://www.goodreads.com/work/quotes/5054712,"USS NIMITZ Toland stepped outside for a breath of air. It was a fine morning, the cotton-ball clouds overhead turning briefly pink from the sunrise. Saratoga and Foch were visible on the horizon, perhaps eight miles away, their size impressive even at this distance. Closer in, Ticonderoga was cutting through the five-foot seas, white-painted missiles visible on her twin launchers. A few blinker lights traded signals. Otherwise the ships in view were gray shapes without noise, waiting. Nimitz’s deck was covered with aircraft. F-14 Tomcat interceptors sat everywhere. Two were hooked up on the midships catapults, only a hundred feet from him, their two-man flight crews dozing. The fighters carried Phoenix long-range missiles. The attack bombers carried buddy-store tanks instead of weapons. They’d be used to refuel the fighters in flight, enabling them to remain aloft an extra two hours. Deck crewmen in multicolored shirts scurried about, checking and rechecking the aircraft. The carrier began turning to port, coming around into the westerly wind in preparation for launching aircraft. He checked his watch. 0558. Time to get back to CIC. The carrier would go to general quarters in two minutes. The intelligence watch officer took one more breath of fresh sea air and wondered if it would be his last. NORTH ATLANTIC “Contact!” the technician said over the Bear’s interphone. “Signals indicate an American airborne radar transmitter, carrier type.",,,
q01232,top1986:3741,5054712,1,24,https://www.goodreads.com/work/quotes/5054712,"pilot might think a 1-percent chance of being shot down on a given mission acceptable, then realize that fifty such missions made it a 40-percent chance.",,,
q01233,top1986:3741,5054712,1,26,https://www.goodreads.com/work/quotes/5054712,"Heavy enemy jamming activity to the west,” the regimental commander announced. “Plan Three. Repeat: Plan Three.",,,
q01234,top1986:3741,5054712,1,28,https://www.goodreads.com/work/quotes/5054712,There were three repeat pips on his Vietnam service ribbon.,,,
q01235,top1986:3741,5054712,1,29,https://www.goodreads.com/work/quotes/5054712,"Damn, guys, for about three minutes there it was just a little hairy, y’know?",,,
q01236,top1987:4679,1080201,1,1,https://www.goodreads.com/work/quotes/1080201,"Sherman made the terrible discovery that men make about their fathers sooner or later... that the man before him was not an aging father but a boy, a boy much like himself, a boy who grew up and had a child of his own and, as best he could, out of a sense of duty and, perhaps love, adopted a role called Being a Father so that his child would have something mythical and infinitely important: a Protector, who would keep a lid on all the chaotic and catastrophic possibilities of life.",,,
q01237,top1987:4679,1080201,1,2,https://www.goodreads.com/work/quotes/1080201,"Your self…is other people, all the people you're tied to, and it's only a thread.",,,
q01238,top1987:4679,1080201,1,3,https://www.goodreads.com/work/quotes/1080201,A liberal is a conservative who has been arrested.,,,
q01239,top1987:4679,1080201,1,4,https://www.goodreads.com/work/quotes/1080201,"[H]e could see the island of Manhattan off to the left. The towers were jammed together so tightly, he could feel the mass and stupendous weight.Just think of the millions, from all over the globe, who yearned to be on that island, in those towers, in those narrow streets! There it was, the Rome, the Paris, the London of the twentieth century, the city of ambition, the dense magnetic rock, the irresistible destination of all those who insist on being where things are happening-and he was among the victors!",,,
q01240,top1987:4679,1080201,1,5,https://www.goodreads.com/work/quotes/1080201,"Sir Gerald Moore: I was at dinner last evening, and halfway through the pudding, this four-year-old child came alone, dragging a little toy cart. And on the cart was a fresh turd. Her own, I suppose. The parents just shook their heads and smiled. I've made a big investment in you, Peter. Time and money, and it's not working. Now, I could just shake my head and smile. But in my house, when a turd appears, we throw it out. We dispose of it. We flush it away. We don't put it on the table and call it caviar.",,,
q01241,top1987:4679,1080201,1,6,https://www.goodreads.com/work/quotes/1080201,"Like more than one Englishman in New York, he looked upon Americans as hopeless children whom Providence had perversely provided with this great swollen fat fowl of a continent. Any way one chose to relieve them of their riches, short of violence, was sporting, if not morally justifiable, since they would only squander it in some tasteless and useless fashion, in any event.",,,
q01242,top1987:4679,1080201,1,7,https://www.goodreads.com/work/quotes/1080201,"The Yanks always wore neckties that leapt out in front of their shirts, as if to announce the awkwardness to follow.",,,
q01243,top1987:4679,1080201,1,8,https://www.goodreads.com/work/quotes/1080201,How very American it was to assume that these unsmiling Chinese would be pleased if one showed a preference for their native implements...How very American it was to feel somehow guilty unless one struggled over rice noodles and lumps of meat with things that looked like enlarged knitting needles.,,,
q01244,top1987:4679,1080201,1,9,https://www.goodreads.com/work/quotes/1080201,"In this little room full of people he was suffering the pangs of men whose egos lose their virginity—as happens when they overhear for the first time a beautiful woman’s undiluted, full-strength opinion of their masculine selves.",,,
q01245,top1987:4679,1080201,1,10,https://www.goodreads.com/work/quotes/1080201,"The only thing that had truly stuck in Sherman's mind about Christopher Marlowe, after nine years at Buckley, four years at St. Paul's, and four years at Yale, was that you were, in fact, supposed to know who Christopher Marlowe was.",,,
q01246,top1987:4679,1080201,1,11,https://www.goodreads.com/work/quotes/1080201,"Then it dawned on Kramer. The cops weren’t all that much different from the assistant D.A.s. It was the muck factor. The cops got tired of packing blacks and Latins off to jail all day, too. It was even worse for them, because they had to dive deeper into the muck to do it. The only thing that made it constructive was the idea that they were doing it for somebody—for the decent people. So they opened their eyes, and now they were attuned to all the good people with colored skin…who rose to the top…during all this relentless stirring of the muck… You couldn’t exactly call it enlightenment, thought Kramer, but it was a fucking start.",,,
q01247,top1987:4679,1080201,1,12,https://www.goodreads.com/work/quotes/1080201,"Vulgar, but not as vulgar as Louis Vuitton, thought Sherman.",,,
q01248,top1987:4679,1080201,1,13,https://www.goodreads.com/work/quotes/1080201,"Like most men, Sherman was innocent of the routine salutatory techniques of the fashionable hostesses. For at least forty-five seconds every guest was the closest, dearest, jolliest, most wittily conspiratorial friend a girl ever had. Every male guest she touched on the arm (any other part of the body presented problems) and applied a little heartfelt pressure. Every guest, male or female, she looked at with a radar lock upon the eyes, as if captivated (by the brilliance, the wit, the beauty, and the incomparable memories).",,,
q01249,top1987:4679,1080201,1,14,https://www.goodreads.com/work/quotes/1080201,"His genius had only begun to flower. This was only journalism, after all, a cup of tea on the way to his eventual triumph as a novelist.",,,
q01250,top1987:4679,1080201,1,17,https://www.goodreads.com/work/quotes/1080201,"No wonder marriages used to hold up better. Sherman's parents and their friends had all had plenty of servants, and the servants had worked long hours and lived in. If you were unwilling to argue in front of the servants, then there wasn't much opportunity to argue at all.",,,
q01251,top1987:4679,1080201,1,18,https://www.goodreads.com/work/quotes/1080201,"Something hits the Mayor on the shoulder. It hurts like hell! There on the floor-a jar of mayonnaise, an eight-ounce jar of Hellmann's mayonnaise. Half full! Half consumed! Somebody has thrown a half-eaten jar of Hellmann's mayonnaise at him! In that instantthe most insignificant thing takes over his mind. Who in the name of God would bring a half-eaten eight-ounce jar of Hellmann's mayonnaise to a public meeting?",,,
q01252,top1987:4679,1080201,1,21,https://www.goodreads.com/work/quotes/1080201,The pterodactyl and the brontosaurus were locked in mortal combat on the cliff over the Lost Continent.,,,
q01253,top1987:4679,1080201,1,24,https://www.goodreads.com/work/quotes/1080201,Five years ago was before Walkman earphones. They can’t imagine that.,,,
q01254,top1987:4679,1080201,1,25,https://www.goodreads.com/work/quotes/1080201,"Sherman resumed his walk toward First Avenue in a state of agitation. It was in the air! It was a wave! Everywhere! Inescapable! … Sex! … There for the taking! … It walked down the street, as bold as you please! … It was splashed all over the shops! If you were a young man and halfway alive, what chance did you have? … Technically, he had been unfaithful to his wife. Well, sure … but who could remain monogamous with this, this, this tidal wave of concupiscence rolling across the world? Christ almighty! A Master of the Universe couldn’t be a saint, after all … It was unavoidable. For Christ’s sake, you can’t dodge snowflakes, and this was a blizzard! He had merely been caught at it, that was all, or halfway caught at it. It meant nothing. It had no moral dimension. It was nothing more than getting soaking wet. By the time he reached the cabstand at First and Seventy-ninth, he had just about worked it out in his mind.",,,
q01255,top1987:4679,1080201,1,26,https://www.goodreads.com/work/quotes/1080201,The law is not a creature of the few or of the many.,,,
q01256,top1987:4679,1080201,1,27,https://www.goodreads.com/work/quotes/1080201,"All at once Sherman was aware of a figure approaching him on the sidewalk, in the wet black shadows of the town houses and the trees. Even from fifty feet away, in the darkness, he could tell. It was that deep worry that lives in the base of the skull of every resident of Park Avenue south of Ninety-sixth Street—a black youth, tall, rangy, wearing white sneakers. Now he was forty feet away, thirty-five. Sherman stared at him. Well, let him come! I’m not budging! It’s my territory! I’m not giving way for any street punks! The black youth suddenly made a ninety-degree turn and cut straight across the street to the sidewalk on the other side. The feeble yellow of a sodium-vapor streetlight reflected for an instant on his face as he checked Sherman out. He had crossed over! What a stroke of luck! Not once did it dawn on Sherman McCoy that what the boy had seen was a thirty-eight-year-old white man, soaking wet, dressed in some sort of military-looking raincoat full of straps and buckles, holding a violently lurching animal in his arms, staring, bug-eyed, and talking to himself.",,,
q01257,top1987:4679,1080201,1,28,https://www.goodreads.com/work/quotes/1080201,He had the gaunt and haunted athletic look of those who stare daily down the bony gullet of the great god Aerobics.,,,
q01258,top1987:4679,1080201,1,29,https://www.goodreads.com/work/quotes/1080201,"Thank God in heaven! What a relief! They could let their breaths out now. Miss Efficiency was a bigot. These days the thing about bigotry was, it was undignified. It was a sign of Low Rent origins, of inferior social status, of poor taste. So they were the superiors of their English baby nurse, after all. What a fucking relief.",,,
q01259,top1988:6278,517040,1,0,https://www.goodreads.com/work/quotes/517040,"She believed, of course ... because without something to believe in, life would be intolerable.",,,
q01260,top1988:6278,517040,1,1,https://www.goodreads.com/work/quotes/517040,"It was good, and nothing good is truly lost. It stays part of a person, becomes part of their character. So part of you goes everywhere with me. And part of me is yours, forever",,,
q01261,top1988:6278,517040,1,2,https://www.goodreads.com/work/quotes/517040,"She remembered him smiling, and realized that time, that great old healer, had finally accomplished its work, and now, across the years, the face of love no longer stirred up agonies of grief and bitterness. Rather, one was left feeling simply grateful. For how unimaginably empty the past would be without him to remember.",,,
q01262,top1988:6278,517040,1,3,https://www.goodreads.com/work/quotes/517040,"Happiness is making the most of what you have, and riches is making the most of what you've got.",,,
q01263,top1988:6278,517040,1,5,https://www.goodreads.com/work/quotes/517040,The greatest gift a parent can leave a child is that parent's own independence.,,,
q01264,top1988:6278,517040,1,6,https://www.goodreads.com/work/quotes/517040,"Grief was like a terrible burden, but at least you could lay it down by the side of the road and walk away from it. Antonia had come only a few paces, but already she could turn and look back and not weep. It wasn't anything to do with forgetting. It was just accepting. Nothing was ever so bad once you had accepted it.",,,
q01265,top1988:6278,517040,1,7,https://www.goodreads.com/work/quotes/517040,"What a happy woman I am, living in a garden, with books, babies, birds and flowers, and plenty of leisure to enjoy them. Sometimes I feel as if I were blest above all my fellows in being able to find happiness so easily.""(Quoted from Elizabeth and Her German Garden by Elizabeth von Arnim)",,,
q01266,top1988:6278,517040,1,8,https://www.goodreads.com/work/quotes/517040,"She may not have believed in God, but I’m pretty certain God believed in her.",,,
q01267,top1988:6278,517040,1,9,https://www.goodreads.com/work/quotes/517040,"As long as Mumma was alive, she knew that some small part of herself had remained a child, cherished and adored. Perhaps you never completely grew up until your mother died.",,,
q01268,top1988:6278,517040,1,10,https://www.goodreads.com/work/quotes/517040,"She put out her hand and touched his forearm, as she would have touched some piece of porcelain or sculpture, just for the sheer animal pleasure of feeling its shape and curve beneath her fingertips.",,,
q01269,top1988:6278,517040,1,11,https://www.goodreads.com/work/quotes/517040,"She had never lived alone before, and at first found it strange, but gradually had learned to accept it as a blessing and to indulge herself in all sorts of reprehensible ways, like getting up when she felt like it, scratching herself if she itched, sitting up until two in the morning to listen to a concert.",,,
q01270,top1988:6278,517040,1,12,https://www.goodreads.com/work/quotes/517040,"Time had lost its importance. That was one of the good things about getting old: you weren't perpetually in a hurry. All her life, Penelope had looked after other people, but now she had no one to think about but herself. There was time to stop and look, and, looking, to remember. Visions widened, like views seen from the slopes of a painfully climbed mountain, and having come so far, it seemed ridiculous not to pause and enjoy them.",,,
q01271,top1988:6278,517040,1,13,https://www.goodreads.com/work/quotes/517040,"Love she had found, had a strange way of multiplying. Doubling, trebling itself, so that, as each child arrived, there was always more than enough to go around.",,,
q01272,top1988:6278,517040,1,14,https://www.goodreads.com/work/quotes/517040,"Living, now, had become not simple existence that one took for granted, but a bonus, a gift, with every day that lay ahead an experience to be savoured. Time did not last forever. I shall not waste a single moment, she promised herself. She had never felt so strong, so optimistic. As though she was young once more, starting out, and something marvellous was just about to happen.",,,
q01273,top1988:6278,517040,1,15,https://www.goodreads.com/work/quotes/517040,"She had loved them all, her children. Loved each one the best, but for different reasons.",,,
q01274,top1988:6278,517040,1,16,https://www.goodreads.com/work/quotes/517040,"She looked up and saw, high in the sky beyond the racing black clouds, a ragged scrap of blue sky. Enough to make a cat a pair of trousers.",,,
q01275,top1988:6278,517040,1,17,https://www.goodreads.com/work/quotes/517040,"Yes, she was lovely. But more than that, she was warm and funny and loving. Hot-tempered one moment, and laughing the next. And she could make a home anywhere. She carried a sort of security about with her. I can't think of a single person who didn't love her. I still think about her every day of my life. Sometimes she seems very dead. And other times, I can't believe that she isn't somewhere in the house and that a door won't open and she'll be there.",,,
q01276,top1988:6278,517040,1,18,https://www.goodreads.com/work/quotes/517040,"Man’s inhumanity to man, unleashed, was an obscenity, and that obscenity was each person’s own private responsibility.",,,
q01277,top1988:6278,517040,1,19,https://www.goodreads.com/work/quotes/517040,"Self-reliance. That was the keyword, the one thing that could pull you through any crisis fate chose to hurl at you. To be yourself. Independent. Not witless. Still able to make my own decisions and plot the course of what remains of my life. I do not need my children. Knowing their faults, recognizing their shortcomings, I love them all, but I do not need them.",,,
q01278,top1988:6278,517040,1,20,https://www.goodreads.com/work/quotes/517040,"Luxury, I think, is the total fulfillment of all five senses at once. Luxury is now. I feel warm; and, if I wish, I can reach out and touch your hand. I smell the sea and, as well, somebody inside the hotel is frying onions. Delicious. I am tasting cold beer, and I can hear the gulls, and water lapping, and the fishing boat’s engine going chug-chug-chug in the most satisfactory way.",,,
q01279,top1988:6278,517040,1,21,https://www.goodreads.com/work/quotes/517040,"She looked about; saw, in the soft light, her own sitting room, the reassurance of possessions, flowers, plants, desk, pictures; the window open onto her own garden.",,,
q01280,top1988:6278,517040,1,22,https://www.goodreads.com/work/quotes/517040,"The past is another country, but the journey could be made.",,,
q01281,top1988:6278,517040,1,23,https://www.goodreads.com/work/quotes/517040,"On the contrary, she was aware only of a sort of timelessness, as though it was all part of a plan, a predestined design, conceived the day she was born. What was happening to her had been meant to happen, what was going to go on happening. Without any recognizable beginning, it did not seem possible that it could ever have an end.",,,
q01282,top1988:6278,517040,1,25,https://www.goodreads.com/work/quotes/517040,"But, over the years, I came to terms with what had happened. I learned to live within myself, to grow flowers, to watch my children grow; to look at paintings and listen to music. The gentle powers. They are quite amazingly sustaining.",,,
q01283,top1988:6278,517040,1,26,https://www.goodreads.com/work/quotes/517040,It occurred to her then that people went on living until somebody told you they were dead. Perhaps it was a pity that anybody ever told anybody anything.,,,
q01284,top1988:6278,517040,1,27,https://www.goodreads.com/work/quotes/517040,"Which was strange, like watching a tangle of loose threads unravel and plait themselves into a single braided cord, stretching ahead into the future.",,,
q01285,top1988:6278,517040,1,28,https://www.goodreads.com/work/quotes/517040,"And all at once it was as it had been before, on that gusty August day during the war, and she was twenty-three years old again, with holes in her sneakers, and Papa sitting beside her. And Richard walked in; into the gallery and into their lives. And Papa told him, ""They will come...to paint the warmth of the sun and the colour of the wind."" And that was how it had all begun.",,,
q01286,top1988:6278,517040,1,29,https://www.goodreads.com/work/quotes/517040,Mrs. Plackett did not believe in letting emotion show. Keep yourself to yourself had always been her motto.,,,
q01287,top1988:6278,517040,2,0,https://www.goodreads.com/work/quotes/517040?page=2,"[Describing an unsatisfactory apartment for which an up-and-comer had to settle:] The flat crouched around him, watching like a depressed relation, waiting for him to take some action.",,,
q01288,top1988:6278,517040,2,1,https://www.goodreads.com/work/quotes/517040?page=2,"In wartime, one didn’t think very far into the future. Just lived from day to day.",,,
q01289,top1988:6278,517040,2,3,https://www.goodreads.com/work/quotes/517040?page=2,"Your children never stopped being children. Even when they were thirty-eight and successful career women. You could bear anything for yourself, but seeing your children hurt was unendurable.",,,
q01290,top1988:6278,517040,2,4,https://www.goodreads.com/work/quotes/517040?page=2,disaster relayed is often more frightening than the horror itself,,,
q01291,top1988:6278,517040,2,5,https://www.goodreads.com/work/quotes/517040?page=2,"It was going to be all right. There were to be no histrionics. For this deliverance Olivia was deeply grateful, but she felt sad too, because it is always sad when someone you have known as a child finally grows up, and you know that they will never be truly young again.",,,
q01292,top1988:6278,517040,2,6,https://www.goodreads.com/work/quotes/517040?page=2,"the sound of her laughter brought back, with a piercing clarity, ringing across the years, the memory of other laughter, and the unexpected ecstasies and physical joys that happen, perhaps, only once in any person’s lifetime.",,,
q01293,top1988:6278,517040,2,10,https://www.goodreads.com/work/quotes/517040?page=2,They are all part of the person that he was. It is good to remember the bad times as well as the good. After all,,,
q01294,top1988:6278,517040,2,14,https://www.goodreads.com/work/quotes/517040?page=2,Isn’t misunderstanding the most horrible thing in the world?,,,
q01295,top1988:6278,517040,2,15,https://www.goodreads.com/work/quotes/517040?page=2,life wasn’t worth living unless you had something to look forward to.,,,
q01296,top1988:6278,517040,2,16,https://www.goodreads.com/work/quotes/517040?page=2,"I cannot tell you how beautiful it all is. The weather is like high summer and there are flowers everywhere. And palm trees, and little cobbled streets, and the sea is the most wonderful blue. A greener blue than the Mediterranean, and then a very dark blue out on the horizon. It is like Ibiza, only better, because everything is green and lush, and in the evenings, when the sun has gone down, it’s all damp and smells leafy.",,,
q01297,top1988:6278,517040,2,17,https://www.goodreads.com/work/quotes/517040?page=2,"Better to have loved and lost, she told herself, than never to have loved at all. And knew that it was true.",,,
q01298,top1988:6278,517040,2,18,https://www.goodreads.com/work/quotes/517040?page=2,"sometimes I get the impression that your life ended the day war broke out. And that’s wrong, because you’re very young.",,,
q01299,top1988:6278,517040,2,20,https://www.goodreads.com/work/quotes/517040?page=2,"What are you reading?’ She picked up the book. ‘Elizabeth and her German Garden. Sophie, you must have read that a hundred times.’ ‘At least. But I always go back to it. It comforts me. Soothes me. It reminds me of a world that once existed and will exist again when the war is finished.",,,
q01300,top1988:6278,517040,2,21,https://www.goodreads.com/work/quotes/517040?page=2,"should be a better person. But I am not good. I am selfish. I think about nobody but myself. This terrible war has started and things are going to get very bad before it is all over. Sons will be killed, and daughters too, and fathers and brothers, and all I can feel is thankful because you are coming home. I’ve missed you so much. But now we can be together again. However bad things get, at least we’ll be together.",,,
q01301,top1988:6278,517040,2,22,https://www.goodreads.com/work/quotes/517040?page=2,"Far up in the sky a plane, a tiny silver toy, flew over. They both looked up and watched it go. Sophie said, ‘I don’t like planes. They remind me of the war.’ ‘Do you ever forget it?’ ‘Sometimes, I let myself. I pretend it hasn’t happened. It’s easy to pretend on a day like this.",,,
q01302,top1988:6278,517040,2,23,https://www.goodreads.com/work/quotes/517040?page=2,"Lucky girl.’ She handed over the pass, and Penelope thanked her and went out of the room clutching her ticket to freedom. The train journey was endless. Portsmouth to Bath. Bath to Bristol. Bristol to Exeter. At Exeter she had to wait an hour and then get onto the slow, stopping train that would take her on to Cornwall. She did not mind. She sat, in the dirty train, in a corner seat and stared through the soot-smeared window. Dawlish, and her first glimpse of the sea; only the English Channel, but still, better than nothing.",,,
q01303,top1988:6278,517040,2,24,https://www.goodreads.com/work/quotes/517040?page=2,Were you lonely?’ ‘I was alone. But that’s not the same as being lonely.,,,
q01304,top1988:6278,517040,2,26,https://www.goodreads.com/work/quotes/517040?page=2,"he picked up his brushes, and with them, the threads of his life.",,,
q01305,top1988:6278,517040,2,27,https://www.goodreads.com/work/quotes/517040?page=2,"the die is cast, There will be time to audit The accounts later, there will be sunlight later And the equation will come out at last.",,,
q01306,top1988:6278,517040,2,28,https://www.goodreads.com/work/quotes/517040?page=2,"Absence is the wind that blows out the little candle, but fans the embers of a fire to a great blaze.",,,
q01307,top1988:6278,517040,2,29,https://www.goodreads.com/work/quotes/517040?page=2,"You live in Dalton, Georgia? I can’t imagine Dalton, Georgia. Do you live in an apartment, or do you have a house with a garden?” “I have a house, and I have a garden, too, but we call it a yard.” “I suppose, in such a climate, you can grow practically everything.",,,
q01308,top1989:1079,5054704,1,0,https://www.goodreads.com/work/quotes/5054704,"The point of life was to press on, to do the best you can, to make the world a better place.",,,
q01309,top1989:1079,5054704,1,1,https://www.goodreads.com/work/quotes/5054704,"The only real difference between a wise man and a fool, Moore knew, was that the wise man tended to make more serious mistakes—and only because no one trusted a fool with really crucial decisions; only the wise had the opportunity to lose battles, or nations.",,,
q01310,top1989:1079,5054704,1,2,https://www.goodreads.com/work/quotes/5054704,"I understand why we do that now. It’s a help, not a threat. It’s something to remind you how important words are. Ideas are important. Principles are important. Words are important. Your word is the most important of all. Your word is who you are.",,,
q01311,top1989:1079,5054704,1,3,https://www.goodreads.com/work/quotes/5054704,"Jack looked out the window as they passed the Mormon temple, just outside the beltway near Connecticut Avenue. A decidedly odd-looking building, it had grandeur with its marble columns and gilt spires. The beliefs represented by that impressive structure seemed curious to Ryan, a lifelong Catholic, but the people who held them were honest and hardworking, and fiercely loyal to their country, because they believed in what America stood for.",,,
q01312,top1989:1079,5054704,1,4,https://www.goodreads.com/work/quotes/5054704,Privacy and loneliness were the traditional luxuries accorded to a skipper.,,,
q01313,top1989:1079,5054704,1,5,https://www.goodreads.com/work/quotes/5054704,"Politicians are more concerned with “issues” than “principles,” but talked as though the two nouns had the same meaning.",,,
q01314,top1989:1079,5054704,1,6,https://www.goodreads.com/work/quotes/5054704,"Poor people have poor options. Chavez found the Army almost by accident, and had found it a true open of security and opportunity and fellowship and respect.",,,
q01315,top1989:1079,5054704,1,7,https://www.goodreads.com/work/quotes/5054704,"The President was trapped – and with nearly every president, it had come about from his own words. Presidential promises and statements… The people had this annoying way of remembering them. And even if they didn't, there were journalists and political rivals never passed on a chance to make the necessary reminders.",,,
q01316,top1989:1079,5054704,1,8,https://www.goodreads.com/work/quotes/5054704,"The mark of a good officer, Wegener repeatedly told his youngsters, was willingness to admit he had something yet to learn.",,,
q01317,top1989:1079,5054704,1,10,https://www.goodreads.com/work/quotes/5054704,"Reveille came in the form of an electric buzzer, the kind associated with a cheap alarm clock. That was good news. No bugle--he hated bugles in the morning.",,,
q01318,top1989:1079,5054704,1,11,https://www.goodreads.com/work/quotes/5054704,"There is no seamen in the world who prefers a slow ship to a fast one. The painters painted better, the cooks took a little more time with the meals, and the technicians tightened the bolts just a little more. Their ship was no longer a cripple, and pride broke out in the crew like a rainbow after a summer shower.",,,
q01319,top1989:1079,5054704,1,12,https://www.goodreads.com/work/quotes/5054704,"Things were going well. Work here was hard, but there was nothing in the way of Mickey Mouse bullshit.",,,
q01320,top1989:1079,5054704,1,14,https://www.goodreads.com/work/quotes/5054704,"The arts and soldiering took time to acquire – time and discipline and desire. No, he was up against bullies. And bullies were cowards. These were mercenaries who acted for money. Shot as, on the other hand, took great pride that he performed his DUTIES for love of country and, though he didn't quite think of it in those terms, for love of his fellow soldiers.",,,
q01321,top1989:1079,5054704,1,16,https://www.goodreads.com/work/quotes/5054704,The first step in accomplishing any goal was deciding that it was possible.,,,
q01322,top1989:1079,5054704,1,17,https://www.goodreads.com/work/quotes/5054704,"The child looks with love, and sees love returned. Love is what makes beauty,",,,
q01323,top1989:1079,5054704,1,18,https://www.goodreads.com/work/quotes/5054704,"He was master of all he surveyed. At least that was the phrase that came to mind, and with all such aphorisms it could be both true and false at the same time.",,,
q01324,top1989:1079,5054704,1,19,https://www.goodreads.com/work/quotes/5054704,This wasn’t a mere can of worms. It was a can of poisonous snakes that Ryan had spilled over Murray’s desk.,,,
q01325,top1989:1079,5054704,1,20,https://www.goodreads.com/work/quotes/5054704,"It was scary, and it was lonely, but it was home for Sergeant Chavez.",,,
q01326,top1989:1079,5054704,1,21,https://www.goodreads.com/work/quotes/5054704,"Under the circumstances, washing without soap wasn’t even as good as kissing your sister.",,,
q01327,top1989:1079,5054704,1,22,https://www.goodreads.com/work/quotes/5054704,"Like I keep telling people, the more thinking you do before things get exciting, the less exciting things will be. And they get plenty exciting enough.",,,
q01328,top1990:3343,2125304,1,0,https://www.goodreads.com/work/quotes/2125304,You have brains in your head. You have feet in your shoes. You can steer yourself any direction you choose. You're on your own. And you know what you know. And YOU are the one who'll decide where to go...,,,
q01329,top1990:3343,2125304,1,1,https://www.goodreads.com/work/quotes/2125304,"You're off to Great Places!Today is your day!Your mountain is waiting,So... get on your way!",,,
q01330,top1990:3343,2125304,1,2,https://www.goodreads.com/work/quotes/2125304,"So be sure when you step, Step with care and great tact. And remember that life's A Great Balancing Act. And will you succeed? Yes! You will, indeed! (98 and ¾ percent guaranteed) Kid, you'll move mountains.",,,
q01331,top1990:3343,2125304,1,4,https://www.goodreads.com/work/quotes/2125304,Oh the places you'll go! There is fun to be done! There are points to be scored. There are games to be won. And the magical things you can do with that ball will make you the winning-est winner of all.,,,
q01332,top1990:3343,2125304,1,5,https://www.goodreads.com/work/quotes/2125304,Things may happen and often do to people as brainy and footsy as you,,,
q01333,top1990:3343,2125304,1,6,https://www.goodreads.com/work/quotes/2125304,Congratulations!Today is your day.You're off to Great Places!You're off and away!,,,
q01334,top1990:3343,2125304,1,7,https://www.goodreads.com/work/quotes/2125304,You have brains in your head.You have feet in your shoes.You can steer yourself any direction you choose.,,,
q01335,top1990:3343,2125304,1,8,https://www.goodreads.com/work/quotes/2125304,"It's opener, out there, in the wide, open air.",,,
q01336,top1990:3343,2125304,1,9,https://www.goodreads.com/work/quotes/2125304,"And when you're alone there's a very good chanceyou'll meet things that scare you right out of your pantsThere are some, down the road between hither and yon,that can scare you so much you won't want to go on.",,,
q01337,top1990:3343,2125304,1,10,https://www.goodreads.com/work/quotes/2125304,"When you're in a Slump,you're not in for much fun.Un-slumping yourselfis not easily done.",,,
q01338,top1990:3343,2125304,1,11,https://www.goodreads.com/work/quotes/2125304,You will come to a place where the streets are not marked.Some windows are lighted. but mostly they're darked. But mostly they're darked. A place you could sprain both your elbow and chin! Do you dare to stay out? Do you dare to go in?How much can you lose? How much can you win?,,,
q01339,top1990:3343,2125304,1,12,https://www.goodreads.com/work/quotes/2125304,"You won't lag behind, because you'll have the speed. You'll pass the whole gang and you'll soon take the lead.Wherever you fly, you'll be best of the best.Wherever you go, you will top all the rest.Except when you don't.Because, sometimes, you won't.",,,
q01340,top1990:3343,2125304,1,13,https://www.goodreads.com/work/quotes/2125304,"Fame you'll be famous, as famous as can be, with everyone watching you win on TV, Except when they don't because sometimes they won't..",,,
q01341,top1990:3343,2125304,1,14,https://www.goodreads.com/work/quotes/2125304,"Out there things can happen, and frequently do,To people as brainy and footsy as you.And when things start to happen, don't worry, don't stew.Just go right along, you'll start happening too!",,,
q01342,top1990:3343,2125304,1,15,https://www.goodreads.com/work/quotes/2125304,"And will you succeed?Yes! You will, indeed!(98 and 3/4 percent guaranteed.)KID, YOU'LL MOVE MOUNTAINS!So...be your name Buxbaum or Bixby or Brayor Mordecai Ali Van Allen O'Shea,you're off to Great Places!Today is your day!Your mountain is waiting.So...get on your way!",,,
q01343,top1990:3343,2125304,1,19,https://www.goodreads.com/work/quotes/2125304,"Oh, the places you'll go! There is fun to be done!There are points to be scored. There are games to be won.And the magical things you can do with that ballwill make you the winning-est winner of all.Fame! You'll be as famous as famous can be,with the whole wide world watching you win on TV.Except when they don'tBecause, sometimes they won't.I'm afraid that some timesyou'll play lonely games too.Games you can't win'cause you'll play against you.",,,
q01344,top1990:3343,2125304,1,20,https://www.goodreads.com/work/quotes/2125304,"Simple it's not, I'm afraid you will find, for a mind maker-upper to make up his mind",,,
q01345,top1990:3343,2125304,1,21,https://www.goodreads.com/work/quotes/2125304,"You can get so confusedthat you'll start in to racedown long wiggled roads at a break-necking paceand grind on for miles across weirdish wild space,headed, I fear, toward a most useless place.The Waiting Place...",,,
q01346,top1990:3343,2125304,1,22,https://www.goodreads.com/work/quotes/2125304,"I'm sorry to say sobut, sadly, it's truethat Bang-upsand Hang-ups can happen to you.",,,
q01347,top1990:3343,2125304,1,23,https://www.goodreads.com/work/quotes/2125304,"Just never forget to be dexterous and deft.And never mix up your right foot with your left.And will you succeed?Yes! You will, indeed!(98 and 3/4 percent guaranteed.)",,,
q01348,top1990:3343,2125304,1,28,https://www.goodreads.com/work/quotes/2125304,"With banner flip-flapping,one more you'll ride high!Ready for anything under the sky.Ready because you're that kind of a guy!",,,
q01349,top1991:5144,220589870,1,1,https://www.goodreads.com/work/quotes/220589870,"Some of our clients have not been saints, but no lawyer can dictate morals to his client.",,,
q01350,top1991:5144,220589870,1,2,https://www.goodreads.com/work/quotes/220589870,"love yourself,.,.,.,for the sake of your better future",,,
q01351,top1991:5144,220589870,1,3,https://www.goodreads.com/work/quotes/220589870,"When you were in law school you had some noble idea of what a lawyer should be. A champion of individual rights; a defender of the Constitution; a guardian of the oppressed; an advocate for your client’s principles. Then after you practice for six months you realize we’re nothing but hired guns. Mouthpieces for sale to the highest bidder, available to anybody, any crook, any sleazebag with enough money to pay our outrageous fees. Nothing shocks you. It’s supposed to be an honorable profession, but you’ll meet so many crooked lawyers you’ll want to quit and find an honest job. Yeah, Mitch, you’ll get cynical. And it’s sad, really.",,,
q01352,top1991:5144,220589870,1,4,https://www.goodreads.com/work/quotes/220589870,"You’re beautiful,” he said. “When was the last time I told you that you are beautiful?” “About two hours ago.” “Two hours! How thoughtless of me!” “Don’t let it happen again.” He",,,
q01353,top1991:5144,220589870,1,5,https://www.goodreads.com/work/quotes/220589870,"Our clients are our only assets, so we kill ourselves for them.",,,
q01354,top1991:5144,220589870,1,6,https://www.goodreads.com/work/quotes/220589870,"I’m in shock now. I’m not believing this, Mitch. This is like a bad dream, only much worse.” “And this is only the beginning.",,,
q01355,top1991:5144,220589870,1,7,https://www.goodreads.com/work/quotes/220589870,"I thought they were honest.’ ‘They are, but they’re bankers, remember.",,,
q01356,top1991:5144,220589870,1,8,https://www.goodreads.com/work/quotes/220589870,The human body was not meant for such abuse. After about six months they lost steam.,,,
q01357,top1991:5144,220589870,1,9,https://www.goodreads.com/work/quotes/220589870,Billing was the lifeblood of the firm. Everything revolved around it.,,,
q01358,top1991:5144,220589870,1,10,https://www.goodreads.com/work/quotes/220589870,"Sure it will. That's part of it, Abby. It's a cutthroat business where the weak are eaten and the strong get rich. It's a marathon. He who endures wins the gold.""""And dies at the finish line.",,,
q01359,top1991:5144,220589870,1,11,https://www.goodreads.com/work/quotes/220589870,"It was the eyes, the cold black eyes with layers of black wrinkles around them. Great eyes. Unforgettable eyes. His hair was white and thin on top with thickets around the ears, and the whiteness contrasted sharply with the rest of his face. When he spoke, the eyes narrowed and the black pupils glowed fiercely. Sinister eyes. Knowing eyes.",,,
q01360,top1991:5144,220589870,1,14,https://www.goodreads.com/work/quotes/220589870,Mr. McKnight listened intently and waited with his rehearsed answer.,,,
q01361,top1991:5144,220589870,1,15,https://www.goodreads.com/work/quotes/220589870,"We’ve reviewed your writing sample, and it’s quite impressive.’ ‘Thank you. I enjoy research.",,,
q01362,top1992:4723,3338995,1,0,https://www.goodreads.com/work/quotes/3338995,The human heart has a way of making itself large again even after it's been broken into a million pieces.,,,
q01363,top1992:4723,3338995,1,1,https://www.goodreads.com/work/quotes/3338995,"In a universe of ambiguity, this kind of certainty comes only once, and never again, no matter how many lifetimes you live.",,,
q01364,top1992:4723,3338995,1,2,https://www.goodreads.com/work/quotes/3338995,The old dreams were good dreams; they didn't work out but I'm glad I had them.,,,
q01365,top1992:4723,3338995,1,3,https://www.goodreads.com/work/quotes/3338995,"It's clear to me now that I have been moving toward you and you toward me for a long time. Though neither of us was aware of the other before we met, there was a kind of mindless certainty bumming blithely along beneath our ignorance that ensured we would come together. Like two solitary birds flying the great prairies by celestial reckoning, all of these years and lifetimes we have been moving toward one another.",,,
q01366,top1992:4723,3338995,1,4,https://www.goodreads.com/work/quotes/3338995,"Analysis destroys wholes. Some things, magic things, are meant to stay whole. If you look at their pieces, they go away.",,,
q01367,top1992:4723,3338995,1,5,https://www.goodreads.com/work/quotes/3338995,"And in that moment, everything I knew to be true about myself up until then was gone. I was acting like another woman, yet I was more myself than ever before.",,,
q01368,top1992:4723,3338995,1,6,https://www.goodreads.com/work/quotes/3338995,"The heart never forgets, never gives up, the territory marked off for those who came before.",,,
q01369,top1992:4723,3338995,1,7,https://www.goodreads.com/work/quotes/3338995,Complex things are easy to do. Simplicity's the real challenge.,,,
q01370,top1992:4723,3338995,1,8,https://www.goodreads.com/work/quotes/3338995,"I don't like feeling sorry for myself. That's not who I am. And most of the time I don't feel that way. Instead, I am grateful for having at least found you. We could have flashed by one another like two pieces of cosmic dust.God or the universe or whatever one chooses to label the great systems of balance and order does not recognize Earth-time. To the universe, four days is no different than four billion light years. I try to keep that in mind.But, I am, after all, a man. And all the philosophic rationalizations I can conjure up do not keep me from wanting you, every day, every moment, the merciless wail of time, of time I can never spend with you, deep within my head.I love you, profoundly and completely. And I always will.The last cowboy,Robert",,,
q01371,top1992:4723,3338995,1,9,https://www.goodreads.com/work/quotes/3338995,"I sometimes have the feeling you've been here a long time, more than one lifetime, and that you've dwelt in private places none of the rest of us has even dreamed about.",,,
q01372,top1992:4723,3338995,1,10,https://www.goodreads.com/work/quotes/3338995,So here I am walking around with another person inside of me. Though I think I put it better the day we parted when I said there is a third person we have created from the two of us. And I am stalked now by that other entity.,,,
q01373,top1992:4723,3338995,1,11,https://www.goodreads.com/work/quotes/3338995,"First you must have the images, then come the words.",,,
q01374,top1992:4723,3338995,1,12,https://www.goodreads.com/work/quotes/3338995,"There are songs that come free from the blue-eyed grass, from the dust of a thousand country roads. This is one of them.",,,
q01375,top1992:4723,3338995,1,13,https://www.goodreads.com/work/quotes/3338995,"Such physical matters were nice, yet, to him, intelligence and passion born of living, the ability to move and be moved by subtleties of the mind and spirit, were what really counted.",,,
q01376,top1992:4723,3338995,1,14,https://www.goodreads.com/work/quotes/3338995,"The road is a strange place. Shuffling along, I looked up and you were there walking across the grass toward my truck on an August day. In retrospect, it seems inevitable - it could not have been any other way-- a case of what I call the high probability of the improbable",,,
q01377,top1992:4723,3338995,1,15,https://www.goodreads.com/work/quotes/3338995,"The reality is not exactly what the song started out to be, but it's not a bad song.",,,
q01378,top1992:4723,3338995,1,16,https://www.goodreads.com/work/quotes/3338995,"...realities that kept the music silent, the dreams in a box.",,,
q01379,top1992:4723,3338995,1,17,https://www.goodreads.com/work/quotes/3338995,I am the highway and a peregrine and all the sails that ever went to sea,,,
q01380,top1992:4723,3338995,1,18,https://www.goodreads.com/work/quotes/3338995,"He was an animal. A graceful, hard, male animal who did nothing overtly to dominate her yet dominated her completely, in the exact way she wanted that to happen at this moment.",,,
q01381,top1992:4723,3338995,1,19,https://www.goodreads.com/work/quotes/3338995,Anyone who can feel that way about a woman is worth lovin himself.,,,
q01382,top1992:4723,3338995,1,20,https://www.goodreads.com/work/quotes/3338995,"You make pictures, not take them?Yes. At least that's how I think of it. That's the difference between Sunday snapshooters and someone who does it for a living... I don't just take things as given, I try to make them into something that reflects my personal consciousness, my spirit. I try to find the poetry in the image.",,,
q01383,top1992:4723,3338995,1,21,https://www.goodreads.com/work/quotes/3338995,This kind of certainty comes but once in a lifetime.,,,
q01384,top1992:4723,3338995,1,22,https://www.goodreads.com/work/quotes/3338995,"Eventually, computers and robots will run things. Humans will manage those machines, but that doesn't require courage or strength, or any characteristics like those. In fact, men are outliving their usefulness",,,
q01385,top1992:4723,3338995,1,23,https://www.goodreads.com/work/quotes/3338995,"Something I've never been able to adapt to, to understand is how they can lavish such love and care on the animals and then see them sold for slaughter. I don't dare say anything about it, though. Richard and his friends would be down on me in a flash. But there's some kind of cold, unfeeling contradiction in that business.",,,
q01386,top1992:4723,3338995,1,24,https://www.goodreads.com/work/quotes/3338995,"His eyes looked directly at her, and she felt something jump inside. The eyes, the voice, the face, the silver hair, the easy way he moved his body, old ways, disturbing ways, ways that draw you in. Ways that whisper to you in the final moment before sleep comes, when the barriers have fallen.",,,
q01387,top1992:4723,3338995,1,25,https://www.goodreads.com/work/quotes/3338995,"And, man he cried when he talked. He cried big tears, the kind it takes an old man to cry, the kind it takes a saxophone to play.",,,
q01388,top1992:4723,3338995,1,26,https://www.goodreads.com/work/quotes/3338995,"Gypsies make difficult friends for ordinary people, and he was seething of a gypsy.",,,
q01389,top1992:4723,3338995,1,27,https://www.goodreads.com/work/quotes/3338995,"Sometime I'm going to do an essay called 'The Virtues of Amateurism' for all of those people who wish they earned their living in the arts. The market kills more artistic people than anything else. It's a world of safety out there, for most people. They want safety, the magazines and manufacturers give them safety, give them homogeneity, give them the familiar and comfortable, don't challenge them.",,,
q01390,top1992:4723,3338995,1,28,https://www.goodreads.com/work/quotes/3338995,"It already smells good,"" he said, pointing toward the stove. ""It smells... quiet."" He looked at her.""Quiet? Could something smell quiet"" She was thinking about the phrase, asking herself. He was right. After the pork chops and steaks and roasts she cooked for the family, this was quiet cooking. No violence involved anywhere down the food chain, except maybe for pulling up the vegetables. The stew cooked quietly and smelled quiet.",,,
q01391,top1992:4723,3338995,1,29,https://www.goodreads.com/work/quotes/3338995,"We're giving up free range, getting organized, feathering our emotions. Efficiency an effectiveness and all those other pieces of intellectual artifice. And with the loss of free range, the cowboy disappears, along with the mountain lion and gray wolf. There's not much room left for travelers.",,,
q01392,top1992:4723,3338995,2,0,https://www.goodreads.com/work/quotes/3338995?page=2,"Talisman, Talisman, show me your secrets, Helmsman, Helmsman, turn me for home.",,,
q01393,top1992:4723,3338995,2,1,https://www.goodreads.com/work/quotes/3338995?page=2,"We have both lost ourselves and created something else, something that exists only as an interlacing of the two of us. Christ, we're in love. As deeply, as profoundly, as it's possible to be in love.",,,
q01394,top1992:4723,3338995,2,2,https://www.goodreads.com/work/quotes/3338995?page=2,She wore ribbons in her black hair and clung to her dreams,,,
q01395,top1992:4723,3338995,2,4,https://www.goodreads.com/work/quotes/3338995?page=2,"In a way, women were asking for men to be poets and driving, passionate lovers at the same time.",,,
q01396,top1992:4723,3338995,2,6,https://www.goodreads.com/work/quotes/3338995?page=2,"Francesca was feeling good feelings, old feelings, poetry and music feelings.",,,
q01397,top1992:4723,3338995,2,8,https://www.goodreads.com/work/quotes/3338995?page=2,"He liked words and images. ""Blue"" was one of his favorite words. He liked the feeling it made on his lips and tongue when he said it.",,,
q01398,top1992:4723,3338995,2,14,https://www.goodreads.com/work/quotes/3338995?page=2,I made that horn sound like it never had before; I made it cry for all the miles and years that separated them.,,,
q01399,top1992:4723,3338995,2,15,https://www.goodreads.com/work/quotes/3338995?page=2,"She was more of a business partner to him than anything else. Some of her appreciated that. But rustling yet within her was another person who wanted to bathe and perfume herself...and be taken, carried away, and peeled back by a force she could sense, but never articulate, even dimly within her mind.",,,
q01400,top1992:4723,3338995,2,19,https://www.goodreads.com/work/quotes/3338995?page=2,"I was wrong, Robert. I was wrong, but I can't go. Let me tell you again why I can't go. Tell me again why I should go.",,,
q01401,top1992:4723,3338995,2,25,https://www.goodreads.com/work/quotes/3338995?page=2,"The marketing people are always talking about something called 'consumers'. I have this image of a fat little man in baggy Bermuda shorts, a Hawaiian shirt, and a straw hat with beer-can openers dangling from it, clutching fistfuls of dollars.",,,
q01402,top1992:4723,3338995,2,26,https://www.goodreads.com/work/quotes/3338995?page=2,"One of his high school teachers wrote the following in an evaluation of him: ""He believes that 'IQ tests are a poor way to judge people's abilities, failing as they do to account for magic, which has its own importance, both by itself and as a complement to logic,' I suggest a conference with his parents.' (pg. 11)",,,
q01403,top1992:4723,3338995,2,27,https://www.goodreads.com/work/quotes/3338995?page=2,"I don't want to need you, 'cause I can't have you.",,,
q01404,top1992:4723,3338995,2,28,https://www.goodreads.com/work/quotes/3338995?page=2,I want to keep it forever. I want to love you the way I do now the rest of my life. Don't you understand... we'll lose it if we leave. I can't make an entire life disappear to start a new one. All I can do is try to hold onto to both. Help me. Help me not lose loving you.,,,
q01405,top1992:4723,3338995,2,29,https://www.goodreads.com/work/quotes/3338995?page=2,You never in your life think that love like this can happen to you,,,
q01406,top1992:4723,3338995,3,0,https://www.goodreads.com/work/quotes/3338995?page=3,"In an increasingly callous world, we all exist with our own carapaces of scabbed-over sensibilities. Where great passion leaves off and mawkishness begins, I’m not sure. But our tendency to scoff at the possibility of the former and to label genuine and profound feelings as maudlin makes it difficult to enter the realm of gentleness required to understand the story of Francesca Johnson and Robert Kincaid.",,,
q01407,top1992:4723,3338995,3,2,https://www.goodreads.com/work/quotes/3338995?page=3,"[...] wondering about a man to whom the difference between a pasture and a meadow seemed important, [...] who seemed like the wind. And moved like it. Came from it, perhaps.",,,
q01408,top1992:4723,3338995,3,3,https://www.goodreads.com/work/quotes/3338995?page=3,"To covered bridges in the late afternoon, or, better yet, on warm red mornings.",,,
q01409,top1992:4723,3338995,3,11,https://www.goodreads.com/work/quotes/3338995?page=3,"Iowans have their faults, but one of them is not lack of caring.",,,
q01410,top1992:4723,3338995,3,17,https://www.goodreads.com/work/quotes/3338995?page=3,"I gave my life to my family, I wish to give Robert what is left of me.",,,
q01411,top1992:4723,3338995,3,27,https://www.goodreads.com/work/quotes/3338995?page=3,"He had been here just a few minutes before,she was lying where the water had run down his body,and she found that intensely erotic.Almost everything about Robert Kincaid had begun to seem erotic to her.",,,
q01412,top1992:4723,3338995,3,28,https://www.goodreads.com/work/quotes/3338995?page=3,"They were good friends, though they would never understand what lay inside of her, would not understand even if she told them.",,,
q01413,top1992:4723,3338995,4,1,https://www.goodreads.com/work/quotes/3338995?page=4,"I just stand here, about twilight, makin’ that ol’ horn weep, and I play that tune for a man named Robert Kincaid and a woman he called Francesca.",,,
q01414,top1992:4723,3338995,4,4,https://www.goodreads.com/work/quotes/3338995?page=4,My contention is that male hormones are the ultimate cause of trouble on this planet. It was one thing to dominate another tribe or another warrior. It’s quite another to have missiles.,,,
q01415,top1992:4723,3338995,4,6,https://www.goodreads.com/work/quotes/3338995?page=4,Her abstinence from her recollections had been a matter of survival.,,,
q01416,top1992:4723,3338995,4,8,https://www.goodreads.com/work/quotes/3338995?page=4,"Yet in a world where personal commitment in all of its forms seems to be shattering and love has become a matter of convenience, they both felt this remarkable tale was worth the telling.",,,
q01417,top1993:2712,1172473,1,0,https://www.goodreads.com/work/quotes/1172473,Each of us is born with a box of matches inside us but we can't strike them all by ourselves,,,
q01418,top1993:2712,1172473,1,2,https://www.goodreads.com/work/quotes/1172473,You don't have to think about love; you either feel it or you don't.,,,
q01419,top1993:2712,1172473,1,5,https://www.goodreads.com/work/quotes/1172473,"Then she cried without tears, which is said to hurt even more like dry labor.",,,
q01420,top1993:2712,1172473,1,7,https://www.goodreads.com/work/quotes/1172473,"It was very pleasant to savor its aroma, for smells have the power to evoke the past, bringing back sounds and even other smells that have no match in the present. -Tita",,,
q01421,top1993:2712,1172473,1,8,https://www.goodreads.com/work/quotes/1172473,"There are some things in life that shouldn't be given so much importance, if they don't change what is essential.",,,
q01422,top1993:2712,1172473,1,9,https://www.goodreads.com/work/quotes/1172473,"She felt so lost and lonely. One last chile in walnut sauce left on the platter after a fancy dinner couldn't feel any worse than she did. How many times had she eaten one of those treats, standing by herself in the kitchen, rather than let it be thrown away. When nobody eats the last chile on the plate, it's usually because none of them wants to look like a glutton, so even though they'd really like to devour it, they don't have the nerve to take it. It was as if they were rejecting that stuffed pepper, which contains every imaginable flavor; sweet as candied citron, juicy as pomegranate, with the bit of pepper and the subtlety of walnuts, that marvelous chile in the walnut sauce. Within it lies the secret of love, but it will never be penetrated, and all because it wouldn't feel proper.",,,
q01423,top1993:2712,1172473,1,10,https://www.goodreads.com/work/quotes/1172473,"You must take care to light the matches one at a time. If a powerful emotion should ignite them all at once, they would produce a splendor so dazzling that it would illuminate far beyond what we can normally see; and then a brilliant tunnel would appear before our eyes, revealing the path we forgot the moment we were born, and summoning us to regain the divine origins we had lost. The soul ever longs to return to the place from which it came, leaving the body lifeless.",,,
q01424,top1993:2712,1172473,1,11,https://www.goodreads.com/work/quotes/1172473,"Tita knew through her own flesh how fire transforms the elements, how a lump of corn flour is changed into a tortilla, how a soul that hasn't been warmed by the fire of love is lifeless, like a useless ball of corn flour.",,,
q01425,top1993:2712,1172473,1,14,https://www.goodreads.com/work/quotes/1172473,"The most elementary of good manners . . . at a social gathering one does not bring up the subject of personalities, sad topics or unfortunate facts, religion, or politics.",,,
q01426,top1993:2712,1172473,1,18,https://www.goodreads.com/work/quotes/1172473,The simple truth is that the truth does not exist; it all depends on a person's point of view.,,,
q01427,top1993:2712,1172473,1,29,https://www.goodreads.com/work/quotes/1172473,"Those huge stars have lasted for millions of years by taking care never to absorb any of the fiery rays lovers all over the world send up at them night after night. To avoid that, the star generates so much heat inside itself that it shatters the rays into a thousand pieces.Any look it receives is immediately repulsed, reflected back onto the earth, like a trick done with mirrors. That is the reason the stars shine so brightly at night.",,,
q01428,top1993:2712,1172473,2,0,https://www.goodreads.com/work/quotes/1172473?page=2,"When you're told there's no way you can marry the woman you love and your only hope of being near her is to marry her sister, wouldn't you do the same?",,,
q01429,top1993:2712,1172473,2,3,https://www.goodreads.com/work/quotes/1172473?page=2,"That’s why it’s important to keep your distance from people who have frigid breath. Just their presence can put out the most intense fire, with results we’re familiar with. If we stay a good distance away from those people, it’s easier to protect ourselves from being extinguished.",,,
q01430,top1993:2712,1172473,2,4,https://www.goodreads.com/work/quotes/1172473?page=2,"The trouble with crying over an onion is that once the chopping gets you started and the tears begin to well up, the next thing you know you just can't stop.",,,
q01431,top1993:2712,1172473,2,11,https://www.goodreads.com/work/quotes/1172473?page=2,"Carefully studying the delicate form of the doll, she was thinking how easy it was to wish for things as a child. Then nothing seemed impossible. Growing up, one realizes how many things one cannot wish for, the things that are forbidden, sinful. Indecent.",,,
q01432,top1993:2712,1172473,2,14,https://www.goodreads.com/work/quotes/1172473?page=2,"The sun light up a drop of dewThe drop of dew soon driesYou are the light of my eyes, my eyesI'm brought to life by you ...",,,
q01433,top1993:2712,1172473,2,24,https://www.goodreads.com/work/quotes/1172473?page=2,"next time you fall in love, don’t be such a coward?",,,
q01434,top1993:2712,1172473,3,2,https://www.goodreads.com/work/quotes/1172473?page=3,A sus treinta y nueve años aún seguía fresca y rozagante como un pepino recién cortado.,,,
q01435,top1993:2712,1172473,4,2,https://www.goodreads.com/work/quotes/1172473?page=4,Those hands had rescued her from horror and she would never forget it.,,,
q01436,top1993:2712,1172473,4,5,https://www.goodreads.com/work/quotes/1172473?page=4,"She didn’t know what to tell her mama first, if she should tell her that the far end of the patio was on fire, or that Gertrudis had run off with one of Villa’s men, on horseback . . . naked.",,,
q01437,top1993:2712,1172473,4,16,https://www.goodreads.com/work/quotes/1172473?page=4,"I don't know why mine never turn out like hers, or why my tears flow so freely when I prepare them - perhaps I am as sensitive to onions as Tita, my great-aunt, who will go on living as long as there is someone who cooks her recipes.",,,
q01438,top1993:2712,1172473,4,18,https://www.goodreads.com/work/quotes/1172473?page=4,"Life had taught her that it was not that easy; there are few prepared to fulfill their desires whatever the cost, and the right to determine the course of one's own life would take more effort than she had imagined. That battle she had to fight alone, and it weighed on her.",,,
q01439,top1993:2712,1172473,4,19,https://www.goodreads.com/work/quotes/1172473?page=4,"Now, seeing her hands no longer at her mother's command, she didn't know what to ask them to do, she had never decided for herself before. They could do anything or become anything. They could turn into birds and fly into the air! She would like them to carry her far away, as far as possible. Going to the window facing the patio, she raised her hands to heaven, she wanted to escape from herself, didn't want to think about making a choice, didn't want to talk again. She didn't want her words to shriek her pain.",,,
q01440,top1993:2712,1172473,4,21,https://www.goodreads.com/work/quotes/1172473?page=4,Life would be much nicer if one could carry the smells and tastes of the maternal home wherever one pleased.,,,
q01441,top1993:2712,1172473,4,23,https://www.goodreads.com/work/quotes/1172473?page=4,Tita was literally “like water for chocolate”-she was on the verge of boiling over.,,,
q01442,top1994:4796,2603195,1,0,https://www.goodreads.com/work/quotes/2603195,"We must assume every event has significance and contains a message that pertains to our questions...this especially applies to what we used to call bad things...the challenge is to find the silver lining in every event, no matter how negative.",,,
q01443,top1994:4796,2603195,1,1,https://www.goodreads.com/work/quotes/2603195,...Dreams come to tell us something about our lives that we are missing.,,,
q01444,top1994:4796,2603195,1,2,https://www.goodreads.com/work/quotes/2603195,"When love first happens, the individuals are giving each other energy unconsciously and both people feel buoyant and elated. That's the incredible high we call being ‘in love.’ Unfortunately, once they expect this feeling to come from another person, they cut themselves off from the energy in the universe and begin to rely even more on the energy from each other--only now there doesn’t seem to be enough and so they stop giving each other energy and fall back into their dramas in an attempt to control each other and force the other’s energy their way.",,,
q01445,top1994:4796,2603195,1,3,https://www.goodreads.com/work/quotes/2603195,"When we dislike someone, or feel threatened by someone, the natural tendency is to focus on something we dislike about the person, something that irritates us. Unfortunately, when we do this--instead of seeing the deeper beauty of the person and giving them energy--we take energy away and actually do them harm. All they know is that they suddenly feel less beautiful and less confident, and it is because we sapped their energy.",,,
q01446,top1994:4796,2603195,1,4,https://www.goodreads.com/work/quotes/2603195,"We humans have always sought to increase our personal energy in the only manner we have known, by seeking to psychologically steal it from the others--an unconscious competition that underlies all human conflict in the world.",,,
q01447,top1994:4796,2603195,1,5,https://www.goodreads.com/work/quotes/2603195,"How many people do you know who are obsessed with their work, who are type A or have stress related diseases and who can’t slow down? They can’t slow down because they use their routine to distract themselves, to reduce life to only its practical considerations. And they do this to avoid recalling how uncertain they are about why they live.",,,
q01448,top1994:4796,2603195,1,6,https://www.goodreads.com/work/quotes/2603195,Sexual union is a holy moment in which a part of Heaven flows into the Earth.,,,
q01449,top1994:4796,2603195,1,7,https://www.goodreads.com/work/quotes/2603195,...The human perception of this energy first begins with a heightened sensitivity to beauty.,,,
q01450,top1994:4796,2603195,1,8,https://www.goodreads.com/work/quotes/2603195,"sudden, spontaneous eye contact is a sign that two people should talk.",,,
q01451,top1994:4796,2603195,1,9,https://www.goodreads.com/work/quotes/2603195,"The things that we preceive as beautiful may be different, but the actual characteristics we ascribe to beautiful objects are similar. Think about it. When something strikes us as beautiful, it displays more presence and sharpness of shape and vividness of color, doesn't it? It stands out. It shines. It seems almost iridescent compared to the dullness of other objects less attractive.",,,
q01452,top1994:4796,2603195,1,10,https://www.goodreads.com/work/quotes/2603195,"When each expects the other to live in his or her world, to always be there to join in his or her chosen activities, an ego battle inevitably develops.",,,
q01453,top1994:4796,2603195,1,11,https://www.goodreads.com/work/quotes/2603195,The worst thing that can be done to children is to drain their energy while correcting them.,,,
q01454,top1994:4796,2603195,1,12,https://www.goodreads.com/work/quotes/2603195,"The universe is energy, energy that responds to our expectations.",,,
q01455,top1994:4796,2603195,1,13,https://www.goodreads.com/work/quotes/2603195,loving and energizing others is the best possible thing we can do for ourselves.,,,
q01456,top1994:4796,2603195,1,14,https://www.goodreads.com/work/quotes/2603195,"...the basic stuff of the universe, at its core, is looking like a kind of pure energy that is malleable to human intention and expectation in a way that defies our old mechanistic model of the universe--as though our expectation itself causes our energy to flow out into the world and affect other energy systems.",,,
q01457,top1994:4796,2603195,1,15,https://www.goodreads.com/work/quotes/2603195,you should never take responsibility for more children than you can give attention to.,,,
q01458,top1994:4796,2603195,1,16,https://www.goodreads.com/work/quotes/2603195,"It says that whenever people cross our paths, there is always a message for us. Chance encounters do not exist. But how we respond to these encounters determines whether we’re able to receive the message. If we have a conversation with someone who crosses our path and we do not see a message pertaining to our current questions, it does not mean there was no message. It only means we missed it for some reason.",,,
q01459,top1994:4796,2603195,1,17,https://www.goodreads.com/work/quotes/2603195,History is not just the evolution of technology; it is the evolution of thought.,,,
q01460,top1994:4796,2603195,1,18,https://www.goodreads.com/work/quotes/2603195,Evolution is a myth. God creates the future the way he wants it.,,,
q01461,top1994:4796,2603195,1,20,https://www.goodreads.com/work/quotes/2603195,"Our children take our level of vibration and raise it even higher. This is how we, as humans, continue evolution.",,,
q01462,top1994:4796,2603195,1,21,https://www.goodreads.com/work/quotes/2603195,"the First Insight is an awareness of the mysterious occurrences that change one’s life, the feeling that some other process is operating.",,,
q01463,top1994:4796,2603195,1,22,https://www.goodreads.com/work/quotes/2603195,the truth we have to tell and the things we have to do are too unique to fit within a usual job setting.,,,
q01464,top1994:4796,2603195,1,24,https://www.goodreads.com/work/quotes/2603195,"And when it comes to relationships, we’re so demanding that we’re making them near impossible.",,,
q01465,top1994:4796,2603195,1,25,https://www.goodreads.com/work/quotes/2603195,Your whole life has been a long road leading directly to this moment,,,
q01466,top1994:4796,2603195,1,27,https://www.goodreads.com/work/quotes/2603195,"When you fully integrate this view of your life, you will have achieved what the Manuscript calls a clear awareness of your spiritual path. According to the Manuscript we all must spend as much time as necessary going through this process of clearing our past. Most of us have a control drama we have to transcend but once we do, we can comprehend the higher meaning for why we were born to our particular parents, and what all the twists and turns of our lives were preparing us to do. We all have a spiritual purpose, a mission, that we have been pursuing without being fully aware of it, and once we bring it completely into consciousness, our lives can take off.",,,
q01467,top1994:4796,2603195,1,28,https://www.goodreads.com/work/quotes/2603195,What we don’t realize is that this sense of feeling better costs the other person. It is their energy that we have stolen. Most people go through their lives in a constant hunt for someone else’s energy.,,,
q01468,top1994:4796,2603195,1,29,https://www.goodreads.com/work/quotes/2603195,"We’re all looking for more fulfillment in our lives, and we won’t put up with anything that seems to bring us down.",,,
q01469,top1995:5413,467825,1,0,https://www.goodreads.com/work/quotes/467825,I guess that’s all forever is...Just one long trail of nows. And I guess all you can do is try and live one now at a time without getting too worked up about the last now or the next now.,,,
q01470,top1995:5413,467825,1,1,https://www.goodreads.com/work/quotes/467825,She had seemed to need something from him that he hadn’t been able to give...at last he realized that what she had needed from him was need itself. That he should need her as she needed him.,,,
q01471,top1995:5413,467825,1,2,https://www.goodreads.com/work/quotes/467825,"But you see Annie, where there's pain, there's still feeling and where there's feeling, there's hope.",,,
q01472,top1995:5413,467825,1,3,https://www.goodreads.com/work/quotes/467825,"It was in America that horses first roamed. A million years before the birth of man, they grazed the vast plains of wiry grass and crossed to other continents over bridges of rock soon severed by retreating ice. They first knew man as the hunted knows the hunter, for long before he saw them as a means to killing other beasts, man killed them for their meat.Paintings on the walls of caves showed how. Lions and bears would turn and fight and that was the moment men speared them. But the horse was a creature of flight not fight and, with a simple deadly logic, the hunter used flight to destroy it. Whole herds were driven hurtling headlong to their deaths from the tops of cliffs. Deposits of their broken bones bore testimony. And though later he came pretending friendship, the alliance with man would ever be but fragile, for the fear he'd struck into their hearts was too deep to be dislodged.Since that neolithic moment when first a horse was haltered, there were those among men who understood this.They could see into the creature's soul and soothe the wounds they found there. Often they were seen as witches and perhaps they were. Some wrought their magic with the bleached bones of toads, plucked from moonlit streams. Others, it was said, could with but a glance root the hooves of a working team to the earth they plowed. There were gypsies and showmen, shamans and charlatans. And those who truly had the gift were wont to guard it wisely, for it was said that he who drove the devil out, might also drive him in. The owner of a horse you calmed might shake your hand then dance around the flames while they burned you in the village square.For secrets uttered softly into pricked and troubles ears, these men were known as Whisperers.",,,
q01473,top1995:5413,467825,1,4,https://www.goodreads.com/work/quotes/467825,Knowing is the easy part; saying it out loud is the hard part.,,,
q01474,top1995:5413,467825,1,5,https://www.goodreads.com/work/quotes/467825,"Seems to me if you talk about these things too much, the magic gets lost and pretty soon talk is all there is. Some things in life just... are.",,,
q01475,top1995:5413,467825,1,6,https://www.goodreads.com/work/quotes/467825,"It was, she believed, a simple and unassailable fact of life that if a woman went to epic lengths to throw herself on the mercy of a man, the man would not, could not, refuse.",,,
q01476,top1995:5413,467825,1,7,https://www.goodreads.com/work/quotes/467825,Her only shame was that she felt none.,,,
q01477,top1995:5413,467825,1,9,https://www.goodreads.com/work/quotes/467825,"Dancing and riding, it’s the same damn thing. It’s about trust and consent.",,,
q01478,top1995:5413,467825,1,10,https://www.goodreads.com/work/quotes/467825,"There was death at the beginning as there would be death again at its end. Though whether it was some fleeting shadow of this that passed across the girl’s dreams and woke her on that least likely of mornings she would never know. All she knew, when she opened her eyes, was that the world was somehow altered.The red glow of her alarm showed it was yet a half hour till the time she had set it to wake her and she lay quite still, not lifting her head, trying to configure the change. It was dark but not as dark as it should be. Across the bedroom, she could clearly make out the dull glint of her riding trophies on cluttered shelves and above them the looming faces of rock stars she had once thought she should care about. She listened. The silence that filled the house was different too, expectant, like the pause between the intake of breath and the uttering of words. Soon there would be the muted roar of the furnace coming alive in the basement and the old farmhouse floorboards would start their ritual creaking complaint. She slipped out from the bedclothes and went to the window.There was snow. The first fall of winter. And from the laterals of the fence up by the pond she could tell there must be almost a foot of it. With no deflecting wind, it was perfect and driftless, heaped in comical proportion on the branches of the six small cherry trees her father had planted last year. A single star shone in a wedge of deep blue above the woods. The girl looked down and saw a lace of frost had formed on the lower part of the window and she placed a finger on it, melting a small hole. She shivered, not from the cold, but from the thrill that this transformed world was for the moment entirely hers. And she turned and hurried to get dressed.",,,
q01479,top1995:5413,467825,1,11,https://www.goodreads.com/work/quotes/467825,"They looked at each other and some refraction of the pain in Tom's heart must have shown in his eyes.Frank said, 'In pretty deep, huh?''About as deep as it gets.",,,
q01480,top1995:5413,467825,1,12,https://www.goodreads.com/work/quotes/467825,Annie looked into his eyes with their blood-crazed whites and for the first time in her life knew how one might come to believe in the devil.,,,
q01481,top1995:5413,467825,1,16,https://www.goodreads.com/work/quotes/467825,What wanton liars love makes of us.,,,
q01482,top1995:5413,467825,1,19,https://www.goodreads.com/work/quotes/467825,dark when the phone rang and woke him. He,,,
