quote_id,sample_id,gr_work_id,page,idx,source_url,quote_text,bucket,tense,note
q00001,top1931:413,1263065,1,0,https://www.goodreads.com/work/quotes/1263065,"with superb courage, and the decision and intelligence of a man.",,,
q00002,top1931:413,1263065,1,1,https://www.goodreads.com/work/quotes/1263065,JARED DIBBLEGone to Heaven Like a sign on an office door. Out for lunch. Back at two.,,,
q00003,top1931:413,1263065,1,2,https://www.goodreads.com/work/quotes/1263065,"No sooner do you get a field cleared of them than within another year a new layer has somehow worked its way to the surface. It’s my opinion they boil up from hell, those stones, cooling on the way.",,,
q00004,top1932:4639,1630739,1,0,https://www.goodreads.com/work/quotes/1630739,She had one of those twisty minds that find no difficulty in sublimating their meanest little impulses to almost dizzily ethical heights.,,,
q00005,top1932:4639,1630739,1,1,https://www.goodreads.com/work/quotes/1630739,All her years of maturity had been devoted either to distorting or side-stepping the less agreeable facts motivating her self-indulgent conduct.,,,
q00006,top1934:2791,1180015,1,0,https://www.goodreads.com/work/quotes/1180015,"People make mistakes in life through believing too much, but they have a damned dull time if they believe too little.",,,
q00007,top1934:2791,1180015,1,1,https://www.goodreads.com/work/quotes/1180015,"if we have not found the heaven within,we have not found the heaven without",,,
q00008,top1934:2791,1180015,1,2,https://www.goodreads.com/work/quotes/1180015,"If I could put it into a very few words, dear sir, I should say that our prevalent belief is in moderation. We inculcate the virtue of avoiding excesses of all kinds—even including, if you will pardon the paradox, excess of virtue itself.",,,
q00009,top1934:2791,1180015,1,3,https://www.goodreads.com/work/quotes/1180015,We believe that to govern perfectly it is necessary to avoid governing too much.,,,
q00010,top1934:2791,1180015,1,4,https://www.goodreads.com/work/quotes/1180015,"Is there not too much tension in the world at present, and might it not be better if more people were slackers?",,,
q00011,top1934:2791,1180015,1,5,https://www.goodreads.com/work/quotes/1180015,"The first quarter-century of your life was doubtless lived under the cloud of being too young for things, while the last quarter-century would normally be shadowed by the still darker cloud of being too old for them; and between those two clouds, what small and narrow sunlight illumines a human lifetime!",,,
q00012,top1934:2791,1180015,1,7,https://www.goodreads.com/work/quotes/1180015,"Miss Brinklow, however, was not yet to be sidetracked. ""What do the lamas do?"" she continued.""They devote themselves, madam, to contemplation and to the pursuit of wisdom.""""But that isn't doing anything.""""Then, madam, they do nothing.",,,
q00013,top1934:2791,1180015,1,8,https://www.goodreads.com/work/quotes/1180015,"We have reason. It is the entire meaning and purpose of Shangri-La. It came to me in a vision long, long ago. I foresaw a time when man exalting in the technique of murder, would rage so hotly over the world, that every book, every treasure would be doomed to destruction. This vision was so vivid and so moving that I determined to gather together all things of beauty and culture that I could and preserve them here against the doom toward which the world is rushing. Look at the world today. Is there anything more pitiful? What madness there is! What blindness! A scurrying mass of bewildered humanity crashing headlong against each other. The time must come, my friend, when brutality and the lust for power must perish by its own sword. For when that day comes, the world must begin to look for a new life. And it is our hope that they may find it here.",,,
q00014,top1934:2791,1180015,1,9,https://www.goodreads.com/work/quotes/1180015,"The will of God or the lunacy of man - it seemed to him that you could take your choice, if you wanted a good enough reason for most things. Or, alternatively, the will of man and the lunacy of God.",,,
q00015,top1934:2791,1180015,1,10,https://www.goodreads.com/work/quotes/1180015,"It seemed to him that the little Manchu had never looked so radiant. She gave him a most charming smile, but her eyes were all for the boy.",,,
q00016,top1934:2791,1180015,1,11,https://www.goodreads.com/work/quotes/1180015,Laziness in doing stupid things can be a great virtue...,,,
q00017,top1934:2791,1180015,1,12,https://www.goodreads.com/work/quotes/1180015,"My friend, it is not an arduous task that I bequeath, for our order knows only silken bonds. To be gentle and patient, to care for the riches of the mind, to preside in wisdom and secrecy while the storm rages without — it will all be very pleasantly simple for you, and you will doubtless find great happiness.",,,
q00018,top1934:2791,1180015,1,14,https://www.goodreads.com/work/quotes/1180015,"Conway said quietly, “If you’d had all the experiences I’ve had, you’d know that there are times in life when the most comfortable thing is to do nothing at all. Things happen to you and you just let them happen.",,,
q00019,top1934:2791,1180015,1,15,https://www.goodreads.com/work/quotes/1180015,"And, most precious of all, you will have Time—that rare and lovely gift that your Western countries have lost the more they have pursued it.",,,
q00020,top1934:2791,1180015,1,16,https://www.goodreads.com/work/quotes/1180015,"Then, my son, when the strong have devoured each other, the Christian ethic may at last be fulfilled, and the meek shall inherit the earth.",,,
q00021,top1934:2791,1180015,1,17,https://www.goodreads.com/work/quotes/1180015,"One had to breathe consciously and deliberately, which, though disconcerting at first, induced after a time an almost ecstatic tranquility of mind. The whole body moved in a single rhythm of breathing, walking, and thinking, the lungs, no longer discrete and automatic, were disciplined to harmony with mind and limb.",,,
q00022,top1934:2791,1180015,1,18,https://www.goodreads.com/work/quotes/1180015,"you’re certain, then, that no human affection can outlast a five-year absence?” “It can, undoubtedly,” replied the Chinese, “but only as a fragrance whose melancholy we may enjoy.",,,
q00023,top1934:2791,1180015,1,19,https://www.goodreads.com/work/quotes/1180015,"I suppose the truth is that when it comes to believing things without actual evidence, we all incline to what we find most attractive.",,,
q00024,top1934:2791,1180015,1,20,https://www.goodreads.com/work/quotes/1180015,I shall be very deeply interested—in due course.,,,
q00025,top1934:2791,1180015,1,21,https://www.goodreads.com/work/quotes/1180015,"There came a time, he realized, when the strangeness of everything made it increasingly difficult to realize the strangeness of anything;",,,
q00026,top1934:2791,1180015,1,22,https://www.goodreads.com/work/quotes/1180015,"The jewel has facets,” said the Chinese, “and it is possible that many religions are moderately true.",,,
q00027,top1934:2791,1180015,1,24,https://www.goodreads.com/work/quotes/1180015,"There was also in his nature a trait which some people might have called laziness, though it was not quite that. No one was capable of harder work, when it had to be done, and few could better shoulder responsibility; but the facts remained that he was not passionately fond of activity, and did not enjoy responsibility at all. Both were included in his job, and he made the best of them, but he was always ready to give way to any one else who could function as well or better. It was partly this, no doubt, that had made his success in the Service less striking than it might have been. He was not ambitious enough to shove his way past others, or to make an important parade of doing nothing when there was really nothing doing. His dispatches were sometimes laconic to the point of curtness, and his calm in emergencies, though admired, was often suspected of being too sincere. Authority likes to feel that a man is imposing some effort on himself, and that his apparent nonchalance is only a cloak to disguise an outfit of well-bred emotions. With Conway the dark suspicion had sometimes been current that he really was as unruffled as he looked, and that whatever happened, he did not give a damn. But this, too, like the laziness, was an imperfect interpretation. What most observers failed to perceive in him was something quite bafflingly simple—a love of quietness, contemplation, and being alone.",,,
q00028,top1934:2791,1180015,1,25,https://www.goodreads.com/work/quotes/1180015,"The parallel is not quite exact. For those Dark Ages were not really so very dark—they were full of flickering lanterns, and even if the light had gone out of Europe altogether, there were other rays, literally from China to Peru, at which it could have been rekindled. But the Dark Ages that are to come will cover the whole world in a single pall; there will be neither escape nor sanctuary, save such as are too secret to be found or too humble to be noticed. And Shangri-La may hope to be both of these. The airman bearing loads of death to the great cities will not pass our way, and if by chance he should he may not consider us worth a bomb.",,,
q00029,top1934:2791,1180015,1,27,https://www.goodreads.com/work/quotes/1180015,"My goodness, if you think of all the folks in the world who'd give all they've got to be out of the racket and in a place like this, only they can't get out! Are we in the prison or are they?",,,
q00030,top1934:2791,1180015,1,28,https://www.goodreads.com/work/quotes/1180015,"He was, and he knew it, very quietly in love with the little Manchu. His love demanded nothing, not even reply; it was a tribute of the mind, to which his senses added only a flavor.",,,
q00031,top1934:2791,1180015,1,29,https://www.goodreads.com/work/quotes/1180015,"You were contemplating the mountain, Mr. Conway?"" Came the inquiry.""Yes, it's a fine sight. It has a name, I suppose?""""It is called Karakal""""I don't think I've ever heard of it. Is is very high?""""Over twenty-eight thousand feet.""""Indeed? I didn't realize there would be anything on that scale outside the Himalayas. Has it been properly surveyed? Whose are the measurements?""""Whose would you expect, my dear sir? Is there anything incompatible between monasticism and trigonometry?",,,
q00032,top1934:2791,1180015,2,0,https://www.goodreads.com/work/quotes/1180015?page=2,"And there came over him, too, as he stared at that superb mountain, a glow of satisfaction that there were such places still left on earth, distant, inaccessible, as yet unhumanized.",,,
q00033,top1934:2791,1180015,2,1,https://www.goodreads.com/work/quotes/1180015?page=2,"People would say, I suppose, that he came through without a scratch. But the scratches were there—on the inside.",,,
q00034,top1934:2791,1180015,2,3,https://www.goodreads.com/work/quotes/1180015?page=2,No ambitions? And how have you contrived to escape those widespread maladies?,,,
q00035,top1934:2791,1180015,2,4,https://www.goodreads.com/work/quotes/1180015?page=2,"Moonlight faded after a time, and with it that distant specter of the mountain; then the triple mischiefs of darkness, cold, and wind increased until dawn. As though at its signal, the wind dropped, leaving the world in compassionate quietude.",,,
q00036,top1934:2791,1180015,2,5,https://www.goodreads.com/work/quotes/1180015?page=2,"Perhaps the exhaustion of the passions is the beginning of wisdom, if you care to alter the proverb.",,,
q00037,top1934:2791,1180015,2,6,https://www.goodreads.com/work/quotes/1180015?page=2,"But that was not all. He foresaw a time when men, exultant in the technique of homicide, would rage so hotly over the world that every precious thing would be in danger, every book and picture and harmony, every treasure garnered through two millenniums, the small, the delicate, the defenseless—all would be lost like the lost books of Livy, or wrecked as the English wrecked the Summer Palace in Pekin.",,,
q00038,top1934:2791,1180015,2,7,https://www.goodreads.com/work/quotes/1180015?page=2,"During a subsequent visit, however, Chang told him that there were other books published up to about the middle of 1930 which would doubtless be added to the shelves eventually; they had already arrived at the lamasery. “We keep ourselves fairly up-to-date, you see,” he commented. “There are people who would hardly agree with you,” replied Conway with a smile. “Quite a lot of things have happened in the world since last year, you know.” “Nothing of importance, my dear sir, that could not have been foreseen in 1920, or that will not be better understood in 1940.",,,
q00039,top1934:2791,1180015,2,8,https://www.goodreads.com/work/quotes/1180015?page=2,"He was surprised to find that beyond his puzzlement he had few misgivings, and none at all on his own behalf. There were moments in life when one opened wide one’s soul just as one might open wide one’s purse if an evening’s entertainment were proving unexpectedly costly but also unexpectedly novel.",,,
q00040,top1934:2791,1180015,2,9,https://www.goodreads.com/work/quotes/1180015?page=2,"Cigars had burned low, and we were beginning to sample the disillusionment that usually afflicts old school friends who have met again as men and found themselves with less in common than they had believed they had.",,,
q00041,top1934:2791,1180015,2,10,https://www.goodreads.com/work/quotes/1180015?page=2,"But here, at Shangri–La, all was in deep calm. In a moonless sky the stars were lit to the full, and a pale blue sheen lay upon the dome of Karakal",,,
q00042,top1934:2791,1180015,2,11,https://www.goodreads.com/work/quotes/1180015?page=2,He was a wanderer between two worlds and must ever wander...,,,
q00043,top1934:2791,1180015,2,12,https://www.goodreads.com/work/quotes/1180015?page=2,I often think that the Romans were fortunate; their civilization reached as far as hot baths without touching the fatal knowledge of machinery.,,,
q00044,top1934:2791,1180015,2,13,https://www.goodreads.com/work/quotes/1180015?page=2,"And what if it’s a trap?” asked Mallinson, but Barnard supplied an answer. “A nice warm trap,” he said, “with a piece of cheese in it, would suit me down to the ground.",,,
q00045,top1934:2791,1180015,2,14,https://www.goodreads.com/work/quotes/1180015?page=2,"explained Conway, “is a slang word meaning a lazy fellow, a good-for-nothing.",,,
q00046,top1934:2791,1180015,2,16,https://www.goodreads.com/work/quotes/1180015?page=2,"Yet to Conway it did not appear that the Eastern races were abnormally dilatory, but rather that Englishmen and Americans charged about the world in a state of continual and rather preposterous fever-heat.",,,
q00047,top1934:2791,1180015,2,18,https://www.goodreads.com/work/quotes/1180015?page=2,"Indeed, he breathed easily as soon as he had made his bow and been granted the faintest answering liveliness of the sunken eyes. He felt kinship with the mind beyond them, and though he knew that this second interview following so soon upon the first was an unprecedented honor, he was not in the least nervous or weighed down with solemnity. Age was to him no more an obsessing factor than rank or color; he had never felt debarred from liking people because they were too young or too old. He held the High Lama in most cordial respect, but he did not see why their social relations should be anything less than urbane.",,,
q00048,top1934:2791,1180015,2,20,https://www.goodreads.com/work/quotes/1180015?page=2,"Stand not upon the order of your going, but go at once.",,,
q00049,top1934:2791,1180015,2,21,https://www.goodreads.com/work/quotes/1180015?page=2,Sleep knits up the raveled sleeve of care.,,,
q00050,top1934:2791,1180015,2,25,https://www.goodreads.com/work/quotes/1180015?page=2,"They compassed the whole arc of the circle, merging towards the west in a horizon that was fierce, almost garish in coloring, like an impressionist back-drop done by some half-mad genius.",,,
q00051,top1934:2791,1180015,2,26,https://www.goodreads.com/work/quotes/1180015?page=2,"He liked the prevalent mood in which feelings were sheathed in thoughts and thoughts softened into felicity by their transference into language. Conway, whom experience had taught that rudeness is by no means a guarantee of good faith, was even less inclined to regard a well-turned phrase as a proof of insincerity. He liked the mannered, leisurely atmosphere in which talk was an accomplishment, not a mere habit. And he liked to realize that the idlest things could now be freed from the curse of time-wasting, and the frailest dreams receive the welcome of the mind. Shangri-La was always tranquil, yet always a hive of un-pursuing occupations; the lamas lived as if indeed they had time on their hands, but time that was scarcely a featherweight.",,,
q00052,top1934:2791,1180015,2,27,https://www.goodreads.com/work/quotes/1180015?page=2,"he could yield himself to love that was neither a torment nor a bore. As he passed by the lotus-pool at night he sometimes pictured her in his arms, but the sense of time washed over the vision, calming him to an infinite and tender reluctance.",,,
q00053,top1934:2791,1180015,2,28,https://www.goodreads.com/work/quotes/1180015?page=2,"Murder and rape—to be precise. You can call that healthier if you like.” The youth’s voice rose in pitch as he retorted: “Well, I do call it healthier—in one sense. It’s something I’d rather face than all this mystery business.",,,
q00054,top1934:2791,1180015,3,2,https://www.goodreads.com/work/quotes/1180015?page=3,"But besides all that, he was a man one simply didn't make mistakes about—to see him once was to know him always.",,,
q00055,top1934:2791,1180015,3,3,https://www.goodreads.com/work/quotes/1180015?page=3,"He knew that the plums were not for him; but it was genuinely consoling, and not merely sour grapes, to reflect that he had no taste for plums. He preferred the less formal and more picturesque jobs that were on offer, and as these were often not good ones, it had doubtless seemed to others that he was playing his cards rather badly. Actually, he felt he had played them rather well; he had had a varied and moderately enjoyable decade.",,,
q00056,top1934:2791,1180015,3,7,https://www.goodreads.com/work/quotes/1180015?page=3,. . . the will of man and the lunacy of God. It must be satisfying to be quite certain which way to look at it.,,,
q00057,top1934:2791,1180015,3,8,https://www.goodreads.com/work/quotes/1180015?page=3,"he was doomed, like millions, to flee from wisdom and be a hero.",,,
q00058,top1934:2791,1180015,3,10,https://www.goodreads.com/work/quotes/1180015?page=3,"Well, it wasn’t safe. It couldn’t be. There isn’t safety anywhere, and those who thought there was were like a lot of saps trying to hide under an umbrella in a typhoon.",,,
q00059,top1934:2791,1180015,3,12,https://www.goodreads.com/work/quotes/1180015?page=3,"And then, in the midst of the still-encompassing dream, he felt himself master of Shangri-La. These were his beloved things, all around him, the things of that inner mind in which he lived increasingly, away from the fret of the world. His eyes strayed into the shadows and were caught by golden pinpoints sparkling in rich, undulating lacquers; and the scent of tuberose, so faint that it expired on the very brink of sensation, lured him from room to room. At last he stumbled into the courtyards and by the fringe of the pool; a full moon sailed behind Karakal.",,,
q00060,top1934:2791,1180015,3,13,https://www.goodreads.com/work/quotes/1180015?page=3,"He had suddenly come to realize a single facet of the promised jewel; he had Time, Time for everything that he wished to happen, such Time that desire itself was quenched in the certainty of fulfillment.",,,
q00061,top1934:2791,1180015,3,14,https://www.goodreads.com/work/quotes/1180015?page=3,"It was not a friendly picture, but to Conway, as he surveyed, there came a queer perception of fineness in it, of something that had no romantic appeal at all, but a steely, almost an intellectual quality. The white pyramid in the distance compelled the mind's assent as passionlessly as a Euclidean theorem, and when at last the sun rose into a sky of deep delphinium blue, he felt only a little less than comfortable again.",,,
q00062,top1934:2791,1180015,3,15,https://www.goodreads.com/work/quotes/1180015?page=3,"Without thought or knowledge, one could have guessed that this bleak world was mountain-high, and that the mountains rising from it were mountains on top of mountains. A range of them gleamed on a far horizon like a row of dogteeth.",,,
q00063,top1934:2791,1180015,3,18,https://www.goodreads.com/work/quotes/1180015?page=3,"I was deeply impressed by your story of the past, but to be candid, your sketch of the future interests me only in an abstract sense. I can’t look so far ahead. I should certainly be sorry if I had to leave Shangri-La to-morrow or next week, or perhaps even next year; but how I shall feel about it if I live to be a hundred isn’t a matter to prophesy. I can face it, like any other future, but in order to make me keen it must have a point. I’ve sometimes doubted whether life itself has any; and if not, long life must be even more pointless.",,,
q00064,top1934:2791,1180015,3,19,https://www.goodreads.com/work/quotes/1180015?page=3,"Conway answered: “As good a word as most, no doubt. I don’t know whether you classify the people who come here, but if so, you can label me ‘1914-18.’ That makes me, I should think, a unique specimen in your museum of antiquities—the other three who arrived along with me don’t enter the category. I used up most of my passions and energies during the years I’ve mentioned, and though I don’t talk much about it, the chief thing I’ve asked from the world since then is to leave me alone. I find in this place a certain charm and quietness that appeals to me, and no doubt, as you remark, I shall get used to things.",,,
q00065,top1934:2791,1180015,3,20,https://www.goodreads.com/work/quotes/1180015?page=3,"Think for a moment. You will have time to read—never again will you skim pages to save minutes, or avoid some study lest it prove too engrossing. You have also a taste for music—here, then, are your scores and instruments, with Time, unruffled and unmeasured to give you their richest savor. And you are also, we will say, a man of good fellowship—does it not charm you to think of wise and serene friendships, a long and kindly traffic of the mind from which death may not call you away with his customary hurry? Or, if it is solitude that you prefer, could you not employ our pavilions to enrich the gentleness of lonely thoughts?",,,
q00066,top1934:2791,1180015,3,22,https://www.goodreads.com/work/quotes/1180015?page=3,"It fitted Baskul and Delhi and London, war making and empire building, consulates and trade concessions and dinner parties at Government House; there was a reek of dissolution over all that recollected world, and Barnard’s cropper had only, perhaps, been better dramatized than his own. The whole game was doubtless going to pieces, but fortunately the players were not as a rule put on trial for the pieces they had failed to save. In that respect financiers were unlucky.",,,
q00067,top1934:2791,1180015,3,23,https://www.goodreads.com/work/quotes/1180015?page=3,"He said this with such simplicity that Conway could not help responding: “I’m not much of an authority on what people call high finance.” It was a lead, and the American accepted it without the slightest reluctance. “High finance,” he said, “is mostly a lot of bunk.” “So I’ve often suspected.” “Look here, Conway, I’ll put it like this. A feller does what he’s been doing for years, and what lots of other fellers have been doing, and suddenly the market goes against him. He can’t help it, but he braces up and waits for the turn. But somehow the turn don’t come as it always used to, and when he’s lost ten million dollars or so he reads in some paper that a Swede professor thinks it’s the end of the world. Now I ask you, does that sort of thing help markets? Of course, it gives him a bit of a shock, but he still can’t help it. And there he is till the cops come—if he waits for ’em. I didn’t.",,,
q00068,top1934:2791,1180015,3,24,https://www.goodreads.com/work/quotes/1180015?page=3,"Mallinson, who had been somberly enduring these pleasantries, now interposed with something of the shrill acerbity of the barrack-square. “Our stay won’t be long,” he announced curtly. “We shall pay for anything we have, and we should like to hire some of your men to help us on our journey back. We want to return to civilization as soon as possible.” “And are you so very certain that you are away from it?” The query, delivered with much suavity, only stung the youth to further sharpness. “I’m quite sure I’m far away from where I want to be, and so are we all. We shall be grateful for temporary shelter, but we shall be more grateful still if you’ll provide means for us to return.",,,
q00069,top1934:2791,1180015,3,25,https://www.goodreads.com/work/quotes/1180015?page=3,"They were all, too, except himself, affected by the altitude. Even Barnard had sunk into melancholy under the strain. Mallinson was muttering to himself; it was clear what would happen to him if these hardships went on for long. In face of such distressful prospects Conway found himself quite unable to restrain an admiring glance at Miss Brinklow. She was not, he reflected, a normal person, no woman who taught Afghans to sing hymns could be considered so. But she was, after every calamity, still normally abnormal, and he was deeply obliged to her for it. “I hope you’re not feeling too bad?” he said sympathetically, when he caught her eye.",,,
q00070,top1934:2791,1180015,3,27,https://www.goodreads.com/work/quotes/1180015?page=3,"He recognized that they were likely to have far more personal reasons for anxiety than he had himself. Mallinson, for instance, was engaged to a girl in England; Barnard might be married; Miss Brinklow had her work, vocation, or however she might regard it. Mallinson, incidentally, was by far the least composed; as the hours passed he showed himself increasingly excitable—apt, also, to resent to Conway’s face the very coolness which he had praised behind his back. Once, above the roar of the engine, a sharp storm of argument arose. “Look here,” Mallinson shouted angrily, “are we bound to sit here twiddling our thumbs while this maniac does everything he damn well wants? What’s to prevent us from smashing that panel and having it out with him?",,,
q00071,top1934:2791,1180015,3,28,https://www.goodreads.com/work/quotes/1180015?page=3,"Barnard caught the word. “Comfortable?” he echoed raucously. “Why, of course we’re comfortable. We’re just enjoying the trip. Pity we haven’t a pack of cards—we could play a rubber of bridge.” Conway welcomed the spirit of the remark, though he disliked bridge. “I don’t suppose Miss Brinklow plays,” he said, smiling. But the missionary turned round briskly to retort: “Indeed I do, and I could never see any harm in cards at all. There’s nothing against them in the Bible.” They all laughed, and seemed obliged to her for providing an excuse. At any rate, Conway thought, she wasn’t hysterical.",,,
q00072,top1934:2791,1180015,3,29,https://www.goodreads.com/work/quotes/1180015?page=3,"Grins and disregarding silence met the shouts of the four imprisoned passengers, while the slightest attempt to alight provoked a menacing movement from a score of rifles. Conway, who knew a little Pushtu, harangued the tribesmen as well as he could in that language, but without effect; while the pilot’s sole retort to any remarks addressed to him in any language was a significant flourish of his revolver. Midday sunlight, blazing on the roof of the cabin, grilled the air inside till the occupants were almost fainting with the heat and with the exertion of their protests. They were quite powerless; it had been a condition of the evacuation that they should carry no arms.",,,
q00073,top1934:5191,1079358,1,0,https://www.goodreads.com/work/quotes/1079358,"The old sporadic fanaticism of religious hatred had been skillfully perverted into the cold, steady fanaticism of national hate.",,,
q00074,top1934:5191,1079358,1,1,https://www.goodreads.com/work/quotes/1079358,. . . failure is also the stern parent of truth. (p525),,,
q00075,top1934:5191,1079358,1,2,https://www.goodreads.com/work/quotes/1079358,"For many people it is depressing even to move house. A lost fragment of life always remains. To move to another town, settle in a foreign country, is for everyone a major decision. But, to be suddenly driven forth, within twenty-four hours, from one's home, one's work, the reward of years of steady industry. To become a helpless prey of help. To be sent defenceless out to Asiatic highroads, with several thousand miles of dust, stones, and morass before one. To know that one will never again find a decently human habitation, never again sit down to a proper table. Yet this is all nothing. To be more shackled than any convict. To be counted as outside the law, a vagabond, whom anyone has the right to kill unpunished.",,,
q00076,top1934:5191,1079358,1,5,https://www.goodreads.com/work/quotes/1079358,"Everything in this world is primarily a matter of morals, and only very much later one of politics.",,,
q00077,top1934:5191,1079358,1,7,https://www.goodreads.com/work/quotes/1079358,"At first, roll calls were still taken. But,as death and sickness gained the upper hand, as more and more half-deadand corpses, especially children's corpses, were flung into the ditches,this keeping of lists seemed highly onerous, and the onbashi relinquishedsuperfluous scribbling. Who cared to know that Sarkis, Astik, or Hapeth,that Anush, Vartuhi, or Koren, were rotting somewhere in the open? Thesesaptiehs were not all brutes. It is even probable that most of them weregood, plain, middling sort of people. But what can a saptieh do? He isunder stringent orders to reach such and such a point with his wholeconvoy by such and such a scheduled hour. His heart may be in perfectsympathy with the screaming mother who tries to snatch her child out ofa ditch, flings herself down on the road, and claws the earth. No useto talk to her. She's wasted minutes already, and it's still six milesto the next halt. A convoy held up. All the faces in it twisted withhate. A mad scream from a thousand throats. Why did not these crowds,weak as they were, hurl themselves on the saptieh and his mates, disarmthem, and tear them into shreds? Perhaps the policemen were in constantterror of such assault, which would have finished them. And so -- one ofthem fires a shot. The rest whip out their swords to beat the defencelesscruelly with the blades. Thirty or forty men and women lie bleeding. And,with this blood, another emotion comes to life in the excited saptiehs-- their old itch for the women of the accursed race. In these helplesswomen you possess more than a human being -- in very truth you possessthe God of your enemy. Afterwards, the saptiehs scarcely know how itall had happened.",,,
q00078,top1934:5191,1079358,1,8,https://www.goodreads.com/work/quotes/1079358,"The bazaar bore him along. That deep surge which knows none of the ebband flow, the hurry, of a crowd along a European pavement, which rollson with an irresistible, even motion as time flows on into eternity.He might not have been in this God-forsaken provincial hole, Antakiya,but transported to Aleppo or Damascus, so inexhaustibly did the twoopposing streams of the bazaar surge past each other. Turks in Europeandress, wearing the fez, with stand-up collars and walking-sticks,officials or merchants. Armenians, Greeks, Syrians, these too inEuropean dress, but with different headgear. In and out among them,Kurds and Circassians in their tribal garb. Most displayed weapons.For the government, which in the case of Christian peoples viewed everypocketknife with mistrust, tolerated the latest infantry rifles in thehands of these restless mountaineers; it even supplied them. Arab peasants,in from the neighborhood. Also a few bedouins from the south, in long,many-folded cloaks, desert-hued, in picturesque tarbushes, the silkenfringes of which hung over their shoulders. Women in charshaffes,the modest attire of female Moslems. But then, too, the unveiled, theemancipated, in frocks that left free silk-stockinged legs. Here andthere, in this stream of human beings, a donkey, under a heavy load,the hopeless proletarian among beasts. To Gabriel it seemed always thesame donkey which came stumbling past him in a coma, with the same raggedfellow tugging his bridle. But this whole world, men, women, Turks, Arabs,Armenians, Kurds, with trench-brown soldiers in its midst -- its goats,its donkeys -- was smelted together into an indescribable unity by itsgait -- a long stride, slow and undulating, moving onwards irresistibly,to a goal not to be determined.",,,
q00079,top1934:5191,1079358,1,9,https://www.goodreads.com/work/quotes/1079358,"humility in the face of the unattainable, as well as unease in the face of achievement, are both prerequisites for any mastery in life.",,,
q00080,top1934:7359,747428,1,0,https://www.goodreads.com/work/quotes/747428,Mrs. Spinney had red hair and alimony;,,,
q00081,top1937:6769,1908840,1,0,https://www.goodreads.com/work/quotes/1908840,"Never pause unless you have a reason for it, but when you pause, pause as long as you can.",,,
q00082,top1937:6769,1908840,1,1,https://www.goodreads.com/work/quotes/1908840,"You don't know the difference between truth and make-believe. You never stop acting. It's second nature to you. You act when there's a party here. You act to the servants, you act to father, you act to me. To me you act the part of the fond, indulgent, celebrated mother. You don't exist, you're only the innumerable parts you've played. I've often wondered if there was ever a you or if you were never anything more than a vehicle for all these other people that you've pretended to be. When I've seen you go into an empty room I've sometimes wanted to open the door suddenly, but I've been afraid to in case I found nobody there.",,,
q00083,top1937:6769,1908840,1,2,https://www.goodreads.com/work/quotes/1908840,People don't want reasons to do what they'd like to. They want excuses.,,,
q00084,top1937:6769,1908840,1,3,https://www.goodreads.com/work/quotes/1908840,"It’s hard not to be impatient with the absurdity of the young; they tell us that two and two make four as though it had never occurred to us, and they’re disappointed if we can’t share their surprise when they have discovered that a hen lays an egg. There’s a lot of nonsense in their ranting and raving, but it’s not all nonsense. One ought to sympathize with them; one ought to do one’s best to understand. One has to remember how much has to be forgotten and how much has to be learnt when for the first time one faces life. It’s not very easy to give up one’s ideals, and the brute facts of every day are bitter pills to swallow. The spiritual conflicts of adolescence can be very severe and one can do little to resolve them.",,,
q00085,top1937:6769,1908840,1,5,https://www.goodreads.com/work/quotes/1908840,"Those words, though heaven only knew how often she had heard them, still gave her her thrill. They braced her like a tonic. Life acquired significance. She was about to step from the world of make-believe into the world of reality.",,,
q00086,top1937:6769,1908840,1,6,https://www.goodreads.com/work/quotes/1908840,A woman attracts men by her charm and holds them by their vices.,,,
q00087,top1937:6769,1908840,1,7,https://www.goodreads.com/work/quotes/1908840,Only a woman knows what a woman can do.,,,
q00088,top1937:6769,1908840,1,8,https://www.goodreads.com/work/quotes/1908840,"The public are a lot of jackasses. If you yell and scream and throw yourself about you'll always get a lot of damned fools to shout themselves silly. Just barnstorming, that's what you've been doing the last four nights. It was false from beginning to end.""""False? But I felt every word of it.""""I don't care what you felt, you weren't acting it. Your performance was a mess. You were exaggerating; you were over-acting; you didn't carry conviction for a moment. It was about as rotten a piece of ham acting as I've ever seen in my life.",,,
q00089,top1937:6769,1908840,1,9,https://www.goodreads.com/work/quotes/1908840,When a woman’s amorous advances are declined by a man she is apt to draw one or two conclusions; one is that he is homosexual and the other is that he is impotent.,,,
q00090,top1937:6769,1908840,1,10,https://www.goodreads.com/work/quotes/1908840,"... and you know what the public is, unless they see you all the time they forget that you ever existed.",,,
q00091,top1937:6769,1908840,1,11,https://www.goodreads.com/work/quotes/1908840,"Aloof on her mountain top she considered the innumerable activities of men. She had a wonderful sense of freedom from all earthly ties, and it was such an ecstasy that nothing in comparison with it had any value. She felt like a spirit in heaven.",,,
q00092,top1937:6769,1908840,1,12,https://www.goodreads.com/work/quotes/1908840,"And there was always her acting; when once she got into the theatre her anguish, her humiliation, her jealousy were allayed. It gave her a sense of triumphant power to find, as it were in her pot of grease paint, another personality that could be touched by no human griefs. With that refuge always at hand she could support anything.",,,
q00093,top1937:6769,1908840,1,13,https://www.goodreads.com/work/quotes/1908840,he listened to her made her give him a glance through her eyelashes. There was a curious expression in his eyes. She did not know what it meant. It was as though he were gravely listening to a sound that came from a long way off.,,,
q00094,top1937:6769,1908840,1,14,https://www.goodreads.com/work/quotes/1908840,"And you really think that was love?’ ‘Well, it’s what most people mean by it, isn’t it?’ ‘No, they don’t, they mean pain and anguish, shame, ecstasy, heaven and hell; they mean the sense of living more intensely, and unutterable boredom; they mean freedom and slavery; they mean peace and unrest.",,,
q00095,top1937:6769,1908840,1,15,https://www.goodreads.com/work/quotes/1908840,"it was the affront to Julia Lambert the actress that stung her. She had often felt that her talent, genius the critics called it, but that was a very grand word, her gift, if you like, was not really herself, not even part of her, but something outside that used her, Julia Lambert the woman, in order to express itself. It was a strange, immaterial personality that seemed to descend upon her and it did things through her that she did not know she was capable of doing. She was an ordinary, prettyish, ageing woman. Her gift had neither age nor form. It was a spirit that played on her body as the violinist plays on his violin. It was the slight to that that galled her.",,,
q00096,top1937:6769,1908840,1,16,https://www.goodreads.com/work/quotes/1908840,"How funny things are! You go to those museums and galleries and think what a damned bore they are and then, when you least expect it, you find that something you've seen comes in useful. It shows art and all that isn't really waste of time.",,,
q00097,top1937:6769,1908840,1,17,https://www.goodreads.com/work/quotes/1908840,"All that’s as it may be. But I don’t know what the author’ll say. He’s a conceited little ape and it’s not a bit the scene he wrote.''Oh, leave him to me. I’ll fix him.'There was a knock at the door and it was the author himself who came in. With a cry of delight, Julia went up to him, threw her arms round his neck and kissed him on both cheeks. 'Are you pleased?''It looks like a success,' he answered, but a trifle coldly. 'My dear, it’ll run for a year.' She placed her hands on his shoulders and looked him full in the face. 'But you’re a wicked, wicked man.''You almost ruined my performance. When I came to that bit in the second act and suddenly saw what it meant I nearly broke down. You knew what was in that scene, you’re the author; why did you let us rehearse it all the time as if there was no more in it than appeared on the surface? We’re only actors, how can you expect us to — to fathom your subtlety? It’s the best scene in your play and I almost bungled it. No one in the world could have written it but you. Your play’s brilliant, but in that scene there’s more than brilliance, there’s genius.'The author flushed. Julia looked at him with veneration. He felt shy and happy and proud. ('In twenty-four hours the mug’ll think he really meant the scene to go like that.') .",,,
q00098,top1937:6769,1908840,1,18,https://www.goodreads.com/work/quotes/1908840,"If you haven’t got the gift no one can give it to you, but if you have you can be taught how to use it.",,,
q00099,top1937:3337,2931549,1,0,https://www.goodreads.com/work/quotes/2931549,There ain't no sin and there ain't no virtue. There's just stuff people do.,,,
q00100,top1937:3337,2931549,1,1,https://www.goodreads.com/work/quotes/2931549,And the little screaming fact that sounds through all history: repression works only to strengthen and knit the repressed.,,,
q00101,top1937:3337,2931549,1,2,https://www.goodreads.com/work/quotes/2931549,It was her habit to build up laughter out of inadequate materials.,,,
q00102,top1937:3337,2931549,1,3,https://www.goodreads.com/work/quotes/2931549,"...and in the eyes of the people there is the failure; and in the eyes of the hungry there is a growing wrath. In the souls of the people the grapes of wrath are filling and growing heavy, growing heavy for the vintage.",,,
q00103,top1937:3337,2931549,1,6,https://www.goodreads.com/work/quotes/2931549,"The quality of owning freezes you forever in ""I,"" and cuts you off forever from the ""we.",,,
q00104,top1937:3337,2931549,1,7,https://www.goodreads.com/work/quotes/2931549,You're bound to get idears if you go thinkin' about stuff,,,
q00105,top1937:3337,2931549,1,8,https://www.goodreads.com/work/quotes/2931549,"Death was a friend, and sleep was Death's brother.",,,
q00106,top1937:3337,2931549,1,9,https://www.goodreads.com/work/quotes/2931549,"Up ahead they's a thousan' lives we might live, but when it comes it'll on'y be one.",,,
q00107,top1937:3337,2931549,1,11,https://www.goodreads.com/work/quotes/2931549,"Muscles aching to work, minds aching to create - this is man.",,,
q00108,top1937:3337,2931549,1,12,https://www.goodreads.com/work/quotes/2931549,"If he needs a million acres to make him feel rich, seems to me he needs it 'cause he feels awful poor inside hisself, and if he's poor in hisself, there ain't no million acres gonna make him feel rich, an' maybe he's disappointed that nothin' he can do 'll make him feel rich.",,,
q00109,top1937:3337,2931549,1,13,https://www.goodreads.com/work/quotes/2931549,"A large drop of sun lingered on the horizon and then dripped over and was gone, and the sky was brilliant over the spot where it had gone, and a torn cloud, like a bloody rag, hung over the spot of its going. And dusk crept over the sky from the eastern horizon, and darkness crept over the land from the east.",,,
q00110,top1937:3337,2931549,1,14,https://www.goodreads.com/work/quotes/2931549,"Sure, cried the tenant men,but it’s our land…We were born on it, and we got killed on it, died on it. Even if it’s no good, it’s still ours….That’s what makes ownership, not a paper with numbers on it.""""We’re sorry. It’s not us. It’s the monster. The bank isn’t like a man.""""Yes, but the bank is only made of men.""""No, you’re wrong there—quite wrong there. The bank is something else than men. It happens that every man in a bank hates what the bank does, and yet the bank does it. The bank is something more than men, I tell you. It’s the monster. Men made it, but they can’t control it.",,,
q00111,top1937:3337,2931549,1,15,https://www.goodreads.com/work/quotes/2931549,"She seemed to know, to accept, to welcome her position, the citadel of the family, the strong place that could not be taken. And since old Tom and the children could not know hurt or fear unless she acknowledged hurt or fear, she had practiced denying them in herself. And since, when a joyful thing happened, they looked to see whether joy was on her, it was her habit to build laughter out of inadequate materials....She seemed to know that if she swayed the family shook, and if she ever deeply wavered or despaired the family would fall.",,,
q00112,top1937:3337,2931549,1,19,https://www.goodreads.com/work/quotes/2931549,"The Western States nervous under the beginning change.Texas and Oklahoma, Kansas and Arkansas, New Mexico,Arizona, California. A single family moved from the land.Pa borrowed money from the bank, and now the bank wantsthe land. The land company--that's the bank when it has land--wants tractors, not families on the land. Is a tractor bad? Isthe power that turns the long furrows wrong? If this tractorwere ours it would be good--not mine, but ours. If our tractorturned the long furrows of our land, it would be good.Not my land, but ours. We could love that tractor then aswe have loved this land when it was ours. But the tractordoes two things--it turns the land and turns us off the land.There is little difference between this tractor and a tank.The people are driven, intimidated, hurt by both. We must thinkabout this.One man, one family driven from the land; this rusty carcreaking along the highway to the west. I lost my land, asingle tractor took my land. I am alone and bewildered.And in the night one family camps in a ditch and anotherfamily pulls in and the tents come out. The two men squaton their hams and the women and children listen. Here is thenode, you who hate change and fear revolution. Keep thesetwo squatting men apart; make them hate, fear, suspect eachother. Here is the anlarge of the thing you fear. This is thezygote. For here ""I lost my land"" is changed; a cell is splitand from its splitting grows the thing you hate--""We lost ourland."" The danger is here, for two men are not as lonely andperplexed as one. And from this first ""we"" there grows a stillmore dangerous thing: ""I have a little food"" plus ""I havenone."" If from this problem the sum is ""We have a littlefood,"" the thing is on its way, the movement has direction.Only a little multiplication now, and this land, this tractor areours. The two men squatting in a ditch, the little fire, the side-meat stewing in a single pot, the silent, stone-eyed women;behind, the children listening with their souls to words theirminds do not understand. The night draws down. The babyhas a cold. Here, take this blanket. It's wool. It was my mother'sblanket--take it for the baby. This is the thing to bomb.This is the beginning--from ""I"" to ""we.""If you who own the things people must have could understandthis, you might preserve yourself. If you could separatecauses from results, if you could know Paine, Marx,Jefferson, Lenin, were results, not causes, you might survive.But that you cannot know. For the quality of owning freezesyou forever into ""I,"" and cuts you off forever from the ""we.""The Western States are nervous under the beginingchange. Need is the stimulus to concept, concept to action.A half-million people moving over the country; a millionmore restive, ready to move; ten million more feeling thefirst nervousness.And tractors turning the multiple furrows in the vacant land.",,,
q00113,top1937:3337,2931549,1,20,https://www.goodreads.com/work/quotes/2931549,If you're in trouble or hurt or need–go to poor people. They're the only ones that'll help–the only ones.,,,
q00114,top1937:3337,2931549,1,21,https://www.goodreads.com/work/quotes/2931549,"Women can change better’n a man,” Ma said soothingly. “Woman got all her life in her arms. Man got it all in his head.”“Man, he lives in jerks-baby born an’ a man dies, an’ that’s a jerk-gets a farm and looses his farm, an’ that’s a jerk. Woman, its all one flow, like a stream, little eddies, little waterfalls, but the river, it goes right on. Woman looks at it like that. We ain’t gonna die out. People is goin’ on-changin’ a little, maybe, but goin’ right on.",,,
q00115,top1937:3337,2931549,1,22,https://www.goodreads.com/work/quotes/2931549,"And this you can know- fear the time when Manself will not suffer and die for a concept, for this one quality is man, distinctive in the universe.",,,
q00116,top1937:3337,2931549,1,24,https://www.goodreads.com/work/quotes/2931549,I’m gettin’ tired way past where sleep rests me.,,,
q00117,top1937:3337,2931549,1,25,https://www.goodreads.com/work/quotes/2931549,"Then it don' matter. Then I'll be all aroun' in the dark. I'll be ever'where - wherever you look. Wherever they's a fight so hungry people can eat, I'll be there. Wherever they's a cop beatin' up a guy, I'll be there. If Casy knowed, why, I'll be in the way guys yell when they're mad an' - I'll be in the way kids laugh when they're hungry an' they know supper's ready. An' when our folks eat the stuff they raise an' live in the houses they build, why, I'll be there.",,,
q00118,top1937:3337,2931549,1,26,https://www.goodreads.com/work/quotes/2931549,"The bank - the monster has to have profits all the time. It can't wait. It'll die. No, taxes go on. When the monster stops growing, it dies. It can't stay one size.",,,
q00119,top1937:3337,2931549,1,27,https://www.goodreads.com/work/quotes/2931549,You got a God. Don't make no difference if you don' know what he looks like.,,,
q00120,top1937:3337,2931549,1,28,https://www.goodreads.com/work/quotes/2931549,"Man, unlike any other thing organic or inorganic in the universe, grows beyond his work, walks up the stairs of his concepts, and emerges ahead of his accomplishments.",,,
q00121,top1937:3337,2931549,1,29,https://www.goodreads.com/work/quotes/2931549,And her joy was nearly like sorrow.,,,
q00122,top1937:3337,2931549,2,0,https://www.goodreads.com/work/quotes/2931549?page=2,They's times when how you feel got to be kep' to yourself.,,,
q00123,top1937:3337,2931549,2,1,https://www.goodreads.com/work/quotes/2931549?page=2,"Some of the owner men were kind because they hated what they had to do, and some of them were angry because they hated to be cruel, and some of them were cold because they had long ago found that one could not be an owner unless one were cold. And all of them were caught in something larger than themselves. Some of them hated the mathematics that drove them, and some were afraid, and some worshiped the mathematics because it provided a refuge from thought and from feeling. If a bank or a finance company owned the land, the owner man said, The Bank - or the Company - needs - wants - insists - must have - as though the Bank or the Company were a monster, with thought and feeling, which had ensnared them. These last would take no responsibility for the banks or the companies because they were men and slaves, while the banks were machines and masters all at the same time. Some of the owner men were a little proud to be slaves to such cold and powerful masters. The owner men sat in the cars and explained. You know the land is poor. You've scrabbled at it long enough, God knows.",,,
q00124,top1937:3337,2931549,2,3,https://www.goodreads.com/work/quotes/2931549?page=2,"Funny thing how it is. If a man owns a little property, that property is him, it's part of him, and it's like him. If he owns property only so he can walk on it and handle it and be sad when it isn't doing well, and feel fine when the rain falls on it, that property is him, and some way he's bigger because he owns it. Even if he isn't successful he's big with his property. That is so.''But let a man get property he doesn't see, or can't take time to get his fingers in, or can't be there to walk on it - why, then the property is the man. He can't do what he wants, he can't think what he wants. The property is the man, stronger than he is. And he is small, not big. Only his possessions are big - and he's the servant of his property. That is so, too.",,,
q00125,top1937:3337,2931549,2,4,https://www.goodreads.com/work/quotes/2931549?page=2,There is a crime here that goes beyond denunciation. There is a sorrow here that weeping cannot symbolize. There is a failure here that topples all our success.,,,
q00126,top1937:3337,2931549,2,7,https://www.goodreads.com/work/quotes/2931549?page=2,"Yes, you should talk,"" he said. ""Sometimes a sad man can talk the sadness right out through his mouth. Sometimes a killin' man can talk the murder right out of his mouth.",,,
q00127,top1937:3337,2931549,2,8,https://www.goodreads.com/work/quotes/2931549?page=2,"But you can't start. Only a baby can start. You and me - why, we're all that's been. The anger of a moment, the thousand pictures, that's us. This land, this red land, is us; and the flood years and the dust years and the drought years are us. We can't start again.",,,
q00128,top1937:3337,2931549,2,9,https://www.goodreads.com/work/quotes/2931549?page=2,"This you may say of man - when theories change and crash, when schools, philosophies, when narrow dark alleys of thought, national, religious, economic, grow and disintegrate, man reaches, stumbles forward, painfully, mistakenly sometimes. Having stepped forward, he may slip back, but only half a step, never the full step back.",,,
q00129,top1937:3337,2931549,2,11,https://www.goodreads.com/work/quotes/2931549?page=2,"Why, Tom - us people will go on livin' when all them people is gone. Why, Tom, we're the people that live. They ain't gonna wipe us out. Why, we're the people - we go on.''We take a beatin' all the time.''I know.' Ma chuckled. 'Maybe that makes us tough. Rich fellas come up an' they die, an' their kids ain't no good, an' they die out. But, Tom, we keep a-comin'. Don' you fret none, Tom. A different time's comin'.",,,
q00130,top1937:3337,2931549,2,12,https://www.goodreads.com/work/quotes/2931549?page=2,I nearly always write just as I nearly always breathe.,,,
q00131,top1937:3337,2931549,2,13,https://www.goodreads.com/work/quotes/2931549?page=2,"Maybe there ain't no sin and there ain't no virtue, they's just what people does. Some things folks do is nice and some ain't so nice, and that's all any man's got a right to say.",,,
q00132,top1937:3337,2931549,2,14,https://www.goodreads.com/work/quotes/2931549?page=2,"He drank too much when he could get it, ate too much when it was there, talked too much all the time.",,,
q00133,top1937:3337,2931549,2,15,https://www.goodreads.com/work/quotes/2931549?page=2,"Two are better than one,because they have a good reward for their labor. For if they fall, the one will lif' up his fellow, but woe to him that is alone when he falleth, for he hath not another to help him up.",,,
q00134,top1937:3337,2931549,2,16,https://www.goodreads.com/work/quotes/2931549?page=2,"Then it don't matter. I'll be all around in the dark - I'll be everywhere. Wherever you can look - wherever there's a fight, so hungry people can eat, I'll be there. Wherever there's a cop beatin' up a guy, I'll be there. I'll be in the way guys yell when they're mad. I'll be in the way kids laugh when they're hungry and they know supper's ready, and when the people are eatin' the stuff they raise and livin' in the houses they build - I'll be there, too. - Tom Joad",,,
q00135,top1937:3337,2931549,2,17,https://www.goodreads.com/work/quotes/2931549?page=2,"The fields were fruitful, and starving men moved on the roads.",,,
q00136,top1937:3337,2931549,2,18,https://www.goodreads.com/work/quotes/2931549?page=2,"The women watched the men, watched to see whether the break had come at last. The women stood silently and watched. And where a number of men gathered together, the fear went from their faces, and anger took its place. And the women sighed with relief, for they knew it was all right - the break had not come; and the break would never come as long as fear could turn to wrath.",,,
q00137,top1937:3337,2931549,2,20,https://www.goodreads.com/work/quotes/2931549?page=2,Tell 'em to God. Don' go burdenin' other people with your sins. That ain't decent.,,,
q00138,top1937:3337,2931549,2,21,https://www.goodreads.com/work/quotes/2931549?page=2,"You're buying years of work, toil in the sun; you're buying a sorrow that can't talk.",,,
q00139,top1937:3337,2931549,2,22,https://www.goodreads.com/work/quotes/2931549?page=2,"The tractors came over the roads and into the fields, great crawlers moving like insects, having the incredible strength of insects … Snub-nosed monsters, raising the dust and sticking their snouts into it, straight down the country, across the country, through fences, through dooryards, in and out of gullies in straight lines. They did not run on the ground, but on their own roadbeds. They ignored hills and gulches, water courses, fences, houses.That man sitting in the iron seat did not look like a man; gloved, goggled, rubber dust mask over nose and mouth, he was a part of the monster, a robot in the seat … The driver could not control it – straight across country it went, cutting through a dozen farms and straight back. A twitch at the controls could swerve the ‘cat, but the driver’s hands could not twitch because the monster that built the tractor, the monster that sent the tractor out, had somehow gotten into the driver’s hands, into his brain and muscle, had goggled him and muzzled him – goggled his mind, muzzled his speech, goggled his perception, muzzled his protest. He could not see the land as it was, he could not smell the land as it smelled; his feet did not stamp the clods or feel the warmth and power of the earth. He sat in an iron seat and stepped on iron pedals. He could not cheer or beat or curse or encourage the extension of his power, and because of this he could not cheer or whip or curse or encourage himself. He did not know or own or trust or beseech the land. If a seed dropped did not germinate, it was no skin off his ass. If the young thrusting plant withered in drought or drowned in a flood of rain, it was no more to the driver than to the tractor.He loved the land no more than the bank loved the land. He could admire the tractor – its machined surfaces, its surge of power, the roar of its detonating cylinders; but it was not his tractor. Behind the tractor rolled the shining disks, cutting the earth with blades – not plowing but surgery … The driver sat in his iron seat and he was proud of the straight lines he did not will, proud of the tractor he did not own or love, proud of the power he could not control. And when that crop grew, and was harvested, no man had crumbled a hot clod in his fingers and let the earth sift past his fingertips. No man had touched the seed, or lusted for the growth. Men ate what they had not raised, had no connection with the bread. The land bore under iron, and under iron gradually died; for it was not loved or hated, it had no prayers or curses.",,,
q00140,top1937:3337,2931549,2,23,https://www.goodreads.com/work/quotes/2931549?page=2,Men who have created new fruits in the world cannot create a system whereby those fruits may be eaten.,,,
q00141,top1937:3337,2931549,2,24,https://www.goodreads.com/work/quotes/2931549?page=2,"I know, Ma. I'm a-tryin'. But them deputies- Did you ever see a deputy that didn't have a fat ass? An' they waggle their ass an' flop their gun aroun'. Ma"", he said, ""if it was the law they was workin' with, why we could take it. But it ain't the law. They're a-working away at our spirits. They're a-tryin' to make us cringe an' crawl like a whipped bitch. They're tryin' to break us. Why, Jesus Christ, Ma, they comes a time when the on'y way a fella can keep his decency is by takin' a sock at a cop. They're working on our decency"".",,,
q00142,top1937:3337,2931549,2,26,https://www.goodreads.com/work/quotes/2931549?page=2,"The clouds appeared and went away, and in a while they did not try anymore.",,,
q00143,top1937:3337,2931549,2,27,https://www.goodreads.com/work/quotes/2931549?page=2,The great companies did not know that the line between hunger and anger is a thin line.,,,
q00144,top1937:3337,2931549,3,0,https://www.goodreads.com/work/quotes/2931549?page=3,"The people in flight from the terror behind-strange things happen to them, some bitterly cruel and some so beautiful that the faith is refired forever.",,,
q00145,top1937:3337,2931549,3,1,https://www.goodreads.com/work/quotes/2931549?page=3,The land is so much more than its analysis.,,,
q00146,top1937:3337,2931549,3,2,https://www.goodreads.com/work/quotes/2931549?page=3,"Our people are good people, our people are kind people. Pray God someday kind people won't all be poor. Pray God someday a kid can eat. And the associations of owners know that some day the praying would stop. And there's the end.",,,
q00147,top1937:3337,2931549,3,3,https://www.goodreads.com/work/quotes/2931549?page=3,"In the evening a strange thing happened: the twenty families became one family, the Children were the children of all. The loss of home became one loss, and the golden time in the West was one dream. And it might be that a sick child threw despair into the hearts of twenty families, of a hundred people; that a birth there in a tent kept a hundred people quiet and awestruck trough the night and filled a hundred people with the birth-joy in the morning...Every night a world created, complete with furniture- friends made and enemies established; a world complete with braggarts and with cowards, with quiet men, with humble men, with kindly men. Every night relationships that make a world, established; and every morning the world torn down like a circus.",,,
q00148,top1937:3337,2931549,3,4,https://www.goodreads.com/work/quotes/2931549?page=3,"You stay out here a little while, an' if you smell any roses, you come let me smell, too.",,,
q00149,top1937:3337,2931549,3,5,https://www.goodreads.com/work/quotes/2931549?page=3,I shall tell them this story against the background of the county I grew up in and along the river I know and do not love very much. For I have discovered that there are other rivers.,,,
q00150,top1937:3337,2931549,3,6,https://www.goodreads.com/work/quotes/2931549?page=3,"I've done my damndest to rip a reader's nerves to rags, I don't want him satisfied.",,,
q00151,top1937:3337,2931549,3,8,https://www.goodreads.com/work/quotes/2931549?page=3,"Why don't you go on west to California? There's work there, and it never gets cold. Why, you can reach out anywhere and pick an orange. Why, there's always some kind of crop to work in. Why don't you go there?",,,
q00152,top1937:3337,2931549,3,12,https://www.goodreads.com/work/quotes/2931549?page=3,"Beside them, little pot-bellied men in light suits and panama hats; clean, pink men with puzzled, worried eyes, with restless eyes. Worried because formulas do not work out; hungry for security and yet sensing its disappearance from the earth. In their lapels the insignia of lodges and service clubs, places where they can go and, by a weight of numbers of little worried men, reassure themselves that business is noble and not the curious ritualized thievery they know it is; that business men are intelligent in spite of the records of their stupidity; that they are kind and charitable in spite of the principles of sound business; that their lives are rich instead of the thin tiresome routines they know; and that a time is coming when they will not be afraid any more.",,,
q00153,top1937:3337,2931549,3,13,https://www.goodreads.com/work/quotes/2931549?page=3,Women and children knew deep in themselves that no misfortune was too great to bear if their men were whole.,,,
q00154,top1937:3337,2931549,3,17,https://www.goodreads.com/work/quotes/2931549?page=3,"He held the apple box against his chest. And then he leaned over and set the box in the stream and steadied it with his hand. He said fiercely, ""Go down an' tell 'em. Go down in the street an' rot an' tell 'em that way. That's the way you can talk. Don' even know if you was a boy or a girl. Ain't gonna find out. Go on down now, an' lay in the street. Maybe they'll know then.",,,
q00155,top1937:3337,2931549,3,18,https://www.goodreads.com/work/quotes/2931549?page=3,It don't take no nerve to do somepin when there ain't nothin' else you can do.,,,
q00156,top1937:3337,2931549,3,19,https://www.goodreads.com/work/quotes/2931549?page=3,"I seen hundreds of men come by on the road an’ on the ranches, with their bindles on their back an’ that same damn thing in their heads . . . every damn one of ’em’s got a little piece of land in his head. An’ never a God damn one of ’em ever gets it. Just like heaven. Ever’body wants a little piece of lan’. I read plenty of books out here. Nobody never gets to heaven, and nobody gets no land.",,,
q00157,top1937:3337,2931549,3,21,https://www.goodreads.com/work/quotes/2931549?page=3,"The last clear definite function of men—muscles aching to work, minds aching to create beyond the single need—this is man.",,,
q00158,top1937:3337,2931549,3,22,https://www.goodreads.com/work/quotes/2931549?page=3,"Pa said, ""Won't you say a few words? Ain't none of our folks ever been buried without a few words."" Connie led Rose of Sharon to the graveside, she reluctant. ""You got to,"" Connie said. ""It ain't decent not to. It'll jus' be a little. The firelight fell on the grouped people, showing their faces and their eyes, dwindling on their dark clothes.All the hats were off now. The light danced, jerking over the people. Casy said, It'll be a short one."" He bowed his head, and the others followed his lead. Casy said solemnly, ""This here ol' man jus' lived a life an' just died out of it. I don't know whether he was good or bad, but that don't matter much. He was alive, an' that's what matters. An' now his dead, an' that don't matter. Heard a fella tell a poem one time, an' he says 'All that lives is holy.' Got to thinkin', an' purty soon it means more than the words says. An' I woundn' pray for a ol' fella that's dead. He's awright. He got a job to do, but it's all laid out for'im an' there's on'y one way to do it. But us, we got a job to do, an' they's a thousan' ways, an' we don' know which one to take. An' if I was to pray, it'd be for the folks that don' know which way to turn. Grampa here, he got the easy straight. An' now cover 'im up and let'im get to his work."" He raised his head.",,,
q00159,top1937:3337,2931549,3,23,https://www.goodreads.com/work/quotes/2931549?page=3,All we got is the family unbroke.,,,
q00160,top1937:3337,2931549,3,24,https://www.goodreads.com/work/quotes/2931549?page=3,"Fella says today, 'Depression is over. I seen a jackrabbit, an' they wasn't nobody after him.' An' another fella says, 'That aint the reason. Can't afford to kill jackrabbits no more. Catch 'em and milk 'em an' turn 'em loose. One you seen prob'ly gone dry.",,,
q00161,top1937:3337,2931549,3,25,https://www.goodreads.com/work/quotes/2931549?page=3,It's a thing to see when a boy comes home.,,,
q00162,top1937:3337,2931549,3,26,https://www.goodreads.com/work/quotes/2931549?page=3,"Sure I got sins. Ever'body got sins. A sin is somepin you ain't sure about. Them people that's sure about ever'thing an' ain't got no sin-- well, with that kind a son-of-a-bitch, if I was God I'd kick their ass right outa heaven! I couldn' stand 'em!",,,
q00163,top1937:3337,2931549,3,27,https://www.goodreads.com/work/quotes/2931549?page=3,"Casy said, ""Ol' Tom's house can't be more'n a mile from here. Ain't she over that third rise?""Sure,"" said Joad. ""Less somebody stole it, like Pa stole it.""Your pa stole it?""Sure, got it a mile an' a half east of here an' drug it. Was a family livin' there, an' they moved away. Grampa an' Pa an' my brother Noah like to took the whole house, but she wouldn't come. They only got part of her. That's why she looks so funny on one end. They cut her in two an' drug her over with twelve head of horses and two mules. They was goin' back for the other half an' stick her together again, but before they got there Wink Manley come with his boys and stole the other half. Pa an' Grampa was pretty sore, but a little later them an' Wink got drunk together an' laughed their heads off about it. Wink, he says his house is a stud, an' if we'll bring our'n over an' breed 'em we'll maybe get a litter of crap houses. Wink was a great ol' fella when he was drunk. After that him an' Pa an' Grampa was friends. Got drunk together ever' chance they got.",,,
q00164,top1937:3337,2931549,3,28,https://www.goodreads.com/work/quotes/2931549?page=3,"I wonder Pa went so easy. I wonder Grampa didn' kill nobody. Nobody never tol' Grampa where to put his feet. An' Ma ain't nobody you can push aroun' neither. I seen her beat the hell out of a tin peddler with a live chicken one time 'cause he give her a argument. She had the chicken in one han', an' the ax in the other, about to cut its head off. She aimed to go for that peddler with the ax, but she forgot which hand was which, an' she takes after him with the chicken. Couldn' even eat that chicken when she got done. They wasn't nothing but a pair of legs in her han'. Grampa throwed his hip outa joint laughin'.",,,
q00165,top1937:3337,2931549,3,29,https://www.goodreads.com/work/quotes/2931549?page=3,Her shame and fierceness were blended.,,,
q00166,top1937:3337,2931549,4,1,https://www.goodreads.com/work/quotes/2931549?page=4,"Here is the node, you who hate change and fear revolution. Keep these two squatting men apart; make them hate, fear, suspect each other. Here is the anlage of the thing you fear. This is the zygote. For here 'I lost my land' is changed; a cell is split and from its splitting grows the thing you hate--'We lost *our* land.",,,
q00167,top1937:3337,2931549,4,2,https://www.goodreads.com/work/quotes/2931549?page=4,"I seen fellas like you before. You ain’t askin’ nothin’; you’re jus’ singin’ a kinda song. ‘What we comin’ to?’ You don’ wanta know. Country’s movin’ aroun’, goin’ places. They’s folks dyin’ all aroun’. Maybe you’ll die pretty soon, but you won’t know nothin’. I seen too many fellas like you. You don’t want to know nothin’. Just sing yourself to sleep with a song—‘What we comin’ to?",,,
q00168,top1937:3337,2931549,4,3,https://www.goodreads.com/work/quotes/2931549?page=4,"I ain't sayin' I'm like Jesus,"" the preacher went on. ""But I got tired like Him, an' I got mixed up like Him, an' I went into the wilderness like Him, without no campin' stuff. Nighttime I'd lay on my back an' look up at the stars; morning I'd set an' watch the sun come up; midday I'd look out from a hill at the rollin' dry country; evenin' I'd foller the sun down. Sometimes I'd pray like I always done. On'y I couldn' figure out what I was prayin' to or for. There was the hills, an' there was me, an' we wasn't separate no more. We was one thing. An' that one thing was holy...An' I got thinkin', on'y it wasn't thinkin', it was deeper down than thinkin'. I got thinkin' how we was holy when we was one thing, and' mankin' was holy when it was one thing. An' it on'y got unholy when mis'able little fella got the bit in his teeth an' run off his own way, kickin' and draggin' and fightin'. Fella like that bust the holiness. But when they're all workin' together, no one fella for another fella, but one fella kind of harnessed to the whole shebang -- that's right, that's holy. An' then I got to thinkin' I don't even know what I mean by holy...I can't say no grace like I use' ta say. I'm glad of the holiness of breakfast. I'm glad there's love here. That's all.",,,
q00169,top1937:3337,2931549,4,4,https://www.goodreads.com/work/quotes/2931549?page=4,"Fella in business got to lie an' cheat, but he calls it somepin else. That's what's important. You go steal that tire an' you're a thief, but he tried to steal your four dollars for a busted tire. They call that sound business.",,,
q00170,top1937:3337,2931549,4,6,https://www.goodreads.com/work/quotes/2931549?page=4,"At night frantic men walked boldly to hen roosts and carried off the squawking chickens. If they were shot at, they did not run, but splashed sullenly away; and if they were hit, they sank tiredly in the mud.",,,
q00171,top1937:3337,2931549,4,8,https://www.goodreads.com/work/quotes/2931549?page=4,"Well, California's a big State.It ain't that big. The whole United States ain't that big. It ain't that big. It ain't big enough. There ain't room enough for you an' me, for your kind an' my kind, for rich and poor together all in one country, for thieves and honest men. For hunger and fat. Whyn't you go back where you come from?",,,
q00172,top1937:3337,2931549,4,9,https://www.goodreads.com/work/quotes/2931549?page=4,"He lived in a strange, silent house and looked out of it through calm eyes. He was a stranger to all the world, but he was not lonely.",,,
q00173,top1937:3337,2931549,4,10,https://www.goodreads.com/work/quotes/2931549?page=4,"The one-eyed man stood helplessly by. ""I'll help ya if ya want,"" he said. ""Know what that son-of-a-bitch done? He come by an' he got on white pants. An' he says, 'Come on, le's go out to my yacht.' By God, I'll whang him some day!"" He breathed heavily. ""I ain't been out with a woman sence I los' my eye. An' he says stuff like that."" And big tears cut channels in the dirt beside his nose.Tom said impatiently, ""Whyn't you roll on? Got no guards to keep ya here.""""Yeah, that's easy to say. Ain't so easy to get a job - not for a one-eye' man.""Tom turned on him. ""Now look-a-here, fella. You got that eye wide open. An' ya dirty, ya stink. Ya jus' askin' for it. Ya like it. Lets ya feel sorry for yaself. 'Course ya can't get no woman with that empty eye flappin' aroun'. Put somepin over it an' wash ya face. You ain't hittin' nobody with no pipe wrench.""""I tell ya, a one-eye' fella got a hard row,"" the man said. ""Can't see stuff the way other fellas can. Can't see how far off a thing is. Ever'thing's jus' flat.""Tom said, ""Ya full of crap. Why, I knowed a one-legged whore one time. Think she was takin' two-bits in a alley? No, by God! She's gettin' half a dollar extra. She says, 'How many one-legged women you slep' with? None!' she says. 'O.K.,' she says. 'You got somepin pretty special here, an it's gonna cos' ya half a buck extry.' An' by God, she was gettin' 'em, too, an' the fellas comin' out thinkin' they're pretty lucky. She says she's good luck. An' I knowed a hump-back in - in a place I was. Make his whole livin' lettin' folk rub his hump for luck. Jesus Christ, an' all you got is one eye gone.""The man said stumblingly, ""Well, Jesus, ya see somebody edge away from ya, an' it gets into ya.""""Cover it up then, goddamn it. Ya stickin' it out like a cow's ass. Ya like to feel sorry for yaself. There ain't nothin' the matter with ya. Buy yaself some white pants. Ya gettin' drunk and cryin' in ya bed, I bet.""...The one-eyed man said softly, ""Think - somebody'd like - me?""""Why, sure,"" said Tom. ""Tell 'em ya dong's growed sence you los' your eye.",,,
q00174,top1937:3337,2931549,4,11,https://www.goodreads.com/work/quotes/2931549?page=4,"And he saw the right evening star reflected in her eyes, and he saw the black cloud reflected in her eyes.",,,
q00175,top1937:3337,2931549,4,12,https://www.goodreads.com/work/quotes/2931549?page=4,Puts a weight on ya. Goin' out lookin' for somepin you know you ain't gonna find.,,,
q00176,top1937:3337,2931549,4,14,https://www.goodreads.com/work/quotes/2931549?page=4,"When you're huntin' somepin you're a hunter, an' you're strong. Can't nobody beat a hunter. But when you get hunted - that's different. Somepin happens to you. You ain't strong: maybe you're fierce, but you ain't strong."" - Muley",,,
q00177,top1937:3337,2931549,4,15,https://www.goodreads.com/work/quotes/2931549?page=4,If I could do this book properly it would be one of the really fine books and a truly American book. But I am assailed with my own ignorance and inability. i'll just have to work from a background of these. Honesty. If I can keep an honesty it is all I can expect of my poor brain.... If I can do that it will be all my lack of genius can produce. For no else knows my lack of ability the way I do. I am pushing against it all the time.,,,
q00178,top1937:3337,2931549,4,17,https://www.goodreads.com/work/quotes/2931549?page=4,I ain't gonna try to teach 'em nothin'. I'm gonna try to learn.,,,
q00179,top1937:3337,2931549,4,18,https://www.goodreads.com/work/quotes/2931549?page=4,I ain't sleepin'. I got too much to puzzle with.,,,
q00180,top1937:3337,2931549,4,19,https://www.goodreads.com/work/quotes/2931549?page=4,"Fella had a team of horses, had to use'em to plow an' cultivate an' mow, wouldn't think a turnin' 'em out to starve when they wasn't workin'.Them's horses - we're men.",,,
q00181,top1937:3337,2931549,4,20,https://www.goodreads.com/work/quotes/2931549?page=4,"...but it's our land. We measured it and broke it up. We were born on it, and we got killed on it, died on it. Even if it's no good, it's still ours. That's what makes it ours- being born on it, working it, dying on it. That makes ownership, not a paper with numbers on it.",,,
q00182,top1937:3337,2931549,4,21,https://www.goodreads.com/work/quotes/2931549?page=4,Prayer never brought in no side-meat. Takes a shoat to bring in pork.,,,
q00183,top1937:3337,2931549,4,22,https://www.goodreads.com/work/quotes/2931549?page=4,"You're jest one person, an' they's a lot of other folks. You git to your proper place. I knowed people built theirself up with sin till they figgered they was big mean shucks in the sight a the Lord. You ain't big enough or mean enough to worry God much.",,,
q00184,top1937:3337,2931549,4,23,https://www.goodreads.com/work/quotes/2931549?page=4,"Minds me of a story they tell about Willy Feeley when he was a young fella. Willy was bashful, awful bashful. Well, one day he takes a heifer over to Graves' bull. Ever'body was out but Elsie Graves, and Elsie wasn't bashful at all. Willy, he stood there turnin' red an' he couldn't even talk. Elsie says, 'I know what you come for; the bull's out in back a the barn.' Well, they took the heifer out there an' Willy an' Elsie sat on the fence to watch. Purty soon Willy got feelin' purty fly. Elsie looks over an' says, like she don't know, 'What's a matter, Willy?' Willy's so randy, he can't hardly set still. 'By God,' he says, 'by God, I wisht I was a-doin' that!' Elsie says, 'Why not, WIlly? It's your heifer.",,,
q00185,top1937:3337,2931549,4,24,https://www.goodreads.com/work/quotes/2931549?page=4,That man who is more then his elements knows the land that is more than its analysis.,,,
q00186,top1937:3337,2931549,4,25,https://www.goodreads.com/work/quotes/2931549?page=4,"They was this rich fella, an he makes like he’s poor, an they’s this rich girl, an she purtends like she’s poor too, an’ they meet in a hamburg’ stan’Why?I don’t know why-that’s how it was.Why’d they purtend like they’s poor?Well, they’re tired of bein’ rich.Horseshit!You want to hear this, or not?Well, go on then. Sure, I wanta hear it, but if I was rich, if I was rich I’d get so many pork chops-I’d cord ‘em up aroun’ me like wood, an’ I’d eat my way out. Go on.",,,
q00187,top1937:3337,2931549,4,26,https://www.goodreads.com/work/quotes/2931549?page=4,That was a time when a man had the right to be burried by his own son an' a son had the right to burry his own father.,,,
q00188,top1937:3337,2931549,4,27,https://www.goodreads.com/work/quotes/2931549?page=4,Gonna cuss an' swear an' here the poetry of folks talkin'.,,,
q00189,top1937:3337,2931549,4,28,https://www.goodreads.com/work/quotes/2931549?page=4,"But where does it stop? Who can we shoot? I don’t aim to starve to death before I kill the man that’s starving me.’’ “I don’t know. Maybe there’s nobody to shoot. Maybe the thing isn’t men at all. Maybe, like you said, the property’s doing it. Anyway I told you my orders.’’ “I got to figure,’’ the tenant said. “We all got to figure. There’s some way to stop this. It’s not like lightning or earthquakes. We’ve got a bad thing made by men, and by God that’s something we can change.",,,
q00190,top1937:3337,2931549,4,29,https://www.goodreads.com/work/quotes/2931549?page=4,"Once California belonged to Mexico and its land to Mexicans; and a horde of tattered feverish Americans poured in. And such was their hunger for land that they took the land, stole Sutter's land, Guerrero' s land, took the grants and broke them up and growled and quarreled over them, those frantic hungry men; and they guarded with guns the land they had stolen. They put up houses and barns, they turned the earth and planted crops. And these things were possession, and possession was ownership.The Mexicans were weak and fed. They could not resist, because they wanted nothing in the world as frantically as the Americans wanted land.",,,
q00191,top1939:3039,1309540,1,0,https://www.goodreads.com/work/quotes/1309540,"Nobody is right and nobody is wrong. Only one thing is right, and that is the Truth, but nobody knows what it is. It is a thing that changes all the time, and then comes back to the same thing. -Old Yao",,,
q00192,top1939:3039,1309540,1,1,https://www.goodreads.com/work/quotes/1309540,"A good cook was like a good educator; his duty was solely to bring out the talent of the chicken and show it to best advantage, as a good teacher brings out the talent inherent in a young man. Granted that the original talent was there in the chicken, too much coaxing, stuffing, imposing, and spicing would merely distract from its simple beauty and virtue.",,,
q00193,top1942:450,709897,1,0,https://www.goodreads.com/work/quotes/709897,"One grew used to years, like garments. At least one knew where the holes and patched places were; one had learned not to strain threadbare folds past endurance. A new year felt stiff and semi-fitted as one tried to move in it without self-consciousness. It was like dresses that used to be made to allow for growth, too sturdy and voluminous and reaching to boot tops. Only time and hard use would accomplish the fitting, and I did not look forward to that inevitable process.",,,
q00194,top1942:450,709897,1,1,https://www.goodreads.com/work/quotes/709897,"Love, when it comes for the first time, has the fierce and bewildering beat of spring in its pulses. Such ecstasy and despair are not to be reckoned with in terms of sanity and reason. The foolish and wise are equally at its mercy. Let no one doubt its power to exalt or betray, for it can rise renewed from bludgeonings or shrivel at a single breath. I think we were not meant to endure its rigours for more than a brief span.",,,
q00195,top1942:450,709897,1,2,https://www.goodreads.com/work/quotes/709897,"When you have reason to doubt the man you love another man’s kiss may seem a poor substitute, but it can bolster up a woman’s pride. We may want only the love that is denied; but to know that we continued to be desirable is a prop to which we cling, and cling we must to whatever our hearts can lay hold on.",,,
q00196,top1942:450,709897,1,3,https://www.goodreads.com/work/quotes/709897,"In the adult world to which I suddenly realized we all belonged, I supposed a triangle would be substituted for the outline of a heart. Well, after all, what was a triangle but a heart with the grace taken out of it?",,,
q00197,top1942:450,709897,1,4,https://www.goodreads.com/work/quotes/709897,"No hardy perennial has the enduring quality of hope. Cut it to the roots, stamp it underfoot, let frost and fire work their will, and still some valiant shoot will push, to grow again on such scanty fare as it can find. Only time and the cruel quicklime of fact can destroy that stubborn urgency.",,,
q00198,top1942:450,709897,1,5,https://www.goodreads.com/work/quotes/709897,"Miracles are out of fashion nowadays. Or perhaps it is only that they have been explained away from us. Radios and newsreels and words have shorn them of their mystery. Yet to each of us, I think, a miracle is given at some time in our lives. We may not choose the moment it shall be revealed or the form it shall take. We may not even realize till long afterwards that it was our privilege to be part of one. Our minds may betray the wonder that our hearts accept. I fought against the miracle that was to be mine, but there was no denying it when it came to me.",,,
q00199,top1942:450,709897,1,6,https://www.goodreads.com/work/quotes/709897,"We are less indispensable than we think, even to those we love.",,,
q00200,top1942:450,709897,1,7,https://www.goodreads.com/work/quotes/709897,We none of us hear all we might.,,,
q00201,top1942:450,709897,1,8,https://www.goodreads.com/work/quotes/709897,"I broke off, having said more than I had meant to, but if I had risen up with a hammer in one hand and a sickle in the other I could not have startled the group about the table more.",,,
q00202,top1942:450,709897,1,9,https://www.goodreads.com/work/quotes/709897,"Only children, I thought, can play and talk together without this self-imposed constraint. And even children’s eyes are quick to note the difference between a patched sweater and a squirrel muff. They recognize the outward symbols and are more wary than we guess. I found myself wondering when I had first been made aware of the invisible barriers that are so much more formidable than those of brick and stone and barbed wire.",,,
q00203,top1942:450,709897,1,10,https://www.goodreads.com/work/quotes/709897,"At such tense moments it often happens, as it happened to me then, that some insignificant object will become forever linked to our extremity. We must recall the exact shape of a leaf whose shadow fell across the blind of a sickroom; the scroll on the handle of a spoon out fingers gripped in the numbness of despair, the lace that edged the handkerchief we pressed to our lips to hide their trembling.",,,
q00204,top1942:450,709897,1,11,https://www.goodreads.com/work/quotes/709897,"The drip of cold rain in the darkness and those four words he had spoken became one to me as I stood watching him go down the path—fond, casual words that were never meant to be weighted down with the importance I gave them. Yet all those days and weeks and months and years afterwards my heart echoed them. If they became distorted and magnified out of all proportion, the fault is mine and mine alone. For I had no right to cling to them as I did because my need of their reassurance was so great. Yet I am not the first, and I shall not be the last, to try to make a bowstring into an anchor chain.",,,
q00205,top1942:5820,21887652,1,0,https://www.goodreads.com/work/quotes/21887652,"Free men cannot start a war, but once it is started, they can fight on in defeat. Herd men, followers of a leader, cannot do that, and so it is always the herd men who win battles and the free men who win wars.",,,
q00206,top1942:5820,21887652,1,1,https://www.goodreads.com/work/quotes/21887652,"I am a little man and this is a little town, but there must be a spark in little men that can burst into flame.",,,
q00207,top1942:5820,21887652,1,2,https://www.goodreads.com/work/quotes/21887652,The flies have conquered the flypaper.,,,
q00208,top1942:5820,21887652,1,3,https://www.goodreads.com/work/quotes/21887652,"I have no choice of living or dying, you see, sir--but I do have a choice of how I do it. If I tell them not to fight, they will be sorry, but they will fight. If I tell them to fight, they will be glad, and I who am not a very brave man will have made them a little braver.",,,
q00209,top1942:5820,21887652,1,4,https://www.goodreads.com/work/quotes/21887652,I'm tired of people who have not been at war who know all about it.,,,
q00210,top1942:5820,21887652,1,5,https://www.goodreads.com/work/quotes/21887652,Defeat is a momentary thing. A defeat doesn't last. We were defeated and now we attack. Defeat means nothing. Can't you understand that? Do you know what they are whispering behind doors?,,,
q00211,top1942:5820,21887652,1,6,https://www.goodreads.com/work/quotes/21887652,"They think that just because they have only one leader and one head, we are all like that. They know that ten heads lopped off will destroy them, but we are a free people; we have as many heads as we have people, and in a time of need leaders pop up among us like mushrooms.",,,
q00212,top1942:5820,21887652,1,7,https://www.goodreads.com/work/quotes/21887652,"In marching, in mobs, in football games, and in war, outlines become vague; real things become unreal and a fog creeps over the mind. Tension and excitement, weariness, movement--all merge in one great gray dream, so that when it is over, it is hard to remember how it was when you killed men or ordered them to be killed. Then other people who were not there tell you what it was like and you say vaguely, ""yes, I guess that's how it was.",,,
q00213,top1942:5820,21887652,1,8,https://www.goodreads.com/work/quotes/21887652,"war is treachery and hatred, the muddling of incompetent generals, the torture and killing and sickness and tiredness, until at last it is over and nothing has changed except for new weariness and new hatreds.",,,
q00214,top1942:5820,21887652,1,10,https://www.goodreads.com/work/quotes/21887652,"You are not a man anymore. You are a soldier. Your comfort is of no importance and your life isn’t of much importance. Most of your orders will be unpleasant, but that’s not your business.They should’ve trained you for this, and not for flower-strewn streets. They should have built your soul with truth, not led along with lies.",,,
q00215,top1942:5820,21887652,1,11,https://www.goodreads.com/work/quotes/21887652,"Only once or twice in her life had she ever understood all of him, but the part of him which she knew, she knew intricately and well. No little appetite or pain, no carelessness or meanness in him escaped her; no thought or dream or longing in him ever reached her. And yet several times in her life she had seen the stars.",,,
q00216,top1942:5820,21887652,1,13,https://www.goodreads.com/work/quotes/21887652,"And the girl,' Lanser continued, 'the girl, Lieutenant, you may rape her, or protect her, or marry her--that is of no importance so long as you shoot her when it is ordered.",,,
q00217,top1942:5820,21887652,1,14,https://www.goodreads.com/work/quotes/21887652,"That is a great mystery,” said Doctor Winter. “That is a mystery that has disturbed rulers all over the world—how the people know. It disturbs the invaders now, I am told, how news runs through censorships, how the truth of things fights free of control. It is a great mystery.",,,
q00218,top1942:5820,21887652,1,15,https://www.goodreads.com/work/quotes/21887652,"Lanser said, ""There are no peaceful people, when will you learn it? There are no friendly people, can't you understand that?",,,
q00219,top1942:5820,21887652,1,17,https://www.goodreads.com/work/quotes/21887652,The paintings on the wall were largely preoccupied with the amazing heroism of large dogs faced with imperiled children. Nor water nor fire nor earthquake could do in a child so long as a big dog was available.,,,
q00220,top1942:5820,21887652,1,19,https://www.goodreads.com/work/quotes/21887652,"And the hatred was deep in the eyes of the people, beneath the surface.",,,
q00221,top1942:5820,21887652,1,20,https://www.goodreads.com/work/quotes/21887652,"If he considered God at all, he thought of Him as an old and honored general, retired and gray, living among remembered battles and putting wreaths on the graves of his lieutenants several times a year.",,,
q00222,top1942:5820,21887652,1,21,https://www.goodreads.com/work/quotes/21887652,"Joseph habitually scowled at furniture, expecting it to be impertinent, mischievous, or dusty.",,,
q00223,top1942:5820,21887652,1,22,https://www.goodreads.com/work/quotes/21887652,a man who is good for anything ought not to calculate the chance of living or dying; he ought only to consider whether he is doing right or wrong.,,,
q00224,top1942:5820,21887652,1,29,https://www.goodreads.com/work/quotes/21887652,Captain Loft believed that all women fall in love with a uniform and he did not see how it could be otherwise.,,,
q00225,top1942:533,2913447,1,0,https://www.goodreads.com/work/quotes/2913447,"There were some types of men whose wilfulness thrived on the excuses that were made for them. And they were the kind of people who never knew when they had gone far enough in their selfishness, who never knew when to stop. The more allowances that were made for them, the more they presumed.",,,
q00226,top1942:533,2913447,1,1,https://www.goodreads.com/work/quotes/2913447,Despair never won any game. Defeat came quickly to those who thought of it.,,,
q00227,top1942:533,2913447,1,2,https://www.goodreads.com/work/quotes/2913447,"You are not the only one,” he said to himself. “At this moment, in Europe, you are not the only man forcing himself to walk round a cell. Not by a long chalk. So drop all your self-pity. You are lucky compared to some.",,,
q00228,top1942:533,2913447,1,3,https://www.goodreads.com/work/quotes/2913447,"He could hear Matthews saying, 'Worry before, and you'll be prepared. Worry afterwards and you'll keep your feet on the ground. But don't worry during action; that's fatal.",,,
q00229,top1943:2298,712322,1,0,https://www.goodreads.com/work/quotes/712322,"The trouble is that goodness dies, and lies buried in the earth. Cleverness passes on and becomes degenerate.",,,
q00230,top1943:2298,712322,1,1,https://www.goodreads.com/work/quotes/712322,"The people don’t want to be understood, it would spoil their sense of injustice. They revel in their wrongs",,,
q00231,top1943:2298,712322,1,2,https://www.goodreads.com/work/quotes/712322,"Why, no doubt there is a risk, just as every day in every man's life he risks breaking his neck when he steps outside his door.",,,
q00232,top1943:2298,712322,1,3,https://www.goodreads.com/work/quotes/712322,"The ten pounds annuity left to him by his father when he died in 1800 was given to him with the pious hope, expressed in old Henry Broderick's own words, that 'the sum would keep him out of the mischief that had brought him into the world'. The hope had not been fulfilled, however, for Ned Broderick, disregarding his father's wishes, had become the parent of no less than four illegitimate children, all by different mothers.",,,
q00233,top1943:2298,712322,1,4,https://www.goodreads.com/work/quotes/712322,"The forces of Nature, thought John Broderick, must be made to work for Man.",,,
q00234,top1943:2298,712322,1,5,https://www.goodreads.com/work/quotes/712322,"The thing had been a tragedy, but tragedies become less poignant as the months pass.",,,
q00235,top1943:2298,712322,1,6,https://www.goodreads.com/work/quotes/712322,"Tell me,"" he said, ""do you ever think of anything else in life but your greyhounds?""And supposing, thought the son, that I told him the truth, supposing that I made a confession of all the thoughts that fill my waking hours: how I hate the mines for the ugliness they have brought upon Doonhaven, because they stand for progress and prosperity, and how I cannot walk about the estate while he still lives and owns it, because I take no interest in a thing that I do not possess, and which is not mine alone, and how I am at present ill-tempered, ill-mannered, and more than a little drunk because my mind and my body have need of Fanny-Rosa, the daughter of a man he despises, and the only thing that concerns me at this moment is whether she will belong to me or not, and, if she should, whether she also belonged to my brother who is dead; supposing I make confession of all these things, what would he do but stare at me aghast and bid me leave the room, and possibly the house also? It was better to keep silence.""Occasionally, sir,"" he said, ""I think of the killings in the creek and the hares on Hungry Hill, but mostly I concern myself with my greyhounds.",,,
q00236,top1943:2298,712322,1,7,https://www.goodreads.com/work/quotes/712322,"You've wanted to kiss me for a long time, have you not?""""For nearly ten months,"" he told her, ""I have thought of nothing else.",,,
q00237,top1943:2298,712322,1,8,https://www.goodreads.com/work/quotes/712322,What was John-Henry but the outcome of the years?,,,
q00238,top1943:2298,712322,1,10,https://www.goodreads.com/work/quotes/712322,He wanted to lose the memory of that world; they wished to hold it,,,
q00239,top1943:5439,1327085,1,0,https://www.goodreads.com/work/quotes/1327085,"You must not be unkind, especially when it happens that you're right.",,,
q00240,top1943:5439,1327085,1,1,https://www.goodreads.com/work/quotes/1327085,"You must remember always to give, of everything you have. You must give foolishly even. You must be extravagant. You must give to all who come into your life. Then nothing and no one shall have power to cheat you of anything, for if you give to a thief, he cannot steal from you, and he himself is then no longer a thief. And the more you give, the more you will have to give.",,,
q00241,top1943:5439,1327085,1,2,https://www.goodreads.com/work/quotes/1327085,"I know you will remember this — that nothing good ever ends. If it did, there would be no people in the world — no life at all, anywhere. And the world is full of people and full of wonderful life.",,,
q00242,top1943:5439,1327085,1,3,https://www.goodreads.com/work/quotes/1327085,People are people. Don't be afraid of them.,,,
q00243,top1943:5439,1327085,1,4,https://www.goodreads.com/work/quotes/1327085,"Everything alive is part of each of us, and many things which do not move as we move are part of us. The sun is part of us, the earth, the sky, the stars, the rivers, and the oceans. All things are part of us, and we have come here to enjoy them and to thank God for them.",,,
q00244,top1943:5439,1327085,1,5,https://www.goodreads.com/work/quotes/1327085,"Two years ago your father died, Ulysses. But as long as we are alive, as long as we are together, as long as two of us are left, and remember him, nothing in the world can take him from us.",,,
q00245,top1943:5439,1327085,1,6,https://www.goodreads.com/work/quotes/1327085,"Lionel whispered because he was under the impression that it was out of respect for books, not consideration for readers.",,,
q00246,top1943:5439,1327085,1,7,https://www.goodreads.com/work/quotes/1327085,"All of the sudden,"" he said, ""I feel different-- not like I ever felt before. Even when Papa died I didn't feel this way. In two days everything is changed. I'm lonely and I don't now what I'm lonely for",,,
q00247,top1943:5439,1327085,1,8,https://www.goodreads.com/work/quotes/1327085,He was under the impression that he belonged wherever there was something interesting to see.,,,
q00248,top1943:5439,1327085,1,9,https://www.goodreads.com/work/quotes/1327085,I never knew teachers are human beings like everybody else-- and better too!,,,
q00249,top1943:5439,1327085,1,12,https://www.goodreads.com/work/quotes/1327085,"Their singing wasn’t particularly good, but the feeling with which they sang was not bad at all.",,,
q00250,top1943:5439,1327085,1,13,https://www.goodreads.com/work/quotes/1327085,"Future?"" Homer said. He was a little embarrassed because all his life, from day to day, he had been busy mapping out a future, even if it was only a future for the next day. ""Well,"" he said, ""I don't know for sure, but I guess I'd like to be somebody some day.",,,
q00251,top1943:5439,1327085,1,14,https://www.goodreads.com/work/quotes/1327085,What my children appear to be on the surface is no matter to me. I am fooled neither by gracious manners nor by bad manners. I am interested in what is truly beneath each kind of manners…I want my children to be people– each one separate– each one special– each one a pleasant and exciting variation of all the others,,,
q00252,top1943:5439,1327085,1,16,https://www.goodreads.com/work/quotes/1327085,"When Ulysses saw his brother, a wonderful thing happened to his face. All the terror left his eyes, because now he was home",,,
q00253,top1943:5439,1327085,1,17,https://www.goodreads.com/work/quotes/1327085,"...Each of you will begin to be truly human when, in spite of your natural dislike of one another, you still respect one another. That is what it means to be civilized.",,,
q00254,top1943:5439,1327085,1,18,https://www.goodreads.com/work/quotes/1327085,I watch the growth of spirit in the children who come to my class.,,,
q00255,top1943:5439,1327085,1,19,https://www.goodreads.com/work/quotes/1327085,"Everything is changed for you. But it is still the same, too. The loneliness you feel has come to you because you are no longer a child. But the world has always been full of that loneliness.",,,
q00256,top1943:5439,1327085,1,20,https://www.goodreads.com/work/quotes/1327085,"I miss you of course and I think of you all the time. I am O.K., and even though I have never believed in wars - and know them to be foolish, even when they are necessary - I am proud that I am involved since so many others are, and this is what's happening. I do not recognize any enemy which is human, for no human being can be my enemy. Whoever he is, he is my friend. My quarrel is not with him, but with that unfortunate part of him which I seek to destroy in myself first.",,,
q00257,top1943:5439,1327085,1,25,https://www.goodreads.com/work/quotes/1327085,"The person of a man may go, but the best part of him stays. It stays forever.",,,
q00258,top1943:5439,1327085,1,26,https://www.goodreads.com/work/quotes/1327085,"I thought a fellow would never cry when he got to be grown up, but it seems as if that's when a fellow starts, because that's when a fellow starts finding out about things.",,,
q00259,top1943:5439,1327085,2,5,https://www.goodreads.com/work/quotes/1327085?page=2,Can’t a small boy get caught in a trap without the whole world hanging around?,,,
q00260,top1943:5439,1327085,2,7,https://www.goodreads.com/work/quotes/1327085?page=2,The person of a man may leave—or be taken away—but the best part of a good man stays. It stays forever. Love is immortal and makes all things immortal. But hate dies every minute.,,,
q00261,top1943:3122,2351475,1,0,https://www.goodreads.com/work/quotes/2351475,"It's classes and class feeling that are dangerous in a democracy. If ever our people congeal into classes, then our democracy is lost. Individuals may be as bad as they like without too much harm. It's only when they gang up that they become dangerous.",,,
q00262,top1944:6102,2095259,1,0,https://www.goodreads.com/work/quotes/2095259,"You're beginning to dislike me, aren't you? Well, dislike me. It doesn't make any difference to me now.",,,
q00263,top1944:6102,2095259,1,1,https://www.goodreads.com/work/quotes/2095259,"Nothing in the world is permanent, and we’re foolish when we ask anything to last, but surely we’re still more foolish not to take delight in it while we have it. If change is of the essence of existence one would have thought it only sensible to make it the premise of our philosophy.",,,
q00264,top1944:6102,2095259,1,2,https://www.goodreads.com/work/quotes/2095259,"For men and women are not only themselves; they are also the region in which they are born, the city apartment or farm in which they learnt to walk, the games they played as children, the old wives tales they overheard, the food they ate, the schools they attended, the sports they followed, the poets they read, and the God they believed in. It is all these things that have made them what they are, and these are the things that you can't come to know by hearsay...",,,
q00265,top1944:6102,2095259,1,3,https://www.goodreads.com/work/quotes/2095259,The fact that a great many people believe something is no guarantee of its truth.,,,
q00266,top1944:6102,2095259,1,4,https://www.goodreads.com/work/quotes/2095259,"Almost all the people who’ve had the most effect on me I seem to have met by chance, yet looking back it seems as though I couldn’t but have met them.",,,
q00267,top1944:6102,2095259,1,5,https://www.goodreads.com/work/quotes/2095259,"Its a toss-up when you decide to leave the beaten track. Many are called, few are chosen.",,,
q00268,top1944:6102,2095259,1,6,https://www.goodreads.com/work/quotes/2095259,"Well, you know when people are no good at anything else they become writers.",,,
q00269,top1944:6102,2095259,1,7,https://www.goodreads.com/work/quotes/2095259,The dead look so terribly dead when they're dead.,,,
q00270,top1944:6102,2095259,1,9,https://www.goodreads.com/work/quotes/2095259,"I used to listen to the monks repeating the Lord's Prayer; I wondered how they could continue to pray without misgiving to their heavenly father to give them their daily bread. Do children beseech their earthly father to give them sustenance? They expect him to do it, they neither feel gratitude to him for doing so nor need to, and we have only blame for a man who brings children into the world that he can't or won't provide for. It seemed to me that if an omnipotent creator was not prepared to provide for his creatures with the necessities, material and spiritual, of existence he'd have done better not to create them.",,,
q00271,top1944:6102,2095259,1,10,https://www.goodreads.com/work/quotes/2095259,"I don’t think I shall ever find peace till I make up my mind about things,’ he said gravely. He hesitated. ‘It’s very difficult to put into words. The moment you try you feel embarrassed. You say to yourself: “Who am I that I should bother myself about this, that, and the other? Perhaps it’s only because I’m a conceited prig. Wouldn’t it be better to follow the beaten track and let what’s coming to you come?” And then you think of a fellow who an hour before was full of life and fun,and he’s lying dead; it’s all so cruel and meaningless. It’s hard not to ask yourself what life is all about and whether there’s any sense to it or whether it’s all a tragic blunder of blind fate.",,,
q00272,top1944:6102,2095259,1,11,https://www.goodreads.com/work/quotes/2095259,American women expect to find in their husbands a perfection that English women only hope to find in their butlers.,,,
q00273,top1944:6102,2095259,1,12,https://www.goodreads.com/work/quotes/2095259,"You see, money to you means freedom; to me it means bondage.",,,
q00274,top1944:6102,2095259,1,13,https://www.goodreads.com/work/quotes/2095259,A mother only does her children harm if she makes them the only concern of her life.,,,
q00275,top1944:6102,2095259,1,14,https://www.goodreads.com/work/quotes/2095259,"You know, when one's in love,' I said, 'and things go all wrong, one's terribly unhappy and one thinks one won't ever get over it. But you'll be astounded to learn what the sea will do.'What do you mean?' she smiled.Well, love isn't a good sailor and it languishes on a sea voyage. You'll be surprised when you have the Atlantic between you and Larry to find how slight the pang is that before you sailed seemed intolerable.",,,
q00276,top1944:6102,2095259,1,15,https://www.goodreads.com/work/quotes/2095259,"When you're eighteen your emotions are violent, but they're not durable.",,,
q00277,top1944:6102,2095259,1,16,https://www.goodreads.com/work/quotes/2095259,"I wish I could make you see how much fuller the life I offer you is than anything you have a conception of. I wish I could make you see how exciting the life of the spirit is and how rich in experience. It's illimitable. It's such a happy life. There's only one thing like it, when you're up in a plane by yourself, high, high, and only infinity surrounds you. You're intoxicated by the boundless space.",,,
q00278,top1944:6102,2095259,1,17,https://www.goodreads.com/work/quotes/2095259,"The common idea that success spoils people by making them vain, egotistical and self-complacent is erroneous; on the contrary, it makes them , for the most part, humble, tolerant and kind. Failure makes people bitter and cruel.",,,
q00279,top1944:6102,2095259,1,18,https://www.goodreads.com/work/quotes/2095259,I happen to think we’ve set our ideal on the wrong objects; I happen to think that the greatest ideal man can set before himself is self-perfection.,,,
q00280,top1944:6102,2095259,1,19,https://www.goodreads.com/work/quotes/2095259,We Americans... like change. It is at once our weakness and our strength.,,,
q00281,top1944:6102,2095259,1,20,https://www.goodreads.com/work/quotes/2095259,"Unless love is passion, it's not love, but something else; and passion thrives not on satisfaction, but on impediment.",,,
q00282,top1944:6102,2095259,1,21,https://www.goodreads.com/work/quotes/2095259,"When he sacrifices himself man for a moment is greater than God, for how can God, infinite and omnipotent, sacrifice himself?",,,
q00283,top1944:6102,2095259,1,22,https://www.goodreads.com/work/quotes/2095259,"I suppose it was the end of the world for her when her husband and her baby were killed. I suppose she didn't care what became of her and flung herself into the horrible degradation of drink and promiscuous copulation to get even with life that had treated her so cruelly. She'd lived in heaven and when she lost it she couldn't put up with the common earth of common men, but in despair plunged headlong into hell. I can imagine that if she couldn't drink the nectar of the gods any more she thought she might as well drink bathroom gin.'That's the sort of thing you say in novels. It's nonsense and you know it's nonsense. Sophie wallows in the gutter because she likes it. Other women have lost their husbands and children. It wasn't that that made her evil. Evil doesn't spring from good. The evil was there always. When that motor accident broke her defences it set her free to be herself. Don't waste your pity on her, she's now what at heart she always was.",,,
q00284,top1944:6102,2095259,1,23,https://www.goodreads.com/work/quotes/2095259,"In business sharp practice sometimes succeeds, but in art honesty is not only the best but the only policy.",,,
q00285,top1944:6102,2095259,1,24,https://www.goodreads.com/work/quotes/2095259,Art is triumphant when it can use convention as an instrument of its own purpose.,,,
q00286,top1944:6102,2095259,1,25,https://www.goodreads.com/work/quotes/2095259,"It's a long, arduous road he's starting to travel, but it may be that at the end of it he'll find what's he's seeking.",,,
q00287,top1944:6102,2095259,1,26,https://www.goodreads.com/work/quotes/2095259,"You know, the Philistines have long since discarded the rack and stake as a means of suppressing the opinions they feared: they've discovered a much more deadly weapon of destruction -- the wisecrack.",,,
q00288,top1944:6102,2095259,1,28,https://www.goodreads.com/work/quotes/2095259,I only wanted to suggest to you that self-sacrifice is a passion so overwhelming that beside it even lust and hunger are trifling.,,,
q00289,top1944:6102,2095259,1,29,https://www.goodreads.com/work/quotes/2095259,"Larry sat with his arm stretched out along the top of the front seat. His shirt cuff was pulled back by his position and displayed his slim, strong wrist and the lower part of his brown arm lightly covered with fine hairs. The sun shone goldly upon them. Something in Isabel's immobility attracted my attention, and I glanced at her. She was so still that you might have thought her hypnotized. Her breath was hurried. Her eyes were fixed on the sinewy wrist with its little golden hairs and on that long, delicate, but powerful hand, and I have never seen on a human countenance such a hungry concupiscence as I saw then on hers. It was a mask of lust. I would never have believed that her beautiful features could assume an expression of such unbridled sensuality. It was animal rather than human. The beauty was stripped from her face; the look upon it made her hideous and frightening. It horribly suggested the bitch in heat and I felt rather sick.",,,
q00290,top1944:6102,2095259,2,1,https://www.goodreads.com/work/quotes/2095259?page=2,"The man I am writing about is not famous. It may be that he never will be. It may be that when his life at last comes to an end he will leave no more trace of his sojourn on earth than a stone thrown into a river leaves on the surface of the water. But it may be that the way of life that he has chosen for himself and the peculiar strength and sweetness of his character may have an ever-growing influence over his fellow men so that, long after his death perhaps, it may be realized that there lived in this age a very remarkable creature.",,,
q00291,top1944:6102,2095259,2,2,https://www.goodreads.com/work/quotes/2095259?page=2,"I did not hesitate to put the question that came to the tip of my tongue. After all, if you want to know something the best way is to ask.",,,
q00292,top1944:6102,2095259,2,3,https://www.goodreads.com/work/quotes/2095259?page=2,"I thought with melancholy how an author spends months writing a book, and maybe puts his heart’s blood into it, and then it lies about unread till the reader has nothing else in the world to do.",,,
q00293,top1944:6102,2095259,2,4,https://www.goodreads.com/work/quotes/2095259?page=2,"And what is that going to lead to?""""The acquisition of knowledge,"" he smiled.""It doesn't sound very practical.""""Perhaps it isn't and on the other hand perhaps it is. But it's enormous fun.",,,
q00294,top1944:6102,2095259,2,5,https://www.goodreads.com/work/quotes/2095259?page=2,"I feel it right to warn the reader that he can very well skip this chapter without losing the thread of such story as I have to tell, since for the most part it is nothing more than the account of a conversation that I had with Larry. I should add, however, that except for this conversation I should perhaps not have thought it worth while to write this book.",,,
q00295,top1944:6102,2095259,2,6,https://www.goodreads.com/work/quotes/2095259?page=2,"[The goal is] ""liberation from the bondage of rebirth. According to the Vedantists the self, which they call the atman and we call the soul, is distinct from the body and its senses, distinct from the mind and its intelligence; it is not part of the Absolute, for the Absolute, being infinite, can have no parts but the Absolute itself. It is uncreated; it has existed form eternity and when at least it has cast off the seven veils of ignorance will return to the infinitude from which it came. It is like a drop of water that has arisen from the sea, and in a shower has fallen into a puddle, then drifts into a brook, finds its way into a stream, after that into a river, passing through mountain gorges and wide plains, winding this way and that, obstructed by rocks and fallen trees, till at least it reaches the boundless seas from which it rose.""""But that poor little drop of water, when it has once more become one with the sea, has surely lost its individuality.""Larry grinned.""You want to taste sugar, you don't want to become sugar. What is individuality but the expression of our egoism? Until the soul has shed the last trace of that it cannot become one with the Absolute.""""You talk very familiarly of the Absolute, Larry, and it's an imposing word. What does it actually signify to you?"" ""Reality. You can't say what it is ; you can only say what it isn't. It's inexpressible. The Indians call it Brahman. It's not a person, it's not a thing, it's not a cause. It has no qualities. It transcends permanence and change; whole and part, finite and infinite. It is eternal because its completeness and perfection are unrelated to time. It is truth and freedom.""""Golly,"" I said to myself, but to Larry: ""But how can a purely intellectual conception be a solace to the suffering human race? Men have always wanted a personal God to whom they can turn in their distress for comfort and encouragement.""""It may be that at some far distant day greater insight will show them that they must look for comfort and encouragement in their own souls. I myself think that the need to worship is no more than the survival of an old remembrance of cruel gods that had to be propitiated. I believe that God is within me or nowhere. If that's so, whom or what am I to worship—myself? Men are on different levels of spiritual development, and so the imagination of India has evolved the manifestations of the Absolute that are known as Brahma, Vishnu, Siva and by a hundred other names. The Absolute is in Isvara, the creator and ruler of the world, and it is in the humble fetish before which the peasant in his sun-baked field places the offering of a flower. The multitudinous gods of India are but expedients to lead to the realization that the self is one with the supreme self.",,,
q00296,top1944:6102,2095259,2,7,https://www.goodreads.com/work/quotes/2095259?page=2,"Our wise old church...has discovered that if you will act as if you believed belief will be given to you; if you pray with doubt, but pray with sincerity, your doubt will be dispelled; if you will surrender yourself to the beauty of that liturgy the power of which over the human spirit has been proved by the experience of the ages, peace will descend upon you.",,,
q00297,top1944:6102,2095259,2,8,https://www.goodreads.com/work/quotes/2095259?page=2,"Passion is destructive. It destroyed Antony and Cleopatra, Tristan and Isolde, Parnell and Kitty O'Shea. And if it doesn't destroy it dies. It may be then that one is faced with the desolation of knowing that one has wasted the years of one's life, that one's brought disgrace upon oneself, endured the frightful pang of jealousy, swallowed every bitter mortification, that one's expended all one's tenderness, poured out all the riches of one's soul on a poor drab, a fool, a peg on which on hung one's dreams, who wasn't worth a stick of chewing gum.",,,
q00298,top1944:6102,2095259,2,9,https://www.goodreads.com/work/quotes/2095259?page=2,"The first time he talked in that way he said something that I've never forgotten, because it horrified me; he said that the world isn't a creation, for out of nothing nothing comes, but a manifestation of the eternal nature; well, that was all right, but then he added that evil is as direct a manifestation of the divine as good. They were strange words to hear in that sordid, noisy café, to the accompaniment of dance tunes on the mechanical piano.",,,
q00299,top1944:6102,2095259,2,11,https://www.goodreads.com/work/quotes/2095259?page=2,"Poor slut, I think she loves me,' said Gray, his eyes closed.",,,
q00300,top1944:6102,2095259,2,12,https://www.goodreads.com/work/quotes/2095259?page=2,"It was not for me to leave the world and retire to a cloister, but to live in the world and love the objects of the world, not indeed for themselves, but for the Infinite that is in them.",,,
q00301,top1944:6102,2095259,2,13,https://www.goodreads.com/work/quotes/2095259?page=2,I think I can tell you. I’ve always felt that there was something pathetic in the founders of religion who made it a condition of salvation that you should believe in them. It’s as though they needed your faith to have faith in themselves.,,,
q00302,top1944:6102,2095259,2,14,https://www.goodreads.com/work/quotes/2095259?page=2,We who are of mature age seldom suspect how unmercifully and yet with what insight the very young judge us.,,,
q00303,top1944:6102,2095259,2,17,https://www.goodreads.com/work/quotes/2095259?page=2,"I found I was able to relieve people not only of pain but of fear. It's strange how many people suffer from it. I don't mean fear of closed spaces and fear of heights, but fear of death and, what's worse, fear of life. Often they're people who seem in the best of health, prosperous, without any worry, and yet they're tortured by it. I've sometimes thought it was the most besetting humour of men, and I asked myself at one time if it was due to some deep animal instinct that man has inherited from that primeval something that first felt the thrill of life.",,,
q00304,top1944:6102,2095259,2,19,https://www.goodreads.com/work/quotes/2095259?page=2,I could see that Isabel listened to him with growing exasperation. Larry had no notion that he was driving a dagger in her heart and with his every detached word twisting it in the wound. But when she spoke it was with a faint smile on her lips.,,,
q00305,top1944:6102,2095259,2,20,https://www.goodreads.com/work/quotes/2095259?page=2,A God that can be understood is no God. Who can explain the Infinite in words?,,,
q00306,top1944:6102,2095259,2,23,https://www.goodreads.com/work/quotes/2095259?page=2,You are a deeply religious man who doesn't believe in God.,,,
q00307,top1944:6102,2095259,2,24,https://www.goodreads.com/work/quotes/2095259?page=2,we are all greater than we know and that wisdom is the means to freedom.,,,
q00308,top1944:6102,2095259,2,25,https://www.goodreads.com/work/quotes/2095259?page=2,Did Beethoven create his symphonies for his glorification? I don't believe it. I believe he created them because the music in his soul demanded expression and then all he tried to do was to make them as perfect as he knew how.,,,
q00309,top1944:6102,2095259,2,26,https://www.goodreads.com/work/quotes/2095259?page=2,"Larry has been absorbed, as he wished, into that tumultuous conglomeration of humanity, distracted by so many conflicting interests, so lost in the world's confusion, so wistful of good, so cocksure on the outside, so diffident within, so kind, so hard, so trustful and so cagey, so mean and so generous, which is the people of the United States.",,,
q00310,top1944:6102,2095259,2,27,https://www.goodreads.com/work/quotes/2095259?page=2,"The best I can suggest is that when the Absolute manifested itself in the world evil was the natural correlation of good. You could never have had the stupendous beauty of the Himalayas without the unimaginable horror of a convulsion of the earth's crust. The Chinese craftsman who makes a vase in what they call eggshell porcelain can give it a lovely shape, ornament it with a beautiful design, stain it a ravishing colour and give it a perfect glaze, but from its very nature he can't make it anything but fragile. If you drop in on the floor it will break into a dozen fragments. Isn't possible in the same way that the values we cherish in the world can only exist in combination with evil?",,,
q00311,top1944:6102,2095259,2,28,https://www.goodreads.com/work/quotes/2095259?page=2,"And you call yourself an English gentleman,' she exclaimed, savagely.'No, that's a thing I've never done in all my life.",,,
q00312,top1944:6102,2095259,3,0,https://www.goodreads.com/work/quotes/2095259?page=3,"It made me sad to think how silly, useless, and trivial his life had been. It mattered very little now that he had gone to so many parties and had hobnobbed with all those princes, dukes, and counts. They had forgotten him already.",,,
q00313,top1944:6102,2095259,3,1,https://www.goodreads.com/work/quotes/2095259?page=3,Don’t you think he may be pursuing an ideal that is hidden in a cloud of unknowing—like an astronomer looking for a star that only a mathematical calculation tells him exists?,,,
q00314,top1944:6102,2095259,3,3,https://www.goodreads.com/work/quotes/2095259?page=3,"What on earth did you want with an early Christian sarcophagus, Elliot?""""To put myself in it, my dear fellow. It was of very good design, and I thought it would balance the font on the other side of the entrance, but those early Christians were stumpy little fellows and I shouldn't have fitted in. I wasn't going to lie there till the Last Trump with my knees doubled up to my chin like a foetus. Most uncomfortable.",,,
q00315,top1944:6102,2095259,3,5,https://www.goodreads.com/work/quotes/2095259?page=3,"Passion doesn’t count the cost. Pascal said that the heart has its reasons that reason takes no account of. If he meant what I think, he meant that when passion seizes the heart it invents reasons that seem not only plausible but conclusive to prove that the world is well lost for love. It convinces you that honour is well sacrificed and that shame is a cheap price to pay. Passion is destructive. It destroyed Antony and Cleopatra, Tristan and Isolde, Parnell and Kitty O’Shea. And if it doesn’t destroy it dies.",,,
q00316,top1944:6102,2095259,3,8,https://www.goodreads.com/work/quotes/2095259?page=3,"But that wasn't the chief thing that bothered me: I couldn't reconcile myself with that preoccupation with sin that, so far as I could tell, was never entirely absent from the monks' thoughts. I'd known a lot of fellows in the air corps. Of course they got drunk when they got a chance, and had a girl whenever they could and used foul language; we had one or two had hats: one fellow was arrested for passing rubber cheques and was sent to prison for six months; it wasn't altogether his fault; he'd never had any money before, and when he got more than he'd ever dreamt of having, it went to his head. I'd known had men in Paris and when I got back to Chicago I knew more, but for the most part their badness was due to heredity, which they couldn't help, or to their environment, which they didn't choose: I'm not sure that society wasn't more responsible for their crimes than they were. If I'd been God I couldn't have brought myself to condemn one of them, not even the worst, to eternal damnation. Father Esheim was broad-minded; he thought that hell was the deprivation of God's presence, but if that is such an intolerable punishment that it can justly be called hell, can one conceive that a good God can inflict it? After all, he created men, if he so created them that ti was possible for them to sin, it was because he willed it. If I trained a dog to fly at the throat of any stranger who came into by back yard, it wouldn't be fair to beat him when he did so.If an all-good and all-powerful God created the world, why did he create evil? The monks said, so that man by conquering the wickedness in him, by resisting temptation, by accepting pain and sorrow and misfortune as the trials sent by God to purify him, might at long last be made worthy to receive his grace. It seem to me like sending a fellow with a message to some place and just to make it harder for him you constructed a maze that he had to get through, then dug a moat that he had to swim and finally built a wall that he had to scale. I wasn't prepared to believe in an all-wise God who hadn't common sense. I didn't see why you shouldn't believe in a God who hadn't created the world, buyt had to make the best of the bad job he'd found, a being enormously better, wiser and greater than man, who strove with the evil he hadn't made and who might be hoped in the end to overcome it. But on the other hand I didn't see why you should.",,,
q00317,top1944:6102,2095259,3,11,https://www.goodreads.com/work/quotes/2095259?page=3,Who am I to explain the infinite complexities of human nature?,,,
q00318,top1944:6102,2095259,3,12,https://www.goodreads.com/work/quotes/2095259?page=3,"I couldn’t but surmise that the devil, looking at the cruel wars that Christianity has occasioned, the persecutions, the tortures Christian has inflicted on Christian, the unkindness, the hypocrisy, the intolerance, must consider the balance sheet with complacency. And when he remembers that it has laid upon mankind the bitter burden of the sense of sin that has darkened the beauty of the starry night and cast a baleful shadow on the passing pleasures of a world to be enjoyed, he must chuckle as he murmurs: give the devil his due.",,,
q00319,top1944:6102,2095259,3,14,https://www.goodreads.com/work/quotes/2095259?page=3,"I guessed that he would have a passionate bedfellow that night, but would never know to what prickings of conscience he owed her ardor.",,,
q00320,top1944:6102,2095259,3,15,https://www.goodreads.com/work/quotes/2095259?page=3,God tempers the wind to the shorn lamb.,,,
q00321,top1944:6102,2095259,3,17,https://www.goodreads.com/work/quotes/2095259?page=3,"The Hindus would say that there was no beginning. The individual soul, co-existent with the universe, has existed from all eternity and owes its nature to some prior existence.",,,
q00322,top1944:6102,2095259,3,19,https://www.goodreads.com/work/quotes/2095259?page=3,"If change is of the essence of existence one would have thought it only sensible to make it the premise of our philosophy. We can none of us step into the same river twice, but the river flows on and the other river we step into is cool and refreshing too.",,,
q00323,top1944:6102,2095259,3,20,https://www.goodreads.com/work/quotes/2095259?page=3,I HAVE NEVER BEGUN a novel with more misgiving. If I call it a novel it is only because I don’t know what else to call it.,,,
q00324,top1944:6102,2095259,3,21,https://www.goodreads.com/work/quotes/2095259?page=3,"I didn't sleep that night. I cried. I wasn't frightened for myself; I was indignant; it was the wickedness of it that broke me. The war came to an end and I went home. I'd always been keen on mechanics, and if there was nothing doing in aviation, I'd intended to get into an automobile factory. I'd been wounded and had to take it easy for a while. Then they wanted me to go to work. I couldn't do the sort of work they wanted me to do. It seemed futile. I'd had a lot of time to think. I kept on asking myself what life was for. After all it was only by luck that I was alive; I wanted to make something of my life, but I didn't know what. I'd never thought much about God. I began to think about Him now. I couldn't understand why there was evil in the world. I knew I was very ignorant; I didn't know anyone I could turn to and I wanted to learn, so I began to read at haphazard.",,,
q00325,top1944:6102,2095259,3,22,https://www.goodreads.com/work/quotes/2095259?page=3,"My instinct told me I'd be silly to fall in love with him, you know women are very unfortunate, so often when they fall in love they cease to be lovable, and I made up my mind to be on my guard.",,,
q00326,top1944:6102,2095259,3,24,https://www.goodreads.com/work/quotes/2095259?page=3,I don’t enjoy your beauty any the less because I know how much it owes to the happy combination of perfect taste and ruthless determination,,,
q00327,top1944:6102,2095259,3,27,https://www.goodreads.com/work/quotes/2095259?page=3,"You attach more importance to money than I do.''I can well believe it . . . You see, you've always had it and I haven't. It's given me what I value almost more than anything else in life - independence. You can't think what a comfort it's been to me to think that if I wanted to I could tell anyone in the world to go to hell.",,,
q00328,top1944:6102,2095259,3,28,https://www.goodreads.com/work/quotes/2095259?page=3,I knew nothing of it then but an essay of Maeterlinck’s on Ruysbroek that I’d read in Paris. But Kosti talked of Plotinus and Denis the Areopagite and Jacob Boehme the shoemaker and Meister Eckhart.,,,
q00329,top1944:6102,2095259,3,29,https://www.goodreads.com/work/quotes/2095259?page=3,"his cheating and his bitterness and his cruelty were the revolt of his will against—oh, I don’t know what you’d call it—against a deep-rooted instinct of holiness, against a desire for God that terrified and yet obsessed him.",,,
q00330,top1944:6102,2095259,4,1,https://www.goodreads.com/work/quotes/2095259?page=4,"He did not like old people, and resented it when he was invited to meet only persons of his own age, and the young he found vapid.",,,
q00331,top1944:6102,2095259,4,2,https://www.goodreads.com/work/quotes/2095259?page=4,"Gray's conversation was composed of cliches. However shopworn, he uttered them with an obvious conviction that he was the first person to think of them. He never went to bed, but hit the hay, where he slept the sleep of the just; if it rained it rained to beat the band and to the very end Paris to him was Gay Paree. But he was so kindly, so unselfish, so upright, so reliable, so unassuming that it was impossible not to like him. I had a real affection for him. He was excited now over their approaching departure.""Gosh, it'll be great to get into harness again,"" he said. ""I'm feeling my oats already.""""Is it settled then?""""I haven't signed on the dotted line yet, but it's on ice. The fella I'm going in with was a roommate of mine at college, and he's a good scout, and I'm dead sure he wouldn't hand me a lemon. But as soon as we get to New York I'll fly down to Texas to give the outfit the once-over, and you bet I'll keep my eyes peeled for a nigger in the woodpile before I cough up any of Isabel's dough.""""Gray's a very good businessman, you know,"" she said.""I wasn't raised in a barn,"" he smiled.",,,
q00332,top1944:6102,2095259,4,3,https://www.goodreads.com/work/quotes/2095259?page=4,"I wanted to live again and again. I was willing to accept every sort of life, no matter what its pain and sorrow; I felt that only life after life, life after life could satisfy my eagerness, my vigour, and my curiosity.",,,
q00333,top1944:6102,2095259,4,4,https://www.goodreads.com/work/quotes/2095259?page=4,"I loved flying. I couldn't describe the feeling it gave me, I only knew I felt proud and happy. In the air, 'way up, I felt that I was part of something very great and very beautiful. I didn't know what it was all about, I only knew that I wasn't alone any more, by myself as I was, two thousand-feet up, but that I bebfiged. I can't help it if it sounds silly. When I was flying above the clouds and they were like an enormous flock of sheep below me I felt that I was at home with infinitude.",,,
q00334,top1944:6102,2095259,4,5,https://www.goodreads.com/work/quotes/2095259?page=4,The best to be said for it is that when you’ve come to the conclusion that something is inevitable all you can do is to make the best of it.,,,
q00335,top1944:6102,2095259,4,7,https://www.goodreads.com/work/quotes/2095259?page=4,"I had myself been to Seville when I was twenty-three and I, too, had liked it. I liked its white, tortuous streets, its cathedral, and the wide-spreading plain of the Guadalquivir; but I liked also those Andalusian girls with their grace and their gaiety, with their dark shining eyes, the carnations in their hair stressing its blackness and by the contrast itself more vivid; I liked the rich color of their skins and the inviting sensuality of their lips.",,,
q00336,top1944:6102,2095259,4,8,https://www.goodreads.com/work/quotes/2095259?page=4,"I never ceased to admire the way in which, while he bowed with courtly grace to those exalted personages, he managed to maintain the independent demeanor of the citizen of a country where all men are said to be born equal.",,,
q00337,top1944:6102,2095259,4,9,https://www.goodreads.com/work/quotes/2095259?page=4,The thought of my chief inspector reading The Waste Land filled me with pleasure. Suddenly he pushed a snapshot toward me.,,,
q00338,top1944:6102,2095259,4,10,https://www.goodreads.com/work/quotes/2095259?page=4,"At that bureau a lovesick woman in a crinoline, her hair parted in the middle, may have written a passionate letter to her faithless lover, or a peppery old gentleman in a green frock coat and a stock indited an angry epistle to his extravagant son.",,,
q00339,top1944:6102,2095259,4,11,https://www.goodreads.com/work/quotes/2095259?page=4,"Just as the embryo recapitulates in brief the evolution of the species, so did Suzanne recapitulate all the styles of her lovers.",,,
q00340,top1944:6102,2095259,4,15,https://www.goodreads.com/work/quotes/2095259?page=4,I want to make up my mind whether God is or God is not. I want to find out why evil exists. I want to know whether I have an immortal soul or whether when I die it’s the end.,,,
q00341,top1944:6102,2095259,4,18,https://www.goodreads.com/work/quotes/2095259?page=4,"I am not less curious than anyone else, but I had to have a wash and put on a clean shirt;",,,
q00342,top1944:6102,2095259,4,19,https://www.goodreads.com/work/quotes/2095259?page=4,"Of course I know that I’m not playing the star part in this. Larry’s got that. He’s the idealist, he’s the dreamer of a beautiful dream, and even if the dream doesn’t come true, it’s rather thrilling to have dreamt it. I’m cast for the hard, mercenary, practical part. Common sense is never very sympathetic, is it? But what you forget is that it’s I who’d have to pay. Larry would sweep along, trailing clouds of glory, and all there’d be left for me would be to tag along and make both ends meet. I want to live.",,,
q00343,top1944:6102,2095259,4,21,https://www.goodreads.com/work/quotes/2095259?page=4,We're not used to persons who do things simply for the love of God whom they don't believe in.,,,
q00344,top1944:6102,2095259,4,25,https://www.goodreads.com/work/quotes/2095259?page=4,I have now reached a time of life when I am prepared to enjoy the beauties of nature.,,,
q00345,top1944:6102,2095259,4,27,https://www.goodreads.com/work/quotes/2095259?page=4,"He is without ambition and he has no desire for fame; to become anything of a public figure would be deeply distasteful to him; and so it may be that he is satisfied to lead his chosen life and be no more than just himself. He is too modest to set himself up as an example to others; but it may be he thinks that a few uncertain souls, drawn to him like moths to a candle, will be brought in time to share his own glowing belief that ultimate satisfaction can only be found in the life of the spirit, and that by himself following with selflessness and renunciation the path of perfection he will serve as well as if he wrote books or addressed multitudes.",,,
q00346,top1944:5334,621045,1,0,https://www.goodreads.com/work/quotes/621045,"wanted to find someone with whom I could discuss books and music; who would respond eagerly with his own views when I tried to articulate the new ideas towards which I was reaching out fumblingly. But whenever I brought up such subjects, I felt myself suspect of showing off, and quickly relapsed into silence.",,,
q00347,top1944:5334,621045,1,1,https://www.goodreads.com/work/quotes/621045,"tomato-coloured macaroni, a chicken pie, a galantine of tongue, olives,",,,
q00348,top1944:50,1798417,1,0,https://www.goodreads.com/work/quotes/1798417,"America is on its way into Europe. You can be as isolationist as you want to be, but there is a fact. Our armies are on their way in. Just as truly as Europe once invaded us, with wave after wave of immigrants, now we are invading Europe, with wave after wave of sons of immigrants.",,,
q00349,top1944:50,1798417,1,1,https://www.goodreads.com/work/quotes/1798417,"Cacopardo stepped back, and raised his hand in a Fascist salute. Then, as his aged memory functioned, the hand wavered over to his forehead, and the salute became military. And he said: ""Cacopardo is sulphur and sulphur is Cacopardo.",,,
q00350,top1944:50,1798417,1,2,https://www.goodreads.com/work/quotes/1798417,"That was another thing about the mule of Errante Gaetano which he liked. The mule was good and slow. “It is a mule,” he would say, “which lives in the present and is not always trotting into the future.",,,
q00351,top1946:3027,2479213,1,0,https://www.goodreads.com/work/quotes/2479213,"What manner of ship is this? What does it do? What is its combat record? Well, those are fair questions, if difficult ones. The Reluctant, as was said, is a naval auxiliary. It operates in the back areas of the Pacific. In its holds it carries food and trucks and dungarees and toothpaste and toilet paper. For the most part it remains on its regular run, from Tedium to Apathy and back; about five days each way. It makes an occasional trip to Monotony, and once it made a run all the way to Ennui, a distance of two thousand nautical miles from Tedium. It performs its dreary and unthanked job, and performs it, if not inspiredly, then at least adequately.",,,
q00352,top1946:3027,2479213,1,1,https://www.goodreads.com/work/quotes/2479213,"When they were passing out brains, that son-of-a-bitch stepped out for a beer.",,,
q00353,top1946:505,78113139,1,0,https://www.goodreads.com/work/quotes/78113139,-Why does a man live?-In order to think about it...,,,
q00354,top1946:505,78113139,1,2,https://www.goodreads.com/work/quotes/78113139,Anything you can settle with money is cheap.,,,
q00355,top1946:505,78113139,1,3,https://www.goodreads.com/work/quotes/78113139,Come let me kiss you. Life was never so precious as today— when it meant so little.,,,
q00356,top1946:505,78113139,1,4,https://www.goodreads.com/work/quotes/78113139,"I don’t want to get old.”“You won’t get old. Life will pass over your face, that will be all, and it will become more beautiful. One is old only when one no longer feels.”“No. When one no longer loves.",,,
q00357,top1946:505,78113139,1,5,https://www.goodreads.com/work/quotes/78113139,"I’ll tell you the story of the wave and the rock. It’s an old story. Older than we are. Listen. Once upon a time there was a wave who loved a rock in the sea, let us say in the Bay of Capri. The wave foamed and swirled around the rock, she kissed him day and night, she embraced him with her white arms, she sighed and wept and besought him to come to her. She loved him and stormed about him and in that way slowly undermined him, and one day he yielded, completely undermined, and sank into her arms.”“And suddenly he was no longer a rock to be played with, to be loved, to be dreamed of. He was only a block of stone at the bottom of the sea, drowned in her. The wave felt disappointed and deceived and looked for another rock“What does that mean? He should have remained a rock.”“The wave always says that. But things that move are stronger than immovable things. Water is stronger than rocks.",,,
q00358,top1946:505,78113139,1,6,https://www.goodreads.com/work/quotes/78113139,The best way to lose a woman was to show her a kind of life that one could offer her for only a few days.,,,
q00359,top1946:505,78113139,1,7,https://www.goodreads.com/work/quotes/78113139,Regret is the most useless thing in the world. One cannot recall anything. And one cannot rectify anything. Otherwise we would all be saints. Life did not intend to make us perfect. Whoever is perfect belongs in a museum.,,,
q00360,top1946:505,78113139,1,8,https://www.goodreads.com/work/quotes/78113139,Love should not be polluted with friendship.,,,
q00361,top1946:505,78113139,1,9,https://www.goodreads.com/work/quotes/78113139,No one could become stranger than the person you once loved,,,
q00362,top1946:505,78113139,1,10,https://www.goodreads.com/work/quotes/78113139,When we love each other we are immortal and indestructible like the heartbeat and the rain and the wind.,,,
q00363,top1946:505,78113139,1,12,https://www.goodreads.com/work/quotes/78113139,"Am I jealous? he thought, astonished. Jealous of the chance object to which she has attached herself? Jealous of something that does not concern me? One can be jealous of a love that has turned away, but not of that to which it has turned.",,,
q00364,top1946:505,78113139,1,13,https://www.goodreads.com/work/quotes/78113139,"There was only the broad square with the scattered dim moons of the street lamps and with the monumental stone arch which receded into the mist as though it would prop up the melancholy sky and protect beneath itself the faint lonely flame on the tomb of the Unknown Soldier, which looked like the last grave of mankind in the midst of night and loneliness.",,,
q00365,top1946:505,78113139,1,14,https://www.goodreads.com/work/quotes/78113139,We have our dreams because without them we could not bear the truth.,,,
q00366,top1946:505,78113139,1,16,https://www.goodreads.com/work/quotes/78113139,"A strange night, he thought. Somewhere now there is shooting and men are being hunted and imprisoned and tortured and murdered, some corner of a peaceful world is being trampled upon, and one knows it, helplessly, and life buzzes on in the bright bistros of the city, no one cares, and people go calmly to sleep, and I am sitting here with a woman between pale chrysanthemums and a bottle of calvados, and the shadow of love rises, trembling, lonesome, strange and sad, it too an exile from the safe gardens of the past, shy and wild and quick as if it had no right",,,
q00367,top1946:505,78113139,1,17,https://www.goodreads.com/work/quotes/78113139,Don't ask about the consequences if you want to do something. Otherwise you'll never do it.,,,
q00368,top1946:505,78113139,1,18,https://www.goodreads.com/work/quotes/78113139,"(Ravic speaking of a butterfly caught in the Louvre) In the morning it would search for flowers and life and the light honey of blossoms and would not find them and later it would fall asleep on millennial marble, weakened by then, until the grip of the delicate, tenacious feet loosened and it fell, a thin leaf of premature autumn.",,,
q00369,top1946:505,78113139,1,20,https://www.goodreads.com/work/quotes/78113139,She was very beautiful and he felt he loved her. She was not beautiful as a state or a picture is beautiful; she was beautiful as a meadow across which the wind blows. It was life that pulsed in her and that had formed her into what she was.,,,
q00370,top1946:505,78113139,1,21,https://www.goodreads.com/work/quotes/78113139,"There was always a screen behind which one could hide— a superior who in turn had his superior— orders, instructions, duties, commands— and finally the many-headed monster, morale, necessity, hard reality, responsibility, or whatever it was called— there was always a screen behind which to evade the simple law of humanity.",,,
q00371,top1946:505,78113139,1,22,https://www.goodreads.com/work/quotes/78113139,"To be alone—the eternal refrain of life. It wasn’t better or worse than anything else. One talked too much about it. One was always and never alone. A violin, suddenly—somewhere out of a twilight—in a garden on the hills around Budapest. The heavy scent of chestnuts. The wind. And dreams crouched on one’s shoulders like young owls, their eyes becoming lighter in the dusk. A night that never became night. The hour when all women were beautiful.",,,
q00372,top1946:505,78113139,1,23,https://www.goodreads.com/work/quotes/78113139,Ljubav nije jezero u kome se uvek može ogledati... ona ima plimu i oseku i olupine i potonule gradove i bure i kovčege sa zlatom i bisere… ali biseri su duboko...,,,
q00373,top1946:505,78113139,1,24,https://www.goodreads.com/work/quotes/78113139,"Actually, what does man live for?”“To think about it. Any other question?” “Yes. Why does he die just when he has done that and has become a bit more sensible?” “Some people die without having become more sensible.”“Don’t evade my question. And don’t start talking about the transmigration of souls.” “I’ll ask you something else first. Lions kill antelopes; spiders flies; foxes chickens; which is the only race in the world that wars on itself uninterruptedly, fighting and killing one another?” “Those are questions for children. The crown of creation, of course, the human being— who invented the words love, kindness, and mercy.” “Good. And who is the only being in Nature that is capable of committing suicide and does it?” “Again the human being— who invented eternity, God, and resurrection.”“Excellent,” Ravic said. “You see of how many contradictions we consist. And you want to know why we die?",,,
q00374,top1946:505,78113139,1,25,https://www.goodreads.com/work/quotes/78113139,"He looked around. The room, a few suitcases, some belongings, a handful of well-read books— a man needed few things to live. And it was good not to get used to many things when life was unsettled. Again and again one had to abandon them or they were taken away. One should be ready to leave every day. That was the reason he had lived alone— when one was on the move one should not have anything that could bind one. Nothing that could stir the heart. The adventure— but nothing more.",,,
q00375,top1946:505,78113139,1,26,https://www.goodreads.com/work/quotes/78113139,There is no guilt in feelings ever.,,,
q00376,top1946:505,78113139,1,27,https://www.goodreads.com/work/quotes/78113139,"The simplest and the most incredible thing in the world had come true again: two people speaking to each other, each for himself; and sounds, called words, shaped the same images and feelings in that palpitating mass behind the skull, and out of meaningless vibrations of the vocal chords and their unexplainable reactions in the viscous gray convolutions, skies suddenly grew again in which were mirrored clouds, brooks, past times, growth and decay and hard-won wisdom.",,,
q00377,top1946:505,78113139,1,28,https://www.goodreads.com/work/quotes/78113139,"What do you know about me? What do you know about love that comes into a life in which everything has become questionable? What is your cheap intoxication compared to that? When falling and falling suddenly changes, when the endless Why becomes the final You, when like a fata morgana above the desert of silence feeling suddenly arises, takes shape, and inexorably the delusion of the blood becomes a landscape compared with which all dreams are pale and commonplace? A landscape of silver, a city of filigree and rose quartz, shining like the bright reflection of blooming blood—what do you know about it? Do you think that one can talk about it so easily? That a glib tongue can quickly press it into a cliché of words or even of feelings? What do you know about graves that open and how one stands in dread of the many colorless empty nights of yesterday—yet they open and no skeletons now lie bleaching there, only earth is there, earth, fertile seeds, and already the first green. What do you know about that? You love the intoxication, the conquest, the Other You that wants to die in you and that will never die, you love the stormy deceit of the blood, but your heart will remain empty because one cannot keep anything that does not grow from within oneself. And not much can grow in a storm. It is in the empty nights of loneliness that it grows, if one does not despair. What do you know about it?",,,
q00378,top1946:505,78113139,1,29,https://www.goodreads.com/work/quotes/78113139,"Sweet words. Gentle deceptive balm. Help, love, to belong together, to come back again— words, sweet words. Nothing but words. How many words existed for this simple, wild, cruel attraction of two bodies! What a rainbow of imagination, lies, sentiment, and self-deception enclosed it!",,,
q00379,top1948:6765,306344,1,0,https://www.goodreads.com/work/quotes/306344,"When I went into the Army, I made up my mind that I was putting myself at the Army's disposal. I believe in the war. That doesn't mean I believe in the Army. I don't believe in any army. You don't expect justice out of an army, if you're a sensible, grown-up human being, you only expect victory. And if it comes to that, our Army is probably the most just one that ever existed. . . . I expected the Army to be corrupt, inefficient, cruel, wasteful, and it turned out to be all those things, just like all armies, only much less so than I thought before I got into it. It is much less corrupt, for example, than the German Army. Good for us. The victory we win will not be as good as it might be, if it were a different kind of army, but it will be the best kind of victory we can expect in this day and age, and I'm thankful for it.",,,
q00380,top1948:6765,306344,1,1,https://www.goodreads.com/work/quotes/306344,"It is always necessary to remain barbarians, because it is the barbarians who always win.",,,
q00381,top1948:6765,306344,1,2,https://www.goodreads.com/work/quotes/306344,"Horror would not annoy a soldier any more than the sight of a hammer annoys a carpenter. It is sentimental to pretend that horror is not the tool of the soldier, just as the hammer is the tool of the carpenter. We live off death and the threat of death and we must take it calmly and use it well.... Eventually I came to enjoy killing, as a pianist enjoys the Czerny which keeps his fingers limber for the Beethoven.",,,
q00382,top1948:6765,306344,1,3,https://www.goodreads.com/work/quotes/306344,"The modern world, he thought resentfully, prepares you very poorly for the tests it puts you to.",,,
q00383,top1948:6765,306344,1,4,https://www.goodreads.com/work/quotes/306344,"The world,"" said Pavone, ""will swing to the left. The whole world except America. The world will swing, not because people read Karl Marx, or because agitators will come out of Russia, but because, after the war is over, that will be the only way they can turn. Everything else will have been tried, everything else will have failed. And I am afraid that American will be isolated, hated, backward, we will all be living there like old maids in a lonely house in the woods, locking the doors, looking under the beds, with a fortune in the mattress, not being able to sleep, because every time the wind blows and a floor creaks, we will think the murderers are breaking in to kill us and take our treasure...",,,
q00384,top1948:6765,306344,1,5,https://www.goodreads.com/work/quotes/306344,"This time it is not a simple, understandable war, within the same culture. This time it is an assault of the animal world upon the house of the human being. I don’t know what you saw in Africa and Italy, but I know what I saw in Russia and Poland. We made a cemetery a thousand miles long and a thousand miles wide. Men, women, children, Poles, Russians, Jews, it made no difference. It could not be compared to any human action. It could be compared to a weasel in a henhouse. It was as though we felt that if we left anything alive in the East, it would one day bear witness against us and condemn us. And, now, we have made the final mistake. We are losing the war",,,
q00385,top1948:6765,306344,1,6,https://www.goodreads.com/work/quotes/306344,"You’re a good model for a German soldier, except for the hair. You look as though you once had a thought in your head and that’s hard to find.",,,
q00386,top1948:6765,306344,1,7,https://www.goodreads.com/work/quotes/306344,"Are these the people, created in greatness by the work of Jefferson and Franklin, he thought, are these the bitter farmers and hunters and craftsmen who came out of the wilderness, furious for liberty and justice, is this the new world of giants sung by Whitman?",,,
q00387,top1948:6765,306344,1,8,https://www.goodreads.com/work/quotes/306344,"The abuse of alcohol,” Mr. Parrish said in a solemn, preacher-like voice, as he reached for his glass, “is the one thing that puts Man above the animal.",,,
q00388,top1948:6765,306344,1,9,https://www.goodreads.com/work/quotes/306344,"He doesn’t drink.” “Your boss,” said Michael, “is a dangerous alien.",,,
q00389,top1948:6765,306344,1,10,https://www.goodreads.com/work/quotes/306344,"It had been off-hand and flattering, in exactly the proper proportions, and Louise had cleverly erected a thin shield of something that was less than and better than love to protect him from the comic, unending abuse of the Army. And, now, it was probably over. Women, Michael thought resentfully, can never learn the art of being transients. They are all permanent settlers at heart, making homes with dull, instinctive persistence in floods and wars, on the edges of invasions, at the moment of the crumbling of states. No, he thought, I will not have it. For my own protection I am going to get through this time alone …",,,
q00390,top1948:6765,306344,1,11,https://www.goodreads.com/work/quotes/306344,"a blood-spattered Utopia, now on the fringe of German soil, where no man was rich and none poor, a shell-burst democracy where all living was a community enterprise, where all food was distributed according to need and not according to pocket, where light, heat, lodging, transportation, medical attention, and funeral benefits were at the cost of the government and available with absolute impartiality to white and black, Jew and Gentile, worker and owner, where the means of production, in this case M1s, 30 caliber machine guns, 90s, 105s, 204s, mortars, bazookas, were in the hands of the masses; that ultimate Christian socialism in which all worked for the common good and the only leisure class were the dead.",,,
q00391,top1948:6765,306344,1,12,https://www.goodreads.com/work/quotes/306344,The human race was only bearable when the obscene juices of living were being constantly washed away.,,,
q00392,top1948:6765,306344,1,13,https://www.goodreads.com/work/quotes/306344,"Like most well-brought-up persons of twentieth-century America, the ritual of the private bathroom with the locked door was one of the pillars of existence.",,,
q00393,top1948:6765,306344,1,14,https://www.goodreads.com/work/quotes/306344,"He always felt trapped and restless when talking to lawyers or doing any business with them,",,,
q00394,top1948:6765,306344,1,16,https://www.goodreads.com/work/quotes/306344,"It was the most banal idea about a war, Michael knew, that if of fatality, but it was impossible not to think of it, impossible not to think of the casual threads of accident on which we survive to face the next if that comes tomorrow.",,,
q00395,top1948:6765,306344,1,17,https://www.goodreads.com/work/quotes/306344,He was of use and he had been used,,,
q00396,top1948:6765,306344,1,18,https://www.goodreads.com/work/quotes/306344,He loved the legend of the city and the fact that it was one place on the face of the earth that lived up to the legend it had established in the hearts of men.,,,
q00397,top1948:3709,249300,1,0,https://www.goodreads.com/work/quotes/249300,"Hard roads and wide will run through Raintree County. You will hunt it on the map, and it won't be there.",,,
q00398,top1948:3709,249300,1,1,https://www.goodreads.com/work/quotes/249300,"Did they stop to think, in the midst of their gaiety and laughter, that they were passing burial places and battlegrounds of vanished peoples? Did they think that the winding river was the highway of extinct races, whose skimming light canoes did cleave the same waters in centuries long ago? Did these maidens in wide bonnets, these lads in straw skimmers and bowties, dream of aught but innocent love and beauty and desire as they drifted on languid oars down waters of youth and summertime! Ah! let us behold them this brief while, floating on the classic river of Raintree County, with all their gushing joys in their bloom...",,,
q00399,top1948:3709,249300,1,2,https://www.goodreads.com/work/quotes/249300,"Not one-not one single moment of time past can ever be got back. Not one little thing can escape change and death. Lost, the early Republic of our agrarian dream. We fought for it in battle and destroyed the thing we fought for. Lost, the years of our youth. They were good days and many, and they are all gone. And think of all the girls, John, the lovely girls, the lushloined girls who have gone down into the gulf of years.",,,
q00400,top1948:3709,249300,1,3,https://www.goodreads.com/work/quotes/249300,"It was the code of breezy, cocky men, who had no fear in heaven or earth they would admit to. The code involved never hitting a man who was down, never turning down a drink, never refusing to take a dare, never backing out of a fight-except with a woman. The code involved contempt for city folks, redskins, varmints of all kinds, atheists, scholars, aristocrats, and the enemies of the United States of America.",,,
q00401,top1948:3709,249300,1,4,https://www.goodreads.com/work/quotes/249300,We loved—and were fated to sorrow. But from our striving and from our sorrow we fashioned The Oldest Story in the World.,,,
q00402,top1948:3709,249300,1,5,https://www.goodreads.com/work/quotes/249300,"He had buried all softer emotions in favor of the combat soldier's two main preoccupations-duty and survival. For skillfully and without heroism, he had done his duty. And inflexibly, he had willed to survive. For what? So that one day he could cease to be a fearing, hating, expertly dangerous human being. So that one day he might forcibly lay hands on the hard husk and tear it off and restore to sunlight that young poet of life, a generously emotional, happy, affirmative creature. Johnny Shawnessy of Raintree County. So that one day he might sleep on a soft bed, eat good food, wear civilian clothes, walk freely where he pleased, work at some innocent task that didn't have homicide as its ultimate objective. So that one day-one impossibly remote, breath-taking day-he might put his arms around the supple waist of a young woman who loved him and whom he loved and kiss her upturned face and feel her bare arms on his shoulders.",,,
q00403,top1948:3709,249300,1,6,https://www.goodreads.com/work/quotes/249300,"One thing was certain. War was the craziest damfool madness that ever was. It was everything vile, absurd, brutal, murderous, confused. Mainly it was just confusion-bloody, stinking, noisy confusion with death as a casual by-product. How anyone ever won a battle, he couldn't imagine. This fight, which had no name and ought never to have a name, had been simply the result of two blind forces launched from vast confusion and colliding in vast confusion. What he had seen today was so incredibly evil and foolish that it baffled classification. No one man or idea was responsible for the evil. It was something in which men got trapped through a lack of foresight. All of them hated it while they were in it, and yet all had agreed to be in it.",,,
q00404,top1948:3709,249300,1,7,https://www.goodreads.com/work/quotes/249300,"For Raintree County is not the country of the perishable fact. It is the country of the enduring fiction. The clock in the Court House Tower on page five of the ""Raintree County Atlas"" is always fixed at nine o'clock, and it is summer and the days are long.",,,
q00405,top1948:3709,249300,1,8,https://www.goodreads.com/work/quotes/249300,"You're clinging to a way of life that is doomed. Go and look at the modern City. How can anyone look at it and believe in love? Or morality? Or the Eternal Ideas? Or the Inalienable Rights? How can anyone believe in the real existence of Raintree County, which you, dear boy and endlessly courageous dreamer, have taken as your image of the enduring values of human life? Yes, go and look at the City, and then look at your little Raintree County, child. Shed a nostalgic tear for it, because the City's going to eat it up. The God of the City is going to kill the ancient God of Raintree County, who has nothing but a couple of stone tablets and a golden rule for weapons.",,,
q00406,top1948:3709,249300,1,9,https://www.goodreads.com/work/quotes/249300,"If Socrates were living today, the Professor said, he'd be reduced to sitting on a crackerbarrel outside Joe's Saloon chewing tobacco and telling dirty stories. That's what America does to greatness. The Greeks were way ahead of us. They never made the mistake of attaching undue importance to the Individual. And they were right. We Americans make the modern error of dignifying the Individual. We do everything we can to butter him up. We give him a name, we assure him that he has certain inalienable rights, we educate him, we let him pass on his name to his brats, and when he dies, we give him a special hole in the ground and a hunk of stone with his name on it. But after all, he's only a seed, a bloom, and a withering stalk among pressing billions. Your Individual is a pretty disgusting, vain, lewd little bastard-with all his puling palaver about his Rights! By God, he has only one right guaranteed to him in Nature, and that is the right to die and stink to Heaven.",,,
q00407,top1948:1215,59082,1,0,https://www.goodreads.com/work/quotes/59082,The tragedy is not that things are broken. The tragedy is that things are not mended again.,,,
q00408,top1948:1215,59082,1,1,https://www.goodreads.com/work/quotes/59082,"But there is only one thing that has power completely, and this is love. Because when a man loves, he seeks no power, and therefore he has power.",,,
q00409,top1948:1215,59082,1,2,https://www.goodreads.com/work/quotes/59082,"Cry, the beloved country, for the unborn child that's the inheritor of our fear. Let him not love the earth too deeply. Let him not laugh too gladly when the water runs through his fingers, nor stand too silent when the setting sun makes red the veld with fire. Let him not be too moved when the birds of his land are singing. Nor give too much of his heart to a mountain or a valley. For fear will rob him if he gives too much.",,,
q00410,top1948:1215,59082,1,3,https://www.goodreads.com/work/quotes/59082,"I have one great fear in my heart, that one day when they are turned to loving, they will find that we are turned to hating.",,,
q00411,top1948:1215,59082,1,4,https://www.goodreads.com/work/quotes/59082,"— This world is full of trouble, umfundisi.— Who knows it better?— Yet you believe? Kumalo looked at him under the light of the lamp. I believe, he said, but I have learned that it is a secret. Pain and suffering, they are a secret. Kindness and love, they are a secret. But I have learned that kindness and love can pay for pain and suffering. There is my wife, and you, my friend, and these people who welcomed me, and the child who is so eager to be with us here in Ndotsheni – so in my suffering I can believe.— I have never thought that a Christian would be free of suffering, umfundisi. For our Lord suffered. And I come to believe that he suffered, not to save us from suffering, but to teach us how to bear suffering. For he knew that there is no life without suffering.Kumalo looked at his friend with joy. You are a preacher, he said.",,,
q00412,top1948:1215,59082,1,7,https://www.goodreads.com/work/quotes/59082,"Sorrow is better than fear. Fear is a journey,a terrible journey, but sorrow is at least an arrival. When the storm threatens, a man is afraid for his house. But when the house is destroyed, there is something to do. About a storm he can do nothing, but he can rebuild a house.",,,
q00413,top1948:1215,59082,1,8,https://www.goodreads.com/work/quotes/59082,"The truth is, our civilization is not Christian; it is a tragic compound of great ideal and fearful practice, of loving charity and fearful clutching of possessions.",,,
q00414,top1948:1215,59082,1,9,https://www.goodreads.com/work/quotes/59082,"The Judge does not make the law. It is people that make the law. Therefore if a law is unjust, and if the Judge judges according to the law, that is justice, even if it is not just.",,,
q00415,top1948:1215,59082,1,10,https://www.goodreads.com/work/quotes/59082,"There is not much talking now. A silence falls upon them all. This is no time to talk of hedges and fields, or the beauties of any country. Sadness and fear and hate, how they well up in the heart and mind, whenever one opens pages of these messengers of doom. Cry for the broken tribe, for the law and the custom that is gone. Aye, and cry aloud for the man who is dead, for the woman and children bereaved. Cry, the beloved country, these things are not yet at an end. The sun pours down on the earth, on the lovely land that man cannot enjoy. He knows only the fear of his heart.",,,
q00416,top1948:1215,59082,1,11,https://www.goodreads.com/work/quotes/59082,"For it is the dawn that has come, as it has come for a thousand centuries, never failing.",,,
q00417,top1948:1215,59082,1,12,https://www.goodreads.com/work/quotes/59082,"We do not know, we do not know. We shall live from day to day, and put more locks on the doors, and get a fine fierce dog when the fine fierce bitch next door has pups, and hold on to our handbags more tenaciously; and the beauty of the trees by night, and the raptures of lovers under the stars, these things we shall forego. We shall forego the coming home drunken through the midnight streets, and the evening walk over the star-lit veld. We shall be careful, and knock this off our lives, and knock that off our lives, and hedge ourselves about with safety and precaution. And our lives will shrink, but they shall be the lives of superior beings; and we shall live with fear, but at least it will not be a fear of the unknown. And the conscience shall be thrust down; the light of life shall not be extinguished, but be put under a bushel, to be preserved for a generation that will live by it again, in some day not yet come; and how it will come, and when it will come, we shall not think about at all.",,,
q00418,top1948:1215,59082,1,13,https://www.goodreads.com/work/quotes/59082,Happy the eyes that can close,,,
q00419,top1948:1215,59082,1,14,https://www.goodreads.com/work/quotes/59082,"Who indeed knows the secret of the earthly pilgrimage? Who indeed knows why there can be comfort in a world of desolation? Now God be thanked that there is a beloved one who can lift up the heart in suffering, that one can play with a child in the face of such misery. Now God be thanked that the name of a hill is such music, that the name of a river can heal. Aye, even the name of a river that runs no more.Who indeed knows the secret of the earthly pilgrimage? Who knows for what we live, and struggle and die? Who knows what keeps us living and struggling, while all things break about us? Who knows why the warm flesh of a child is such comfort, when one's own child is lost and cannot be recovered? Wise men write many books, in words too hard to understand. But this, the purpose of our lives, the end of all our struggle, is beyond all human wisdom.",,,
q00420,top1948:1215,59082,1,15,https://www.goodreads.com/work/quotes/59082,"because life slips away, and because I need for the rest of my journey a star that will not play false to me, a compass that will not lie.",,,
q00421,top1948:1215,59082,1,16,https://www.goodreads.com/work/quotes/59082,For who can stop the heart from breaking?,,,
q00422,top1948:1215,59082,1,18,https://www.goodreads.com/work/quotes/59082,It is not permissible for us to go on destroying the family life when we know that we are destroying it.,,,
q00423,top1948:1215,59082,1,19,https://www.goodreads.com/work/quotes/59082,It was not his habit to dwell on what might have been but what could never be.,,,
q00424,top1948:1215,59082,1,20,https://www.goodreads.com/work/quotes/59082,"In the meantime the strike is over, with a remarkably low loss of life. All is quiet, they report, all is quiet.In the deserted harbour there is yet water that laps against the quays. In the dark and silent forest there is a leaf that falls. Behind the polished panelling the white ant eats away the wood. Nothing is ever quiet, except for fools.",,,
q00425,top1948:1215,59082,1,21,https://www.goodreads.com/work/quotes/59082,"But when that dawn will come, of our emancipation, from the fear of bondage and the bondage of fear, why, that is a secret.",,,
q00426,top1948:1215,59082,1,22,https://www.goodreads.com/work/quotes/59082,"Indeed, mother, you are always our helper.""""For what else are we born?",,,
q00427,top1948:1215,59082,1,23,https://www.goodreads.com/work/quotes/59082,"What broke in a man when he could bring himself to kill another? What broke when he could bring himself to thrust down the knife into the warm flesh, to bring down the axe on the living head, to cleave down between the seeing eyes, to shoot the gun that would drive death into the beating heart?",,,
q00428,top1948:1215,59082,1,24,https://www.goodreads.com/work/quotes/59082,"And were your back as broad as heaven, and your purse full of gold, and did your compassion reach from here to hell itself, there is nothing you can do.",,,
q00429,top1948:1215,59082,1,25,https://www.goodreads.com/work/quotes/59082,"For mines are for men, not for money. And money is not something to go mad about, and throw your hat into the air for. Money is for food and clothes and comfort, and a visit to the pictures. Money is to make happy the lives of children. Money is for security, and for dreams, and for hopes, and for purposes. Money is for buying the fruits of the earth, of the land where you were born.",,,
q00430,top1948:1215,59082,1,27,https://www.goodreads.com/work/quotes/59082,"There is a man sleeping in the grass. And over him is gathering the greatest storm of all his days. Such lightening and thunder will come there has never been seen before, bringing death and destruction. People hurry home past him, to places safe from danger. And whether they do not see him there in the grass, or whether they fear to halt even a moment, but they do not wake him, they let him be.",,,
q00431,top1948:1215,59082,1,28,https://www.goodreads.com/work/quotes/59082,"One thing is about to be finished, but here is something that is only begun. And while I live it will continue",,,
q00432,top1948:1215,59082,1,29,https://www.goodreads.com/work/quotes/59082,"Therefore let us sell our labour for what it is worth. And if an industry cannot buy our labour, let that industry die. But let us not sell our labour cheap to keep an industry alive.",,,
q00433,top1948:1215,59082,2,0,https://www.goodreads.com/work/quotes/59082?page=2,"[S]orrow is better than fear. For fear impoverishes always, while sorrow may enrich ... Sorrow is better than fear. Fear is a journey, a terrible journey, but sorrow is at least an arriving.",,,
q00434,top1948:1215,59082,2,1,https://www.goodreads.com/work/quotes/59082?page=2,"Deep down the fear of a man who lives in a world not made for him, whose own world is slipping away, dying, being destroyed, beyond any recall.",,,
q00435,top1948:1215,59082,2,2,https://www.goodreads.com/work/quotes/59082?page=2,"They were your friends?""""Yes, they were my friends.""""And they will leave you to suffer alone?""""Now I see it.""""And until this, were they friends you could trust?""""I could trust them.""""I see what you mean. You mean they were the kind of friends that a good man could choose, upright, hard-working, obeying the law?Tell me, were they such friends?And now they leave you alone?Did you not see it before?""""I saw it.",,,
q00436,top1948:1215,59082,2,3,https://www.goodreads.com/work/quotes/59082?page=2,"The judge does not make the law. It is the people that make the law. It is the duty of a judge to do justice, but it is only the people that can be just",,,
q00437,top1948:1215,59082,2,4,https://www.goodreads.com/work/quotes/59082?page=2,We do not work for men. We work for the land and the people. We do not even work for money.,,,
q00438,top1948:1215,59082,2,5,https://www.goodreads.com/work/quotes/59082?page=2,"Would age now swiftly overtake him? Would this terrible nodding last now for all his days, so that men said aloud in his presence, it is nothing, he is old and does nothing but forget? And would he nod as though he too were saying, Yes, it is nothing, I am old and do nothing but forget? But who would know that he said, I do nothing but remember?",,,
q00439,top1948:1215,59082,2,6,https://www.goodreads.com/work/quotes/59082?page=2,"Have you a room that you could let?""""Yes, I have a room that I could let, but I do not want to let it. I have only two rooms, and there are six of us already, and the boys and girls are growing up. But school books cost money, and my husband is ailing, and when he is well it is only thirty-five shillings a week. And six shillings of that is for the rent, and three shillings of that is for the rent, and three shillings for travelling, and a shilling that we may all be buried decently, and a shilling for the books, and three shillings is for clothes and that is little enough, and a shilling for my husband's beer, and a shilling for his tobacco, and these I do not grudge for he is a decent man and does not gamble or spend his money on other women, and a shilling for the Church, and a shilling for sickness. And that leaves seventeen shillings for food for six, and we are always hungry. Yes I have a room but I do not want to let it. How much could you pay?""""I could pay three shillings a week for the room.""""And I would not take it.""""Three shillings and sixpence.""""Three shillings and sixpence. You can't fill your stomach on privacy. You need privacy when your children are growing up, but you can't fill your stomach on it. Yes, I shall take three shillings and sixpence.",,,
q00440,top1948:1215,59082,2,7,https://www.goodreads.com/work/quotes/59082?page=2,"He was reluctant to open it, for once such a thing is opened, it cannot be shut again.",,,
q00441,top1948:1215,59082,2,8,https://www.goodreads.com/work/quotes/59082?page=2,"Aye, but the hand that had murdered had once pressed the mother's breast into the thirsting mouth, had stolen into the father's hand when they went out into the dark. Aye, but the murderer afraid of death had once been a child afraid of the night.",,,
q00442,top1948:1215,59082,2,9,https://www.goodreads.com/work/quotes/59082?page=2,"I do this not because I am courageous and honest, but because it is the only way to end the conflict of my deepest soul.",,,
q00443,top1948:1215,59082,2,10,https://www.goodreads.com/work/quotes/59082?page=2,"Have no doubt it is fear in the land. For what can men do when so many have grown lawless? Who can enjoy the lovely land, who can enjoy the seventy years, and the sun that pours down on the earth, when there is fear in the heart? Who can walk quietly in the shadow of the jacarandas, when their beauty is grown to danger? Who can lie peacefully abed, while the darkness holds some secret? What lovers can lie sweetly under the stars, when menace grows with the measure of their seclusion?",,,
q00444,top1948:1215,59082,2,12,https://www.goodreads.com/work/quotes/59082?page=2,"Nothing is every quiet, except for fools.",,,
q00445,top1948:1215,59082,2,13,https://www.goodreads.com/work/quotes/59082?page=2,For fear will rob him of all if he gives too much.,,,
q00446,top1948:1215,59082,2,14,https://www.goodreads.com/work/quotes/59082?page=2,"There are voices crying what must be done, a hundred, a thousand voices. But what do they help if one seeks for counsel, for one cries this, and one cries that, and another cries something that is neither this nor that.",,,
q00447,top1948:1215,59082,2,17,https://www.goodreads.com/work/quotes/59082?page=2,"It was to the small serious boy that he turned for his enjoyment. He had bought the child some cheap wooden blocks, and with these the little one played endlessly and intently, with a purpose obscure to the adult mind, but completely absorbing.",,,
q00448,top1948:1215,59082,2,18,https://www.goodreads.com/work/quotes/59082?page=2,"I cannot stop you from thinking your thoughts. It is good that a young man has such deep thoughts. But hate no man, and desire power over no man.",,,
q00449,top1948:1215,59082,2,19,https://www.goodreads.com/work/quotes/59082?page=2,"He pondered long over this, for might not another man, returning to another valley, have found none of these things? Why was it given to one man to have his pain transmuted into gladness? Why was it given to one man to have such an awareness of God?",,,
q00450,top1948:1215,59082,2,21,https://www.goodreads.com/work/quotes/59082?page=2,"The humble man reached in his pocket for his sacred book, and began to read. It was this world alone that was certain.",,,
q00451,top1948:1215,59082,2,23,https://www.goodreads.com/work/quotes/59082?page=2,Does he repent him or is there only room for his fear?,,,
q00452,top1948:1215,59082,2,25,https://www.goodreads.com/work/quotes/59082?page=2,"We are grateful for the saints, he says, who lift up the heart in the days of our distress. Would we do less? For do we less, there are no saints to lift up any heart. If Christ be Christ he says, true Lord of Heaven, true Lord of Men, what is there that we would not do no matter what our suffering may be?",,,
q00453,top1948:1215,59082,2,26,https://www.goodreads.com/work/quotes/59082?page=2,"He says we are not forsaken. For while I wonder for what we live and struggle and die, for while I wonder what keeps us living and struggling, men are sent to minister to the blind ... Who gives, at this one hour, a friend to make darkness light before me?",,,
q00454,top1948:1215,59082,2,27,https://www.goodreads.com/work/quotes/59082?page=2,"Stand unshod upon it, for the ground is holy, being even as it came from the Creator. Keep it, guard it, care for it, for it keeps men, guards men, cares for men. Destroy it and man is destroyed.",,,
q00455,top1948:1215,59082,2,28,https://www.goodreads.com/work/quotes/59082?page=2,"All roads lead to Johannesburg. If you are white or if you are black they lead to Johannesburg. If the crops fail, there is work in Johannesburg. If there are taxes to be paid, there is work in Johannesburg. If the farm is too small to be divided further, some must go to Johannesburg. If there is a child to be born that must be delivered in secret, it can be delivered in Johannesburg.",,,
q00456,top1948:1215,59082,2,29,https://www.goodreads.com/work/quotes/59082?page=2,"There is a lamp outside the church, the lamp they light for the services. There are women of the church sitting on the red earth under the lamp; they are dressed in white dresses, each with a green cloth about her neck. They rise when the party approaches, and one breaks into a hymn, with a high note that cannot be sustained; but others come in underneath it, and support and sustain it, and some men come in too, with the deep notes and the true. Kumalo takes off his hat and he and his wife and his friend join in also, while the girl stands and watches in wonder. It is a hymn of thanksgiving, and man remembers God in it, and prostrates himself and gives thanks for the Everlasting Mercy. And it echoes in the bare red hills and over the bare red fields of the broken tribe. And it is sung in love and humility and gratitude, and the humble simple people pour their lives into the song.",,,
q00457,top1949:4715,1621811,1,0,https://www.goodreads.com/work/quotes/1621811,"The strange thing about breeding bulls is that you never know how successful you have been until a few minutes before your bull dies. The man who has bred a brave bull has bred a quality without measure, a spirit, that may be tested only in the destruction of it.",,,
q00458,top1950:4286,1773390,1,0,https://www.goodreads.com/work/quotes/1773390,"I want to live a lot of different lives, not just one. I wish I could have lived forever, in every age and every country, seen everything and done everything and felt everything."" p. 193",,,
q00459,top1950:4286,1773390,1,1,https://www.goodreads.com/work/quotes/1773390,"Do you know what this reminds me of--every time I see it happen? It's like a kids' game where the ones who are successful stand in a circle, grabbing money with one hand and passing it with the other. While everyone else stands around on the outside, watching them anxiously and trying to figure a way to get into the circle so they can play too.",,,
q00460,top1950:4518,236793,1,0,https://www.goodreads.com/work/quotes/236793,"bliss, mean, wretched, and mingled with wormwood",,,
q00461,top1950:302,25300427,1,1,https://www.goodreads.com/work/quotes/25300427,When people talk listen completely. Don’t be thinking what you’re going to say. Most people never listen. Nor do they observe. You should be able to go into a room and when you come out know everything that you saw there and not only that. If that room gave you any feeling you should know exactly what it was that gave you that feeling.,,,
q00462,top1950:302,25300427,1,2,https://www.goodreads.com/work/quotes/25300427,"He saw the girl watching him and he smiled at her. It was an old smile that he had been using for fifty years, ever since he first smiled...",,,
q00463,top1950:302,25300427,1,3,https://www.goodreads.com/work/quotes/25300427,I would take anything I love and throw it off the highest cliff you ever saw and not wait to hear it bounce.,,,
q00464,top1950:302,25300427,1,4,https://www.goodreads.com/work/quotes/25300427,"It made him feel as a wound does that you think you cannot bear. But you can bear anything, he thought.",,,
q00465,top1950:302,25300427,1,6,https://www.goodreads.com/work/quotes/25300427,"He smiled as only the truly shy can smile. It was not the easy grin of the confident, nor the quick slashing smile of the extremely durable and the wicked. It had no relation with the poised, intently used smile of the courtesan or the politician. It was the strange, rare smile which rises from the deep, dark pit, deeper than a well, deep as a mine, that is within them.",,,
q00466,top1950:302,25300427,1,7,https://www.goodreads.com/work/quotes/25300427,The world breaks everyone and afterwardmany are strong at the broken places. Butthose that will not break it kills. It kills the verygood and the very gentle and the very braveimpartially. If you are none of these you can be sure it will kill you too but there will be no special hurry.,,,
q00467,top1950:302,25300427,1,8,https://www.goodreads.com/work/quotes/25300427,"Thank you very much,” the girl said. “You know that another woman, or a woman in memory, is a terrible thing for a young girl to deal with when she is still without experience.",,,
q00468,top1950:302,25300427,1,9,https://www.goodreads.com/work/quotes/25300427,"In America, they make such things of wire and of sponge-rubber, such as you use in the sets of tanks. You never know there, whether there is any truth in the matter, unless you are a bad boy as I am.",,,
q00469,top1950:302,25300427,1,10,https://www.goodreads.com/work/quotes/25300427,"The colonel breakfasted with the leisure of a fighter who has been clipped badly, hears four, and knows how to relax truly for five seconds or more.",,,
q00470,top1950:302,25300427,1,11,https://www.goodreads.com/work/quotes/25300427,"I don't know. I guess the cards we draw are those we get. You wouldn't like to re-deal would you, dealer?No. They only deal to you once and then you pick them up and play them. I can play them, if I draw any damn thing at all...",,,
q00471,top1950:302,25300427,1,12,https://www.goodreads.com/work/quotes/25300427,"-Every day brings some disappointment.-No, every day brings new and beautiful illusion.But, everything that's not real in one illusion you can chop it off, like cutting with the blade of a razor.",,,
q00472,top1950:302,25300427,1,13,https://www.goodreads.com/work/quotes/25300427,Everything you do to someone you love out of pleasure is the most honorable.,,,
q00473,top1950:302,25300427,1,14,https://www.goodreads.com/work/quotes/25300427,Luck is a feast which doesn't stay in one place,,,
q00474,top1950:302,25300427,1,15,https://www.goodreads.com/work/quotes/25300427,"What happens to people that love each other?''I suppose they have whatever they have, and they are more fortunate than others. Then one of them gets the emptiness forever.",,,
q00475,top1950:302,25300427,1,16,https://www.goodreads.com/work/quotes/25300427,"I suppose it is just the loss of the immortality, he thought. Well, in a way that is quite a lot to lose.",,,
q00476,top1950:302,25300427,1,17,https://www.goodreads.com/work/quotes/25300427,He whispered this last so low that it was inaudible to anyone that did not love you.,,,
q00477,top1950:302,25300427,1,18,https://www.goodreads.com/work/quotes/25300427,"You look at the picture without prejudice,read book with open heart,like yours,but the life, you simply live",,,
q00478,top1950:302,25300427,1,19,https://www.goodreads.com/work/quotes/25300427,"his long and loving face with the grey eyebrows over the softly hooded eyes, and the ever happy face of the old soldier who is still alive and appreciates it.",,,
q00479,top1950:302,25300427,1,21,https://www.goodreads.com/work/quotes/25300427,"Proceed to reveal,” the Gran Maestro said. “I proceed to reveal,” the Colonel said. “Listen carefully, Daughter. This is the Supreme Secret. Listen. ‘Love is love and fun is fun. But it is always so",,,
q00480,top1950:302,25300427,1,22,https://www.goodreads.com/work/quotes/25300427,"An ugly face,' he said to the glass. 'Did you ever see a more ugly face?''Yes,' said Arnaldo. 'Mine. Every morning when I shave.''We both ought to shave in the dark,' the Colonel told him and went out the door.",,,
q00481,top1950:302,25300427,1,23,https://www.goodreads.com/work/quotes/25300427,"It's gone the way the mist is burned off the hollows in broken ground when the sun comes out,' the Colonel said. 'And you're the sun.",,,
q00482,top1950:302,25300427,1,24,https://www.goodreads.com/work/quotes/25300427,"She kissed him kind, and hard, and desperately, and the Colonel could not think about any fights or any picturesque or strange incidents. He only thought of her and how she felt and how close life comes to death when there is ecstasy. And what the hell is ecstasy and what’s ecstasy’s rank and serial number? And how does her black sweater feel? And who made all her smoothness and delight and the strange pride and sacrifice and wisdom of a child? Yes, ecstasy is what you might have had and instead you drew sleep’s older brother. Death is a lot of shit, he thought. It comes to you in small fragments that hardly show where it has entered. It comes, sometimes, atrociously. It can come from unboiled water; an un-pulled-up mosquito boot, or it can come with the great, white-hot, clanging roar we have lived with. It comes in small cracking whispers that precede the noise of the automatic weapon. It can come with the smoke-emitting arc of the grenade, or the sharp, cracking drop of the mortar. I have seen it come, loosening itself from the bomb rack, and falling with that strange curve. It comes in the metallic rending crash of a vehicle, or the simple lack of traction on a slippery road. It comes in bed to most people, I know, like love’s opposite number. I have lived with it nearly all my life and the dispensing of it has been my trade. But what can I tell this girl now on this cold, windy morning in the Gritti Palace Hotel?",,,
q00483,top1950:302,25300427,1,27,https://www.goodreads.com/work/quotes/25300427,"Say it"", the girl said. ""You don't know how important things that are said are.",,,
q00484,top1950:302,25300427,1,28,https://www.goodreads.com/work/quotes/25300427,and looked out on the great Canal which was now becoming as grey as though Degas had painted it on one of his greyest days,,,
q00485,top1950:302,25300427,1,29,https://www.goodreads.com/work/quotes/25300427,"There was nothing to it, gentlemen. All a man need ever do is obey.",,,
q00486,top1952:3138,623258,1,0,https://www.goodreads.com/work/quotes/623258,"The point is, life has to be endured, and lived. But how to live it is the problem.",,,
q00487,top1952:3138,623258,1,1,https://www.goodreads.com/work/quotes/623258,"He was like someone sleeping who woke suddenly and found the world...all the beauty of it, and the sadness too. The hunger and the thirst. Everything he had never thought about or known was there before him, and magnified into one person who by chance, or fate--call it what you will--happened to be me.",,,
q00488,top1952:3138,623258,1,2,https://www.goodreads.com/work/quotes/623258,"There is no going back in life, no return, no second chance. I cannot call back the spoken word or the accomplished deed.",,,
q00489,top1952:3138,623258,1,3,https://www.goodreads.com/work/quotes/623258,"We were dreamers, both of us, unpractical, reserved, full of great theories never put to test, and like all dreamers, asleep to the waking world. Disliking our fellow men, we craved affection; but shyness kept impulse dormant until the heart was touched. When that happened the heavens opened, and we felt, the pair of us, that we have the whole wealth of the universe to give. We would have both survived, had we been other men.",,,
q00490,top1952:3138,623258,1,4,https://www.goodreads.com/work/quotes/623258,"She has done for me at last, Rachel my torment.",,,
q00491,top1952:3138,623258,1,5,https://www.goodreads.com/work/quotes/623258,She had contemplated life so long it had become indifferent to her.,,,
q00492,top1952:3138,623258,1,6,https://www.goodreads.com/work/quotes/623258,"I wondered how it could be that two people who had loved could yet have such a misconception of each other and, with a common grief, grow far apart. There must be something in the nature of love between a man and a woman that drove them to torment and suspicion.",,,
q00493,top1952:3138,623258,1,7,https://www.goodreads.com/work/quotes/623258,"I am no traveller, you are my world.",,,
q00494,top1952:3138,623258,1,8,https://www.goodreads.com/work/quotes/623258,"They used to hang men at Four Turnings in the old days.Not anymore, though.",,,
q00495,top1952:3138,623258,1,9,https://www.goodreads.com/work/quotes/623258,"Because I believe there is nothing so self-destroying, and no emotion quite so despicable, as jealousy.",,,
q00496,top1952:3138,623258,1,10,https://www.goodreads.com/work/quotes/623258,"I would not be young again, if you offered me the world. But then I'm prejudiced.''You talk,' I said, 'as if you were ninety-nine.''For a woman I very nearly am,' she said. 'I'm thirty five.",,,
q00497,top1952:3138,623258,1,11,https://www.goodreads.com/work/quotes/623258,"There are some women, Philip, good women very possibly, who through no fault of their own impel disaster. Whatever they touch, somehow turns to tragedy.",,,
q00498,top1952:3138,623258,1,12,https://www.goodreads.com/work/quotes/623258,"But a lonely man is an unnatural man, and soon comes to perplexity. From perplexity to fantasy. From fantasy to madness.",,,
q00499,top1952:3138,623258,1,13,https://www.goodreads.com/work/quotes/623258,"How soft and gentle her name sounds when I whisper it. It lingers on the tongue, insidious and slow, almost like poison, which is apt indeed. It passes from the tongue to the parched lips, and from the lips back to the heart. And the heart controls the body, and the mind also. Shall I be free of it one day?",,,
q00500,top1952:3138,623258,1,14,https://www.goodreads.com/work/quotes/623258,"A man’s jealousy is like a child’s, fitful and foolish, without depth. A woman’s jealousy is adult, which is very different.",,,
q00501,top1952:3138,623258,1,15,https://www.goodreads.com/work/quotes/623258,"A woman of feeling does not easily give way. You may call it pride, or tenacity, call it what you will. In spite of all the evidence to the contrary, their emotions are more primitive than ours. They hold to the thing they want, and never surrender. We have our wars and battles, Mr. Ashey. But women can fight too.",,,
q00502,top1952:3138,623258,1,16,https://www.goodreads.com/work/quotes/623258,"People who mattered could not take the humdrum world. But this was not the world, it was enchantment; and all of it was mine.",,,
q00503,top1952:3138,623258,1,17,https://www.goodreads.com/work/quotes/623258,Ambrose used to say to me in Florence that it was worth the tedium of visitors to experience the pleasure of their going.,,,
q00504,top1952:3138,623258,1,18,https://www.goodreads.com/work/quotes/623258,It is strange how in moments of great crisis the mind whips back to childhood.,,,
q00505,top1952:3138,623258,1,20,https://www.goodreads.com/work/quotes/623258,"Truth was something intangible, unseen, which sometimes we stumbled upon and did not recognize, but was found, and held, and understood only by old people near their death, or sometimes by the very pure, the very young.",,,
q00506,top1952:3138,623258,1,21,https://www.goodreads.com/work/quotes/623258,"...Women are not so, Philip. Their moods vary with the days and nights, sometimes even with the hours, just as a man’s can do. We are human, that is our failing.",,,
q00507,top1952:3138,623258,1,22,https://www.goodreads.com/work/quotes/623258,"Someday, somehow, I would repay my cousin Rachel.",,,
q00508,top1952:3138,623258,1,23,https://www.goodreads.com/work/quotes/623258,..If we killed women for their tongues all men would be murderers.,,,
q00509,top1952:3138,623258,1,24,https://www.goodreads.com/work/quotes/623258,"I had left the land of fantasy, to her to enter into it. Two persons therefore could not share a dream. Except in darkness, as in make-believe. Each figure, then, a phantom.",,,
q00510,top1952:3138,623258,1,25,https://www.goodreads.com/work/quotes/623258,At twenty-three it takes very little to make the spirits soar.,,,
q00511,top1952:3138,623258,1,26,https://www.goodreads.com/work/quotes/623258,"I don’t know what stuff her gowns were made of, whether of stiff silk, or satin, or brocade, but they seemed to sweep the floor, and lift, and sweep again and whether it was the gown itself that floated, or she wearing it and moving forward with such grace, but the library, that had seemed dark and austere before she entered, would be suddenly alive.",,,
q00512,top1952:3138,623258,1,29,https://www.goodreads.com/work/quotes/623258,"I heard a rustle where the trees grew thickest, and suddenly to my nostrils came that rank vixen smell about me in the air, tainting the very leaves under my feet; yet I saw nothing, and all the daffodils, leaning from the banks on either side of me, stayed poised and still, without a breath to stir them.",,,
q00513,top1952:3138,623258,2,2,https://www.goodreads.com/work/quotes/623258?page=2,"In December the first frosts came with the full moon, and then my nights of vigil held a quality harder to bear. There was a sort of beauty to them, cold and clear, that caught at the heart and made me stare in wonder. From my windows the long lawns dipped to the meadows, and the meadows to the sea, and all of them were white with frost, and white too under the moon. The trees that fringed the lawns were black and still. Rabbits came out and pricked about the grass, then scattered to their burrows; and suddenly, from the hush and stillness, I heard that high sharp bark of a vixen, with the little sob that follows it, eerie, unmistakable, unlike any other call that comes by night, and out of the woods I saw the lean low body creep and run out upon the lawn, and hide again where the trees would cover it. Later I heard the call again, away in the distance, in the open park, and now the full moon topped the trees and held the sky, and nothing stirred on the lawns beneath my window. I wondered if Rachel slept, in the blue bedroom; or if, like me, she left her curtains wide. The clock that had driven me to bed at ten struck one, struck two, and I thought that here about me was a wealth of beauty that we might have shared.",,,
q00514,top1952:3138,623258,2,4,https://www.goodreads.com/work/quotes/623258?page=2,"I went indoors and up to my room, and dragging a chair beside the open window sat down in it, and looked towards the sea. My mind was empty, without thought. My body calm and still. No problems came swimming to the surface, no anxieties itched their way through from the hidden depths to ruflle the blessed peace. It was as though everything in life was now resolved, and the way before me plain. The years behind me counted for nothing. The years to come were no more than a continuation of all I now knew and held, possessing; it would be so, for ever and ever, like the amen to a litany. In the future only this; Rachel and I.",,,
q00515,top1952:3138,623258,2,5,https://www.goodreads.com/work/quotes/623258?page=2,"I believed, in her strange way, that she had loved us both, but we had become dispensable. Something other than blind emotion directed her actions after all. Perhaps she was two persons, torn in two, first one having sway and then the other.",,,
q00516,top1952:3138,623258,2,6,https://www.goodreads.com/work/quotes/623258?page=2,"The barriers were down. It was a queer feeling, as though I sat naked in my chair.",,,
q00517,top1952:3138,623258,2,7,https://www.goodreads.com/work/quotes/623258?page=2,This is what it means to be purged. A burden lifted. Emptiness instead.,,,
q00518,top1952:3138,623258,2,8,https://www.goodreads.com/work/quotes/623258?page=2,"Heaven he would never achieve, and the hell that he had known was lost to him.",,,
q00519,top1952:3138,623258,2,13,https://www.goodreads.com/work/quotes/623258?page=2,"If I possessed the world, you should have it also.",,,
q00520,top1952:3138,623258,2,17,https://www.goodreads.com/work/quotes/623258?page=2,"the trees that yesterday had been so still tossed now, and swayed, and shivered with the misty rain.",,,
q00521,top1952:3138,623258,2,18,https://www.goodreads.com/work/quotes/623258?page=2,"Great clouds with dragging tails, black-edged and filled with rain, came scudding from the west, and now and again with sudden bursting fury emptied themselves as hail. The sea was a turmoil in the western bay. In the fields on either side of the road the gulls screamed and dipped in the fresh ploughed earth, seeking the green shoots fostered by the early spring.",,,
q00522,top1952:3138,623258,2,19,https://www.goodreads.com/work/quotes/623258?page=2,"The moon, so nearly full, hovered, with swollen cheek, above the bay, and wore about his face the look of a wizard man who shared my secret.",,,
q00523,top1952:3138,623258,2,20,https://www.goodreads.com/work/quotes/623258?page=2,"I looked on her profile. She was always a stranger, thus. Those neat clipped features on a coin. Dark and withdrawn, a foreign woman standing in a doorway, a shawl about her head, her hand outstretched. But full-face, when she smiled, a stranger never. The Rachel that I knew, that I had loved.",,,
q00524,top1952:3138,623258,2,21,https://www.goodreads.com/work/quotes/623258?page=2,"No doubt it was the truth, or so distorted in her mind that, to her, it became so.",,,
q00525,top1952:3138,623258,2,22,https://www.goodreads.com/work/quotes/623258?page=2,"To me, lonely, anxious, and a survivor of too many emotional shipwrecks, he came almost as a savior, as an answer to prayer. To be strong as he was, and tender too, lacking all personal conceit, I had not met with that. I know what he was to me. But I to him..",,,
q00526,top1952:3138,623258,2,23,https://www.goodreads.com/work/quotes/623258?page=2,"The bells ceased and died away, yet the echo seemed to sound still in my ears, solemn, sonorous, tolling not for my mission, insignificant and small, nor for the lives of the people in the streets, but for the souls of men and women long since dead, and for eternity.",,,
q00527,top1952:3138,623258,2,28,https://www.goodreads.com/work/quotes/623258?page=2,"Good pictures, good furniture and fittings, are all sound investments.",,,
q00528,top1952:3138,623258,2,29,https://www.goodreads.com/work/quotes/623258?page=2,Bitterness goes with people when they die.,,,
q00529,top1952:3138,623258,3,0,https://www.goodreads.com/work/quotes/623258?page=3,"She had changed into another mourning gown, cut somewhat fuller than the other, and instead of a hat she had wound her black lace shawl about her hair for covering. She was talking to Wellington, her profile turned to me, and got some reason or other I remembered what she had said the night before about Ambrose teasing her, how he had told her once that she reeked of old Rome. I think I knew now what he meant. Her features were like those stamped on a Roman coin, definite, yet small; and now with that lace shawl wound about her hair I was reminded of the women I had seen kneeling in that cathedral in Florence, or lurking in the doorways of the silent houses.",,,
q00530,top1952:3138,623258,3,2,https://www.goodreads.com/work/quotes/623258?page=3,"What trail of thought, confused and indirect, drove through those minds of theirs, to cloud their judgement? What waves of impulse swept about their being, moving them to anger and withdrawal, or else to sudden generosity? We were surely different, with our blunter comprehension, moving more slowly to the compass points, while they, erratic and unstable, were blown about their course by winds of fancy.",,,
q00531,top1952:3138,623258,3,5,https://www.goodreads.com/work/quotes/623258?page=3,"The visitors sat down, languid, and content to rest. Seecombe brought cake and wine.",,,
q00532,top1953:6863,192706,1,0,https://www.goodreads.com/work/quotes/192706,"If you forgive people enough, you belong to them, and they to you, whether either person likes it or not - squatter's rights of the heart",,,
q00533,top1953:6863,192706,1,1,https://www.goodreads.com/work/quotes/192706,-why had she found the story so absorbing? Of course it was quite possible she hadn't. Maybe she merely preferred a novel--any novel--to reading a newspaper or chatting with the girls she worked with all day. And maybe she always read like that--with an air of having surrendered totally to a spell.,,,
q00534,top1954:2545,2372397,1,0,https://www.goodreads.com/work/quotes/2372397,I only know that from wherever it is that we're going there can be no turning back,,,
q00535,top1954:2545,2372397,1,1,https://www.goodreads.com/work/quotes/2372397,"I am sure that no man asks mercy and grace with true meaning, but if mercy and grace have first been given him.",,,
q00536,top1954:2545,2372397,1,2,https://www.goodreads.com/work/quotes/2372397,"Presently comfort came to him, and he thought the she had always given him of her strength though he had never quite realised it until now.Glory had passed him by; fame too perhaps would not endure; it might well be that the incalculable goddess would decree ill fame as his due. Perhaps there might not be included in his epitah the one tribute to his knighthood the he knew he deserved ""Ii fut toujours bon et loyal chevalier"" (He was always good and loyal knight) But whatever the shadowed years might bring, as long as life should last, he knew that he had here at his side one sure recompense and one abiding loyalty.",,,
q00537,top1954:2545,2372397,1,3,https://www.goodreads.com/work/quotes/2372397,"No matter how dutiful one tried to feel, it was impossible to be sad at leaving this behind, not when the blood ran hot and rich in the veins, and when out in the world there were all the untried beckoning enchantments : dancing, sensuous music, merriment - and love.",,,
q00538,top1954:2545,2372397,1,4,https://www.goodreads.com/work/quotes/2372397,"They want the equality of man. They want freedom. You speak truth when you say that they cannot, in sanity, hope to get it—and especially by violence.” “Then they are mad!” “Nay—not mad. Ignorant and desperate and oppressed. They’re tired of paying for unsuccessful wars, they’re tired of serfdom or unfair wages for their labor. They’re tired of eating black bread while the manor lords, baron and abbot alike, eat venison and fat capons. It’s natural, and a change will come in time, I believe.",,,
q00539,top1954:2545,2372397,1,5,https://www.goodreads.com/work/quotes/2372397,"The house of fame, he thought, is built on melting ice, not steel, and rumbles ever with a sound of rumors, while the goddess of fame is as false and capricious as her sister—Fortune.",,,
q00540,top1954:2545,2372397,1,6,https://www.goodreads.com/work/quotes/2372397,"If I should never see him again—she thought, Blessed Mother, how could I live, and yet it was the fear of seeing him again which had driven her to this desperate haste. The fear that if he were there so near her she",,,
q00541,top1954:2545,2372397,1,7,https://www.goodreads.com/work/quotes/2372397,"I have of sorrow so great wound That joy get I never none, Now that I see my lady bright, That I have loved with all my might, Is from me dead, and is agone. Alas, Death, what aileth thee, That thou should’st not have taken me, When thou took my lady sweet, That was so fair, so fresh, so free, So good, that men may well say Of all goodness she had no meet! Right on this same, as I have said Was wholly all my love laid For certes she was, that sweet wife, My suffisaunce, my lust, my life, Mine hap, mine health and all my bless, My world’s welfare and my goddess, And I wholly hers, and everydel.",,,
q00542,top1954:2545,2372397,1,8,https://www.goodreads.com/work/quotes/2372397,"Because he loved and lusted and floundered, while she did not, she would be forever free.",,,
q00543,top1954:2545,2372397,1,9,https://www.goodreads.com/work/quotes/2372397,But I’m not repentant!” The Duke’s voice rose suddenly high and passionate. “I love the woman—she is my life—all my bliss.,,,
q00544,top1954:2545,2372397,1,10,https://www.goodreads.com/work/quotes/2372397,"you’re in my blood, in my bones, and in my heart there is naught but you.",,,
q00545,top1954:2545,2372397,1,11,https://www.goodreads.com/work/quotes/2372397,you should be proud of your enchantments!,,,
q00546,top1954:2545,2372397,1,12,https://www.goodreads.com/work/quotes/2372397,"There’s a fire been lit that’s not so easy to put out,",,,
q00547,top1954:2545,2372397,1,13,https://www.goodreads.com/work/quotes/2372397,"She has something else - a great deal else,"" said Alice Perrers' soft laughing voice from the corner, ""and if you ladies are too stupid to see it, the men won't be. Thanks to God that the King is short-sighted, I can fill his entire vision - and shall.",,,
q00548,top1954:2545,2372397,1,14,https://www.goodreads.com/work/quotes/2372397,"They had dismounted, laughing, amorous, and Katherine on finding a fairy ring of mushrooms in the grove had cried that by means of this enchantment on Midsummer Eve she would bind her love to her for ever, so that he might never once leave her side.",,,
q00549,top1954:2545,2372397,1,15,https://www.goodreads.com/work/quotes/2372397,"I would have drawn and quartered him, and I hope you do,"" said Richard, his eyes sparkling.",,,
q00550,top1954:2545,2372397,1,16,https://www.goodreads.com/work/quotes/2372397,"In jewels and brocades and a whirl of musk, Alice flounced triumphantly out of her chariot, her three little dogs frisking and barking after her. She raised her thickly painted face to the Duke.",,,
q00551,top1954:2545,2372397,1,17,https://www.goodreads.com/work/quotes/2372397,I am the ground of thy beseeching,,,
q00552,top1954:2545,2372397,1,18,https://www.goodreads.com/work/quotes/2372397,"As long as we be meddeling with what we know is sin, we shall never see clearly the blissful countenance of Our Lord. And this is to break us in twain. For we are all in Him enclosed. And He in us. He sitteth in our soul.",,,
q00553,top1954:2545,2372397,1,20,https://www.goodreads.com/work/quotes/2372397,"Love is our Lord's whole meaning! It was shown me full surely that ere God made us He loved us, and when we were made, we loved Him.",,,
q00554,top1954:2545,2372397,1,21,https://www.goodreads.com/work/quotes/2372397,Our soul may never have rest in things that are beneath itself.,,,
q00555,top1954:2545,2372397,1,22,https://www.goodreads.com/work/quotes/2372397,"It was He and His love that held me, when all other love was twisted into hate.",,,
q00556,top1954:2545,2372397,1,23,https://www.goodreads.com/work/quotes/2372397,Far better to keep the memory of a great love- as it had once been- than have it cheapened forever by disillusionment.,,,
q00557,top1954:2545,2372397,1,24,https://www.goodreads.com/work/quotes/2372397,"What a weary time it took to learn how homely and direct the answer was, that it needed no thunderbolts and flaming wonders for Him to fulfill His promise, I will keep thee full securely. That He had as many ways of loving as there were droplets in the ocean, the ocean that was yet all one sea.",,,
q00558,top1954:2545,2372397,1,27,https://www.goodreads.com/work/quotes/2372397,"handsome man inclined to dress above his station and thus well fitting his nickname of Paon, the peacock.",,,
q00559,top1954:2545,2372397,1,28,https://www.goodreads.com/work/quotes/2372397,I know it is so. What dear-bought treasured certainty that was.,,,
q00560,top1954:2545,2372397,1,29,https://www.goodreads.com/work/quotes/2372397,Had she not earned freedom from turmoil? From fear and pain?,,,
q00561,top1954:3192,2054778,1,0,https://www.goodreads.com/work/quotes/2054778,"It was a despair in his heart. Slowly, a numbness began in his feet and crept upward, but his thoughts became more intense. Men were born alone; they lived alone. But most terrible of all, they died alone. And died impotent. The impotence was worse, in the last hour, when a man realized that his life had been one endless insult against life and nature and his fellows. Then there was no consolation. There was only the looking down into the abyss. For this loneliness, there was no hope.",,,
q00562,top1954:3192,2054778,1,1,https://www.goodreads.com/work/quotes/2054778,"And when their goal was obtained, they had only two choices before them: gaining even more power, world without end, or dying of frustration when they consciously, or unconsciously, realized that this was not what they had wanted at all, that it gave them no delight, and the world they had attained was empty of everything. They had narrowed their existence; like a projectile, they were trained on only one target.” He walked on, and Cornelia followed,",,,
q00563,top1954:6168,2240643,1,0,https://www.goodreads.com/work/quotes/2240643,"Afterwards, he gave me a diamond wristwatch, so that I'd never be late to the theatre, and for Christmas, a ruby brooch. (The rubies came from Aristan, too - they must throw precious stones around like pebbles in that country.)",,,
q00564,top1956:2374,1610546,1,0,https://www.goodreads.com/work/quotes/1610546,"They were prisoners, trapped by old ways of life, jailed within the imperial palace. He was no more free than she was. Yet only she could do what she would. If she said she would be Empress, then none could hold her back.",,,
q00565,top1956:2374,1610546,1,1,https://www.goodreads.com/work/quotes/1610546,"I would ask my teacher a question,"" Yehonala said.""Ask,"" Lady Miao replied. She was brushing fine quick strokes upon a large sheet of paper spread upon a square table which the eunuch had brought to her side.""When may I paint a picture of my own?"" Yehonala asked. Her teacher held her hand poised for an instant and cast a sidelong look from her narrowed eyes. ""When I can no longer command you.",,,
q00566,top1956:2374,1610546,1,2,https://www.goodreads.com/work/quotes/1610546,"You see how loving kindness conquers fear, even in animals. Let this lesson be engraved upon your hearts.",,,
q00567,top1956:2374,1610546,1,3,https://www.goodreads.com/work/quotes/1610546,"This scroll, five hundred years old and more, had been inspired by her favorite, the great Wang Wei, master of landscape art, who had painted the scenes from his own home, where he lived for thirty years before he died. Now behind the palace walls on this winter’s day, where she could see only sky and falling snow, Tzu His gazed upon the green landscapes of continuing spring. One landscape melted into another as slowly she unrolled the scroll, so that she might dwell upon every detail of tree and brook and distant hillside. So did she, in imagination, pass beyond the high walls which enclosed her, and she traveled through a delectable country, beside flowing brooks and spreading lakes, and following the ever-flowing river she crossed over wooden bridges and climbed the stony pathways upon a high mountainside and thence looked down a gorge to see a torrent fed by still higher springs, and breaking into waterfalls as it traveled toward the plains. Down from the mountain again she came, past small villages nestling in pine forests and into the warmer valleys among bamboo groves, and she paused in a poet’s pavilion, and so reached at last the shore where the river lost itself in a bay. There among the reeds a fisherman’s boat rose and fell upon the rising tide. Here the river ended, its horizon the open sea and the misted mountains of infinity. This scroll, Lady Miao had once told her, was the artist’s picture of the human soul, passing through the pleasantest scenes of earth to the last view of the unknown future, far beyond.",,,
q00568,top1956:2374,1610546,1,4,https://www.goodreads.com/work/quotes/1610546,"wept, and in the wrinkles of old people. In the house of the Manchu Bannerman,",,,
q00569,top1956:2374,1610546,1,5,https://www.goodreads.com/work/quotes/1610546,"With increasing passion she loved beauty, for beauty, she told herself, and only beauty, was pure and good and worthy of her love.",,,
q00570,top1956:2374,1610546,1,6,https://www.goodreads.com/work/quotes/1610546,Who rules well is always hated.,,,
q00571,top1956:2374,1610546,1,7,https://www.goodreads.com/work/quotes/1610546,"This imperial woman, so diverse and rich in her genius, might have chosen her own greatness had she been able to single one gift above another, but she could not make her own choice of what she loved best to do, and so she did something of each and in all she excelled. As for those affairs of state which had absorbed her until",,,
q00572,top1956:2374,1610546,1,8,https://www.goodreads.com/work/quotes/1610546,"He had long been her favorite, yet every eunuch knew that the favor of a ruler is less stable than sunlight in early spring. At any moment it can be withdrawn, and as soon can a eunuch’s head tumble from his shoulders.",,,
q00573,top1956:2374,1610546,1,9,https://www.goodreads.com/work/quotes/1610546,"The Empress Mother said with still more irritation, “I cannot understand why we must have a foreign religion here when we have three good religions of our own.",,,
q00574,top1956:2374,1610546,1,10,https://www.goodreads.com/work/quotes/1610546,But is strength comfort for a woman?,,,
q00575,top1956:2374,1610546,1,11,https://www.goodreads.com/work/quotes/1610546,"They stood, eyes meeting eyes, yet neither took the next step toward the other. “When I know what reward is great enough,” she said, “then I will give it to you.” “Because you live I am rewarded,” he replied.",,,
q00576,top1956:2374,1610546,1,12,https://www.goodreads.com/work/quotes/1610546,"They were young no more, their passion spent unused, but the memory of love remained eternal. Indeed, her mellowed heart was more tender now than ever toward him and there was nothing left that she could not forgive him.",,,
q00577,top1956:2374,1610546,1,13,https://www.goodreads.com/work/quotes/1610546,"I do not say this is a decree,” she wrote, her beautiful writing brushing the page with firm yet delicate strokes. “Let it be greeting and invitation, a hope that we may meet again with quiet hearts and wise minds. Come, then, before the ceremonies for my sixtieth birthday. Let us spend an hour together before we mingle with the Court.",,,
q00578,top1956:2374,1610546,1,14,https://www.goodreads.com/work/quotes/1610546,"There in the silence of her own heart, she prayed the goddess to enlighten her and teach her mercy, and she prayed that Sakota might awaken to the grace of mercy shown her so that life could be saved. Strengthened by her prayers, the",,,
q00579,top1956:2374,1610546,1,15,https://www.goodreads.com/work/quotes/1610546,"The time had come for him to use a dangerous weapon. “Venerable,” he said, “if the Emperor’s manhood was destroyed, how is it that he begot a son and one so sturdy as the young Emperor?",,,
q00580,top1956:2374,1610546,1,16,https://www.goodreads.com/work/quotes/1610546,"If it were true that there could be good men among the enemy, then indeed she must still be afraid. If righteous, the white men were stronger than she reckoned, and she kept this fear hidden in her so long as she lived thereafter.",,,
q00581,top1956:2374,1610546,1,17,https://www.goodreads.com/work/quotes/1610546,"Even our enemies call him ‘great soul,’ and declare that they are honored in defeat by such a one.",,,
q00582,top1956:2374,1610546,1,18,https://www.goodreads.com/work/quotes/1610546,"the Western contingent and took the two leaders captive, and then seized all who were with them. The flag was torn and stamped into the dust, the captives were imprisoned and put to torture for their boldness in daring to invade the country. In great joy this good news was carried back to the capital. Once again the Western men were routed. The Emperor praised Tzu Hsi heartily and gave her a gold coffer filled with jewels. Then he announced seven days of feasting in the nation and in the palaces special theatricals",,,
q00583,top1956:5761,20761,1,0,https://www.goodreads.com/work/quotes/20761,She was ready to deny the existence of space and time rather than admit that love might not be eternal.,,,
q00584,top1956:5761,20761,1,1,https://www.goodreads.com/work/quotes/20761,"She would never change, but one day at the touch of a fingertip she would fall to dust.",,,
q00585,top1956:5761,20761,1,2,https://www.goodreads.com/work/quotes/20761,"In a way, literature is true than life,' he said to himself. 'On paper, you say exactly and completely what you feel. How easy it is to break things off on paper! You hate, you shout, you kill, you commit suicide; you carry things to the very end. And that's why it's false. But it's damned satisfying. In life, you're constantly denying yourself, and others are always contradicting you. On paper, I make time stand still and I impose my convictions on the whole world; they become the only reality.",,,
q00586,top1956:5761,20761,1,3,https://www.goodreads.com/work/quotes/20761,I could see no reason for being sad. It´s just that it makes me unhappy not to feel happy.,,,
q00587,top1956:5761,20761,1,4,https://www.goodreads.com/work/quotes/20761,"Because we are separated everything separates us, even our efforts to join each other.",,,
q00588,top1956:5761,20761,1,5,https://www.goodreads.com/work/quotes/20761,People seem to think that if you keep your head empty you automatically fill your balls.,,,
q00589,top1956:5761,20761,1,6,https://www.goodreads.com/work/quotes/20761,"She offered her mouth to him, as if enchanted. A Persian princess, a little Indian, a fox, a morning glory, a lovely wisteria--it always pleased them when you told them they looked like something, like something else.",,,
q00590,top1956:5761,20761,1,7,https://www.goodreads.com/work/quotes/20761,I tried to love you less.I couldn't.,,,
q00591,top1956:5761,20761,1,8,https://www.goodreads.com/work/quotes/20761,"All the opportunities you let slip by! The idea, the inspiration just doesn´t come fast enough. Instead of being open, you´re closed up tight. That´s the worst sin of all - the sin of omission.",,,
q00592,top1956:5761,20761,1,9,https://www.goodreads.com/work/quotes/20761,"You said something very true the other day: that for us, nudity begins with the face.",,,
q00593,top1956:5761,20761,1,10,https://www.goodreads.com/work/quotes/20761,He formed his sentences hesitantly and then threw them at me with such force that I felt as if I were receiving a present each time,,,
q00594,top1956:5761,20761,1,11,https://www.goodreads.com/work/quotes/20761,"But I must admit I didn´t like that idea; do the same thing as everyone else. Eating to live, living to eat - that had been the nightmare of my adolescence. If it meant going back to that, if would be just as well to turn on the gas at once. But I suppose everyone thinks of things like that: let´s turn on the gas at once. And you don´t turn it on.",,,
q00595,top1956:5761,20761,1,12,https://www.goodreads.com/work/quotes/20761,"I quickly realized that friendships without tomorrows, and the little anguishes of parting, were part of the pleasures of traveling. I resolutely avoided bores, saw only those who amused me. We spent afternoons taking long walks, nights drinking and talking, and then we would leave each other, never to meet again, and there were no regrets. How simple life was. No regrets, no obligations, my acts and gestures counted for nothing, no one asked my advice, and I knew no other rule but my whims.",,,
q00596,top1956:5761,20761,1,13,https://www.goodreads.com/work/quotes/20761,"Surviving one’s own life, living on the other side of it like a spectator, is quite comfortable after all. You no longer expect anything, no longer fear anything, and every hour is like a memory.",,,
q00597,top1956:5761,20761,1,14,https://www.goodreads.com/work/quotes/20761,He reflected. 'I know a lot of different kids of people; what I want is to show each of them how the others really are. You hear so many lies!,,,
q00598,top1956:5761,20761,1,15,https://www.goodreads.com/work/quotes/20761,"The day had been spent in the expectation of these hours, and now they were crumbling away, becoming, in their turn, another period of expectancy...It was a journey without end, leading to an indefinite future, eternally shifting just as she was reaching the present.",,,
q00599,top1956:5761,20761,1,16,https://www.goodreads.com/work/quotes/20761,"Ready-made phrases and the ritual of etiquette were unknown to him; his thoughtfulness was pure improvisation, and it resembled the little inventions affection inspires.",,,
q00600,top1956:5761,20761,1,17,https://www.goodreads.com/work/quotes/20761,"I went to get a detective story. You have to kill time. But time will kill me too - and there´s the true, preestablished balance.",,,
q00601,top1956:5761,20761,1,18,https://www.goodreads.com/work/quotes/20761,"When you stubbornly give one man a chance, you arbitrarily deny it to another one.",,,
q00602,top1956:5761,20761,1,20,https://www.goodreads.com/work/quotes/20761,"To make something good of the future, you have to look the present in the face.",,,
q00603,top1956:5761,20761,1,21,https://www.goodreads.com/work/quotes/20761,"Always the same faces, the same surroundings, the same conversations, the same problems. The more it changes, the more it repeats itself. In the end, you feel as if you’re dying alive.",,,
q00604,top1956:5761,20761,1,22,https://www.goodreads.com/work/quotes/20761,"I hadn't known Chancel very well, but ten days earlier I had seen him laughing with the others around the Christmas tree. Maybe Robert was right; the distance between the living and the dead really isn't very great. And yet, like myself, those future corpses who were drinking their coffee in silence appeared ashamed to be so alive.",,,
q00605,top1956:5761,20761,1,23,https://www.goodreads.com/work/quotes/20761,"Life can't be bought piecemeal; it has to be purchased in bulk- all or nothing. Only there isn't time enough for everything, that's the tragedy of it.",,,
q00606,top1956:5761,20761,1,25,https://www.goodreads.com/work/quotes/20761,I could easily understand why Lambert was bored with this peace which gave us back our lives without giving us back our reasons for living.,,,
q00607,top1956:5761,20761,1,27,https://www.goodreads.com/work/quotes/20761,"To be no one, all things considered, is something of a privilege.",,,
q00608,top1956:5761,20761,1,29,https://www.goodreads.com/work/quotes/20761,"Scriassine studied me in turn. ""You're not so dumb, you know. Generally I dislike intelligent women, maybe because they're not intelligent enough. They always want to prove to themselves, and to everyone else, how terribly smart they are. So all they do is talk and never understand anything. What struck me the first time I saw you was that way you have of keeping quiet.",,,
q00609,top1957:3363,963772,1,0,https://www.goodreads.com/work/quotes/963772,"It's not the end of the world at all,"" he said. ""It's only the end for us. The world will go on just the same, only we shan't be in it. I dare say it will get along all right without us.",,,
q00610,top1957:3363,963772,1,1,https://www.goodreads.com/work/quotes/963772,"No, it wasn't an accident, I didn't say that. It was carefully planned, down to the tiniest mechanical and emotional detail. But it was a mistake.",,,
q00611,top1957:3363,963772,1,2,https://www.goodreads.com/work/quotes/963772,I'm glad we haven't got newspapers now. It's been much nicer without them.,,,
q00612,top1957:3363,963772,1,3,https://www.goodreads.com/work/quotes/963772,Some games are fun even when you lose. Even when you know you're going to lose before you start. It's fun just playing them.,,,
q00613,top1957:3363,963772,1,4,https://www.goodreads.com/work/quotes/963772,Maybe we've been too silly to deserve a world like this.,,,
q00614,top1957:3363,963772,1,5,https://www.goodreads.com/work/quotes/963772,"You know,"" he said, ""now that I've got used to the idea, I think I'd rather have it this way. We've all got to die one day, some sooner and some later. The trouble always has been that you're never ready, because you don't know when it's coming. Well, now we do know, and there's nothing to be done about it. I kind of like that. I kind of like the thought that I'll be fit and well up till the end of August and then - home. I'd rather have it that way than go on as a sick man from when I'm seventy to when I'm ninety.",,,
q00615,top1957:3363,963772,1,6,https://www.goodreads.com/work/quotes/963772,If what they say is right we're none of us going to have time to do all that we planned to do. But we can keep on doing it as long as we can.,,,
q00616,top1957:3363,963772,1,7,https://www.goodreads.com/work/quotes/963772,This is the way the world ends This is the way the world ends This is the way the world ends Not with a bang but a whimper.,,,
q00617,top1957:3363,963772,1,9,https://www.goodreads.com/work/quotes/963772,"She lived in the dream world of unreality, or else she would not admit reality; he did not know. In any case, he loved her as she was. It might never be used, but it would give her pleasure to have it.",,,
q00618,top1957:3363,963772,1,10,https://www.goodreads.com/work/quotes/963772,Security was now a thing of the past though it took a conscious effort to remember it; with no enemy in all the world there was little but the force of habit in it.,,,
q00619,top1957:3363,963772,1,12,https://www.goodreads.com/work/quotes/963772,"I want to drink hard liquor, as you call it, before lunch. I've got a mouth like the bottom of the parrot's cage. You wouldn't want me to throw a screaming fit in front of all your officers.",,,
q00620,top1957:3363,963772,1,13,https://www.goodreads.com/work/quotes/963772,"The news did not trouble her particularly; all news was bad, like wage demands, strikes, or war, and the wise person paid no attention to it. What was important was that it was a bright, sunny day; her first narcissi were in bloom, and the daffodils behind them were already showing flower buds.",,,
q00621,top1957:3363,963772,1,14,https://www.goodreads.com/work/quotes/963772,"All those cities, all those fields and farms, with nobody, and nothing left alive. Just nothing there. I simply can't take it in.",,,
q00622,top1957:3363,963772,1,15,https://www.goodreads.com/work/quotes/963772,"You could have done something with newspapers. We didn't do it. No nation did, because we were all too silly. We liked our newspapers with pictures of beach girls and headlines about cases of indecent assault, and no Government was wise enough to stop us having them that way. But something might have been done with newspapers, if we'd been wise enough.",,,
q00623,top1957:3363,963772,1,16,https://www.goodreads.com/work/quotes/963772,"Into the world of romance, of make-belief and double brandies!",,,
q00624,top1957:3363,963772,1,19,https://www.goodreads.com/work/quotes/963772,"She nodded, and moved towards the door. “I’ll turn this top light out. Don’t stay up too long. Sure you’ve got everything you want?” “Sure, honey,” he said. “I’ve got everything now.” “Good night,” she said. She closed the door behind her. He lay for some time in the firelight thinking of Sharon and of Helen, of bright summer days and tall ships at Mystic, of Helen leaping on the Pogo stick on the swept sidewalk with the piles of snow on either hand, of this girl and her kindness. Presently he drifted into sleep, one hand upon the Pogo stick beside him.",,,
q00625,top1957:3363,963772,1,21,https://www.goodreads.com/work/quotes/963772,"You know, you’re a very lucky man.” “Why do you say that?”“You’ve got a full-time job to do.",,,
q00626,top1957:3363,963772,1,22,https://www.goodreads.com/work/quotes/963772,"Here they go cruising for a fortnight up in parts where everyone is dead of radiation, and all that they can catch is measles!",,,
q00627,top1957:3363,963772,1,24,https://www.goodreads.com/work/quotes/963772,I couldn’t bear to—to just stop doing things and do nothing. You might as well die now and get it over.,,,
q00628,top1957:3363,963772,1,25,https://www.goodreads.com/work/quotes/963772,"She had known for some time that his wife and family were very real to him, more real by far than the half-life in a far corner of the world that had been forced upon him since the war.",,,
q00629,top1957:3363,963772,1,27,https://www.goodreads.com/work/quotes/963772,"This is the end of it, is it? I mean, we just go on now getting sicker till we die?” “I think that’s the form,” he said. He smiled at her. “I’ve never done it before, but they say that’s what happens.",,,
q00630,top1957:3363,963772,1,28,https://www.goodreads.com/work/quotes/963772,"Some folks just have to have the liquor, times like these.” He eyed a policeman on the corner. “That’s what the cops here seem to think, in this city, at any rate. I’ve never seen a drunk arrested yet, not just for being drunk.",,,
q00631,top1957:3363,963772,1,29,https://www.goodreads.com/work/quotes/963772,"You mean, business is slowing down?” She nodded. “Lots of my friends are out of a job now. People aren’t working like they used to, and they don’t want secretaries",,,
q00632,top1958:1484,3288400,1,0,https://www.goodreads.com/work/quotes/3288400,I don't think I could love you so much if you had nothing to complain of and nothing to regret. I don't like people who have never fallen or stumbled. Their virtue is lifeless and of little value. Life hasn't revealed its beauty to them.,,,
q00633,top1958:1484,3288400,1,1,https://www.goodreads.com/work/quotes/3288400,"How wonderful to be alive, he thought. But why does it always hurt?",,,
q00634,top1958:1484,3288400,1,2,https://www.goodreads.com/work/quotes/3288400,"They loved each other, not driven by necessity, by the ""blaze of passion"" often falsely ascribed to love. They loved each other because everything around them willed it, the trees and the clouds and the sky over their heads and the earth under their feet.",,,
q00635,top1958:1484,3288400,1,3,https://www.goodreads.com/work/quotes/3288400,"About dreams. It is usually taken for granted that you dream of something that has made a particularly strong impression on you during the day, but it seems to me it´s just the contrary. Often it´s something you paid no attention to at the time -- a vague thought that you didn´t bother to think out to the end, words spoken without feeling and which passed unnoticed -- these are the things that return at night, clothed in flesh and blood, and they become the subjects of dreams, as if to make up for having been ignored during waking hours.",,,
q00636,top1958:1484,3288400,1,4,https://www.goodreads.com/work/quotes/3288400,To be a woman is a great adventure;To drive men mad is a heroic thing.,,,
q00637,top1958:1484,3288400,1,5,https://www.goodreads.com/work/quotes/3288400,"You and I, it's as though we have been taught to kiss in heaven and sent down to earth together, to see if we know what we were taught.",,,
q00638,top1958:1484,3288400,1,6,https://www.goodreads.com/work/quotes/3288400,"I have the impression that if he didn't complicate his life so needlessly, he would die of boredom.",,,
q00639,top1958:1484,3288400,1,7,https://www.goodreads.com/work/quotes/3288400,"A conscious attempt to fall asleep is sure to produce insomnia, to try to be conscious of one's own digestion is a sure way to upset the stomach. Consciousness is a poison when we apply it to ourselves. Consciousness is a light directed outward. It's like the headlights on a locomotive—turn them inward and you'd have a crash.",,,
q00640,top1958:1484,3288400,1,8,https://www.goodreads.com/work/quotes/3288400,"It´s a good thing when a man is different from your image of him. Is shows he isn´t a type. If he were, it would be the end of him as a man. But if you can´t place him in a category, it means that at least a part of him is what a human being ought to be. He has risen above himself, he has a grain of immortality.",,,
q00641,top1958:1484,3288400,1,9,https://www.goodreads.com/work/quotes/3288400,"And now listen carefully. You in others-this is your soul. This is what you are. This is what your consciousness has breathed and lived on and enjoyed throughout your life-your soul, your immortality, your life in others. And what now? You have always been in others and you will remain in others. And what does it matter to you if later on that is called your memory? This will be you-the you that enters the future and becomes a part of it.",,,
q00642,top1958:1484,3288400,1,10,https://www.goodreads.com/work/quotes/3288400,"And remember: you must never, under any circumstances, despair. To hope and to act, these are our duties in misfortune.",,,
q00643,top1958:1484,3288400,1,11,https://www.goodreads.com/work/quotes/3288400,"Reshaping life! People who can say that have never understood a thing about life—they have never felt its breath, its heartbeat—however much they have seen or done. They look on it as a lump of raw material that needs to be processed by them, to be ennobled by their touch. But life is never a material, a substance to be molded. If you want to know, life is the principle of self-renewal, it is constantly renewing and remaking and changing and transfiguring itself, it is infinitely beyond your or my obtuse theories about it.",,,
q00644,top1958:1484,3288400,1,12,https://www.goodreads.com/work/quotes/3288400,"I love you wildly, insanely, infinitely.",,,
q00645,top1958:1484,3288400,1,13,https://www.goodreads.com/work/quotes/3288400,"Oh, how one wishes sometimes to escape from the meaningless dullness of human eloquence, from all those sublime phrases, to take refuge in nature, apparently so inarticulate, or in the wordlessness of long, grinding labor, of sound sleep, of true music, or of a human understanding rendered speechless by emotion!",,,
q00646,top1958:1484,3288400,1,15,https://www.goodreads.com/work/quotes/3288400,"Everything had changed suddenly--the tone, the moral climate; you didn't know what to think, whom to listen to. As if all your life you had been led by the hand like a small child and suddenly you were on your own, you had to learn to walk by yourself. There was no one around, neither family nor people whose judgment you respected. At such a time you felt the need of committing yourself to something absolute--life or truth or beauty--of being ruled by it in place of the man-made rules that had been discarded. You needed to surrender to some such ultimate purpose more fully, more unreservedly than you had ever done in the old familiar, peaceful days, in the old life that was now abolished and gone for good.",,,
q00647,top1958:1484,3288400,1,16,https://www.goodreads.com/work/quotes/3288400,She was here on earth to make sense of its wild enchantments.,,,
q00648,top1958:1484,3288400,1,17,https://www.goodreads.com/work/quotes/3288400,"I hate everything you say, but not enough to kill you for it.",,,
q00649,top1958:1484,3288400,1,19,https://www.goodreads.com/work/quotes/3288400,"Art always serves beauty, and beauty is the joy of possessing form, and form is the key to organic life since no living thing can exist without it.",,,
q00650,top1958:1484,3288400,1,20,https://www.goodreads.com/work/quotes/3288400,"Don't be upset. Don't listen to me. I only meant that I am jealous of a dark, unconscious element, something irrational, unfathomable. I am jealous of your toilet articles, of the drops of sweat on your skin, of the germs in the air you breathe which could get into your blood and poison you. And I am jealous of Komarovsky, as if he were an infectious disease. Someday he will take you away, just as certainly as death will someday separate us. I know this must seem obscure and confused, but I can't say it more clearly. I love you madly, irrationally, infinitely.",,,
q00651,top1958:1484,3288400,1,21,https://www.goodreads.com/work/quotes/3288400,"Only the solitary seek the truth, and they break with all those who don't love it sufficiently",,,
q00652,top1958:1484,3288400,1,22,https://www.goodreads.com/work/quotes/3288400,"No single man makes history. History cannot be seen, just as one cannot see grass growing. Wars and revolutions, kings and Robespierres, are history's organic agents, its yeast. But revolutions are made by fanatical men of action with one-track mind, geniuses in their ability to confine themselves to a limited field. They overturn the old order in a few hours or days, the whole upheaval takes a few weeks or at most years, but the fanatical spirit that inspired the upheavals is worshiped for decades thereafter, for centuries.",,,
q00653,top1958:1484,3288400,1,23,https://www.goodreads.com/work/quotes/3288400,"Oh, what a love it was, utterly free, unique, like nothing else on earth! Their thoughts were like other people's songs.",,,
q00654,top1958:1484,3288400,1,25,https://www.goodreads.com/work/quotes/3288400,"If it's so painful to love and absorb electricity, how much more painful it is to be a woman, to be the electricity, to inspire love.",,,
q00655,top1958:1484,3288400,1,26,https://www.goodreads.com/work/quotes/3288400,"No deep and strong feeling, such as we may come across here and there in the world, is unmixed with compassion. The more we love, the more the object of our love seems to be a victim.",,,
q00656,top1958:1484,3288400,1,27,https://www.goodreads.com/work/quotes/3288400,"But the division in him was a sorrow and a torment, and he became accustomed to it only as one gets used to an unhealed and frequently reopened wound.",,,
q00657,top1958:1484,3288400,1,28,https://www.goodreads.com/work/quotes/3288400,"He realised, more vividly than ever before, that art had two constant, two unending preoccupations: it is always meditating upon death and it is always thereby creating life.",,,
q00658,top1958:1484,3288400,2,0,https://www.goodreads.com/work/quotes/3288400?page=2,"Your health is bound to be affected if, day after day, you say the opposite of what you feel, if you grovel before what you dislike and rejoice at what brings you nothing but misfortune. Our nervous system isn't just a fiction; it's part of our physical body, and our soul exists in space, and is inside us, like teeth in our mouth. It can't be forever violated with impunity.",,,
q00659,top1958:1484,3288400,2,1,https://www.goodreads.com/work/quotes/3288400?page=2,"Everything established, settled, everything to do with home and order and the common ground, has crumbled into dust and has been swept away in the general upheaval and reorganization of the whole of society. The whole human way of life has been destroyed and ruined. All that's left is the bare, shivering human soul, stripped to the last shred, the naked force of the human psyche for which nothing has changed because it was always cold and shivering and reaching out to its nearest neighbor, as cold and lonely as itself.",,,
q00660,top1958:1484,3288400,2,3,https://www.goodreads.com/work/quotes/3288400?page=2,"It's only in bad novels that people are divided into two camps and have nothing to do with each other. In real life everything gets mixed up! Don't you think you'd have to be a hopeless nonentity to play only one role all your life, to have only one place in society, always to stand for the same thing?--Ah, there you are!""- Larissa Fyodorovna in Doctor Zhivago.",,,
q00661,top1958:1484,3288400,2,4,https://www.goodreads.com/work/quotes/3288400?page=2,"Now what is history? It is the centuries of systematic explorations of the riddle of death, with a view to overcoming death. That's why people discover mathematical infinity and electromagnetic waves, that's why they write symphonies. Now, you can't advance in this direction without a certain faith. You can't make such discoveries without spiritual equipment. And the basic elements of this equipment are in the Gospels. What are they? To begin with, love of one's neighbor, which is the supreme form of vital energy. Once it fills the heart of man it has to overflow and spend itself. And then the two basic ideals of modern man—without them he is unthinkable—the idea of free personality and the idea of life as sacrifice.",,,
q00662,top1958:1484,3288400,2,5,https://www.goodreads.com/work/quotes/3288400?page=2,"If you go near her or touch her with your finger, a spark will light up the room and either kill you on the spot or electrify you for your whole life with a magnetically attractive, plaintive craving and sorrow.",,,
q00663,top1958:1484,3288400,2,7,https://www.goodreads.com/work/quotes/3288400?page=2,"He is her glory. Any woman could say it. For every one of them, God is in her child. Mothers of great men must have been familiar with this feeling, but then, all women are mothers of great men -- it isn't their fault if life disappoints them later.",,,
q00664,top1958:1484,3288400,2,9,https://www.goodreads.com/work/quotes/3288400?page=2,"A literary creation can appeal to us in all sorts of ways-by its theme, subject, situations, characters. But above all it appeals to us by the presence in it of art. It is the presence of art in Crime and Punishment that moves us deeply rather than the story of Raskolnikov's crime.",,,
q00665,top1958:1484,3288400,2,12,https://www.goodreads.com/work/quotes/3288400?page=2,"Salvation lies not in the faithfulness to forms, but in the liberation from them.",,,
q00666,top1958:1484,3288400,2,13,https://www.goodreads.com/work/quotes/3288400?page=2,"All mothers are mothers of great people, and it is not their fault that life later disappoints them.",,,
q00667,top1958:1484,3288400,2,15,https://www.goodreads.com/work/quotes/3288400?page=2,"She was obsessed with the idea of breaking with everything she had ever known or experienced, and starting on something new.",,,
q00668,top1958:1484,3288400,2,16,https://www.goodreads.com/work/quotes/3288400?page=2,"I'll stay with you a little, my unforgettable delight, for as long as my arms and my hands and my lips remember you. I'll put my grief for you in a work that will endure and be worthy of you. I'll write your memory into an image of aching tenderness and sorrow. I'll stay here till this is done, then I too will go. This is how I will portray you, I'll trace your features on paper as the sea, after a fearful storm has churned it up, traces the form of the greatest, farthest-reaching wave on the sand. Seaweed, shells, cork, pebbles, the lightest, most imponderable things that it could lift from its bed, are cast up in a broken, sinuous line on the sand. This line endlessly stretching into the distance is the frontier of the highest tide. That was how life's storm cast you up on my shore, O my pride, that is how I'll portray you.",,,
q00669,top1958:1484,3288400,2,17,https://www.goodreads.com/work/quotes/3288400?page=2,"They loved each other greatly. Most people experience love, without noticing that there is anything remarkable about it. To them - and this made them unusual - the moments when passion visited their doomed human existence like a breath of timelessness were moments of revelation, of even greater understanding of life and of themselves.",,,
q00670,top1958:1484,3288400,2,18,https://www.goodreads.com/work/quotes/3288400?page=2,"Resurrection. In the crude form in which it is preached to console the weak, it is alien to me. I have always understood Christ's words about the living and the dead in a different sense. Where could you find room for all these hordes of people accumulated over thousands of years? The universe isn't big enough for them; God, the good, and meaningful purpose would be crowded out. They'd be crushed by these throngs greedy merely for the animal life.But all the time, life, one, immense, identical throughout its innumerable combinations and transformations, fills the universe and is continually reborn. You are anxious about whether you will rise from the dead or not, but you rose from the dead when you were born and you didn't notice it.",,,
q00671,top1958:1484,3288400,2,20,https://www.goodreads.com/work/quotes/3288400?page=2,"I don't know a movement more self-centered and further removed from the facts than Marxism. Everyone is worried only about proving himself in practical matters, and as for the men in power, they are so anxious to establish the myth of their infallibility that they do their utmost to ignore the truth. Politics don't appeal to me. I don't like people who don't care about the truth.",,,
q00672,top1958:1484,3288400,2,21,https://www.goodreads.com/work/quotes/3288400?page=2,"Ever since childhood Yurii Andreievich had been fond of woods seen at evening against the setting sun. At such moments he felt as if he too were being pierced by shafts of light. It was as though the gift of the living spirit were streaming into his breast, piercing his being and coming out at his shoulders like a pair of wings. The archetype that is formed in every child for life and seems for ever after to be his inward face, his personality, awoke in him in its full primordial strength, and compelled nature, the forest, the afterglow, and everything else visible to be transfigured into a similarly primordial and all-embracing likeness of a girl. Closing his eyes, ""Lara,"" he whispered and thought, addressing the whole of his life, all God's earth, all the sunlit space spread out before him.",,,
q00673,top1958:1484,3288400,2,23,https://www.goodreads.com/work/quotes/3288400?page=2,"The last moments slipped by, one by one, irretrievable.",,,
q00674,top1958:1484,3288400,2,24,https://www.goodreads.com/work/quotes/3288400?page=2,"Progress in science is governed by the laws of repulsion, every step forward is made by refutation of prevalent errors and false theories. Forward steps in art are governed by the law of attraction, are the result of imitation of and admiration for beloved predecessors.",,,
q00675,top1958:1484,3288400,2,26,https://www.goodreads.com/work/quotes/3288400?page=2,"As before the collapse, the setting sun brushed the tiles, brought out the warm brown glow on the wallpaper, and hung the shadow of the birch on the wall as if it were a woman's scarf.",,,
q00676,top1958:1484,3288400,2,28,https://www.goodreads.com/work/quotes/3288400?page=2,For a moment she rediscovered the purpose of life. She was here on earth to grasp the meaning of its wild enchantment and to call each thing by its right name,,,
q00677,top1958:1484,3288400,2,29,https://www.goodreads.com/work/quotes/3288400?page=2,"There shall be no more death, Because we have already seen all that, Its old and we are tired of it, And now we need something new, And this new thing is Eternal Life",,,
q00678,top1958:1484,3288400,3,1,https://www.goodreads.com/work/quotes/3288400?page=3,"The arbitrariness of the revolutionaries is terrible not because they're villains, but because it's a mechanism out of control, like a machine that's gone off the rails.",,,
q00679,top1958:1484,3288400,3,2,https://www.goodreads.com/work/quotes/3288400?page=3,"What an incorrigible nonentity one must be to play only one role in life, to occupy only one place in society, to always mean one and the same thing!",,,
q00680,top1958:1484,3288400,3,3,https://www.goodreads.com/work/quotes/3288400?page=3,"And then, amidst the joy that grips everyone, I meet your mysteriously mirthless gaze, wandering no one knows where, in some far-off kingdom, in some far-off land. What wouldn't I give for it not to be there, for it to be written on your face that you are pleased with your fate and need nothing from anyone",,,
q00681,top1958:1484,3288400,3,5,https://www.goodreads.com/work/quotes/3288400?page=3,"Still more than by the communion of souls, they were united by the abyss that separated them from the rest of the world.",,,
q00682,top1958:1484,3288400,3,6,https://www.goodreads.com/work/quotes/3288400?page=3,And then the two basic ideals of modern man- without them he is unthinkable- the idea of free personality and the idea of life as sacrafice,,,
q00683,top1958:1484,3288400,3,7,https://www.goodreads.com/work/quotes/3288400?page=3,"And if he were really to do good he would have needed in addition to his principles, a heart capable of violating them - a heart which knows only of particular not of general cases and which achieves greatness in little actions.",,,
q00684,top1958:1484,3288400,3,8,https://www.goodreads.com/work/quotes/3288400?page=3,"It's good when a man deceives your expectations, when he doesn't correspond to the preconceived notion of him. To belong to a type is the end of a man, his condemnation. If he doesn't fall into any category, if he's not representative, half of what's demanded of him is there. He's free of himself, he has achieved a grain of immortality.",,,
q00685,top1958:1484,3288400,3,9,https://www.goodreads.com/work/quotes/3288400?page=3,"The saddest thing of all was that their party represented a deviation from the conditions of the time. It was impossible to imagine that in the houses across the lane people were eating and drinking in the same way at such an hour. Beyond the window lay mute, dark, hungry Moscow. Her food stores were empty, and people had even forgotten to think of such things as game and vodka.And thus it turned out that the only true life is one that resembles the life around us and drowns in it without leaving a trace, that isolated happiness is not happiness, so that duck and alcohol, when they seem to be the only ones in town, are not alcohol and a duck at all.",,,
q00686,top1958:1484,3288400,3,10,https://www.goodreads.com/work/quotes/3288400?page=3,"Winter had long since come. It was freezing cold. Torn-up sounds and forms appeared with no evident connection from the frosty mist, stood, moved, vanished. Not the sun we are accustomed to on earth, but the crimson ball of some other substitute sun hung in the forest. From it, strainedly and slowly, as in a dream or a fairy tale, rays of amber yellow light, thick as honey, spread and on their way congealed in the air and froze to the trees.",,,
q00687,top1958:1484,3288400,3,12,https://www.goodreads.com/work/quotes/3288400?page=3,"Ordinarily, people are anxious to test their theories in practice, to learn from experience, but those who wield power are so anxious to establish the myth of their own infallibility that they turn back on truth as squarely as they can. Politics mean nothing to me. I don't like people who are indifferent to the truth.",,,
q00688,top1958:1484,3288400,3,15,https://www.goodreads.com/work/quotes/3288400?page=3,"You come out; it is still dark. The door creaks, or perhaps you sneeze, or the snow crunches under your foot, and hares start up from the far cabbage patch and leap away, leaving the snow criss-crossed with tracks. In the distance dogs begin to howl and it takes a long time before the quieten down. The cocks have finished their crowing and have nothing left to say. Then dawn breaks.",,,
q00689,top1958:1484,3288400,3,16,https://www.goodreads.com/work/quotes/3288400?page=3,"The rulers of your minds indulge in proverbs, but they've forgotten the main one, that love cannot be forced, and they have a deeply rooted habit of liberating people and making them happy, especially those who haven't asked for it. You probably fancy that there's no better place in the world for me than your camp and your company. I probably should even bless you and thank you for my captivity, for your having liberated me from my family, my son, my home, my work, from everything that's dear to me and that I live by.",,,
q00690,top1958:1484,3288400,3,17,https://www.goodreads.com/work/quotes/3288400?page=3,"With you I'm jealous of what is obscure, unconscious, of something in which explanations are unthinkable, of something that cannot be puzzled out. I'm jealous of your toilet things, of the drops of sweat on your skin, of the infectious diseases borne on the air, which may affect you and poison your blood.",,,
q00691,top1958:1484,3288400,3,18,https://www.goodreads.com/work/quotes/3288400?page=3,"I'm broken, I have a crack in me for all my life. I was made a woman prematurely, criminally early, and initiated into life from its worst side, in the false, boulevard interpretation of a self-confident aging parasite from former times, who profited from everything and allowed himself everything.",,,
q00692,top1958:1484,3288400,3,20,https://www.goodreads.com/work/quotes/3288400?page=3,"After two or three stanzas and several images by which he was himself astonished, his work took possession of him and he experienced the approach of what is called inspiration. At such moments the correlation of the forces controlling the artist is, as it were, stood on its head. The ascendancy is no longer with the artist or the state of mind which he is trying to express, but with language, his instrument of expression. Language, the home and dwelling of beauty and meaning, itself begins to think and speak for man and turns wholly into music, not in the sense of outward, audible sounds but by virtue of the power and momentum of its inward flow. Then, like the current of a mighty river polishing stones and turning wheels by its very movement, the flow of speech creates in passing, by the force of its own laws, rhyme and rhythm and countless other forms and formations, still more important and until now undiscovered, unconsidered and unnamed.At such moments Yury felt that the main part of his work was not being done by him but by something which was above him and controlling him: the thought and poetry of the world as it was at that moment and as it would be in the future. He was controlled by the next step it was to take in the order of its historical development; and he felt himself to be only the pretext and the pivot setting it in motion....In deciphering these scribbles he went through the usual disappointments. Last night these rough passages had astonished him and moved him to tears by certain unexpectedly successful lines. Now, on re-reading these very lines, he was saddened to find that they were strained and glaringly far-fetched.",,,
q00693,top1958:1484,3288400,3,21,https://www.goodreads.com/work/quotes/3288400?page=3,"But sometimes, to enable her to bear her life, she needed the accompaniment of an inward music and she could not always compose it for herself.",,,
q00694,top1958:1484,3288400,3,22,https://www.goodreads.com/work/quotes/3288400?page=3,"They all laughed and clapped, taking it for a deliberate witticism, while he had no idea what he was saying, so great was his foreboding of misfortune and his feeling of powerlessness over the future, however great his thirst for goodness and his capacity for happiness.",,,
q00695,top1958:1484,3288400,3,23,https://www.goodreads.com/work/quotes/3288400?page=3,While the music played a whole eternity went by like life in a novel,,,
q00696,top1958:1484,3288400,3,25,https://www.goodreads.com/work/quotes/3288400?page=3,"An old Russian folk song is like water held back by a dam. It looks as if it were still and were no longer flowing, but in its depths it is ceaselessly rushing through the sluice gates and the stillness of its surface is deceptive. By every possible means, by repetitions and similes, the song slows down the gradual unfolding of its theme. Then at some point it suddenly reveals itself and astounds us. That is how the song’s sorrowing spirit comes to expression. The song is an insane attempt to stop time by means of its words.",,,
q00697,top1958:1484,3288400,3,26,https://www.goodreads.com/work/quotes/3288400?page=3,"He is on his way to her. In a moment he will leave the wooden sidewalks and vacant lots for the paved streets. The small suburban houses flash by like the pages of a book, not as when you turn them over one by one with your forefinger but as when you hold your thumb on the edge of the book and let them all swish past at once. The speed is breathtaking. And over there is her house at the far end of the street, under the white gap in the rain clouds where the sky is clearing, toward the evening. How he loves the little houses in the street that lead to her! He could pick them up and kiss them! Those one-eyed attics with their roofs pulled down like caps. And the lamps and icon lights reflected in the puddles and shining like berries! And her house under the white rift of the sky! There he will again receive the dazzling, God-made gift of beauty from the hands of its Creator. A dark muffled figure will open the door, and the promise of her nearness, unowned by anyone in the world and guarded and cold as a white northern night, will reach him like the first wave of the sea as you run down over the sandy beach in the dark.",,,
q00698,top1958:1484,3288400,3,27,https://www.goodreads.com/work/quotes/3288400?page=3,Only the familiar transformed by genius is truly great.,,,
q00699,top1958:1484,3288400,3,29,https://www.goodreads.com/work/quotes/3288400?page=3,"For as long as he could remember he had never ceased to wonder why, having arms and legs like everyone else, and a language and way of life common to all, one could be different from the others, liked only by few and, moreover, loved by no one.",,,
q00700,top1958:2745,1268631,1,0,https://www.goodreads.com/work/quotes/1268631,"It was love at first sight, at last sight, at ever and ever sight.",,,
q00701,top1958:2745,1268631,1,1,https://www.goodreads.com/work/quotes/1268631,And the rest is rust and stardust.,,,
q00702,top1958:2745,1268631,1,2,https://www.goodreads.com/work/quotes/1268631,"Lolita, light of my life, fire of my loins. My sin, my soul. Lo-lee-ta: the tip of the tongue taking a trip of three steps down the palate to tap, at three, on the teeth. Lo. Lee. Ta. She was Lo, plain Lo, in the morning, standing four feet ten in one sock. She was Lola in slacks. She was Dolly at school. She was Dolores on the dotted line. But in my arms she was always Lolita. Did she have a precursor? She did, indeed she did. In point of fact, there might have been no Lolita at all had I not loved, one summer, an initial girl-child. In a princedom by the sea. Oh when? About as many years before Lolita was born as my age was that summer. You can always count on a murderer for a fancy prose style. Ladies and gentlemen of the jury, exhibit number one is what the seraphs, the misinformed, simple, noble-winged seraphs, envied. Look at this tangle of thorns.",,,
q00703,top1958:2745,1268631,1,3,https://www.goodreads.com/work/quotes/1268631,He broke my heart. You merely broke my life.,,,
q00704,top1958:2745,1268631,1,4,https://www.goodreads.com/work/quotes/1268631,Human life is but a series of footnotes to a vast obscure unfinished masterpiece,,,
q00705,top1958:2745,1268631,1,5,https://www.goodreads.com/work/quotes/1268631,"I need you, the reader, to imagine us, for we don't really exist if you don't.",,,
q00706,top1958:2745,1268631,1,8,https://www.goodreads.com/work/quotes/1268631,"Oh, don't cry, I'm so sorry I cheated so much, but that's the way things are.",,,
q00707,top1958:2745,1268631,1,9,https://www.goodreads.com/work/quotes/1268631,I knew I had fallen in love with Lolita forever; but I also knew she would not be forever Lolita.,,,
q00708,top1958:2745,1268631,1,10,https://www.goodreads.com/work/quotes/1268631,"All at once we were madly, clumsily, shamelessly, agonizingly in love with each other; hopelessly, I should add, because that frenzy of mutual possession might have been assuaged only by our actually imbibing and assimilating every particle of each other's soul and flesh; but there we were, unable even to mate as slum children would have so easily found an opportunity to do so.",,,
q00709,top1958:2745,1268631,1,11,https://www.goodreads.com/work/quotes/1268631,"I looked and looked at her, and I knew, as clearly as I know that I will die, that I loved her more than anything I had ever seen or imagined on earth. She was only the dead-leaf echo of the nymphet from long ago - but I loved her, this Lolita, pale and polluted and big with another man's child. She could fade and wither - I didn't care. I would still go mad with tenderness at the mere sight of her face.",,,
q00710,top1958:2745,1268631,1,12,https://www.goodreads.com/work/quotes/1268631,"We loved each other with a premature love, marked by a fierceness that so often destroys adult lives.",,,
q00711,top1958:2745,1268631,1,14,https://www.goodreads.com/work/quotes/1268631,"Perhaps, somewhere, some day, at a less miserable time, we may see each other again.",,,
q00712,top1958:2745,1268631,1,15,https://www.goodreads.com/work/quotes/1268631,"I loved you. I was a pentapod monster, but I loved you. I was despicable and brutal, and turpid, and everything, mais je t’aimais, je t’aimais! And there were times when I knew how you felt, and it was hell to know it, my little one. Lolita girl, brave Dolly Schiller.",,,
q00713,top1958:2745,1268631,1,16,https://www.goodreads.com/work/quotes/1268631,"And presently I was driving through the drizzle of the dying day, with the windshield wipers in full action but unable to cope with my tears.",,,
q00714,top1958:2745,1268631,1,17,https://www.goodreads.com/work/quotes/1268631,"“You have to be an artist and a madman, a creature of infinite melancholy, with a bubble of hot poison in your loins and a super-voluptuous flame permanently aglow in your subtle spine (oh, how you have to cringe and hide!), in order to discern at once, by ineffable signs",,,
q00715,top1958:2745,1268631,1,18,https://www.goodreads.com/work/quotes/1268631,"Life is short. From here to that old car you know so well there is a stretch of twenty, twenty-five paces. It is a very short walk. Make those twenty-five steps. Now. Right now. Come just as you are. And we shall live happily ever after.",,,
q00716,top1958:2745,1268631,1,20,https://www.goodreads.com/work/quotes/1268631,"I have often noticed that we are inclined to endow our friends with the stability of type that literary characters acquire in the reader's mind. [...] Whatever evolution this or that popular character has gone through between the book covers, his fate is fixed in our minds, and, similarly, we expect our friends to follow this or that logical and conventional pattern we have fixed for them. Thus X will never compose the immortal music that would clash with the second-rate symphonies he has accustomed us to. Y will never commit murder. Under no circumstances can Z ever betray us. We have it all arranged in our minds, and the less often we see a particular person, the more satisfying it is to check how obediently he conforms to our notion of him every time we hear of him. Any deviation in the fates we have ordained would strike us as not only anomalous but unethical. We could prefer not to have known at all our neighbor, the retired hot-dog stand operator, if it turns out he has just produced the greatest book of poetry his age has seen.",,,
q00717,top1958:2745,1268631,1,21,https://www.goodreads.com/work/quotes/1268631,"And she was mine, she was mine, the key was in my fist, my fist was in my pocket, she was mine.",,,
q00718,top1958:2745,1268631,1,22,https://www.goodreads.com/work/quotes/1268631,"We live not only in a world of thoughts, but also in a world of things. Words without experience are meaningless.",,,
q00719,top1958:2745,1268631,1,23,https://www.goodreads.com/work/quotes/1268631,"I recall certain moments, let us call them icebergs in paradise, when after having had my fill of her –after fabulous, insane exertions that left me limp and azure-barred–I would gather her in my arms with, at last, a mute moan of human tenderness (her skin glistening in the neon light coming from the paved court through the slits in the blind, her soot-black lashes matted, her grave gray eyes more vacant than ever–for all the world a little patient still in the confusion of a drug after a major operation)–and the tenderness would deepen to shame and despair, and I would lull and rock my lone light Lolita in my marble arms, and moan in her warm hair, and caress her at random and mutely ask her blessing, and at the peak of this human agonized selfless tenderness (with my soul actually hanging around her naked body and ready to repent), all at once, ironically, horribly, lust would swell again–and 'oh, no,' Lolita would say with a sigh to heaven, and the next moment the tenderness and the azure–all would be shattered.",,,
q00720,top1958:2745,1268631,1,24,https://www.goodreads.com/work/quotes/1268631,"We all have such fateful objects — it may be a recurrent landscape in one case, a number in another — carefully chosen by the gods to attract events of specific significance for us: here shall John always stumble; there shall Jane's heart always break.",,,
q00721,top1958:2745,1268631,1,25,https://www.goodreads.com/work/quotes/1268631,"You see, she had absolutely nowhere else to go.",,,
q00722,top1958:2745,1268631,1,27,https://www.goodreads.com/work/quotes/1268631,I am sufficiently proud of my knowing something to be modest about my not knowing all.,,,
q00723,top1958:2745,1268631,1,28,https://www.goodreads.com/work/quotes/1268631,"We had been everywhere. We had really seen nothing. And I catch myself thinking today that our long journey had only defiled with a sinuous trail of slime the lovely, trustful, dreamy, enormous country that by then, in retrospect, was no more to us than a collection of dog-eared maps, ruined tour books, old tires, and her sobs in the night — every night, every night — the moment I feigned sleep.",,,
q00724,top1958:6715,2208750,1,0,https://www.goodreads.com/work/quotes/2208750,A woman with opinions had better develop a thick skin and a loud voice.,,,
q00725,top1958:6715,2208750,1,1,https://www.goodreads.com/work/quotes/2208750,"Nay, it's not the Devil been leading her astray. It's books! That girl has been nothing but trouble ever since she learned how to read.",,,
q00726,top1958:6715,2208750,1,2,https://www.goodreads.com/work/quotes/2208750,"Elizabeth squirmed on the hard wooden bench, and tried to ignore both her sore backside and her rumbling stomach. Why did the minister's sermons last so long? And why did the talk of sin always give her such a hearty appetite?",,,
q00727,top1958:6715,2208750,1,3,https://www.goodreads.com/work/quotes/2208750,"Elizabeth knew it was a fast day, but the rumbling in her belly was harder to ignore than the grumbling of the preacher.",,,
q00728,top1958:6715,2208750,1,4,https://www.goodreads.com/work/quotes/2208750,"You cannot help it, chérie.” Mirabelle’s small greenish eyes fixed themselves kindly on Elizabeth. She nodded and shrugged. “You cannot help acting from what you were taught in childhood, even though you don’t want to. Above all this is true for a woman.",,,
q00729,top1959:4970,55489,1,0,https://www.goodreads.com/work/quotes/55489,Each of us can walk only the path he sees at his own feet. Each of us is subject to the consequences of his own belief.,,,
q00730,top1959:4970,55489,1,1,https://www.goodreads.com/work/quotes/55489,"He had fallen into the error of all liberals: the belief that men are prepared to reform themselves, that good will attracts good will, that truth has leavening virtue of its own.",,,
q00731,top1959:4970,55489,1,2,https://www.goodreads.com/work/quotes/55489,"I was lost a long time, without knowing it. Without the Faith, one is free, and that is a pleasant feeling at first. There are no questions of conscience, no constraints, except the constraints of custom, convention and the law, and these are flexible enough for most purposes. It is only later that terror comes. One is free - but free in chaos, in an unexplained and unexplainable world. One is free in a desert, from which there is no retreat but inward, toward the hollow core of oneself. There is nothing to build on but the small rock of one's own pride, and this is a nothing, based on nothing... I think, therefore I am. But what am I? An accident of disorder, going no place.",,,
q00732,top1959:4970,55489,1,3,https://www.goodreads.com/work/quotes/55489,"I don't believe in miracles, only unexplained facts.",,,
q00733,top1959:4970,55489,1,4,https://www.goodreads.com/work/quotes/55489,"If prayer fails I am in a greater darkness yet, not knowing whether I have presumed too much or believed too little.",,,
q00734,top1959:4970,55489,1,5,https://www.goodreads.com/work/quotes/55489,"I feel the life slipping out of me. When the pain comes, I cry out, but there is no prayer in it, only fear. I kneel and recite my office and the Rosary but the words are empty - dry gourds rattling in the silence. The dark is terrible and I feel so alone. I see no signs but the symbols of contradiction. I try to dispose myself to faith, hope and charity, but my will is a blown reed in the winds of despair.",,,
q00735,top1959:4970,55489,1,6,https://www.goodreads.com/work/quotes/55489,"The man who does good in doubt must have so much more merit than one who does it in the bright certainty of belief. ""Other sheep I have which are not of this fold..."" A warning against the smugness of inherited faith.",,,
q00736,top1959:4970,55489,1,7,https://www.goodreads.com/work/quotes/55489,"Even in sin, the act of love -done with love- is shadowed with divinity. Its conformity may be at fault, but its nature is not altered, and its nature is creative, communicative, splendid in surrender. It was in the splendor of my surrender to Nina and she to me, that I first understood how a man might surrender himself to God -if a God existed. The moment of love is a moment of union -of body and spirit- and the act of faith is mutual and implicit.",,,
q00737,top1959:4970,55489,1,8,https://www.goodreads.com/work/quotes/55489,"We are ants on the carcass of the world, spawned out of nothing, going busily nowhere. One of us dies, the others crawl over us to the pickings.",,,
q00738,top1959:4970,55489,1,9,https://www.goodreads.com/work/quotes/55489,"Look at yourself! You're a priest. You know damn well that if I were setting out to make a girl at this moment instead of young Paolo, you'd take an entirely different view. You'd disapprove, sure! You'd read me a lecture on fornication and all the rest. But you wouldn't be too unhappy. I'd be normal... according to nature! But I am not made like that. God didn't make me like that. But do I need love the less? Do I need satisfaction less? Have I less right to live in contentment because somewhere along the line the Almighty slipped a cog in creation?... What's your answer to that Meredith? What's your answer for me? Tie a knot in myself and take up badminton and wait till they make me an angel in heaven, where they don't need this sort of thing any more? I'm lonely! I need love like the next man! My sort of love!",,,
q00739,top1959:4970,55489,1,10,https://www.goodreads.com/work/quotes/55489,One solved nothing by waving the commandments like a bludgeon at people's heads. There was no point in shouting damnation at a man who was already walking himself to hell on his own two feet. One had to pray for the Grace of God and then go probing like a good psychologist for the fear that might condition him to repentance or the love that might draw him toward it.,,,
q00740,top1959:4970,55489,1,11,https://www.goodreads.com/work/quotes/55489,"I believe in saints as I believe in sanctity. I believe in miracles as I believe in God, who can suspend the laws of His own making. But I believe, too, that the hand of God writes plainly and simply, for all men of good will to read. I am doubtful of His presence in confusion and conflicting voices.",,,
q00741,top1959:4970,55489,1,12,https://www.goodreads.com/work/quotes/55489,"I can't tell you why God made you the way you are any more than I can tell you why he's planted a carcinoma in my stomach to make me die painfully while other men die peacefully in their sleep. The cogs of creation seem to slip all the time. Babies are born with two heads, mothers of families run crazy with carving knives, men die in plague, famine and thunderstorms. Why? Only God knows.",,,
q00742,top1959:4970,55489,1,13,https://www.goodreads.com/work/quotes/55489,"Other priests, he knew, found an intense pleasure in the raw, salty dialect of peasant conversation. They picked up pearls of wisdom and experience over a farmhouse table or a cup of wine in a workingman's kitchen. They talked with equal familiarity to the rough-tongued whores of Trastevere and the polished signori of Parioli. They enjoyed the ribald humor of the fish market as much as the wit of a Cardinal's dinner table. They were good priests too, and they did much good for their people, with a singular satisfaction to themselves.",,,
q00743,top1959:4970,55489,1,14,https://www.goodreads.com/work/quotes/55489,"For a man born into the Church there is a singular comfort in the close-knit logic of the Faith. Its axioms are easy of acceptance. Its syllogisms are piled one on top of the other, firm as the bricks in a well built house. Its disciplines are rigid, but one moves freely inside them, as one does in the confines of a well-bred family. Its promises are reassuring: that if one submits to the logic and the discipline, one walks naturally in the way of salvation. The complex, terrifying relationship of Creator and Creature is reduced to a formula of faith and a code of manners. For priests and monks and nuns, the logic is more meticulous, the disciplines more rigid, but the security of body and spirit is commensurately greater. So that if a man can surrender himself completely to the Will of the Creator, as expressed by the Will of the Church, he can live and die in peace—either a cabbage or a saint!",,,
q00744,top1959:4970,55489,1,15,https://www.goodreads.com/work/quotes/55489,"There is no passion in your life, my son. You have never loved a woman, nor hated a man, nor pitied a child. You have withdrawn yourself too long and you are a stranger in the human family. You have asked nothing and given nothing. You have never known the dignity of need nor gratitude for a suffering shared. This is your sickness. This is the cross you have fashioned for your own shoulders. This is where your doubts begin and your fears too – because a man who cannot love his fellows cannot love God either.",,,
q00745,top1959:4970,55489,1,16,https://www.goodreads.com/work/quotes/55489,"What the Court will decide is another matter - a legality, based on the canonical rules of evidence, and irrelevant, it seems to me, to the fundamental facts, that the finger of God is here and tat the heaven of goodness in this man is still working in the lives of his people.",,,
q00746,top1959:4970,55489,1,17,https://www.goodreads.com/work/quotes/55489,"If his time must be shortened, then he wanted to spend the last of it in the soft air of England, to walk the downs and the beechwoods and hear the elegiac song of the nightingales in the shadow of the old churches, where Death was more familiar and more friendly because the English had spent centuries teaching him politeness.",,,
q00747,top1959:4970,55489,1,18,https://www.goodreads.com/work/quotes/55489,"Christ had made bishops and a Pope - but never a cardinal. Even the name held more than a hint of illusion - cardo, a hinge - as if they were the hinges on which he gates of Heaven were hung. Hinges they might be, but the hinges were useless metal, unless anchored firmly into the living fabric of the Church, whose stones were the poor, the humble, the ignorant, the sinning and the loving, the forgotten of the princes, but never the forgotten f God.",,,
q00748,top1959:3111,1427262,1,0,https://www.goodreads.com/work/quotes/1427262,"Drab and colorless as her existence would seem to have been, Mrs. Harris had always felt a craving for beauty and color and which up to this moment had manifested itself in a love for flowers....Outside the windows of her basement flat were two window boxes of geraniums, her favorite flower, and inside, wherever there was room, there was a little pot containing a geranium struggling desperately to conquer its environment, or a single hyacinth or tulip, bought from a barrow for a hard-earned shilling. Then too, the people for whom she worked would sometimes present her with the leavings of their cut flowers which in their wilted state she would take home and try to nurse back to health, and once in a while, particularly in the spring, she would buy herself a little box of pansies, primroses or anemones. As long as she had flowers Mrs. Harris had no serious complaints concerning the life she led. They were her escape from the somber stone desert in which she lived. These bright flashes of color satisfied her. They were something to return to in the evening, something to wake up to in the morning.",,,
q00749,top1959:3111,1427262,1,1,https://www.goodreads.com/work/quotes/1427262,"They were worlds apart in everything but the simplicity of their humanity, and so they were really not apart at all.",,,
q00750,top1959:3111,1427262,1,2,https://www.goodreads.com/work/quotes/1427262,"Smiling slyly, pleased with herself, Lady Dant shut the wardrobe door, but she could not shut out from the mind of Mrs Harris what she had seen there: beauty, perfection, the ultimate in adornment that a woman could desire. Mrs Harris was no less a woman than Lady Dant, or any other. She wanted, she wanted, she wanted a dress from what must be surely the most expensive shop in the world, that of Mr Dior in Paris.",,,
q00751,top1959:3111,1427262,1,3,https://www.goodreads.com/work/quotes/1427262,Ama bir şeyi yeterince çok istersen her zaman çare bulunur.,,,
q00752,top1959:2619,1338683,1,0,https://www.goodreads.com/work/quotes/1338683,"I wanted not to say things in a letter. But if you don’t feel certain, I’ll tell you. I really don’t know what love means. I don’t feel like they do on the film. But I love you, whether or not. I don’t think much about you, because what is the good. But — ’ here were words scratched out. ‘Nay, what can I say? Don’t let us say things. You are home to me. I don’t care about houses. When I think of you — but I don’t think if I can help it, if a man starts thinking, the fat is in the fire. Everything is a prison, I know that. You are the only bit of freedom I’ve ever had. I never felt free. I’ve always felt cooped in and small, except with you, and with you I’m all right, you open all the world to me. When I think about how you opened to me, nay, I don’t care what happens. But I don’t think if I can help it. We’ve got to live our lives, you yours and me mine. Best never think, something’s bound to happen. And the day will come again, and happen the night, when we’ve got the world to ourselves.",,,
q00753,top1962:1715,1458945,1,0,https://www.goodreads.com/work/quotes/1458945,The world is no longer man's theatre. Man has been made into a helpless spectator. The two evil forces he has created- science and the state- have combined into one monstrous body. We're at the mercy of our monster...,,,
q00754,top1962:1715,1458945,1,1,https://www.goodreads.com/work/quotes/1458945,"A showdown meant war. The whole Positive Control system really depended on equipment that could never really be tested until the time came for its first use, and because of this nobody could ever really know in advance whether or not it would work right. The Fail-Safe machines could be truly tested only once: the single time they were used.",,,
q00755,top1962:1715,1458945,1,2,https://www.goodreads.com/work/quotes/1458945,"Americans had mastered technology and the scientist would continue to be a hero for some time. But the real decisions, the real power would lie with those who understood politics.",,,
q00756,top1962:1715,1458945,1,3,https://www.goodreads.com/work/quotes/1458945,"Not likely, for American politics ruthlessly screened out the unstable personalities, but a possibility.",,,
q00757,top1962:1715,1458945,1,4,https://www.goodreads.com/work/quotes/1458945,"They were caught in a fantastic web of logic and illogic, fact and emotion. No one seemed completely whole. No one could talk complete sense. And everyone was quite sincere.",,,
q00758,top1962:1715,1458945,1,5,https://www.goodreads.com/work/quotes/1458945,"We all know that the big explosion is going to happen. Your concern, the two of you, is to make sure that you die intellectually correct. But my problem is more primitive. I only want to make sure that when it comes and my boys are dying that I am there to ease their last pain with morphine.",,,
q00759,top1962:1715,1458945,1,6,https://www.goodreads.com/work/quotes/1458945,"We have never gone to Condition Red, for that would mean that we actually considered ourselves at war and would launch weapons, all of our weapons, at the enemy.",,,
q00760,top1962:1715,1458945,1,7,https://www.goodreads.com/work/quotes/1458945,"The Fail-Safe point is different for each group,” General Bogan explained. “They also change from day to day. This is a fixed point in the sky where the planes will orbit until they get a positive order to go in. Without it they must return to the United States. This is called Positive Control.",,,
q00761,top1962:1715,1458945,1,9,https://www.goodreads.com/work/quotes/1458945,Do you think that life is the most important thing to a person? You don’t think it for a moment. You know I don’t. I can name a dozen ways of living to which you would prefer death.” She,,,
q00762,top1962:1715,1458945,1,10,https://www.goodreads.com/work/quotes/1458945,"It is ironic, gentlemen, but now, at this moment when we still have time left, the time that is left is empty and without use,",,,
q00763,top1962:1715,1458945,1,11,https://www.goodreads.com/work/quotes/1458945,BE OPENED ONLY AT SPECIFIC ORDERS AND UNDER CURRENT OPERATING INSTRUCTIONS. In the lower right-hand corner were the words DESTROY BEFORE CAPTURE OR ABANDONMENT OF AIRCRAFT.,,,
q00764,top1962:7404,769149,1,0,https://www.goodreads.com/work/quotes/769149,"The toiling masses,' and all that. This country has no toiling masses, we have Dan at the diner and Verne in the mine and Jerry in the steel mill and Burdette at the filling station and so on. They don't toil, for Christ's sake, they do a day's work and then they go home and have a beer. You can't get them into a mass for anything. If there's a good ball game on TV they won't come out to see the president ride by.",,,
q00765,top1962:7404,769149,1,1,https://www.goodreads.com/work/quotes/769149,"in an industrial world the many cannot rule themselves, that they must drift into ever greater sloth, indifference, anarchy, self-seeking, dreaminess, and moral decay. Power flows to the cunning, and the rule of the many becomes the rule of money.",,,
q00766,top1962:7404,769149,1,2,https://www.goodreads.com/work/quotes/769149,"I have found out what it's like to be crazy. It is to stand apart and observe ordinary life all around you with the panic of an actor on stage who has forgotten his lines and his business. What one doesn't realize in ordinary mental health is that daily life is a show. You have to put on a right costume, to improvise right speeches, to do right actions, and all this isn't automatic, it takes concentration and work and a simply amazing degree of control!",,,
q00767,top1962:7404,769149,1,4,https://www.goodreads.com/work/quotes/769149,"the old nightmare of the one true friend I’ve missed knowing, the one wise book that’s on a shelf somewhere that I’ve never been able to find, the one error in judgment I made long ago, I don’t know when or where, the one wrong turn that put me on the wrong road which I keep stumbling along, further and further from the friend I should have met, the book I should have",,,
q00768,top1962:7404,769149,1,5,https://www.goodreads.com/work/quotes/769149,People who can solve a lot of problems by simply dying are the ones who hang on and on.,,,
q00769,top1962:7404,769149,1,6,https://www.goodreads.com/work/quotes/769149,Nothing testified more to the evanescence of position and wealth in Beverly Hills than its architecture. There was money in abundance to put up the settings of the grand life. But land—the one true mark of stable grandeur—was not to be had. The town was an industrial compound of the temporarily well-paid.,,,
q00770,top1962:7404,769149,1,7,https://www.goodreads.com/work/quotes/769149,"Judd sighed. ""I don't know why people take criticism so seriously. One good creator is worth all the critics who ever lived."" ""Criticism is necessary to literature,"" Hawke said, and felt a fierce disgust with himself. It was as though he were trying to soothe a homicidal lunatic. Judd said, ""Nonsense, criticism is a minor form of entertainment, a sort of piggy-back writing that rides on other men's work.",,,
q00771,top1962:7404,769149,1,8,https://www.goodreads.com/work/quotes/769149,bankruptcy is a scar that never comes off. It marks you as a fool or a shoddy dealer.,,,
q00772,top1962:7404,769149,1,9,https://www.goodreads.com/work/quotes/769149,"Do you have a girl?"" ""No."" ""Don't you get, well, hungry now and then?"" ""Damned hungry."" ""What do you do?"" ""Hunger, mostly."" Maas uttered a short barking laugh. ""My dear lad. Big and strong, and if I may say so, winning as you are?"" ""I'd rather be hungry than involved. My trouble is I don't know how to be casual. Even if it's a waitress, I have to make a goddess of her in my own mind, I don't know why.",,,
q00773,top1962:7404,769149,1,10,https://www.goodreads.com/work/quotes/769149,When it soothes people’s vanities to believe something,,,
q00774,top1962:7404,769149,1,11,https://www.goodreads.com/work/quotes/769149,Howard Fain said ‘they’ had tried to destroy him,,,
q00775,top1962:7404,769149,1,12,https://www.goodreads.com/work/quotes/769149,"Brilliance and display in a democracy are mostly for those who are on the climb, not for those who hold the citadel. It was not likely that the defenders would ever see the whites of Fanny’s eyes.",,,
q00776,top1962:7404,769149,1,13,https://www.goodreads.com/work/quotes/769149,Dowdiness plus money is the ready mark of aristocracy.,,,
q00777,top1962:7404,769149,1,14,https://www.goodreads.com/work/quotes/769149,In panic one usually does the least sensible thing.,,,
q00778,top1968:1167,1034115,1,0,https://www.goodreads.com/work/quotes/1034115,I like old men. They can be wonderful bastards because they have nothing to lose. The only people who can be themselves are babies and old bastards.,,,
q00779,top1968:1167,1034115,1,1,https://www.goodreads.com/work/quotes/1034115,Sex is like money; only too much is enough.,,,
q00780,top1968:1167,1034115,1,2,https://www.goodreads.com/work/quotes/1034115,"All love is betrayal, in that it flatters life. The loveless man is best armed.",,,
q00781,top1968:1167,1034115,1,3,https://www.goodreads.com/work/quotes/1034115,"And suddenly she was at him, after him with her fists, her struggling weight; he squeezed her against him, regretfully conscious even now, as her pinned fists flailed his shoulders and her face crumpled into contorted weeping and the sharp smell of perfume was scalded from her, that the expression, of serene superiority, of a beautiful secret continually tasted, was still on his face.",,,
q00782,top1968:1167,1034115,1,4,https://www.goodreads.com/work/quotes/1034115,No act is so private it does not seek applause.,,,
q00783,top1968:1167,1034115,1,5,https://www.goodreads.com/work/quotes/1034115,"Harold believed that beauty was what happened between people, was in a sense the trace of what had happened, so he in truth found her, though minutely creased and puckered and sagging, more beautiful than the unused girl whose ruins she thought of herself as inhabiting. Such generosity of perception returned upon himself; as he lay with Janet, lost in praise, Harold felt as if a glowing tumor of eternal life were consuming the cells of his mortality.",,,
q00784,top1968:1167,1034115,1,6,https://www.goodreads.com/work/quotes/1034115,The cloud of the consommé’s warmth enveloped her face and revived her poise. In the liquid a slice of lemon lay at fetal peace.,,,
q00785,top1968:1167,1034115,1,7,https://www.goodreads.com/work/quotes/1034115,"Was she asleep? He groped beside the bed, among his underclothes, for his wristwatch. He would soon learn, in undressing, to leave it lying discreetly visible. Its silent gold-rimmed face, a tiny banker’s face, stated that he had already been out to lunch an hour and forty minutes. A sour burning began to revolve in his stomach.",,,
q00786,top1968:1167,1034115,1,8,https://www.goodreads.com/work/quotes/1034115,"Ken appeared, was taller than she, wanted her, was acceptable and accepted on all sides; similarly, nagging mathematical problems abruptly crack open. Foxy could find no fault with him, and this challenged her, touched off her stubborn defiant streak. She felt between his handsomeness and intelligence a contradiction that might develop into the convoluted humour of her Jew. Ken looked lika a rich boy and worked like a poor one. From Farmington, he was the only son of a Hartford laywer who never lost a case. Foxy came to imagine his birth as cool and painless, without a tear or outcry. Nothing puzzled him. There were unknowns, but no mysteries. (...) He was better-looking, better-thinking, a better machine.",,,
q00787,top1968:1167,1034115,1,9,https://www.goodreads.com/work/quotes/1034115,"In her rare moods of liberation she held for him the danger that she would disclose great riches within herself, showing him the depths of loss frozen over by their marriage.",,,
q00788,top1968:1167,1034115,1,10,https://www.goodreads.com/work/quotes/1034115,"Virtue was no longer sought in temple or market place but in the home—one’s own home, and then the homes of one’s friends.",,,
q00789,top1968:1167,1034115,1,11,https://www.goodreads.com/work/quotes/1034115,"Having suffered under their parents’ rigid marriages and formalized evasions, they sought to substitute an essential fidelity set in a matrix of easy and open companionship among couples. For the forms of the country club they substituted informal membership in a circle of friends and participation in a cycle of parties and games.",,,
q00790,top1968:1167,1034115,1,12,https://www.goodreads.com/work/quotes/1034115,"Piet wondered what barred him from the ranks of those many blessed who believed nothing. Courage, he supposed. His nerve had cracked when his parents died. To break with a faith requires a moment of courage, and courage is a kind of margin within us, and after his parents’ swift death Piet had no margin. He lived tight against his skin, and his flattish face wore a look of tension. Also, his European sense of order insisted that he place his children in Christendom.",,,
q00791,top1968:1167,1034115,1,13,https://www.goodreads.com/work/quotes/1034115,"We all rather live under wraps, don’t we? We hardly ever really open ourselves to the loveliness around us. Yet there it is, every day, going on and on, whether we look at it or not. Such a splendid waste, isn’t it?",,,
q00792,top1968:1167,1034115,1,14,https://www.goodreads.com/work/quotes/1034115,"this country since 1865 has an unenviable record for political violence. Four presidents, plus the attempts on Truman and both Roosevelts—as you know, Teddy was actually wounded, in his unsuccessful campaign in 1912—not to mention Huey Long. There isn’t a country west of the Balkans with any kind of the same record. The Prime Ministers of England go everywhere with a single bodyguard.",,,
q00793,top1968:1167,1034115,1,15,https://www.goodreads.com/work/quotes/1034115,"How innocently life ate the days. How silly she was, how Christianly neurotic, to feel beneath the mild mixed surface of aging and growing, of nursing and eating and sleeping, of love feigned and stolen and actual, a terror, a tipping wrongness, a guilt gathering toward discharge.",,,
q00794,top1968:1167,1034115,1,16,https://www.goodreads.com/work/quotes/1034115,But it’s just those people who are unhappy. The people with everything are the ones who panic. The rest of us are too busy scrambling.,,,
q00795,top1968:1167,1034115,1,17,https://www.goodreads.com/work/quotes/1034115,"Janet was a woman in whom early beauty had bred high expectations. Their disappointment brought with it a soured idealism, an idealism capable only of finding the world faulty.",,,
q00796,top1968:1167,1034115,1,18,https://www.goodreads.com/work/quotes/1034115,"They had been drinking. In the society of Tarbox there was no invitation more flattering than to share, like this, another couple’s intimacy, to partake in their humorous déshabille, their open quarrels and implicit griefs.",,,
q00797,top1968:1167,1034115,1,19,https://www.goodreads.com/work/quotes/1034115,"She was frightened, brazen, timid, wanton, appalled by herself, unrepentant. Adultery lit her from within, like the ashen mantle of a lamp, or as if an entire house of gauzy hangings and partitions were ignited but refused to be consumed and, rather, billowed and glowed, its structure incandescent. That she had courted him; that she was simultaneously proud and careless of her pregnancy; that she would sleep with him; that her father had been an inflexible family-proud minor navy deskman; that her mother had married a laundromat entrepreneur; that by both birth and marriage she was above him in the social scale; that she would take his blood-stuffed prick into the floral surfaces of her mouth; that there had been a Jew she had refound in him; that her mind in the midst of love’s throes could be as dry and straight-seeking as a man’s; that her fabric was delicate and fragile and burned with another life; that she was his slave; that he was her hired man; that she was frightened—compared to these shifting and luminous transparencies, Angela was a lump, a barrier, a boarded door. Her ignorance of the affair, though all the other couples guessed it, was the core of her maddening opacity. She did not share what had become the central issue of their lives. She was maimed, mute; and in the eggshell-painted rooms of their graceful colonial house she blundered and rasped against Piet’s taut nerves. He was so full of Foxy, so pregnant with her body and body scents and her cries and remorses and retreats and fragrant returnings, so full of their love, that his mind felt like thin ice. He begged Angela to guess, and her refusal seemed willful, and his gratitude to her for permitting herself to be deceived turned, as his secret churned in sealed darkness, to a rage that would burst forth irrationally. “Wake up!",,,
q00798,top1968:1167,1034115,1,20,https://www.goodreads.com/work/quotes/1034115,He lay on his back like a town suspended from a steeple. He,,,
q00799,top1968:1167,1034115,1,21,https://www.goodreads.com/work/quotes/1034115,At the sight of her submissively moving her lips his blood shouted Lord and his death leaned above him like a perfectly clear plate of glass.,,,
q00800,top1968:1167,1034115,1,22,https://www.goodreads.com/work/quotes/1034115,"He had been a sophomore at Michigan State, studying toward an architect’s certificate, and felt unable to continue, on borrowed money and the world’s sufferance. There was a shuddering in his head he could not eliminate. He let his brother Johan—Joop—cheaply buy his share of the greenhouses and let himself be drafted. Since this accident, the world wore a slippery surface for Piet; he stood on the skin of things in the posture of a man testing newly formed ice, his head cocked for the warning crack, his spine curved to make himself light. “… and we lift our hearts in petition for those who have died, who in the ripening of time have pierced the beyond …” Piet bent his thought toward the hope of his parents’ immortality, saw them dim and small among clouds, in their workaday greenhouse clothes, and realized that if they were preserved it was as strangers to him, blind to him, more than an ocean removed from the earthly concerns of which he had—infant, child, boy, and beginning man—been but one.",,,
q00801,top1968:1167,1034115,1,23,https://www.goodreads.com/work/quotes/1034115,"A morning later, Nancy described her first dream, the first remembered dream of her life. She and Judy Thorne were on a screened porch, catching ladybugs. Judy caught one with one spot on its back and showed it to Nancy. Nancy caught one with two spots and showed it to Judy. Then Judy caught one with three spots and Nancy one with four. Because (the child explained) the dots showed how old the ladybugs were. She told this dream to her mother, who had her repeat it to her father at breakfast. Piet was moved, beholding his daughter launched intoanother dimension of life. Like school. He was touched by her tiny stock of imagery the screened porch (neither they nor the Thornes had one; who?), the ladybugs (with turtles the most toylike of creatures), the mysterious power of numbers, that generates space and time. Piet saw down a long amplifying corridor of her dreams, and wanted to hear her tell them, to grow older with her, to shelter her forever.” John Updike, Couples, 1968.",,,
q00802,top1968:3155,894788,1,0,https://www.goodreads.com/work/quotes/894788,Let the dust take me when the adventure's done and I shall make the dust glitter for all eternity with my marvelous fury.,,,
q00803,top1968:3155,894788,1,1,https://www.goodreads.com/work/quotes/894788,"Not only are the male students drawn to violence (at second hand), they are also quite totalitarian-minded, even for Americans, and I am convinced that any attractive television personality who wanted to become our dictator would have their full support.",,,
q00804,top1968:3155,894788,1,2,https://www.goodreads.com/work/quotes/894788,That my plans have lately gone somewhat awry is the sort of risk one must take if life is to be superb.,,,
q00805,top1968:3155,894788,1,3,https://www.goodreads.com/work/quotes/894788,"I believe in justice, I want redress for all wrongs done, I want the good life-if such a thing exists-accessible to all. Yet, emotionally, I would be only too happy to become world dictator, if only to fulfill my mission: the destruction of the last vestigial traces of traditional manhood in the race to realign the sexes, thus reducing population, while increasing human happiness and preparing humanity for its next stage.",,,
q00806,top1968:3155,894788,1,4,https://www.goodreads.com/work/quotes/894788,"Whenever I hear the word 'smegma', I become physically ill.",,,
q00807,top1968:3155,894788,1,5,https://www.goodreads.com/work/quotes/894788,"Nothing is like anything else. Things are themselves entirely and do not need interpretation, only a minimal respect for their precise integrity.",,,
q00808,top1968:3155,894788,1,7,https://www.goodreads.com/work/quotes/894788,"Of course magic was involved at the beginning of my quest. But I have since crossed the shadow line, made magic real, created myself. But to what end? For what true purpose have I smashed the male principle only to become entrapped by the female?",,,
q00809,top1968:3155,894788,1,8,https://www.goodreads.com/work/quotes/894788,"I am Myra Breckinridge whom no man will ever possess. Clad only in garter belt and one dress shield, I held off the entire elite of the Trobriand Islanders, a race who possess no words for ""why"" or ""because."" Wielding a stone axe, I broke the arms, the limbs, the balls of their finest warriors, my beauty blinding them, as it does all men, unmanning them in the way that King Kong was reduced to mere simian whimper by beauteous Fay Wray whom I resemble left three-quarter profile if the key light is no more than five feet high during the close shot.",,,
q00810,top1976:23,2901963,1,0,https://www.goodreads.com/work/quotes/2901963,"To turn life into words is to make life yours to do with as you please, instead of the other way round",,,
q00811,top1976:23,2901963,1,1,https://www.goodreads.com/work/quotes/2901963,"But then Americans have always lived entirely in the present, and this generation is no different from mine except that now there is more of a past for them to ignore.",,,
q00812,top1979:6383,1742269,1,0,https://www.goodreads.com/work/quotes/1742269,That wasn't any act of God. That was an act of pure human fuckery.,,,
q00813,top1979:6383,1742269,1,1,https://www.goodreads.com/work/quotes/1742269,"Show me a man or a woman alone and I'll show you a saint. Give me two and they'll fall in love. Give me three and they'll invent the charming thing we call 'society'. Give me four and they'll build a pyramid. Give me five and they'll make one an outcast. Give me six and they'll reinvent prejudice. Give me seven and in seven years they'll reinvent warfare. Man may have been made in the image of God, but human society was made in the image of His opposite number, and is always trying to get back home.",,,
q00814,top1979:6383,1742269,1,2,https://www.goodreads.com/work/quotes/1742269,No one can tell what goes on in between the person you were and the person you become. No one can chart that blue and lonely section of hell. There are no maps of the change. You just come out the other side.Or you don't.,,,
q00815,top1979:6383,1742269,1,3,https://www.goodreads.com/work/quotes/1742269,The place where you made your stand never mattered. Only that you were there...and still on your feet.,,,
q00816,top1979:6383,1742269,1,4,https://www.goodreads.com/work/quotes/1742269,People who try hard to do the right thing always seem mad.,,,
q00817,top1979:6383,1742269,1,5,https://www.goodreads.com/work/quotes/1742269,"The beauty of religious mania is that it has the power to explain everything. Once God (or Satan) is accepted as the first cause of everything which happens in the mortal world, nothing is left to chance...logic can be happily tossed out the window.",,,
q00818,top1979:6383,1742269,1,6,https://www.goodreads.com/work/quotes/1742269,A person can't change all at once.,,,
q00819,top1979:6383,1742269,1,7,https://www.goodreads.com/work/quotes/1742269,The Lord is my shepherd. I shall not want for nothing. He makes me lie down in the green pastures. He greases up my head with oil. He gives me kung-fu in the face of my enemies. Amen,,,
q00820,top1979:6383,1742269,1,8,https://www.goodreads.com/work/quotes/1742269,He smiles a lot. But I think there might be worms inside him making him smile.,,,
q00821,top1979:6383,1742269,1,9,https://www.goodreads.com/work/quotes/1742269,You couldn't not like someone who liked the guitar.,,,
q00822,top1979:6383,1742269,1,10,https://www.goodreads.com/work/quotes/1742269,Love didn't grow very well in a place where there was only fear,,,
q00823,top1979:6383,1742269,1,11,https://www.goodreads.com/work/quotes/1742269,"Your first impulse is to share good news, your second is to club someone with it.",,,
q00824,top1979:6383,1742269,1,12,https://www.goodreads.com/work/quotes/1742269,"If we don't have each other, we go crazy with loneliness. When we do, we go crazy with togetherness.",,,
q00825,top1979:6383,1742269,1,13,https://www.goodreads.com/work/quotes/1742269,Even the company of the mad was better than the company of the dead.,,,
q00826,top1979:6383,1742269,1,14,https://www.goodreads.com/work/quotes/1742269,Sometimes [...] real love is silent as well as blind.,,,
q00827,top1979:6383,1742269,1,15,https://www.goodreads.com/work/quotes/1742269,"She couldn't be on his wavelength all the time. That's all. When you could recognize that and deal with it, you were on your way to an adult relationship.",,,
q00828,top1979:6383,1742269,1,16,https://www.goodreads.com/work/quotes/1742269,"Life was such a wheel that no man could stand upon it for long. And it always, at the end, came round to the same place again.",,,
q00829,top1979:6383,1742269,1,17,https://www.goodreads.com/work/quotes/1742269,Nobody likes to see a stupid guy wise up.,,,
q00830,top1979:6383,1742269,1,18,https://www.goodreads.com/work/quotes/1742269,"Men who find themselves late are never sure. They are all the things the civics books tell us the good citizen should be: partisans but never zealots, respectors of the facts which attend each situation but never benders of those facts, uncomfortable in positions of leadership but rarely unable to turn down a responsibility once it has been offered . . . or thrust upon them. They make the best leaders in a democracy because they are unlikely to fall in love with power.",,,
q00831,top1979:6383,1742269,1,19,https://www.goodreads.com/work/quotes/1742269,"You just couldn't get hold of the things you had done and turn them right again. Such power might be given to the gods, but it was not given to men and women, and that was probably a good thing. Had it been otherwise, people would probably die of old age still trying to rewrite their teens.",,,
q00832,top1979:6383,1742269,1,20,https://www.goodreads.com/work/quotes/1742269,"God doesn't bribe, child. He just makes a sign and lets people take it as they will.",,,
q00833,top1979:6383,1742269,1,21,https://www.goodreads.com/work/quotes/1742269,"And when there are enough outsiders together in one place, a mystic osmosis takes place and you're inside.",,,
q00834,top1979:6383,1742269,1,22,https://www.goodreads.com/work/quotes/1742269,Silent white light filled the world. And the righteous and unrighteous alike were consumed in that holy fire.,,,
q00835,top1979:6383,1742269,1,23,https://www.goodreads.com/work/quotes/1742269,"Above, the stars shone hard and bright, sparks struck off the dark skin of the universe.",,,
q00836,top1979:6383,1742269,1,24,https://www.goodreads.com/work/quotes/1742269,The thought process can never be complete without articulation.,,,
q00837,top1979:6383,1742269,1,25,https://www.goodreads.com/work/quotes/1742269,"There’s always a choice. That’s God’s way, always will be. Your will is still free. Do as you will. There’s no set of leg-irons on you. But... this is what God wants of you.",,,
q00838,top1979:6383,1742269,1,26,https://www.goodreads.com/work/quotes/1742269,"It's hard enough for a person to keep their own socks pulled up, let alone someone else's.",,,
q00839,top1979:6383,1742269,1,28,https://www.goodreads.com/work/quotes/1742269,"Who gets to be best-liked in any community? Who is the most trusted? Why, the man who does the dirty job, of course, and does it with a smile. The man who does the job you couldn't bring yourself to do.",,,
q00840,top1979:6383,1742269,1,29,https://www.goodreads.com/work/quotes/1742269,"It don't matter if you believe in God Nick, he believes in you.",,,
q00841,top1979:6383,1742269,2,1,https://www.goodreads.com/work/quotes/1742269?page=2,"There are all sorts of dream interpretations, Freud's being the most notorious, but I have always believed they served a simple eliminatory function, and not much more - that dreams are the psyche's way of taking a good dump every now and then.",,,
q00842,top1979:6383,1742269,2,3,https://www.goodreads.com/work/quotes/1742269?page=2,"...you'll find that God often chooses to speak through the dying and the insane...A healthy person might be apt to filter the divine message, to alter it with his or her own personality. In other words, a healthy person might make a shitty prophet.",,,
q00843,top1979:6383,1742269,2,6,https://www.goodreads.com/work/quotes/1742269?page=2,"He was a clot looking for a place to happen, a splinter of bone hunting a soft organ to puncture, a lonely lunatic cell looking for a mate - they would set up housekeeping and raise themselves a cozy little malignant tumor.",,,
q00844,top1979:6383,1742269,2,7,https://www.goodreads.com/work/quotes/1742269?page=2,His name is Legion. He is the king of nowhere.,,,
q00845,top1979:6383,1742269,2,8,https://www.goodreads.com/work/quotes/1742269?page=2,"Lightning flashed dully inside the clouds on the horizon making them look as if they had fireflies of their own, monster fireflies the size of dinosaurs.",,,
q00846,top1979:6383,1742269,2,9,https://www.goodreads.com/work/quotes/1742269?page=2,"I am afraid, but I have been afraid before. All he can take from me is what I would have to give up someday anyhow—my life. I will not let him break me down. I will not let him make me less than I am, if I can possibly help it.",,,
q00847,top1979:6383,1742269,2,10,https://www.goodreads.com/work/quotes/1742269?page=2,"Rationalism is the idea that we can ever understand anything about the state of being. It's a deathtrip. It always has been. . . . And if rationalism is a deathtrip, then irrationalism might very well be a lifetrip . . . at least until it proves otherwise.",,,
q00848,top1979:6383,1742269,2,11,https://www.goodreads.com/work/quotes/1742269?page=2,Sixty-four has a way of forgetting what twenty-one was like.,,,
q00849,top1979:6383,1742269,2,12,https://www.goodreads.com/work/quotes/1742269?page=2,"Every man or woman who loves Him, they hate Him too, because He's a hard God, a jealous God.",,,
q00850,top1979:6383,1742269,2,13,https://www.goodreads.com/work/quotes/1742269?page=2,I think you're a taker. You've always been one. It's like God left some part of you out when He built you inside of me.,,,
q00851,top1979:6383,1742269,2,14,https://www.goodreads.com/work/quotes/1742269?page=2,"In his heart, hope—that indestructible weed of the human heart—had begun to bloom again.",,,
q00852,top1979:6383,1742269,2,15,https://www.goodreads.com/work/quotes/1742269?page=2,Dreams are the psyche's way of taking a good dump every now and then. And that people who dream - or don't dream in a way they can often remember when they wake up - are mentally constipated in some way.,,,
q00853,top1979:6383,1742269,2,16,https://www.goodreads.com/work/quotes/1742269?page=2,"For God's sake, Larry, grow up. Develop a little self-righteousness. A lot of that is an ugly thing, God knows, but a little spread over all your scruples is an absolute necessity!",,,
q00854,top1979:6383,1742269,2,17,https://www.goodreads.com/work/quotes/1742269?page=2,"the year she had run fleetly through the dewy grass under the moon- the night of wine, when dreams condensed out of thin air like the nightmilk of fantasy.",,,
q00855,top1979:6383,1742269,2,18,https://www.goodreads.com/work/quotes/1742269?page=2,Baby can you dig your man? He is a righteous man!,,,
q00856,top1979:6383,1742269,2,19,https://www.goodreads.com/work/quotes/1742269?page=2,"The Lord provides strength, not taxicabs.",,,
q00857,top1979:6383,1742269,2,20,https://www.goodreads.com/work/quotes/1742269?page=2,It's like the old pie-in-the-face routine: it stops being funny when it starts being you.,,,
q00858,top1979:6383,1742269,2,21,https://www.goodreads.com/work/quotes/1742269?page=2,"love is what moves the world, I’ve always thought ... it is the only thing which allows men and women to stand in a world where gravity always seems to want to pull them down ... bring them low ... and make them crawl",,,
q00859,top1979:6383,1742269,2,22,https://www.goodreads.com/work/quotes/1742269?page=2,"She was satisfied with the answer God had given Moses from the burning bush when Moses had seen fit to question. Who are you? Mose asks, and God comes back from that bush just as pert as you like: I Am, Who I AM. In other words, Mose, stop beatin around this here bush and get your old ass in gear.",,,
q00860,top1979:6383,1742269,2,24,https://www.goodreads.com/work/quotes/1742269?page=2,"A man who loves money is a bastard, someone to be hated. A man who can't take care of it is a fool. You don't hate him, but you got to pity him.",,,
q00861,top1979:6383,1742269,2,25,https://www.goodreads.com/work/quotes/1742269?page=2,"HEY, BOBBY TERRY, YOU SCROOOOWED IT UP!",,,
q00862,top1979:6383,1742269,2,27,https://www.goodreads.com/work/quotes/1742269?page=2,"She looks like the type that might freak out. It's something in the eyes, Frannie. It says if you shoot my sacred cows, I'll shoot yours.",,,
q00863,top1979:6383,1742269,2,29,https://www.goodreads.com/work/quotes/1742269?page=2,There's precious little reform in the human race.,,,
q00864,top1979:6972,1877354,1,0,https://www.goodreads.com/work/quotes/1877354,"He believed in Communism the way most people believed in God: he would not be greatly surprised or disappointed if he turned out to be wrong, and meanwhile it made little difference to the way he lived.",,,
q00865,top1979:6972,1877354,1,1,https://www.goodreads.com/work/quotes/1877354,"Such talk makes you think of radiation like water in a pool: if it’s four feet high you’re safe, if it’s eight feet high you drown. But in fact radiation levels are much more like speed limits on the highway – thirty miles per hour is safer than eighty, but not as safe as twenty, and the only way to be completely safe is not to get in the car.",,,
q00866,top1979:6972,1877354,1,2,https://www.goodreads.com/work/quotes/1877354,"When there is no longer any possibility of running away, you realize how fiercely you can fight.",,,
q00867,top1979:6972,1877354,1,3,https://www.goodreads.com/work/quotes/1877354,"His personality was suited to espionage: he was withdrawn, intense and mistrustful.",,,
q00868,top1979:6972,1877354,1,4,https://www.goodreads.com/work/quotes/1877354,"The Arabs are murdering you people out there. Jeez, Nat, you only just escaped from the Germans!",,,
q00869,top1979:6972,1877354,1,5,https://www.goodreads.com/work/quotes/1877354,"wherever they were born, Jews were able to find their way into the greatest universities, to start new industries like motion pictures, to become the most successful bankers and lawyers and manufacturers; and if they could not do it in the country where they were born, they would move somewhere else and try again.",,,
q00870,top1979:6972,1877354,1,6,https://www.goodreads.com/work/quotes/1877354,it was like a fencing match with blunted swords.,,,
q00871,top1979:6972,1877354,1,8,https://www.goodreads.com/work/quotes/1877354,"He glanced over at Dickstein, now deep in conversation with Hassan and Rostov, and noted how the three men displayed their attitudes by the way they stood: Rostov with his feet apart, wagging a finger like a teacher, sure in his dogma; Hassan leaning against a bookcase, one hand in his pocket, smoking, pretending that the international debate about the future of his country was of merely academic interest; Dickstein with arms folded tightly, shoulders hunched, head bowed in concentration, his stance giving the lie to the dispassionate character of his remarks.",,,
q00872,top1979:6972,1877354,1,10,https://www.goodreads.com/work/quotes/1877354,"ascetically, his only earthly pleasure being to score points in",,,
q00873,top1979:4944,1803,1,0,https://www.goodreads.com/work/quotes/1803,"The world, although well-lighted with fluorescents and incandescent bulbs and neon, is still full of odd dark corners and unsettling nooks and crannies.",,,
q00874,top1979:4944,1803,1,1,https://www.goodreads.com/work/quotes/1803,Life is short and pain is long and we were all put on this earth to help each other.,,,
q00875,top1979:4944,1803,1,2,https://www.goodreads.com/work/quotes/1803,No one likes to see a government folder with his name on it.,,,
q00876,top1979:4944,1803,1,3,https://www.goodreads.com/work/quotes/1803,The brain is a muscle that can move the world.,,,
q00877,top1979:4944,1803,1,4,https://www.goodreads.com/work/quotes/1803,Hadn’t somebody said that perfect paranoia and perfect awareness were the same thing?,,,
q00878,top1979:4944,1803,1,5,https://www.goodreads.com/work/quotes/1803,"A kid of your age—any kid—could get hold of matches if she wanted to, burn up the house or whatever. But not many do. Why would they want to?",,,
q00879,top1979:4944,1803,1,7,https://www.goodreads.com/work/quotes/1803,God loves to make a man break a vow.,,,
q00880,top1979:4944,1803,1,8,https://www.goodreads.com/work/quotes/1803,"It’s gonna be all right,” he told her, not really believing it, knowing as every adult knows in his secret heart that nothing is really all right, ever. “It’s gonna be all right.",,,
q00881,top1979:4944,1803,1,9,https://www.goodreads.com/work/quotes/1803,"Free, free, free... necromancer, I love you.",,,
q00882,top1979:4944,1803,1,10,https://www.goodreads.com/work/quotes/1803,"Thud, thud, thud, riderless black horse with red eyes coming down the halls of his mind, ironshod hooves digging up soft gray clods of brain tissue, leaving hoofprints to fill up with mystic crescents of blood.",,,
q00883,top1979:4944,1803,1,11,https://www.goodreads.com/work/quotes/1803,"She came to him then and lifted her arms to be picked up, something he could not remember her doing for a long time-maybe two years. It was amazing how time got by, how quickly a child could change, change in front of your eyes with an unobtrusiveness that was nearly terrible.",,,
q00884,top1979:4944,1803,1,12,https://www.goodreads.com/work/quotes/1803,I believe the one thing the God of this world likes best is to give the business to people who say 'never.,,,
q00885,top1979:4944,1803,1,14,https://www.goodreads.com/work/quotes/1803,Apple pie without a piece of cheese is like a smooch without a squeeze.,,,
q00886,top1979:4944,1803,1,16,https://www.goodreads.com/work/quotes/1803,"He was Naked. He sat in the chain with his bare feet neatly together and watched the program. He was waiting for it to get dark. After it got dark, he would begin waiting for it to get late. When it was late, he would begin waiting for it to get early. When it got early and the pulse of the hotel was at its slowest, he would stop waiting and go upstairs to Room 1317 and kill Dr. Wanlass.",,,
q00887,top1979:4944,1803,1,18,https://www.goodreads.com/work/quotes/1803,...a dog turd covered with frosting is not a wedding cake...,,,
q00888,top1979:4944,1803,1,19,https://www.goodreads.com/work/quotes/1803,It's a war. Make them know they've been in a war.,,,
q00889,top1979:4944,1803,1,21,https://www.goodreads.com/work/quotes/1803,"You can stop them, Charlie,” he said quietly.",,,
q00890,top1979:4944,1803,1,22,https://www.goodreads.com/work/quotes/1803,"I often think, Cap, that we fought the war in Vietnam not to win but to perform feats of technology. We fought it in order to create the cheap digital wristwatch, the home Ping-Pong game that hooks up to one’s TV, the pocket calculator. I look at my new wristwatch in the dark of night. It tells me I am closer to my death, second by second. That is good news.",,,
q00891,top1979:4944,1803,1,23,https://www.goodreads.com/work/quotes/1803,"Winter is coming, he said to Cap.",,,
q00892,top1979:4944,1803,1,24,https://www.goodreads.com/work/quotes/1803,"It’s gonna be all right,” he told her, and rocked her, not really believing it, but it was the litany, it was the Psalter, the voice of the adult calling down the black well of years into the miserable pit of terrorized childhood; it was what you said when things went wrong; it was the nightlight that could not banish the monster from the closet but perhaps only keep it at bay for a little while; it was the voice without power that must speak nevertheless.",,,
q00893,top1979:4944,1803,1,25,https://www.goodreads.com/work/quotes/1803,"No, of course you don’t think that is possible. You look at my face and you see a monster. You look at my hands and see them covered with the blood you ordered me to spill. But I tell you, Cap, it will happen. The girl has had no friend for going on two years. She has had her father and that is all. You see her as you see me, Cap. It is your great failing. You look, you see a monster. Only in the girl’s case, you see a useful monster. Perhaps that is because you are a white man. White men see monsters everywhere. White men look at their own pricks and see monsters.",,,
q00894,top1979:4944,1803,1,26,https://www.goodreads.com/work/quotes/1803,"Cap sat and looked at Rainbird. His mind had divided, it seemed, had become a three-ring circus. Part of it was marveling that he had never heard John Rainbird say so much at one time. Part of it was trying to grapple with the idea that this maniac knew all of the Shop’s business. A third part was remembering a Chinese curse, a curse that sounded deceptively pleasant until you sat down and really thought about it. May you live in interesting times. For the last year and a half he had lived in extremely interesting times. He felt that just one more interesting thing would drive him totally insane.",,,
q00895,top1979:4944,1803,1,29,https://www.goodreads.com/work/quotes/1803,"He was at peace with God, Satan, and the universe. If he was not yet at complete peace with himself, that was only because his pilgrimage was not yet over.",,,
q00896,top1983:5671,1129162,1,0,https://www.goodreads.com/work/quotes/1129162,Everyone who is not happy must be shot.,,,
q00897,top1983:5671,1129162,1,1,https://www.goodreads.com/work/quotes/1129162,"What would it be like really and absolutely to believe? (...) To know, really and absolutely know, that there's a Divine Being not set in time or space who reads your thoughts better than you ever did, and probably before you even have them? To believe that God sends you to war, God bends the path of bullets, decides which of his children will die, or have their legs blown off, or make a few hundred million on Wall Street, depending on today's Grand Design?",,,
q00898,top1983:5671,1129162,1,2,https://www.goodreads.com/work/quotes/1129162,"When Schulmann talked, he fired off conflicting ideas like a spread of bullets, then waited to see which ones went home and which came back at him. The sidekick's voice followed like a stretcher-party, softly collecting up the dead. (...) Sound oil policy, sound economics, sound everything. Justice it isn't.",,,
q00899,top1983:5671,1129162,1,3,https://www.goodreads.com/work/quotes/1129162,Charlie alone knew he was a ghost.,,,
q00900,top1983:5671,1129162,1,4,https://www.goodreads.com/work/quotes/1129162,"The greatest crime is to do nothing because we can only do a little (...) I feel nothing, because feeling is subversive and contrary to military discipline. Therefore I do not feel, but I fight and therefore I exist.",,,
q00901,top1983:5671,1129162,1,5,https://www.goodreads.com/work/quotes/1129162,"The Armorys of this world don't steal. They serve their country right or wrong. Or they do until the day when they come face to face with real life and their warped rectitude deserts them and their faces unlock and become real, puzzled faces like everybody else's. So there's another god for you that's passed its sell-by date: enlightened patriotism, until this afternoon Nick Armory's religion.",,,
q00902,top1983:5671,1129162,1,6,https://www.goodreads.com/work/quotes/1129162,Western teaching institutions that refuse to acknowledge today's taboos are by definition subversive. Tell the new zealots of Washington that in the making of Israel a monstrous human crime was committed and they will call you an anti-Semite. Tell them there was no Garden of Creation and they will call you a dangerous cynic. Tell them God is what man invented to compensate for his ignorance of science and they will call you a Communist.,,,
q00903,top1983:5671,1129162,1,7,https://www.goodreads.com/work/quotes/1129162,"What did theories matter any more? She wanted to say. The rats have taken over the ship, it's often as simple as that; the rest is narcissistic crap. It must be. (...) For exploitation read property and you have the whole bit. First the exploiter hits the wage-slave over the head with his superior wealth; then he brainwashes him into believing that the pursuit of property is a valid motive for breaking him at the grindstone. That way he has him hooked twice over. (...) ""You disappoint me, Charlie. All of a sudden you lack consistency. You've made the perceptions. Why don't you go out and do something about them? Why do you appear here one minute as an intellectual who has the eye and brain to see what is not visible to the deluded masses, the next you have not the courage to go out and perform a small service - like theft - like murder - like blowing something up - say, a police station - for the benefit of those whose hearts and minds are enslaved by the capitalist overlords? Come on, Charlie, where's the action? You're the free soul around here. Don't give us the words, give us the deeds."" (...) Anger suspended her bewilderment and dulled the pain of her disgrace (...) She wished terribly that she could go mad so that everyone would be sorry for her; she wished she was just a raving lunatic waiting to be let off, not a stupid little fool of a radical actress.",,,
q00904,top1983:5671,1129162,1,8,https://www.goodreads.com/work/quotes/1129162,"Demos are mock battles, never the real thing. Everybody knows where they're going to happen, and when and why. Nobody gets seriously hurt. Well, not unless they ask for it.",,,
q00905,top1983:5671,1129162,1,9,https://www.goodreads.com/work/quotes/1129162,"She hardly cared. They wanted her. They knew her through and through; they knew her fragility and her plurality. And they still wanted her. They had stolen her in order to rescue her. After all her drifting, their straight line. After all her guilt and concealment, their acceptance. After all her words, their action, their abstemiousness, their clear-eyed zeal, their authenticity, their true allegiance, to fill the emptiness that had yawned and screamed inside her like a bored demon ever since she could remember.",,,
q00906,top1983:5671,1129162,1,10,https://www.goodreads.com/work/quotes/1129162,"Dash it all, she’s an actress! Don’t take her so seriously. Actors don’t have opinions, my dear chap, still less do actresses. They have moods. Fads. Poses. Twenty-four-hour passions. There’s a lot wrong with the world, dammit. Actors are absolute suckers for dramatic solutions. For all I know, by the time you get her out there, she’ll be Born Again!",,,
q00907,top1983:5671,1129162,1,11,https://www.goodreads.com/work/quotes/1129162,A terrorist for Karen is someone who has a bomb but no aeroplane.Ch. 4,,,
q00908,top1983:5671,1129162,1,12,https://www.goodreads.com/work/quotes/1129162,"Those who are treated as pariahs become pariahs—just as, to quote Auden, those to whom evil is done do evil in return.",,,
q00909,top1983:5671,1129162,1,13,https://www.goodreads.com/work/quotes/1129162,"It’s the German version of the Hebrew version of the German version of his name,” Litvak replied, without humour. “At the request of his employers, he’s reverted. He’s not an Israeli anymore, he’s a Jew.",,,
q00910,top1983:5671,1129162,1,14,https://www.goodreads.com/work/quotes/1129162,"The defended softness, that’s what I look for in the gals.",,,
q00911,top1983:5671,1129162,1,15,https://www.goodreads.com/work/quotes/1129162,"It was the most monotonous day of my life,” he replied without a second’s hesitation. Then his rigid face broke and re-formed itself into the best smile ever, so that for a moment he really did look as if he had slipped through the bars of whatever confined him. “As a matter of fact, I thought you quite excellent,” he said. This time she did not object to his choice of adjective. “Will you crash the car now, please, Jose? This will do me fine. I’ll die here.” And before he could stop her, she had grabbed his hand and kissed him hard on the knuckle of his thumb.",,,
q00912,top1983:5671,1129162,1,16,https://www.goodreads.com/work/quotes/1129162,"He had asked for pasta and ate it the prisoner’s way, using his spoon and fork automatically, not bothering to look down.",,,
q00913,top1983:5671,1129162,1,17,https://www.goodreads.com/work/quotes/1129162,"He had granted her an early glimpse of the new family she might care to join, knowing that deep down, like most rebels, she was only looking for a better conformity.",,,
q00914,top1983:5671,1129162,1,18,https://www.goodreads.com/work/quotes/1129162,"We live for such a short time, he liked to tell you with a twinkle, and we are far too long dead.",,,
q00915,top1983:5671,1129162,1,19,https://www.goodreads.com/work/quotes/1129162,"He’s come to collect my soul, she thought as she swung jauntily past him in order to demonstrate her immunity. Yet when did I ever promise him he could have it?",,,
q00916,top1983:5671,1129162,1,20,https://www.goodreads.com/work/quotes/1129162,"Yet both behaved as if the meeting had scarcely taken place: she by pulling her revolutionist’s frown and holding out her hand for an English schoolgirl’s handshake of quite vicious respectability; and he by casting her a glance of calm and tolerant appraisal, strangely without ambition. “Well, Charlie, yes, hullo,” he agreed, and smiled no more than was necessary to be polite. So it was actually he, not Charlie, who said hullo.",,,
q00917,top1983:5671,1129162,1,21,https://www.goodreads.com/work/quotes/1129162,"You preach at me like the English!” Gavron the Rook squawked at him in his cracked voice, during one of their frequent arguments. “And look at their crimes!” “So maybe we should bomb the English too,” Kurtz suggested, with a furious smile. But the subject of the English was by then not coincidental; for ironically it was to England that Kurtz was now looking for his salvation.",,,
q00918,top1983:5671,1129162,1,22,https://www.goodreads.com/work/quotes/1129162,"His name meant originally “Jew from Lithuania” and was once derogatory. How did he see himself? One day as a twenty-four-year-old kibbutz orphan without a known relation alive, another as the adopted child of an American Orthodox foundation and the Israeli special forces. On another again, as God’s devoted policeman, cleaning the world up. He played the piano wonderfully.",,,
q00919,top1983:5671,1129162,1,23,https://www.goodreads.com/work/quotes/1129162,"Of the Palestinians, some are dead, others are taken prisoner, the rest presumably are for the most part homeless or dispersed. The fighting boys who looked after me in the upper flat in Sidon and chatted with me in the tangerine groves; the bombweary but indomitable refugees of the camps at Rashidiyeh and Nabatiyeh: from what I hear, their fate is little different from that of their reconstructed counterparts in this story.",,,
q00920,top1983:5671,1129162,1,24,https://www.goodreads.com/work/quotes/1129162,Faith leaves a vacuum behind it when it goes away. We’re in it.,,,
q00921,top1983:5671,1129162,1,25,https://www.goodreads.com/work/quotes/1129162,"Do you think we do not understand that your politics are the externalisation of a search for dimensions and responses not supplied to you when you most needed them? We're your friends, Charlie.",,,
q00922,top1983:5671,1129162,1,26,https://www.goodreads.com/work/quotes/1129162,And a small overfed mouth in a pale field of chin.,,,
q00923,top1983:5671,1129162,1,27,https://www.goodreads.com/work/quotes/1129162,and marvelled at the self-regarding irrelevance of the ruling English mind.,,,
q00924,top1983:5671,1129162,1,28,https://www.goodreads.com/work/quotes/1129162,"Joseph and Charlie were formally introduced to each other on the island of Mykonos, on a beach with two tavernas, at a late luncheon in the second half of August, just around the time when the Greek sun hits its fiercest heat. Or, in terms of the larger history, four weeks after Israeli jets bombed the crowded Palestinian quarter of Beirut, in what was afterwards declared to be an effort to destroy the leadership, though there were no leaders among the several hundred dead- unless of course they were the leaders of tomorrow, for many were children.",,,
q00925,top1983:5671,1129162,2,0,https://www.goodreads.com/work/quotes/1129162?page=2,"Schulmann came not to Bonn but to Munich, and not as Schulmann either, and neither Alexis nor his Silesian successor was aware of his arrival, which was what he intended. His name, if he had one, was Kurtz, though he used it so seldom he might have been forgiven if one day he forgot it altogether. Kurtz meaning short; Kurtz of the short cut, said some; his victims—Kurtz of the short fuse. Others made laborious comparisons with Joseph Conrad’s hero. Whereas the bald truth was that the name was Moravian and was originally Kurz, till a British police officer of the Mandate, in his wisdom, had added a “t”—and Kurtz, in his, had kept it, a sharp little dagger jabbed into the bulk of his identity, and left there as some kind of goad.",,,
q00926,top1983:5671,1129162,2,1,https://www.goodreads.com/work/quotes/1129162?page=2,that thirty years of Israel have turned the Palestinians into the new Jews of the earth?,,,
q00927,top1983:5671,1129162,2,2,https://www.goodreads.com/work/quotes/1129162?page=2,"they gave her a guitar, which was a nice touch because these days a guitar legitimises a girl even if she can’t play it.",,,
q00928,top1983:5671,1129162,2,4,https://www.goodreads.com/work/quotes/1129162?page=2,"Not Cassius, perhaps; rather, your archetypal Dostoevsky student: starved, and in conflict with demons.",,,
q00929,top1983:3506,150017,1,1,https://www.goodreads.com/work/quotes/150017,"And the most terrifying question of all may be just how much horror the human mind can stand and still maintain a wakeful, staring, unrelenting sanity.",,,
q00930,top1983:3506,150017,1,2,https://www.goodreads.com/work/quotes/150017,The soil of a man’s heart is stonier; a man grows what he can and tends it.,,,
q00931,top1983:3506,150017,1,3,https://www.goodreads.com/work/quotes/150017,"Cats were the gangsters of the animal world, living outside the law and often dying there. There were a great many of them who never grew old by the fire.",,,
q00932,top1983:3506,150017,1,4,https://www.goodreads.com/work/quotes/150017,"The soil of a man's heart is stonier, Louis. A man grows what he can, and he tends it. 'Cause what you buy, is what you own. And what you own... always comes home to you.",,,
q00933,top1983:3506,150017,1,5,https://www.goodreads.com/work/quotes/150017,"May be she’ll learn something about what death really is, which is where the pain stops and the good memories begin. Not the end of life but the end of pain.",,,
q00934,top1983:3506,150017,1,6,https://www.goodreads.com/work/quotes/150017,"You learned to accept, or you ended up in a small room writing letters home with Crayolas.",,,
q00935,top1983:3506,150017,1,7,https://www.goodreads.com/work/quotes/150017,"there is no gain without risk, perhaps no risk without love.",,,
q00936,top1983:3506,150017,1,9,https://www.goodreads.com/work/quotes/150017,"Only children tell the whole truth, you know. That's what makes them children.",,,
q00937,top1983:3506,150017,1,10,https://www.goodreads.com/work/quotes/150017,"Death is a mystery, and burial is a secret.",,,
q00938,top1983:3506,150017,1,11,https://www.goodreads.com/work/quotes/150017,"Faith is a great thing, and really religious people would like us to believe that faith and knowing are the same thing, but I don't believe that myself. Because there are too many different ideas on the subject. What we know is this: When we die, one of two things happens. Either our souls and thoughts somehow survive the experience of dying or they don't. If they do, that opens up every possibility you could think of. If they don't, it's just blotto. The end.",,,
q00939,top1983:3506,150017,1,12,https://www.goodreads.com/work/quotes/150017,"He’s my cat! He’s not God’s cat! Let God have his own cat! Let God have all the damn old cats He wants, and kill them all! Church is mine!",,,
q00940,top1983:3506,150017,1,14,https://www.goodreads.com/work/quotes/150017,"That lesson suggests that in the end, we can only find peace in our human lives by accepting the will of the universe.",,,
q00941,top1983:3506,150017,1,15,https://www.goodreads.com/work/quotes/150017,The old sleep poorly. Perhaps they stand watch.,,,
q00942,top1983:3506,150017,1,16,https://www.goodreads.com/work/quotes/150017,A man who lies about beer makes enemies,,,
q00943,top1983:3506,150017,1,17,https://www.goodreads.com/work/quotes/150017,What's been tried once had been tried once before... and before... and before...,,,
q00944,top1983:3506,150017,1,18,https://www.goodreads.com/work/quotes/150017,"He held her and rocked her, believing, rightly or wrongly, that Ellie wept for the very intractability of death, its imperviousness to argument or to a little girl’s tears; that she wept over its cruel unpredictability; and that she wept because of the human being’s wonderful, deadly ability to translate symbols into conclusions that were either fine and noble or blackly terrifying. If all those animals had died and been buried, then Church could die (any time!) and be buried; and if that could happen to Church, it could happen to her mother, her father, her baby brother. To herself. Death was a vague idea; the Pet Sematary was real. In the texture of those rude markers were truths which even a child’s hands could feel.",,,
q00945,top1983:3506,150017,1,19,https://www.goodreads.com/work/quotes/150017,I don’t think children ever forget the lies their parents tell them.,,,
q00946,top1983:3506,150017,1,20,https://www.goodreads.com/work/quotes/150017,"Dead fields under a November sky, scattered rose petals brown and turning up at the edges, empty pools scummed with algae, rot, decomposition, dust...",,,
q00947,top1983:3506,150017,1,21,https://www.goodreads.com/work/quotes/150017,"Don’t go beyond, no matter how much you feel you need to, Doctor. The barrier was not made to be broken. Remember this: there is more power here than you know. It is old and always restless. Remember.",,,
q00948,top1983:3506,150017,1,22,https://www.goodreads.com/work/quotes/150017,We either learn to accept or we end up writing letters home with crayons.,,,
q00949,top1983:3506,150017,1,23,https://www.goodreads.com/work/quotes/150017,"Hey police? I just saw the world's oldest, slowest kid climbing into Pleasantview Cemetery. Looked like he was dying to get in. Yeah, looked like a grave matter to me. Kidding? Oh no, I'm in dead earnest. Maybe you ought to dig into it.",,,
q00950,top1983:3506,150017,1,25,https://www.goodreads.com/work/quotes/150017,"Christ.No, not Christ. These leavings were made in propitiation of a much older God than the Christian one. People have called Him different things at different times, but Rachel’s sister gave Him a perfectly good name, I think: Oz the Gweat and Tewwible, God of dead things left in the ground, God of rotting flowers in drainage ditches, God of the Mystery.",,,
q00951,top1983:3506,150017,1,26,https://www.goodreads.com/work/quotes/150017,"their respect for the mystery--the half-grasped but never spoken idea that maybe, when you got right down to the place where the cheese binds, there is no such thing as marriage, no such thing as union, that each soul stood alone and ultimately defied rationality. That was the mystery.",,,
q00952,top1983:3506,150017,1,27,https://www.goodreads.com/work/quotes/150017,"The grass in the back field was almost waist high, and now there was goldenrod, that late-summer gossip which comes to tattle on autumn every year. But there was no autumn in the air today; the sun was still all August, although calendar August was almost two weeks gone.",,,
q00953,top1983:3506,150017,1,28,https://www.goodreads.com/work/quotes/150017,"It's like many other things in life, Ellie. You keep on the path and all's well. You get off it and the next thing you know you're lost if you're not lucky.",,,
q00954,top1983:1047,1150571,1,0,https://www.goodreads.com/work/quotes/1150571,I think part of being a parent is trying to kill your kids.,,,
q00955,top1983:1047,1150571,1,1,https://www.goodreads.com/work/quotes/1150571,"If being a kid is about learning how to live, then being a grown-up is about learning how to die.",,,
q00956,top1983:1047,1150571,1,2,https://www.goodreads.com/work/quotes/1150571,"Love is old slaughterer. Love is not blind. Love is a canibal with extremely acute vision. Love is insectile, it is always hungry",,,
q00957,top1983:1047,1150571,1,3,https://www.goodreads.com/work/quotes/1150571,Maybe that’s one of the ways you recognize really lonely people . . . they can always think of something neat to do on rainy days. You can always call them up. They’re always home. Fucking always. For,,,
q00958,top1983:1047,1150571,1,4,https://www.goodreads.com/work/quotes/1150571,"As soon as you have a child, you see your own tombstone",,,
q00959,top1983:1047,1150571,1,6,https://www.goodreads.com/work/quotes/1150571,People are only rational on the surface.,,,
q00960,top1983:1047,1150571,1,7,https://www.goodreads.com/work/quotes/1150571,I always like to see enlightened parents like that; it gives me hope for the future.,,,
q00961,top1983:1047,1150571,1,8,https://www.goodreads.com/work/quotes/1150571,"Come on, big guy. Let's go for a ride. Let's cruise.",,,
q00962,top1983:1047,1150571,1,9,https://www.goodreads.com/work/quotes/1150571,"I once heard about some millionaire who had a stolen Rembrandt in his basement where no one but him could see it. I could understand that guy. I don't mean that Arnie was a Rembrandt, or even a world-class wit, but I could understand the attraction of knowing about something good ... something that was good but still a secret.",,,
q00963,top1983:1047,1150571,1,10,https://www.goodreads.com/work/quotes/1150571,His single-minded purpose. His unending fury.,,,
q00964,top1983:1047,1150571,1,11,https://www.goodreads.com/work/quotes/1150571,"You’re smiling again,” Regina said. “I was just thinking about how much I love you both,” Arnie said. His father looked at him, surprised and touched; there was a soft gleam in his mother’s eyes that might have been tears. They really believed it. The shitters. •",,,
q00965,top1983:1047,1150571,1,12,https://www.goodreads.com/work/quotes/1150571,I felt as conspicuous as a baby whale in a goldfish pond.,,,
q00966,top1983:1047,1150571,1,13,https://www.goodreads.com/work/quotes/1150571,"I don't believe in curses, you know. Nor in ghosts or anything precisely supernatural. But I do believe that emotions and events have a certain...lingering resonance. It may be that emotions can even communicate themselves in certain circumstances, if the circumstances are peculiar enough...the way a carton of milk will take the flavour of certain strongly spiced foods if it's left open in the refrigerator.",,,
q00967,top1983:1047,1150571,1,14,https://www.goodreads.com/work/quotes/1150571,"I find that the more I dislike adults, the more apt I am to call them Sir. “What?",,,
q00968,top1983:1047,1150571,1,15,https://www.goodreads.com/work/quotes/1150571,"I had a moment to wonder just what he did at David Emerson's, which really was where Libertyville's elite bought. Was he a salesman? I could see him showing some smart young lady around, saying, Here's one fuck of a nice couch, ma'am, and look at this goddam settee, we sure didn't have nothing like that on Guadalcanal when those fucking stoned-out Japs came at us with their Maxwell House swords.",,,
q00969,top1983:1047,1150571,1,18,https://www.goodreads.com/work/quotes/1150571,"Why doesn’t Arnie ever come over anymore, Mom?” Ellie asked. “Did he and Dennis have a fight?” “No, honey,” my mother answered. “I don’t think so. But when friends get older .. . sometimes they grow apart.” “That’s never going to happen to me,” Ellie said, with all the awesome conviction of the just-turned-fifteen. I",,,
q00970,top1983:1047,1150571,1,19,https://www.goodreads.com/work/quotes/1150571,"There was a momentary added weight in my stomach, almost like a sickness. There’s a name for that sort of sickness. I think it’s called falling in love with your best friend’s girl. “You’ve",,,
q00971,top1983:1047,1150571,1,20,https://www.goodreads.com/work/quotes/1150571,"I woke up. I didn’t scream. That night I kept the scream in my throat. Just barely. I sat up in my bed, a cold puddle of moonlight caught in a lapful of sheet, and I thought, Died suddenly. That night I didn’t get back to sleep so quickly.",,,
q00972,top1983:1047,1150571,1,21,https://www.goodreads.com/work/quotes/1150571,"I sat there behind the wheel of my car, not sure what I should do, wishing I was someplace else, anyplace else, trying on shoes at Thom McAn’s, filling out a credit application in a discount store, standing in front of a pay toilet stall with diarrhea and no dime. Anyplace, man. It didn’t have to be Monte Carlo. Mostly I sat there wishing I was older.",,,
q00973,top1983:1047,1150571,1,22,https://www.goodreads.com/work/quotes/1150571,"Leigh left college to be married, and then it was goodbye Drew and hello Taos. I went to her wedding with hardly a qualm. Nice fellow. Drove a Honda Civic. No problems there.",,,
q00974,top1983:1047,1150571,1,23,https://www.goodreads.com/work/quotes/1150571,"Engines. That's something else about being a teenager. There are all these engines, and somehow you end up with the ignition keys to some of them and you start them up but you don't know what the fuck they are or what they're supposed to do. There are clues, but that's all. The drug thing is like that, and the booze thing, and the sex thing, and sometimes other stuff too - a summer job that generates a new interest, a trip, a course in school. Engines. they give you the keys and some clues and they say, Start it up, see what it will do, and sometimes what it does is pull you along into a life that's really good and fulfilling, and sometimes what it does is pull you right down the highway to hell and leave you all mangled and bleeding by the roadside.",,,
q00975,top1983:1047,1150571,1,24,https://www.goodreads.com/work/quotes/1150571,"It was also easy to imagine the good smells, the laughter as they sat down. Easy to imagine . . . but probably a mistake. It",,,
q00976,top1983:1047,1150571,1,25,https://www.goodreads.com/work/quotes/1150571,"I was scared,” she said, and then uttered a shaky little laugh. “I guess you don’t know what scared is until one of your kids screams in the dark.” “Ugh,",,,
q00977,top1983:1047,1150571,1,28,https://www.goodreads.com/work/quotes/1150571,"I know they say that a stiff dick has no conscience, but I tell you now that some cunts have teeth,",,,
q00978,top1983:1047,1150571,1,29,https://www.goodreads.com/work/quotes/1150571,"Has it ever occurred to you,” he said abruptly, “that parents are nothing but overgrown kids until their children drag them into adulthood? Usually kicking and screaming?",,,
q00979,top1984:5352,798555,1,0,https://www.goodreads.com/work/quotes/798555,So before I was nine I had learned the basic canon of Arab life. It was me against my brother; me and my brother against our father; my family against my cousins and the clan; the clan against the tribe; and the tribe against the world. And all of us against the infidel.,,,
q00980,top1984:5352,798555,1,1,https://www.goodreads.com/work/quotes/798555,"On May 9, 1916, the British and French entered into a clandestine treaty on how they intended to carve up the region. The treaty was the Sykes-Picot, named for the negotiators. Always described as infamous, the treaty ignored both Jewish aspirations and Sharif Husain’s personal ambitions. And so Palestine became the ‘twice promised land.",,,
q00981,top1984:5352,798555,1,2,https://www.goodreads.com/work/quotes/798555,"Perhaps the bazaar looks disorganized to you, but it works for us. Perhaps Islam looks fanatical to you, but it provides us with the means to survive the harshness of this life and prepare us for a better life hereafter.",,,
q00982,top1984:5352,798555,1,3,https://www.goodreads.com/work/quotes/798555,"Nonsense. Islam is unable to live at peace with anyone. We Arabs are the worst. We can’t live with the world, and even more terrible, we can’t live with each other. In the end it will not be Arab against Jews but Arab against Arab. One day our oil will be gone, along with our ability to blackmail. We have contributed nothing to human betterment in centuries, unless you consider the assassin and the terrorist as human gifts. The world will tell us to go to hell. We, who tried to humiliate the Jews, will find ourselves humiliated as the scum of the earth. Oh, put down that silly potsherd and let us have some coffee.",,,
q00983,top1984:5352,798555,1,4,https://www.goodreads.com/work/quotes/798555,"I never got over the horror of watching their graduation ceremonies, performed before their parents. After a demonstration of ‘military prowess’ and personal courage the ceremony ended with their biting off the heads of snakes. As the blood dripped down their chins, they roasted the dead animals for a victory feast. Other schools had the children strangle puppies and drink their blood.",,,
q00984,top1984:5352,798555,1,6,https://www.goodreads.com/work/quotes/798555,"We once again man the barricades -- alone. Berated by our smug, so-called allies, of the Western Democracies. Islam is going to turn this world inside out before this century is out and you'd better have enough guts to deal with it.",,,
q00985,top1984:5352,798555,1,7,https://www.goodreads.com/work/quotes/798555,A combination of many stupidities can end up being a worthy man if he learns from his stupidities.,,,
q00986,top1984:6293,812174,1,1,https://www.goodreads.com/work/quotes/812174,"When we are children, when we are young, it is natural to love our friends, to be generous to them, to forgive their faults.. But as we grow old and have to earn our bread, friendship does not endure so easily. We must always be on our guard. Our elders no longer look after us, we are no longer content with those simple pleasures of children. Pride grows in us – we wish to become great or powerful or rich, or simply to guard ourself against misfortune.",,,
q00987,top1984:6293,812174,1,2,https://www.goodreads.com/work/quotes/812174,A man’s first duty is to keep himself alive. Then comes what everyone calls honor.,,,
q00988,top1984:6293,812174,1,3,https://www.goodreads.com/work/quotes/812174,...what is written on paper affects history. But not life. Life is a different history.,,,
q00989,top1984:6293,812174,1,4,https://www.goodreads.com/work/quotes/812174,"My dear Guiliano,"" he said, ""how is it that you and Don Croce do not join together to rule Sicily? He has the wisdom of age, you have the idealism of youth.",,,
q00990,top1984:6293,812174,1,5,https://www.goodreads.com/work/quotes/812174,"It was not intelligent to damage the ego of a young boy. You can, with some impunity, insult an older man who has already been humiliated by life itself and will not take to heart the small slights of another human being. But a young man thinks these offences mortal.",,,
q00991,top1984:6293,812174,1,6,https://www.goodreads.com/work/quotes/812174,"Again it was like the English he so much admired, those people who could be so subtly rude that you basked in their insults for days before you realized they had mortally wounded you.",,,
q00992,top1984:6293,812174,1,7,https://www.goodreads.com/work/quotes/812174,A belief in one's own virtue is far more dangerous than a belief in one's cunning.,,,
q00993,top1984:6293,812174,1,8,https://www.goodreads.com/work/quotes/812174,"Tell the truth, all Sicilians prefer smelling the shit of their villages to the best perfumes in Paris. What am I doing here? I could have escaped to Brazil like some others. Ah, we love where we are born, we Sicilians, but Sicily does not love us.",,,
q00994,top1984:6293,812174,1,9,https://www.goodreads.com/work/quotes/812174,he sells the souls in his keeping to the devil.,,,
q00995,top1984:6293,812174,1,11,https://www.goodreads.com/work/quotes/812174,"As bread is sweet to us,” he said, “so is the blood of the poor to the rich who drink it.” It",,,
q00996,top1984:6293,812174,1,12,https://www.goodreads.com/work/quotes/812174,"Michael looked around the beautiful garden with its many colored flowers, fragrant lemon trees, the old statures of the gods dug from ancient ruins, other newer ones of holy saints, the rose-colored walls across the villa. It was a lovely setting for the examination of twelve murderous apostles.",,,
q00997,top1984:6293,812174,1,13,https://www.goodreads.com/work/quotes/812174,"The government in Rome with its legal forms demanded the truth. The priest in the confessional box commanded the truth under pain of everlasting hell. But truth was a source of power, a lever of control, why should anyone give it away?",,,
q00998,top1984:6293,812174,1,14,https://www.goodreads.com/work/quotes/812174,The man who plays alone never loses.’ ” Guiliano,,,
q00999,top1984:6293,812174,1,16,https://www.goodreads.com/work/quotes/812174,"Always remember that and live your life not to be a hero but to remain alive. With time, heroes seem a little foolish.",,,
q01000,top1984:6293,812174,1,17,https://www.goodreads.com/work/quotes/812174,the Don never held a grudge that impaired his future profits.,,,
q01001,top1984:6293,812174,1,18,https://www.goodreads.com/work/quotes/812174,"Mafia,” in Arabic, means a place of sanctuary, and the word took its place in the Sicilian language when the Saracens ruled the country in the tenth century",,,
q01002,top1984:6293,812174,1,19,https://www.goodreads.com/work/quotes/812174,"Don Croce immediately led him into the garden, for like all Sicilians he ate his meals out of doors when he could.",,,
q01003,top1984:6293,812174,1,21,https://www.goodreads.com/work/quotes/812174,"He said to the cardinal, ""I'm a peasant, not instructed in the ways of heaven. But I have never broken my word. And you, a Cardinal of the Catholic Church, with all your holy garments and crosses of Jesus, lied to me like a heathen Moor. Your sacred office alone will not save your life.",,,
q01004,top1984:6293,812174,1,23,https://www.goodreads.com/work/quotes/812174,"For the Sicilian believes that vengeance is the only true justice, and that it is always merciless.",,,
q01005,top1984:6293,812174,1,24,https://www.goodreads.com/work/quotes/812174,"That is Sicily,” the Don said. “There is always treachery within treachery.",,,
q01006,top1984:6293,812174,1,25,https://www.goodreads.com/work/quotes/812174,"they would never shame a statue of the Virgin Mary, but in the hot blood of vendetta they would shotgun the Pope himself for breaking omerta,",,,
q01007,top1984:6293,812174,1,26,https://www.goodreads.com/work/quotes/812174,"Preparing the communal evening meal sometimes caused arguments. Every village in Sicily had a different recipe for squid and eels, disagreed on what herbs should be disbarred from the tomato sauce. And whether sausages should ever be baked.",,,
q01008,top1984:6293,812174,1,27,https://www.goodreads.com/work/quotes/812174,"The Communists and Socialists, those misguided liberals, must be fought against, and that takes money.",,,
q01009,top1984:6293,812174,1,28,https://www.goodreads.com/work/quotes/812174,"The two men, one so huge, one so tiny, left the cemetery together. Terraced gardens girdled the sides of the surrounding mountains with green ribbons, great white rocks gleamed, a tiny red hawk of Sicily rode down toward them on a shaft of sunlight.",,,
q01010,top1984:6293,812174,1,29,https://www.goodreads.com/work/quotes/812174,"He reminded him that whatever sins were committed here on earth, no man must forget that eternal forgiveness awaited him if he were a proper Christian.",,,
q01011,top1984:6462,3324421,1,1,https://www.goodreads.com/work/quotes/3324421,"He began to cry, not hysterically or screaming as people cry when concealed rage with tears, but with continuous sobs who has just discovered that he's alone and will be for long. He cried because safety and reason seemed to have left the world. Loneliness was a reality, but in this situation madness was also remotely a possibility.",,,
q01012,top1984:6462,3324421,1,2,https://www.goodreads.com/work/quotes/3324421,"But he had never seen Myrna in practice...never that close up. He had been impressed and a little frightened by the contrast between seeing ballet on stange, where everyone seemed to either glide or mince effortlessly on the tips of their pointes. and seeing it from less than five feet away, with harsh daylight pouring in the floor-to-ceiling windows and no music- only the choreographer rythmically clapping his hands and yelling harsh criticisms. No praise, only criticisms. Their faces ran with sweat. Their leotards were wet with sweat. The room, as large and airy as it way, stank of sweat. Sleek muscles trembled and fluttered on the nervous edge of exhaustion. Corded tendons stood out like insulated cables. Throbbing veins popped out on foreheads and necks. Except for the choreographer's clapping and angry, hectoring shouts, the only sounds were the thrup-thud of ballet dancers on pointe moving across the floor and harsh, agonized panting for breath. Jack had suddenly realized that these dancers were not just earning a living, they were killing themselves. Most of all he remembered their expressions- all that exhausted concentration, all that pain... but transcending the pain, or at least creeping around its edges, he had seen joy. Joy was unmistakably what that look was, and it scared Jack because it had seemed inexplicable.",,,
q01013,top1984:6462,3324421,1,4,https://www.goodreads.com/work/quotes/3324421,"...he never forgot that sweet, violent feeling of having touched some great adventure, of having looked for a moment at some beautiful white light that was, in fact, every color of the rainbow.",,,
q01014,top1984:6462,3324421,1,5,https://www.goodreads.com/work/quotes/3324421,"You don’t own a thing unless you can give it up, what does it profit a man, it profits him nothing, it profits him zilch, and you don’t learn that in school, you learn it on the road, you learn it from Ferd Janklow, and Wolf, and Richard going head-first into the rocks like a Titan II that didn’t fire off right.",,,
q01015,top1984:6462,3324421,1,6,https://www.goodreads.com/work/quotes/3324421,"As his mouth flooded with that horrible sweet purple taste, he could actually see those grapes dull, dusty, obese and nasty, crawling up a dirty stucco wall in a thick, syrupy sunlight that was silent except for the stupid buzz of many flies",,,
q01016,top1984:6462,3324421,1,7,https://www.goodreads.com/work/quotes/3324421,From outside came a sudden and loud music of birds celebrating their existence.,,,
q01017,top1984:6462,3324421,1,8,https://www.goodreads.com/work/quotes/3324421,He could not say goodbye to these three rooms as he could to a house he had loved: hotel rooms accepted departures emotionlessly.,,,
q01018,top1984:6462,3324421,1,10,https://www.goodreads.com/work/quotes/3324421,"Ah, it’s a real pit. Sort of place where they eat what they run over on the road. Gorillaville. You eat the beer, then you drink",,,
q01019,top1984:6462,3324421,1,11,https://www.goodreads.com/work/quotes/3324421,"Looking back on it, Sloat wasn't sure how he had tolerated Phil Sawyer for as long as he had. His partner had never played to win, not seriously; he had been encumbered by sentimental notions of loyalty and honor, corrupted by the stuff you told kids to get them halfway civilized before you finally tore the blindfold off their eyes.",,,
q01020,top1984:6462,3324421,1,12,https://www.goodreads.com/work/quotes/3324421,"Joy—damn, but that’s a cheerful little word.",,,
q01021,top1984:6462,3324421,1,14,https://www.goodreads.com/work/quotes/3324421,"When he remembered to turn and look for it, the Talisman was gone.",,,
q01022,top1984:6462,3324421,1,15,https://www.goodreads.com/work/quotes/3324421,"A universe of worlds, a dimensional macrocosm of worlds—and in all of them one thing that was always the same; one unifying force that was undeniably good, even if it now happened to be imprisoned in an evil place; the Talisman, axle of all possible worlds.",,,
q01023,top1984:6462,3324421,1,16,https://www.goodreads.com/work/quotes/3324421,"The door banged open, letting in a raucous flood of the Oak Ridge Boys.",,,
q01024,top1984:6462,3324421,1,17,https://www.goodreads.com/work/quotes/3324421,"All that profligate investment of energy to effect a splendid, momentary reversal of natural law. That such a reversal should demand so much and last such a short time was terrible; that people would go for it anyway was both terrible and wonderful....A game, or maybe even not that--maybe it was only practice for a game, the way that all the sweat and trembling exhaustion in the Wilshire loft that day had just been practice. Practice for a show that only a few people would probably care to attend and which would probably close quickly.",,,
q01025,top1984:6462,3324421,1,21,https://www.goodreads.com/work/quotes/3324421,"Talisman be given unto your hand, Travellin Jack. Not too big, not too small, she look just like a crystal ball. Travellin Jack, ole Travellin Jack, you be goin to California to bring her back. But here’s your burden, here’s your cross: drop her, Jack, and all be lost.",,,
q01026,top1984:6462,3324421,1,22,https://www.goodreads.com/work/quotes/3324421,"I think . . . she came here to die.” His voice rose impossibly on the last word, making a squeak like an unoiled hinge. “Maybe,” Speedy said, looking at Jack steadily. “And maybe you here to save her. Her . . . and a woman just like her.” “Who?” Jack said through numb lips. He knew who. He didn’t know her name, but he knew who. “The Queen,” Speedy said. “Her name is Laura DeLoessian, and she is the Queen of the Territories.",,,
q01027,top1984:6462,3324421,1,23,https://www.goodreads.com/work/quotes/3324421,"he still had no idea of how to begin expressing the things that troubled him. They could not be put into ordinary sentences, for ordinary sentences made everything seem rational.",,,
q01028,top1984:6462,3324421,1,25,https://www.goodreads.com/work/quotes/3324421,"fathers die, mothers die, uncles die even if they went to Yale and look as solid as bank walls in their three-piece Savile Row suits. Kids die too, maybe",,,
q01029,top1984:6462,3324421,1,26,https://www.goodreads.com/work/quotes/3324421,"I can bear to tell you no more— only that they comforted each other aswell as they could, and, as you probably know from your own bitterexperience, that is never quite good enough.",,,
q01030,top1984:6462,3324421,1,27,https://www.goodreads.com/work/quotes/3324421,"Get me out of this, please get me out of this, I’d rather be dead than in this world.",,,
q01031,top1984:6462,3324421,1,28,https://www.goodreads.com/work/quotes/3324421,"The Talisman, it seemed, was much more than even his father had believed. It was not just the axle of all possible worlds, but the worlds themselves—the worlds, and the spaces between those worlds.",,,
q01032,top1984:6462,3324421,1,29,https://www.goodreads.com/work/quotes/3324421,"And lots of graffiti jotted on the walls of the men’s room, almost all of it the sort a fellow like Emory W. Light could really relate to: I LIKE TO SUK BIG FAT COX. BE HERE AT 4 FOR THE BEST BLOJOB YOU EVER HAD. REEM OUT MY BUTT. And here was a gay poet with large aspirations: LET THE HOLE HUMAN RACE/JERK OFF ON MY SMILING FACE.",,,
q01033,top1988:352,1987481,1,0,https://www.goodreads.com/work/quotes/1987481,"The city of Los Angeles is now some twenty-four hundred miles south of central Alaska, and since it is moving slowly northward as the San Andreas fault slides irresistibly along, the city is destined eventually to become part of Alaska. If",,,
q01034,top1988:352,1987481,1,1,https://www.goodreads.com/work/quotes/1987481,"Alaska did not produce supermen, but in its formative periods it was served by men of character and determination, and it is a fortunate land which knows such public servants.",,,
q01035,top1988:352,1987481,1,2,https://www.goodreads.com/work/quotes/1987481,"The movement of animals across the bridge was by no means always in one direction, for although it is true that the more spectacular beasts—mastodon, saber-tooth, rhinoceros—came out of Asia to enrich the new world, other animals like the camel originated in America and carried their wonderful capacities into Asia.",,,
q01036,top1988:352,1987481,1,3,https://www.goodreads.com/work/quotes/1987481,"Like a thousand shamans before him, he was learning that the spiritual adviser of a people had best remain aloof from their political and economic quarrels.",,,
q01037,top1988:352,1987481,1,6,https://www.goodreads.com/work/quotes/1987481,"but about nine billion years ago a minor portion—staggering in size though only a fraction—began to coalesce into what would ultimately become the galaxy of which we are a part. In this galaxy some two hundred billion stars would form, the one we see rising each morning as our sun being one of the smaller. We must not take too much pride in our galaxy, wonderful as it is, because it is merely one of more than a billion; quite often the others are greater in dimension and larger in their starry populations.",,,
q01038,top1988:352,1987481,1,7,https://www.goodreads.com/work/quotes/1987481,"The Aleutian word for Great Land was Alaxsxaq, and when Europeans reached the Aleutian Islands, their first stopping point in this portion of the arctic, and asked the people what name the lands hereabout had, they replied “Alaxsxaq,” and in the European tongues this became Alaska.",,,
q01039,top1988:352,1987481,1,8,https://www.goodreads.com/work/quotes/1987481,with a piece of frontier advice long tested in the crucible of practicality:,,,
q01040,top1988:352,1987481,1,9,https://www.goodreads.com/work/quotes/1987481,"Denali, the glory of Alaska, soars to more than twenty thousand and is one of the most compelling mountains in the Americas.",,,
q01041,top1988:352,1987481,1,10,https://www.goodreads.com/work/quotes/1987481,"I've been afraid even to go out in my snowfall, let alone my blizzard.",,,
q01042,top1988:352,1987481,1,11,https://www.goodreads.com/work/quotes/1987481,Alaska has had to focus upon the,,,
q01043,top1988:352,1987481,1,13,https://www.goodreads.com/work/quotes/1987481,"originating cauldron by following fissures in rocky formations, depositing",,,
q01044,top1988:352,1987481,1,14,https://www.goodreads.com/work/quotes/1987481,"If you do go to work straightening things out, take treble precautions to act honorably. I don’t know any other word that applies. I don’t mean honestly, because the law covers that. And I don’t mean sagaciously, because that implies twisting things to your advantage. I suppose I mean honorably, the way a man of honor would behave.",,,
q01045,top1988:352,1987481,1,15,https://www.goodreads.com/work/quotes/1987481,"Can we anticipate such decline? Zelnikov asked, and Voronov replied: “Inescapably. Democracies grow weary. They lose momentum. I can foresee the time will come when they might want to rid themselves of Alaska.",,,
q01046,top1988:352,1987481,1,17,https://www.goodreads.com/work/quotes/1987481,"Now, what would you call a sea otter. He swims like a fish, that you know. But, he is clearly not a fish, that you also know."" ""If he swims, he's a fish.""""But if I pitched you overboard right now, you'd swim too. Would that make you a fish?""""I can't swim, so I'm still a man.",,,
q01047,top1988:352,1987481,1,18,https://www.goodreads.com/work/quotes/1987481,"The world was tragic, and fine men and strong animals died arbitrarily, but it was also so preposterous that sometimes the crests of mountains seemed to bend together in laughter.",,,
q01048,top1988:352,1987481,1,19,https://www.goodreads.com/work/quotes/1987481,"engine the ability to plow through ice. But the real secret? Look at that prow!” It was treble thick, fortified by oak and ironwood, and capable, said the proud marine architects who devised it, “of breaking its way through any ice it faces.” At that moment, at the beginning of the Bear’s life at sea, it was thought that the ship would serve some routine purpose, but later, when it was dragooned into a rescue operation, it achieved fame on front pages across the world: the American arctic explorer Adolphus Greely had gone bravely into the northern waters of the Atlantic, lost his ship in a crushing ice pack and nineteen of his men in the ensuing attempt to walk back to civilization. All rescue efforts by normal ships having failed, the Bear was purchased by the American government for the huge price of a hundred thousand dollars and hurried to the supposed scene of the disaster. Now an entirely different kind of ship was in the arctic, and its double-stout construction enabled it to break its way through ice fields that no other could have penetrated and, to great acclaim, to rescue Greely and six other survivors. In the aftermath, while the world was applauding this extraordinary ship, someone had the clever idea of transferring it to the revenue cutter service in Alaska, where it would be most useful. Around the Horn it went in November 1885, arriving in San Francisco after only eighty-seven days at sea. By chance, when the Bear docked, Captain Mike Healy was available for a new command, and without much forethought he was given this well-regarded ship which already had a reputation as exalted as his own. It was a remarkable wedding of man and machine, for when he moved his gear into the captain’s quarters and arranged a perch for his parrot and a hiding place for",,,
q01049,top1988:352,1987481,1,21,https://www.goodreads.com/work/quotes/1987481,this manner the legend was born that a Canadian warship had saved Alaska for the United States when no American agency was brave enough to assume responsibility.,,,
q01050,top1988:352,1987481,1,22,https://www.goodreads.com/work/quotes/1987481,"If a mate protested this arrogant waste of animal life, he growled: “The seas are endless. There’ll never be a lack of whales or anything else,",,,
q01051,top1988:352,1987481,1,23,https://www.goodreads.com/work/quotes/1987481,Does it really matter? It does matter! Cidaq concluded. It matters enormously. But you mustn’t take it too seriously.,,,
q01052,top1988:352,1987481,1,24,https://www.goodreads.com/work/quotes/1987481,"Rarely does an entire month go by without the clouds lifting for at least a day,” and with that hope I shall go to bed tonight, praying that tomorrow may be that one day in thirty.",,,
q01053,top1988:352,1987481,1,25,https://www.goodreads.com/work/quotes/1987481,rarely did the soaring words of this Book resound with more meaning than there in the long hut beside the Arctic Ocean as the sailors read the familiar verses they had learned as boys in distant New England.,,,
q01054,top1988:352,1987481,1,26,https://www.goodreads.com/work/quotes/1987481,"Sopilak took his hand and welcomed him to the circle, and picking up the rhythm, Atkins joined the chant, for he too honored the splendid white bear, that creature of the north that had been so majestic in life, so brave in death.",,,
q01055,top1988:352,1987481,1,27,https://www.goodreads.com/work/quotes/1987481,sailors would not curse Pym for his tardiness in leaving the arctic but praise him for having found “the only spot on this Godforsaken shore where the ice can’t crush us to kindling.,,,
q01056,top1988:352,1987481,1,28,https://www.goodreads.com/work/quotes/1987481,"Lapak Island became one of the more ghastly places on this earth, and the honorable old cossack, Trofim Zhdanko, huddled alone in his hut, steeped in shame and powerless to oppose the evil his stepson had created.",,,
q01057,top1988:352,1987481,1,29,https://www.goodreads.com/work/quotes/1987481,"And in this way the Ukrainian cossack Trofim Zhdanko acquired a ship he wanted, a wife he admired and a son he abhorred.",,,
q01058,top1988:831,3766822,1,0,https://www.goodreads.com/work/quotes/3766822,"I mean you're given all these lessons for the unimportant things--piano-playing, typing. You're given years and years of lessons in how to balance equations, which Lord knows you will never have to do in normal life. But how about parenthood? Or marriage, either, come to think of it. Before you can drive a car you need a state-approved course of instruction, but driving a car is nothing, nothing, compared to living day in and day out with a husband and raising up a new human being.",,,
q01059,top1988:831,3766822,1,1,https://www.goodreads.com/work/quotes/3766822,Smells could bring a person back clearer than pictures even could.,,,
q01060,top1988:831,3766822,1,2,https://www.goodreads.com/work/quotes/3766822,"Past is past... no it's not! People are always fond of saying that, but what's past is never past; not entirely.",,,
q01061,top1988:831,3766822,1,3,https://www.goodreads.com/work/quotes/3766822,"Why did popular songs always focus on romantic love? Why this preoccupation with first meetings, sad partings, honeyed kisses, heartbreak, when life was also full of children's births and trips to the shore and longtime jokes with friends? Once Maggie had seen on TV where archaeologists had just unearthed a fragment of music from who knows how many centuries B.C., and it was a boys lament for a girl who didn't love him back. Then besides the songs there were the magazine stories and the novels and the movies, even the hair-spray ads and the pantyhose ads. It struck Maggie as disproportionate. Misleading, in fact.",,,
q01062,top1988:831,3766822,1,4,https://www.goodreads.com/work/quotes/3766822,"At this moment (letting a breeze ripple through her fingers like warm water), Maggie felt that the entire business of time's passing was more than she could bear.",,,
q01063,top1988:831,3766822,1,5,https://www.goodreads.com/work/quotes/3766822,"Ghosts... they are the completions of the deads intended gestures, there unfinished plans still hanging in the air - something like when you forgot one thing and so you pantomime the motion.",,,
q01064,top1988:831,3766822,1,6,https://www.goodreads.com/work/quotes/3766822,"All those things we used to promise ourselves we'd never, ever do when we grew up. Like we promised we wouldn't mince when we walk barefoot. We promised we wouldn't lie out on the beach tanning instead of swimming, or swimming with our chins high so we wouldn't wet our hairdos. We promised we wouldn't wash the dishes right after supper because that would take us away from our husbands; remember that? How long since you saved the dishes till morning so you could be with Max? How long since Max even noticed that you didn't?",,,
q01065,top1988:831,3766822,1,7,https://www.goodreads.com/work/quotes/3766822,Sugar's cheek was smooth and taut beneath the veil. It felt like one of these netted onions in a grocery store.,,,
q01066,top1988:831,3766822,1,8,https://www.goodreads.com/work/quotes/3766822,"They entered Pennsylvania and the road grew smooth for a few hundred yards, like a good intention, before settling back to the old scabby, stippled surface.",,,
q01067,top1988:831,3766822,1,9,https://www.goodreads.com/work/quotes/3766822,"Sifting through these layers of belongings while Ira stood mute behind her, Maggie had a sudden view of her life as circular. It forever repeated itself, and it was entirely lacking in hope.",,,
q01068,top1988:831,3766822,1,10,https://www.goodreads.com/work/quotes/3766822,And all at once I had no one to trade looks with.,,,
q01069,top1988:831,3766822,1,11,https://www.goodreads.com/work/quotes/3766822,"It was Serena who'd said that motherhood was much too hard and, when you got right down to it, perhaps not worth the effort.",,,
q01070,top1988:831,3766822,1,12,https://www.goodreads.com/work/quotes/3766822,"Now look: Droplets of oil were dotted across the front of her best dress, over the mound of her stomach. She was clumsy and fat-stomached and she didn't even have the sense to wear an apron while she was cooking. Also she had paid way too much for this dress, sixty-four dollars at Hecht's, which would scandalize Ira if he knew. How could she have been so greedy? She dabbed at her nose with the back of her hand. Took a deep breath. Well. Anyhow.",,,
q01071,top1988:831,3766822,1,13,https://www.goodreads.com/work/quotes/3766822,"Sometimes, after an especially trying day, she felt an urge to burn everything she had worn.",,,
q01072,top1988:831,3766822,1,14,https://www.goodreads.com/work/quotes/3766822,"Leroy remained silent, and no wonder; Maggie knew how chirpy and artificial she sounded. An old person, trying too hard. But if only Leroy could see that Maggie was still young underneath, just peering out from behind an older face mask!",,,
q01073,top1988:831,3766822,1,15,https://www.goodreads.com/work/quotes/3766822,"However different the two might be in other ways, they both had this notion that reading up on something, getting equipped for something, would put them in control.",,,
q01074,top1988:831,3766822,1,16,https://www.goodreads.com/work/quotes/3766822,How was it that she had never realized the power of the young back when she was young herself?,,,
q01075,top1988:831,3766822,1,17,https://www.goodreads.com/work/quotes/3766822,"The mere fact that her children were children, condemned for years to feel powerless and bewildered and confined, filled her with such pity that to add any further hardship to their lives seemed unthinkable. She could excuse anything in them, forgive them everything. She would have made a better mother, perhaps, if she hadn’t remembered so well how it felt to be a child.",,,
q01076,top1988:831,3766822,1,18,https://www.goodreads.com/work/quotes/3766822,She seemed to have fallen in love again. In love with her own husband! The convenience of it pleased her—like finding right in her pantry all the fixings she needed for a new recipe.,,,
q01077,top1988:831,3766822,1,19,https://www.goodreads.com/work/quotes/3766822,"If she was easily swayed, she thought, at least she had chosen who would sway her. If she was locked in a pattern, at least she had chosen what that pattern would be. She felt strong and free and definite.",,,
q01078,top1988:831,3766822,1,20,https://www.goodreads.com/work/quotes/3766822,"It’s just time to marry, that’s all,” she said. “I’m so tired of dating! I’m so tired of keeping up a good front! I want to sit on the couch with a regular, normal husband and watch TV for a thousand years. It’s going to be like getting out of a girdle; that’s exactly how I picture it.” “What are you saying?” Maggie asked. She was almost afraid of the answer. “Are you telling me you don’t really love Max?” “Of course I love him,” Serena said. She blended the dots into her skin. “But I’ve loved other people as much. I loved Terry Simpson our sophomore year—remember him? But it wasn’t time to get married then, so Terry is not the one I’m marrying.” Maggie didn’t know what to think. Did everybody feel that way? Had the grownups been spreading fairy tales? “The minute I saw Eleanor,” her oldest brother had told her once, “I said, ‘That girl is going to be my wife someday.’ ” It hadn’t occurred to Maggie that he might simply have been ready for a wife, and therefore had his eye out for the likeliest prospect. So there again, Serena had managed to color Maggie’s view of things. “We’re not in the hands of fate after all,” she seemed to be saying. “Or if we are, we can wrest ourselves free anytime we care to.",,,
q01079,top1988:831,3766822,1,21,https://www.goodreads.com/work/quotes/3766822,"The houses here had a distinctly Pennsylvanian air, Maggie thought. They were mostly tall stone rectangles, flat-faced, set close to the road, with a meager supply of narrow windows.",,,
q01080,top1988:831,3766822,1,22,https://www.goodreads.com/work/quotes/3766822,"Wasn’t it odd, she said, how much younger they were than their parents had been at the very same age.",,,
q01081,top1988:831,3766822,1,23,https://www.goodreads.com/work/quotes/3766822,"She’d been so intent on not turning into her mother, she had gone and turned into her father.",,,
q01082,top1988:831,3766822,1,24,https://www.goodreads.com/work/quotes/3766822,"The striking thing about death, she thought, was its eventfulness. It made you see you were leading a real life. Real life at last! you could say. Was that why she read the obituaries each morning, hunting familiar names? Was that why she carried on those hushed, awed conversations with the other workers when one of the nursing home patients was carted away in a hearse?",,,
q01083,top1988:831,3766822,1,26,https://www.goodreads.com/work/quotes/3766822,"she grew numbly, wearily certain that there was no such thing on this earth as real change. You could change husbands, but not the situation. You could change who, but not what. We’re all just spinning here, she thought, and she pictured the world as a little blue teacup, revolving like those rides at Kiddie Land where everyone is pinned to his place by centrifugal force.",,,
q01084,top1988:831,3766822,1,27,https://www.goodreads.com/work/quotes/3766822,"Men just generated wires and cords and electrical tape everywhere they went, somehow. They might not even be aware of it.",,,
q01085,top1988:831,3766822,1,29,https://www.goodreads.com/work/quotes/3766822,"It was her first inkling that her generation was part of the stream of time. Just like the others ahead of them, they would grow up and grow old and die. Already there was a younger generation prodding them from behind.",,,
q01086,top1988:831,3766822,2,0,https://www.goodreads.com/work/quotes/3766822?page=2,Mom? Was there a certain conscious point in your life when you decided to settle for being ordinary?’,,,
q01087,top1988:831,3766822,2,1,https://www.goodreads.com/work/quotes/3766822?page=2,crinolines. You’d see the other girls wafting,,,
q01088,top1988:831,3766822,2,5,https://www.goodreads.com/work/quotes/3766822?page=2,"She glanced around and saw a semicircle of graying men and women, and there was something so worn down about them, so benign and unassuming, that she felt at that moment they were as close to her as family. She wondered how she could have failed to realize that they would have been aging along with her all these years, going through more or less the same stages—rearing their children and saying goodbye to them, marveling at the wrinkles they discovered in the mirror, watching their parents turn fragile and uncertain. Somehow, she had pictured them still fretting over Prom Night.",,,
q01089,top1988:831,3766822,2,6,https://www.goodreads.com/work/quotes/3766822?page=2,"I wish you lived closer,"" Maggie said. Serena said, ""I don't have anyone to tell about the trivia, what the plumbing's up to and how the red ants have come back in the kitchen.""""You can tell me,"" Maggie said. ""Well, but they're not your red ants too, don't you see? I mean you and I are not in this together.""""Oh,"" Maggie said.",,,
q01090,top1988:5454,41691,1,0,https://www.goodreads.com/work/quotes/41691,"Did not the Christians incessantly talk about walking into the arms of Christ for the causes of Christ, calling for wars in his name?",,,
q01091,top1990:4003,6958004,1,0,https://www.goodreads.com/work/quotes/6958004,Grief is a funny thing because you don't have to carry it with you for the rest of your life. After a bit you set it down by the roadside and walk on and leave it resting there.,,,
q01092,top1990:4003,6958004,1,1,https://www.goodreads.com/work/quotes/6958004,"Death is nothing at all. It does not count. I have only slipped away into the next room. Nothing has happened. Everything remains exactly as it was. I am I, and you are you, and the old life that we lived so fondly together is untouched, unchanged. Whatever we were to each other, that we are still. Call me by the old familiar name. Speak of me in the easy way which you always used.",,,
q01093,top1990:4003,6958004,1,2,https://www.goodreads.com/work/quotes/6958004,"Fear knocked at the door, Faith went to answer it, and no one was there.",,,
q01094,top1990:4003,6958004,1,4,https://www.goodreads.com/work/quotes/6958004,"It occurred to her, sadly, and not for the first time, that as you grew older you became busier, and time went faster and faster, the months pushing each other rudely out of the way, and the years slipping off the calendar and into the past. Once, there had been time. Time to stand, or sit, and just look at daffodils. Or to abandon housekeeping, on the spur of the moment, walk out of the back door and up the hill, into the lark-song emptiness of a summer morning.",,,
q01095,top1990:4003,6958004,1,5,https://www.goodreads.com/work/quotes/6958004,have nothing in your house that you don’t know to be useful nor think to be beautiful.,,,
q01096,top1990:4003,6958004,1,6,https://www.goodreads.com/work/quotes/6958004,"at seventy-seven, what did a few wrinkles matter? A small price to pay for an energetic and active old age. She drove in the last stake,",,,
q01097,top1990:4003,6958004,1,7,https://www.goodreads.com/work/quotes/6958004,"The Scottish clan system was an extraordinary thing. No man was any man's servant, but part of a family. Which is why your average Highlander does not walk through life with a chip on his shoulder. He is proud. He knows he is as good as you are, and probably a good deal better.",,,
q01098,top1990:4003,6958004,1,8,https://www.goodreads.com/work/quotes/6958004,"Her family... Love and involvement brought joy, but as well could become a hideously heavy millstone slung about one's neck. And the worst was that she felt useless because there was not a mortal thing she could do to help resolve their problems.",,,
q01099,top1990:4003,6958004,1,9,https://www.goodreads.com/work/quotes/6958004,"As always, when faced with a dilemma, he planned to by by his own set of rules. Act positively, plan negatively, expect nothing.",,,
q01100,top1990:4003,6958004,1,10,https://www.goodreads.com/work/quotes/6958004,"but also for the sweater most expertly knitted from hand-spun wool,",,,
q01101,top1990:4003,6958004,1,11,https://www.goodreads.com/work/quotes/6958004,"Fifty years is a long way to look ahead, but looking back it doesn’t seem any time at all. Makes you wonder what life’s all about.",,,
q01102,top1990:4003,6958004,1,12,https://www.goodreads.com/work/quotes/6958004,"Her family means a lot to her. She’s had a strange upbringing. It’s left her in some ways quite mature, and in others still childlike.",,,
q01103,top1990:4003,6958004,1,13,https://www.goodreads.com/work/quotes/6958004,"as old age crept up on you, once you started to use the car for short journeys, then you were in dire danger of losing the use of your legs.",,,
q01104,top1990:4708,31538,1,0,https://www.goodreads.com/work/quotes/31538,"Well, let me tell you, gentlemen, the games of the devil are not restricted to those confined to hell. Others can play them.",,,
q01105,top1990:4708,31538,1,1,https://www.goodreads.com/work/quotes/31538,Learn always but never appear to be learning.,,,
q01106,top1990:4708,31538,1,2,https://www.goodreads.com/work/quotes/31538,A man's weaknesses may intrude on his faith but they do not diminish it.,,,
q01107,top1990:2956,2324921,1,0,https://www.goodreads.com/work/quotes/2324921,"Coleridge wrote, ""Dreams are no shadows, but the very substances and calamities of my life.",,,
q01108,top1990:2956,2324921,1,1,https://www.goodreads.com/work/quotes/2324921,Surely you’ve been sent from the heavens to teach us mortals what beauty is.,,,
q01109,top1990:2956,2324921,1,2,https://www.goodreads.com/work/quotes/2324921,He believed nothing he was told and trusted no one.,,,
q01110,top1990:2956,2324921,1,3,https://www.goodreads.com/work/quotes/2324921,"To the ancient Greeks the word, dikaiosini,justice was often synonymous with ekdikisis,vengeance.",,,
q01111,top1990:2956,2324921,1,4,https://www.goodreads.com/work/quotes/2324921,"Constantin Demiris had arranged with the authorities for her body to be buried on the grounds of the cemetery on Psara, his private island in the Aegean. Everyone had remarked on what a beautiful, sentimental gesture it was. In fact, Demiris had arranged for the burial plot to be there so that he could have the exquisite pleasure of walking over the bitch's grave.",,,
q01112,top1990:2956,2324921,1,5,https://www.goodreads.com/work/quotes/2324921,Not now.It's too late.It was always too late.,,,
q01113,top1990:2956,2324921,1,6,https://www.goodreads.com/work/quotes/2324921,"The voices would not stop. They were a torment, Her past became a kaleidoscope of shifting images that kept racing through her mind.",,,
q01114,top1990:2956,2324921,1,8,https://www.goodreads.com/work/quotes/2324921,"Inspector Tinou sat silent. The Greek police department did not welcome interference from other countries in their affairs. Particularly Americans. They are always too-sou, so sure of themselves.",,,
q01115,top1990:2956,2324921,1,9,https://www.goodreads.com/work/quotes/2324921,"There is a theory that nothing in nature is ever lost—that every sound ever made, every word ever spoken, still exists somewhere in space and time and may one day be recalled.",,,
q01116,top1990:2956,2324921,1,11,https://www.goodreads.com/work/quotes/2324921,"But loving and being in love are two different things, aren't they?",,,
q01117,top1990:2956,2324921,1,12,https://www.goodreads.com/work/quotes/2324921,"It will be a honeymoon,Demiris told her.She got the honeymoon but not the wedding.",,,
q01118,top1990:2956,2324921,1,13,https://www.goodreads.com/work/quotes/2324921,"I’m alive, she thought. No one is born happy. Everyone has to make his own happiness. I’m a survivor. I’m young and I’m healthy and wonderful things are going to happen.",,,
q01119,top1992:7158,806956,1,0,https://www.goodreads.com/work/quotes/806956,It’s not that marriage itself is bad; it’s the people we marry who give it a bad name.,,,
q01120,top1992:7158,806956,1,1,https://www.goodreads.com/work/quotes/806956,How do you tell a man—in a nice way—that he makes you sick?,,,
q01121,top1992:7158,806956,1,2,https://www.goodreads.com/work/quotes/806956,"I think life is one long introductory course in tolerance, but in order for a woman to get her Ph.D., she’s gotta pass Men 101.",,,
q01122,top1992:1979,4847031,1,0,https://www.goodreads.com/work/quotes/4847031,"If anyone ever asks you what panic is, now you can tell them: an emotional blank spot that leaves you feeling as if you've been sucking on a mouthful of pennies.",,,
q01123,top1992:1979,4847031,1,1,https://www.goodreads.com/work/quotes/4847031,"Sometimes it takes heart to write about a thing, doesn't it? To let that thing out of the room way in the back of your mind and put it up there on the screen.",,,
q01124,top1992:1979,4847031,1,2,https://www.goodreads.com/work/quotes/4847031,"When all the normal patterns and routines of a person’s life fell apart—and with such shocking suddenness—you had to find something you could hold onto, something that was both sane and predictable.",,,
q01125,top1992:1979,4847031,1,3,https://www.goodreads.com/work/quotes/4847031,Words had a way of creating their own imperatives.,,,
q01126,top1992:1979,4847031,1,4,https://www.goodreads.com/work/quotes/4847031,"People are almost always safe from ghosts and ghouls and the living dead in daylight, and they're usually safe from them at night if they're with others, but when a person is alone in the dark, all bets are off. Men and women alone in the dark are like open doors, Jessie, and if they call out or scream for help, who knows what dread things may answer? Who knows what some men and women have seen in the hour of their solitary deaths? Is it so hard to believe that some of them may have died of fear, no matter what the words on the death certificates say?",,,
q01127,top1992:1979,4847031,1,6,https://www.goodreads.com/work/quotes/4847031,It was as if the body disdained memory... or refused the responsibility of it.,,,
q01128,top1992:1979,4847031,1,7,https://www.goodreads.com/work/quotes/4847031,men were not so much gifted with penises as cursed with them.,,,
q01129,top1992:1979,4847031,1,8,https://www.goodreads.com/work/quotes/4847031,Listening to it was like having a mud-slimed piece of silk drawn lightly back and forth across her face.,,,
q01130,top1992:1979,4847031,1,9,https://www.goodreads.com/work/quotes/4847031,"I want to tell you something else, something I’m really starting to believe: I’m going to be okay. Not today, not tomorrow, and not next week, but eventually. As okay as we mortals are privileged to get, anyway. It’s good to know that—good to know that survival is still an option, and that sometimes it even feels good. That sometimes it actually feels like victory.",,,
q01131,top1992:1979,4847031,1,10,https://www.goodreads.com/work/quotes/4847031,"Oh, what the fuck,' she told the empty house. 'Bring on the night.",,,
q01132,top1992:1979,4847031,1,11,https://www.goodreads.com/work/quotes/4847031,"Some memories battened onto a person's mind like evil leeches, and certain words could bring them instantly back to squirming, feverish life.",,,
q01133,top1992:1979,4847031,1,12,https://www.goodreads.com/work/quotes/4847031,"They ought to make it a law that you have to get a license, or at least a learner’s permit, before you’re allowed to talk. Until you pass your Talker’s Test, you should have to be a mute.",,,
q01134,top1992:1979,4847031,1,14,https://www.goodreads.com/work/quotes/4847031,"Men still think the same things about us they have always thought, Ruth - I'm sure of it. A lot of them have learned to say the right things at the right times, but as my mother used to say, 'Even a cannibal can learn to recite the Apostles' Creed'.",,,
q01135,top1992:1979,4847031,1,16,https://www.goodreads.com/work/quotes/4847031,"That slit was the object of every man's lust - the heterosexual ones, at least - but it was frequently an object of their inexplicable scorn, distrust, and hate. You didn't hear that dark anger in all their jokes, but it was present in enough of them, and in some it was right out front, raw as a sore: What's a woman? A life-support system for a cunt .",,,
q01136,top1992:1979,4847031,1,17,https://www.goodreads.com/work/quotes/4847031,"The light dawned, then, Ruth. I suddenly understood that all of them—all the men investigating what had happened out at the lake—had made certain assumptions about how I’d handled the situation and why I’d done the things I’d done. Most of them worked in my favor, and that certainly simplified things, but there was still something both infuriating and a little spooky in the realization that they drew most of their conclusions not from what I’d said or from any evidence they’d found in the house, but only from the fact that I’m a woman, and women can be expected to behave in certain predictable ways.",,,
q01137,top1992:1979,4847031,1,18,https://www.goodreads.com/work/quotes/4847031,"How can things have possibly gotten from there to here? Sorry, folks, but this just has to be a dream. It’s much too absurd for reality.",,,
q01138,top1992:1979,4847031,1,19,https://www.goodreads.com/work/quotes/4847031,"The truth, first encountered on that day, was this: there was a well inside her, the water in that well was poisoned, and when he goosed her, William had sent a bucket down there, one which had come up filled with scum and squirming gluck.",,,
q01139,top1992:1979,4847031,1,20,https://www.goodreads.com/work/quotes/4847031,Her mind’s constant insistence that it was a mistake was understandable but irrelevant.,,,
q01140,top1992:1979,4847031,1,21,https://www.goodreads.com/work/quotes/4847031,"It had all been a little too bright to be real, like things seen through a fever which is not quite high enough to be life-threatening. In fact, those first two years had been a blast. The blast had ended with that first meeting of the women’s consciousness group. In there, Jessie had discovered a ghastly gray world which seemed simultaneously to preview the adult future that lay ahead for her in the eighties and to whisper of gloomy childhood secrets that had been buried alive in the sixties . . . but did not lie quiet there.",,,
q01141,top1992:1979,4847031,1,22,https://www.goodreads.com/work/quotes/4847031,"What I think is this: Gerald died before he ever had a chance to climb into the saddle, but he fucked me good and proper just the same.",,,
q01142,top1992:1979,4847031,1,23,https://www.goodreads.com/work/quotes/4847031,"She felt a swollen green sac of poison pulsing somewhere inside her -- bitter stuff, hateful as hemlock. She was afraid that if that sac burst, she would choke on her own frustrated rage.",,,
q01143,top1992:1979,4847031,1,24,https://www.goodreads.com/work/quotes/4847031,"She shouldn't be thinking this way; it brought the panic-thing closer. If she didn't get her mind out of this rut, she would soon see the panic-thing's stupid, terrified eyes. No, she absolutely shouldn't be thinking this way. The bitch of it was, once you got started, it was very hard to stop again.",,,
q01144,top1992:1979,4847031,1,25,https://www.goodreads.com/work/quotes/4847031,She waited to feel a pang of shame at hitting below the belt like this and was pleased - or maybe it was relief she felt - when no pang came. I guess maybe I'm just tired of pretending she thought.,,,
q01145,top1992:1979,4847031,1,26,https://www.goodreads.com/work/quotes/4847031,"I’m peeling my hand, she thought. Oh dear Jesus, I’m peeling it like an orange.",,,
q01146,top1992:1979,4847031,1,29,https://www.goodreads.com/work/quotes/4847031,nothing cheered up a handcuffed woman more reliably than a little Country Morning Rose Blusher. All the women’s magazines said so.,,,
q01147,top1992:3894,981141,1,0,https://www.goodreads.com/work/quotes/981141,"I have loved you in every manner that my imagination could contrive. I have wanted you so deeply that my body sang with pain and pleasure. You have been my obsession, my passion, my philosophers' stone of fantasy. You are my desire, my longing, my spirit. I love you unconditionally. - Sabine Strohem",,,
q01148,top1992:3894,981141,1,1,https://www.goodreads.com/work/quotes/981141,"Do you see that I cherish you beyond question, that you have nothing to prove to me? You are making your journey to secure yourself. I am already tethered to your side. if you can love yourself as I love you there will be no dislocation --- you will be whole. Bring yourself home to me and I will immerse you in very ounce of tenderness I possess. - Sabine Strohem",,,
q01149,top1992:3894,981141,1,2,https://www.goodreads.com/work/quotes/981141,I could see sunlight making exquisite patterns on the water's surface above me. Everything seemed fascinating and very slow. All around me lionfish darted like golden suns and moons in an alchemists's dream. I looked down to where a vast labyrinth of black seaweed awaited me.,,,
q01150,top1992:3894,981141,1,3,https://www.goodreads.com/work/quotes/981141,I have been in sad danger of confusing London and England. Two very different places!,,,
